ISO-10303-21;
HEADER;
/* Generated by software containing ST-Developer
 * from STEP Tools, Inc. (www.steptools.com) 
 */
/* OPTION: using custom renumber hook */

FILE_DESCRIPTION(
/* description */ ('STEP AP242 Edition 2',
'CAx-IF Rec.Pracs.---Representation and Presentation of Product Manufa
cturing Information (PMI)---4.0---2014-10-13',
'CAx-IF Rec.Pracs.---3D Tessellated Geometry---0.4---2014-09-14','2;1',
'CAx-IF Rec.Pracs.---User Defined Attributes---1.5---2016-08-15'),
/* implementation_level */ '2;1');

FILE_NAME(
/* name */ 'Part Studio 1',
/* time_stamp */ '2026-06-07T08:16:54Z',
/* author */ (''),
/* organization */ (''),
/* preprocessor_version */ 'ST-DEVELOPER v20',
/* originating_system */ 'ONSHAPE BY PTC INC, 1.216',
/* authorisation */ '  ');

FILE_SCHEMA (('AP242_MANAGED_MODEL_BASED_3D_ENGINEERING_MIM_LF { 1 0 10303 442 3 1 4 }'));
ENDSEC;

DATA;
#10=ELLIPSE('',#7274,17.071070906355,12.07107);
#11=ELLIPSE('',#7275,17.071070906355,12.07107);
#12=ELLIPSE('',#7277,17.071070906355,12.07107);
#13=ELLIPSE('',#7279,17.071070906355,12.07107);
#14=ELLIPSE('',#7481,64.7219941020012,17.02525662716);
#15=ELLIPSE('',#7482,64.7219941020012,17.02525662716);
#16=TOROIDAL_SURFACE('',#7188,13.0100087046701,2.);
#17=TOROIDAL_SURFACE('',#7220,13.0294141389769,2.);
#18=TOROIDAL_SURFACE('',#7249,13.0100087046701,2.);
#19=TOROIDAL_SURFACE('',#7437,13.029414138977,2.);
#20=TOROIDAL_SURFACE('',#7575,13.0100087046701,2.);
#21=TOROIDAL_SURFACE('',#7597,13.0294141389769,2.);
#22=(
BOUNDED_CURVE()
B_SPLINE_CURVE(2,(#9758,#9759,#9760),.UNSPECIFIED.,.F.,.F.)
B_SPLINE_CURVE_WITH_KNOTS((3,3),(0.,1.),.PIECEWISE_BEZIER_KNOTS.)
CURVE()
GEOMETRIC_REPRESENTATION_ITEM()
RATIONAL_B_SPLINE_CURVE((1.,9.,1.))
REPRESENTATION_ITEM('')
);
#23=(
BOUNDED_CURVE()
B_SPLINE_CURVE(2,(#9764,#9765,#9766),.UNSPECIFIED.,.F.,.F.)
B_SPLINE_CURVE_WITH_KNOTS((3,3),(0.,1.),.PIECEWISE_BEZIER_KNOTS.)
CURVE()
GEOMETRIC_REPRESENTATION_ITEM()
RATIONAL_B_SPLINE_CURVE((1.,9.,1.))
REPRESENTATION_ITEM('')
);
#24=B_SPLINE_CURVE_WITH_KNOTS('',2,(#9311,#9312,#9313),.UNSPECIFIED.,.F.,
 .F.,(3,3),(0.,1.),.PIECEWISE_BEZIER_KNOTS.);
#25=B_SPLINE_CURVE_WITH_KNOTS('',2,(#9318,#9319,#9320),.UNSPECIFIED.,.F.,
 .F.,(3,3),(0.,1.),.PIECEWISE_BEZIER_KNOTS.);
#26=B_SPLINE_CURVE_WITH_KNOTS('',2,(#9343,#9344,#9345),.UNSPECIFIED.,.F.,
 .F.,(3,3),(0.,1.),.PIECEWISE_BEZIER_KNOTS.);
#27=B_SPLINE_CURVE_WITH_KNOTS('',2,(#9349,#9350,#9351),.UNSPECIFIED.,.F.,
 .F.,(3,3),(0.,1.),.PIECEWISE_BEZIER_KNOTS.);
#28=B_SPLINE_CURVE_WITH_KNOTS('',2,(#9360,#9361,#9362),.UNSPECIFIED.,.F.,
 .F.,(3,3),(0.,1.),.PIECEWISE_BEZIER_KNOTS.);
#29=B_SPLINE_CURVE_WITH_KNOTS('',2,(#9366,#9367,#9368),.UNSPECIFIED.,.F.,
 .F.,(3,3),(0.,1.),.PIECEWISE_BEZIER_KNOTS.);
#30=B_SPLINE_CURVE_WITH_KNOTS('',2,(#9377,#9378,#9379),.UNSPECIFIED.,.F.,
 .F.,(3,3),(0.,1.),.PIECEWISE_BEZIER_KNOTS.);
#31=B_SPLINE_CURVE_WITH_KNOTS('',2,(#9383,#9384,#9385),.UNSPECIFIED.,.F.,
 .F.,(3,3),(0.,1.),.PIECEWISE_BEZIER_KNOTS.);
#32=B_SPLINE_CURVE_WITH_KNOTS('',2,(#9394,#9395,#9396),.UNSPECIFIED.,.F.,
 .F.,(3,3),(0.,1.),.PIECEWISE_BEZIER_KNOTS.);
#33=B_SPLINE_CURVE_WITH_KNOTS('',2,(#9400,#9401,#9402),.UNSPECIFIED.,.F.,
 .F.,(3,3),(0.,1.),.PIECEWISE_BEZIER_KNOTS.);
#34=B_SPLINE_CURVE_WITH_KNOTS('',2,(#9411,#9412,#9413),.UNSPECIFIED.,.F.,
 .F.,(3,3),(0.,1.),.PIECEWISE_BEZIER_KNOTS.);
#35=B_SPLINE_CURVE_WITH_KNOTS('',2,(#9417,#9418,#9419),.UNSPECIFIED.,.F.,
 .F.,(3,3),(0.,1.),.PIECEWISE_BEZIER_KNOTS.);
#36=B_SPLINE_CURVE_WITH_KNOTS('',2,(#9428,#9429,#9430),.UNSPECIFIED.,.F.,
 .F.,(3,3),(0.,1.),.PIECEWISE_BEZIER_KNOTS.);
#37=B_SPLINE_CURVE_WITH_KNOTS('',2,(#9431,#9432,#9433),.UNSPECIFIED.,.F.,
 .F.,(3,3),(0.,1.),.PIECEWISE_BEZIER_KNOTS.);
#38=B_SPLINE_CURVE_WITH_KNOTS('',2,(#9493,#9494,#9495),.UNSPECIFIED.,.F.,
 .F.,(3,3),(0.,1.),.PIECEWISE_BEZIER_KNOTS.);
#39=B_SPLINE_CURVE_WITH_KNOTS('',2,(#9500,#9501,#9502),.UNSPECIFIED.,.F.,
 .F.,(3,3),(0.,1.),.PIECEWISE_BEZIER_KNOTS.);
#40=B_SPLINE_CURVE_WITH_KNOTS('',2,(#9513,#9514,#9515),.UNSPECIFIED.,.F.,
 .F.,(3,3),(0.,1.),.PIECEWISE_BEZIER_KNOTS.);
#41=B_SPLINE_CURVE_WITH_KNOTS('',2,(#9519,#9520,#9521),.UNSPECIFIED.,.F.,
 .F.,(3,3),(0.,1.),.PIECEWISE_BEZIER_KNOTS.);
#42=B_SPLINE_CURVE_WITH_KNOTS('',2,(#9536,#9537,#9538),.UNSPECIFIED.,.F.,
 .F.,(3,3),(0.,1.),.PIECEWISE_BEZIER_KNOTS.);
#43=B_SPLINE_CURVE_WITH_KNOTS('',2,(#9542,#9543,#9544),.UNSPECIFIED.,.F.,
 .F.,(3,3),(0.,1.),.PIECEWISE_BEZIER_KNOTS.);
#44=B_SPLINE_CURVE_WITH_KNOTS('',2,(#9559,#9560,#9561),.UNSPECIFIED.,.F.,
 .F.,(3,3),(0.,1.),.PIECEWISE_BEZIER_KNOTS.);
#45=B_SPLINE_CURVE_WITH_KNOTS('',2,(#9565,#9566,#9567),.UNSPECIFIED.,.F.,
 .F.,(3,3),(0.,1.),.PIECEWISE_BEZIER_KNOTS.);
#46=B_SPLINE_CURVE_WITH_KNOTS('',2,(#9576,#9577,#9578),.UNSPECIFIED.,.F.,
 .F.,(3,3),(0.,1.),.PIECEWISE_BEZIER_KNOTS.);
#47=B_SPLINE_CURVE_WITH_KNOTS('',2,(#9582,#9583,#9584),.UNSPECIFIED.,.F.,
 .F.,(3,3),(0.,1.),.PIECEWISE_BEZIER_KNOTS.);
#48=B_SPLINE_CURVE_WITH_KNOTS('',2,(#9593,#9594,#9595),.UNSPECIFIED.,.F.,
 .F.,(3,3),(0.,1.),.PIECEWISE_BEZIER_KNOTS.);
#49=B_SPLINE_CURVE_WITH_KNOTS('',2,(#9599,#9600,#9601),.UNSPECIFIED.,.F.,
 .F.,(3,3),(0.,1.),.PIECEWISE_BEZIER_KNOTS.);
#50=B_SPLINE_CURVE_WITH_KNOTS('',2,(#9610,#9611,#9612),.UNSPECIFIED.,.F.,
 .F.,(3,3),(0.,1.),.PIECEWISE_BEZIER_KNOTS.);
#51=B_SPLINE_CURVE_WITH_KNOTS('',2,(#9616,#9617,#9618),.UNSPECIFIED.,.F.,
 .F.,(3,3),(0.,1.),.PIECEWISE_BEZIER_KNOTS.);
#52=B_SPLINE_CURVE_WITH_KNOTS('',2,(#9627,#9628,#9629),.UNSPECIFIED.,.F.,
 .F.,(3,3),(0.,1.),.PIECEWISE_BEZIER_KNOTS.);
#53=B_SPLINE_CURVE_WITH_KNOTS('',2,(#9633,#9634,#9635),.UNSPECIFIED.,.F.,
 .F.,(3,3),(0.,1.),.PIECEWISE_BEZIER_KNOTS.);
#54=B_SPLINE_CURVE_WITH_KNOTS('',2,(#9644,#9645,#9646),.UNSPECIFIED.,.F.,
 .F.,(3,3),(0.,1.),.PIECEWISE_BEZIER_KNOTS.);
#55=B_SPLINE_CURVE_WITH_KNOTS('',2,(#9650,#9651,#9652),.UNSPECIFIED.,.F.,
 .F.,(3,3),(0.,1.),.PIECEWISE_BEZIER_KNOTS.);
#56=B_SPLINE_CURVE_WITH_KNOTS('',2,(#9661,#9662,#9663),.UNSPECIFIED.,.F.,
 .F.,(3,3),(0.,1.),.PIECEWISE_BEZIER_KNOTS.);
#57=B_SPLINE_CURVE_WITH_KNOTS('',2,(#9667,#9668,#9669),.UNSPECIFIED.,.F.,
 .F.,(3,3),(0.,1.),.PIECEWISE_BEZIER_KNOTS.);
#58=B_SPLINE_CURVE_WITH_KNOTS('',2,(#9678,#9679,#9680),.UNSPECIFIED.,.F.,
 .F.,(3,3),(0.,1.),.PIECEWISE_BEZIER_KNOTS.);
#59=B_SPLINE_CURVE_WITH_KNOTS('',2,(#9684,#9685,#9686),.UNSPECIFIED.,.F.,
 .F.,(3,3),(0.,1.),.PIECEWISE_BEZIER_KNOTS.);
#60=B_SPLINE_CURVE_WITH_KNOTS('',2,(#9695,#9696,#9697),.UNSPECIFIED.,.F.,
 .F.,(3,3),(0.,1.),.PIECEWISE_BEZIER_KNOTS.);
#61=B_SPLINE_CURVE_WITH_KNOTS('',2,(#9701,#9702,#9703),.UNSPECIFIED.,.F.,
 .F.,(3,3),(0.,1.),.PIECEWISE_BEZIER_KNOTS.);
#62=B_SPLINE_CURVE_WITH_KNOTS('',2,(#9775,#9776,#9777),.UNSPECIFIED.,.F.,
 .F.,(3,3),(0.,1.),.PIECEWISE_BEZIER_KNOTS.);
#63=B_SPLINE_CURVE_WITH_KNOTS('',2,(#9778,#9779,#9780),.UNSPECIFIED.,.F.,
 .F.,(3,3),(0.,1.),.PIECEWISE_BEZIER_KNOTS.);
#64=B_SPLINE_CURVE_WITH_KNOTS('',3,(#9815,#9816,#9817,#9818,#9819,#9820),
 .UNSPECIFIED.,.F.,.F.,(4,1,1,4),(0.,0.00098231977730067,0.00196463955460134,
0.00392927910920268),.UNSPECIFIED.);
#65=B_SPLINE_CURVE_WITH_KNOTS('',3,(#9822,#9823,#9824,#9825,#9826,#9827),
 .UNSPECIFIED.,.F.,.F.,(4,1,1,4),(0.,0.000982319777300651,0.0019646395546013,
0.0039292791092026),.UNSPECIFIED.);
#66=B_SPLINE_CURVE_WITH_KNOTS('',3,(#9888,#9889,#9890,#9891,#9892,#9893),
 .UNSPECIFIED.,.F.,.F.,(4,1,1,4),(0.,0.000982272565803393,0.00196454513160679,
0.00392909026321357),.UNSPECIFIED.);
#67=B_SPLINE_CURVE_WITH_KNOTS('',3,(#9895,#9896,#9897,#9898,#9899,#9900),
 .UNSPECIFIED.,.F.,.F.,(4,1,1,4),(0.,0.00098227256580339,0.00196454513160678,
0.00392909026321356),.UNSPECIFIED.);
#68=B_SPLINE_CURVE_WITH_KNOTS('',3,(#9961,#9962,#9963,#9964,#9965),
 .UNSPECIFIED.,.F.,.F.,(4,1,4),(0.,0.00166706528269259,0.00333413056538518),
 .UNSPECIFIED.);
#69=B_SPLINE_CURVE_WITH_KNOTS('',3,(#9973,#9974,#9975,#9976,#9977),
 .UNSPECIFIED.,.F.,.F.,(4,1,4),(0.,0.00166722756156186,0.00333445512312372),
 .UNSPECIFIED.);
#70=B_SPLINE_CURVE_WITH_KNOTS('',2,(#10024,#10025,#10026),.UNSPECIFIED.,
 .F.,.F.,(3,3),(0.,1.),.PIECEWISE_BEZIER_KNOTS.);
#71=B_SPLINE_CURVE_WITH_KNOTS('',2,(#10028,#10029,#10030),.UNSPECIFIED.,
 .F.,.F.,(3,3),(0.,1.),.PIECEWISE_BEZIER_KNOTS.);
#72=B_SPLINE_CURVE_WITH_KNOTS('',2,(#10032,#10033,#10034),.UNSPECIFIED.,
 .F.,.F.,(3,3),(0.,1.),.PIECEWISE_BEZIER_KNOTS.);
#73=B_SPLINE_CURVE_WITH_KNOTS('',2,(#10036,#10037,#10038),.UNSPECIFIED.,
 .F.,.F.,(3,3),(0.,1.),.PIECEWISE_BEZIER_KNOTS.);
#74=B_SPLINE_CURVE_WITH_KNOTS('',2,(#10040,#10041,#10042),.UNSPECIFIED.,
 .F.,.F.,(3,3),(0.,1.),.PIECEWISE_BEZIER_KNOTS.);
#75=B_SPLINE_CURVE_WITH_KNOTS('',2,(#10044,#10045,#10046),.UNSPECIFIED.,
 .F.,.F.,(3,3),(0.,1.),.PIECEWISE_BEZIER_KNOTS.);
#76=B_SPLINE_CURVE_WITH_KNOTS('',2,(#10056,#10057,#10058),.UNSPECIFIED.,
 .F.,.F.,(3,3),(0.,1.),.PIECEWISE_BEZIER_KNOTS.);
#77=B_SPLINE_CURVE_WITH_KNOTS('',2,(#10060,#10061,#10062),.UNSPECIFIED.,
 .F.,.F.,(3,3),(0.,1.),.PIECEWISE_BEZIER_KNOTS.);
#78=B_SPLINE_CURVE_WITH_KNOTS('',2,(#10064,#10065,#10066),.UNSPECIFIED.,
 .F.,.F.,(3,3),(0.,1.),.PIECEWISE_BEZIER_KNOTS.);
#79=B_SPLINE_CURVE_WITH_KNOTS('',2,(#10068,#10069,#10070),.UNSPECIFIED.,
 .F.,.F.,(3,3),(0.,1.),.PIECEWISE_BEZIER_KNOTS.);
#80=B_SPLINE_CURVE_WITH_KNOTS('',2,(#10072,#10073,#10074),.UNSPECIFIED.,
 .F.,.F.,(3,3),(0.,1.),.PIECEWISE_BEZIER_KNOTS.);
#81=B_SPLINE_CURVE_WITH_KNOTS('',2,(#10076,#10077,#10078),.UNSPECIFIED.,
 .F.,.F.,(3,3),(0.,1.),.PIECEWISE_BEZIER_KNOTS.);
#82=B_SPLINE_CURVE_WITH_KNOTS('',2,(#10086,#10087,#10088),.UNSPECIFIED.,
 .F.,.F.,(3,3),(0.,1.),.PIECEWISE_BEZIER_KNOTS.);
#83=B_SPLINE_CURVE_WITH_KNOTS('',2,(#10090,#10091,#10092),.UNSPECIFIED.,
 .F.,.F.,(3,3),(0.,1.),.PIECEWISE_BEZIER_KNOTS.);
#84=B_SPLINE_CURVE_WITH_KNOTS('',2,(#10094,#10095,#10096),.UNSPECIFIED.,
 .F.,.F.,(3,3),(0.,1.),.PIECEWISE_BEZIER_KNOTS.);
#85=B_SPLINE_CURVE_WITH_KNOTS('',2,(#10098,#10099,#10100),.UNSPECIFIED.,
 .F.,.F.,(3,3),(0.,1.),.PIECEWISE_BEZIER_KNOTS.);
#86=B_SPLINE_CURVE_WITH_KNOTS('',2,(#10102,#10103,#10104),.UNSPECIFIED.,
 .F.,.F.,(3,3),(0.,1.),.PIECEWISE_BEZIER_KNOTS.);
#87=B_SPLINE_CURVE_WITH_KNOTS('',2,(#10106,#10107,#10108),.UNSPECIFIED.,
 .F.,.F.,(3,3),(0.,1.),.PIECEWISE_BEZIER_KNOTS.);
#88=B_SPLINE_CURVE_WITH_KNOTS('',2,(#10118,#10119,#10120),.UNSPECIFIED.,
 .F.,.F.,(3,3),(0.,1.),.PIECEWISE_BEZIER_KNOTS.);
#89=B_SPLINE_CURVE_WITH_KNOTS('',2,(#10122,#10123,#10124),.UNSPECIFIED.,
 .F.,.F.,(3,3),(0.,1.),.PIECEWISE_BEZIER_KNOTS.);
#90=B_SPLINE_CURVE_WITH_KNOTS('',2,(#10126,#10127,#10128),.UNSPECIFIED.,
 .F.,.F.,(3,3),(0.,1.),.PIECEWISE_BEZIER_KNOTS.);
#91=B_SPLINE_CURVE_WITH_KNOTS('',2,(#10130,#10131,#10132),.UNSPECIFIED.,
 .F.,.F.,(3,3),(0.,1.),.PIECEWISE_BEZIER_KNOTS.);
#92=B_SPLINE_CURVE_WITH_KNOTS('',2,(#10134,#10135,#10136),.UNSPECIFIED.,
 .F.,.F.,(3,3),(0.,1.),.PIECEWISE_BEZIER_KNOTS.);
#93=B_SPLINE_CURVE_WITH_KNOTS('',2,(#10138,#10139,#10140),.UNSPECIFIED.,
 .F.,.F.,(3,3),(0.,1.),.PIECEWISE_BEZIER_KNOTS.);
#94=B_SPLINE_CURVE_WITH_KNOTS('',2,(#10245,#10246,#10247),.UNSPECIFIED.,
 .F.,.F.,(3,3),(0.,1.),.PIECEWISE_BEZIER_KNOTS.);
#95=B_SPLINE_CURVE_WITH_KNOTS('',2,(#10256,#10257,#10258),.UNSPECIFIED.,
 .F.,.F.,(3,3),(0.,1.),.PIECEWISE_BEZIER_KNOTS.);
#96=B_SPLINE_CURVE_WITH_KNOTS('',2,(#10260,#10261,#10262),.UNSPECIFIED.,
 .F.,.F.,(3,3),(0.,1.),.PIECEWISE_BEZIER_KNOTS.);
#97=B_SPLINE_CURVE_WITH_KNOTS('',2,(#10266,#10267,#10268),.UNSPECIFIED.,
 .F.,.F.,(3,3),(0.,1.),.PIECEWISE_BEZIER_KNOTS.);
#98=B_SPLINE_CURVE_WITH_KNOTS('',2,(#10270,#10271,#10272),.UNSPECIFIED.,
 .F.,.F.,(3,3),(0.,1.),.PIECEWISE_BEZIER_KNOTS.);
#99=B_SPLINE_CURVE_WITH_KNOTS('',2,(#10274,#10275,#10276),.UNSPECIFIED.,
 .F.,.F.,(3,3),(0.,1.),.PIECEWISE_BEZIER_KNOTS.);
#100=B_SPLINE_CURVE_WITH_KNOTS('',2,(#10284,#10285,#10286),
 .UNSPECIFIED.,.F.,.F.,(3,3),(0.,1.),.PIECEWISE_BEZIER_KNOTS.);
#101=B_SPLINE_CURVE_WITH_KNOTS('',2,(#10288,#10289,#10290),
 .UNSPECIFIED.,.F.,.F.,(3,3),(0.,1.),.PIECEWISE_BEZIER_KNOTS.);
#102=B_SPLINE_CURVE_WITH_KNOTS('',2,(#10296,#10297,#10298),
 .UNSPECIFIED.,.F.,.F.,(3,3),(0.,1.),.PIECEWISE_BEZIER_KNOTS.);
#103=B_SPLINE_CURVE_WITH_KNOTS('',2,(#10300,#10301,#10302),
 .UNSPECIFIED.,.F.,.F.,(3,3),(0.,1.),.PIECEWISE_BEZIER_KNOTS.);
#104=B_SPLINE_CURVE_WITH_KNOTS('',2,(#10304,#10305,#10306),
 .UNSPECIFIED.,.F.,.F.,(3,3),(0.,1.),.PIECEWISE_BEZIER_KNOTS.);
#105=B_SPLINE_CURVE_WITH_KNOTS('',2,(#10308,#10309,#10310),
 .UNSPECIFIED.,.F.,.F.,(3,3),(0.,1.),.PIECEWISE_BEZIER_KNOTS.);
#106=B_SPLINE_CURVE_WITH_KNOTS('',2,(#10312,#10313,#10314),
 .UNSPECIFIED.,.F.,.F.,(3,3),(0.,1.),.PIECEWISE_BEZIER_KNOTS.);
#107=B_SPLINE_CURVE_WITH_KNOTS('',2,(#10340,#10341,#10342),
 .UNSPECIFIED.,.F.,.F.,(3,3),(0.,1.),.PIECEWISE_BEZIER_KNOTS.);
#108=B_SPLINE_CURVE_WITH_KNOTS('',2,(#10344,#10345,#10346),
 .UNSPECIFIED.,.F.,.F.,(3,3),(0.,1.),.PIECEWISE_BEZIER_KNOTS.);
#109=B_SPLINE_CURVE_WITH_KNOTS('',2,(#10348,#10349,#10350),
 .UNSPECIFIED.,.F.,.F.,(3,3),(0.,1.),.PIECEWISE_BEZIER_KNOTS.);
#110=B_SPLINE_CURVE_WITH_KNOTS('',2,(#10352,#10353,#10354),
 .UNSPECIFIED.,.F.,.F.,(3,3),(0.,1.),.PIECEWISE_BEZIER_KNOTS.);
#111=B_SPLINE_CURVE_WITH_KNOTS('',2,(#10366,#10367,#10368),
 .UNSPECIFIED.,.F.,.F.,(3,3),(0.,1.),.PIECEWISE_BEZIER_KNOTS.);
#112=B_SPLINE_CURVE_WITH_KNOTS('',2,(#10370,#10371,#10372),
 .UNSPECIFIED.,.F.,.F.,(3,3),(0.,1.),.PIECEWISE_BEZIER_KNOTS.);
#113=B_SPLINE_CURVE_WITH_KNOTS('',2,(#10378,#10379,#10380),
 .UNSPECIFIED.,.F.,.F.,(3,3),(0.,1.),.PIECEWISE_BEZIER_KNOTS.);
#114=B_SPLINE_CURVE_WITH_KNOTS('',2,(#10382,#10383,#10384),
 .UNSPECIFIED.,.F.,.F.,(3,3),(0.,1.),.PIECEWISE_BEZIER_KNOTS.);
#115=B_SPLINE_CURVE_WITH_KNOTS('',2,(#10394,#10395,#10396),
 .UNSPECIFIED.,.F.,.F.,(3,3),(0.,1.),.PIECEWISE_BEZIER_KNOTS.);
#116=B_SPLINE_CURVE_WITH_KNOTS('',2,(#10398,#10399,#10400),
 .UNSPECIFIED.,.F.,.F.,(3,3),(0.,1.),.PIECEWISE_BEZIER_KNOTS.);
#117=B_SPLINE_CURVE_WITH_KNOTS('',2,(#10402,#10403,#10404),
 .UNSPECIFIED.,.F.,.F.,(3,3),(0.,1.),.PIECEWISE_BEZIER_KNOTS.);
#118=B_SPLINE_CURVE_WITH_KNOTS('',2,(#10406,#10407,#10408),
 .UNSPECIFIED.,.F.,.F.,(3,3),(0.,1.),.PIECEWISE_BEZIER_KNOTS.);
#119=B_SPLINE_CURVE_WITH_KNOTS('',2,(#10410,#10411,#10412),
 .UNSPECIFIED.,.F.,.F.,(3,3),(0.,1.),.PIECEWISE_BEZIER_KNOTS.);
#120=B_SPLINE_CURVE_WITH_KNOTS('',2,(#10416,#10417,#10418),
 .UNSPECIFIED.,.F.,.F.,(3,3),(0.,1.),.PIECEWISE_BEZIER_KNOTS.);
#121=B_SPLINE_CURVE_WITH_KNOTS('',2,(#10420,#10421,#10422),
 .UNSPECIFIED.,.F.,.F.,(3,3),(0.,1.),.PIECEWISE_BEZIER_KNOTS.);
#122=B_SPLINE_CURVE_WITH_KNOTS('',2,(#10426,#10427,#10428),
 .UNSPECIFIED.,.F.,.F.,(3,3),(0.,1.),.PIECEWISE_BEZIER_KNOTS.);
#123=B_SPLINE_CURVE_WITH_KNOTS('',2,(#10430,#10431,#10432),
 .UNSPECIFIED.,.F.,.F.,(3,3),(0.,1.),.PIECEWISE_BEZIER_KNOTS.);
#124=B_SPLINE_CURVE_WITH_KNOTS('',2,(#10434,#10435,#10436),
 .UNSPECIFIED.,.F.,.F.,(3,3),(0.,1.),.PIECEWISE_BEZIER_KNOTS.);
#125=B_SPLINE_CURVE_WITH_KNOTS('',2,(#10438,#10439,#10440),
 .UNSPECIFIED.,.F.,.F.,(3,3),(0.,1.),.PIECEWISE_BEZIER_KNOTS.);
#126=B_SPLINE_CURVE_WITH_KNOTS('',2,(#10442,#10443,#10444),
 .UNSPECIFIED.,.F.,.F.,(3,3),(0.,1.),.PIECEWISE_BEZIER_KNOTS.);
#127=B_SPLINE_CURVE_WITH_KNOTS('',2,(#10448,#10449,#10450),
 .UNSPECIFIED.,.F.,.F.,(3,3),(0.,1.),.PIECEWISE_BEZIER_KNOTS.);
#128=B_SPLINE_CURVE_WITH_KNOTS('',2,(#10538,#10539,#10540),
 .UNSPECIFIED.,.F.,.F.,(3,3),(0.,1.),.PIECEWISE_BEZIER_KNOTS.);
#129=B_SPLINE_CURVE_WITH_KNOTS('',2,(#10551,#10552,#10553),
 .UNSPECIFIED.,.F.,.F.,(3,3),(0.,1.),.PIECEWISE_BEZIER_KNOTS.);
#130=B_SPLINE_CURVE_WITH_KNOTS('',2,(#10564,#10565,#10566),
 .UNSPECIFIED.,.F.,.F.,(3,3),(0.,1.),.PIECEWISE_BEZIER_KNOTS.);
#131=B_SPLINE_CURVE_WITH_KNOTS('',2,(#10577,#10578,#10579),
 .UNSPECIFIED.,.F.,.F.,(3,3),(0.,1.),.PIECEWISE_BEZIER_KNOTS.);
#132=B_SPLINE_CURVE_WITH_KNOTS('',2,(#10590,#10591,#10592),
 .UNSPECIFIED.,.F.,.F.,(3,3),(0.,1.),.PIECEWISE_BEZIER_KNOTS.);
#133=B_SPLINE_CURVE_WITH_KNOTS('',2,(#10603,#10604,#10605),
 .UNSPECIFIED.,.F.,.F.,(3,3),(0.,1.),.PIECEWISE_BEZIER_KNOTS.);
#134=B_SPLINE_CURVE_WITH_KNOTS('',2,(#10632,#10633,#10634),
 .UNSPECIFIED.,.F.,.F.,(3,3),(0.,1.),.PIECEWISE_BEZIER_KNOTS.);
#135=B_SPLINE_CURVE_WITH_KNOTS('',2,(#10645,#10646,#10647),
 .UNSPECIFIED.,.F.,.F.,(3,3),(0.,1.),.PIECEWISE_BEZIER_KNOTS.);
#136=B_SPLINE_CURVE_WITH_KNOTS('',2,(#10658,#10659,#10660),
 .UNSPECIFIED.,.F.,.F.,(3,3),(0.,1.),.PIECEWISE_BEZIER_KNOTS.);
#137=B_SPLINE_CURVE_WITH_KNOTS('',2,(#10671,#10672,#10673),
 .UNSPECIFIED.,.F.,.F.,(3,3),(0.,1.),.PIECEWISE_BEZIER_KNOTS.);
#138=B_SPLINE_CURVE_WITH_KNOTS('',2,(#10684,#10685,#10686),
 .UNSPECIFIED.,.F.,.F.,(3,3),(0.,1.),.PIECEWISE_BEZIER_KNOTS.);
#139=B_SPLINE_CURVE_WITH_KNOTS('',2,(#10697,#10698,#10699),
 .UNSPECIFIED.,.F.,.F.,(3,3),(0.,1.),.PIECEWISE_BEZIER_KNOTS.);
#140=B_SPLINE_CURVE_WITH_KNOTS('',2,(#10731,#10732,#10733),
 .UNSPECIFIED.,.F.,.F.,(3,3),(0.,1.),.PIECEWISE_BEZIER_KNOTS.);
#141=B_SPLINE_CURVE_WITH_KNOTS('',2,(#10744,#10745,#10746),
 .UNSPECIFIED.,.F.,.F.,(3,3),(0.,1.),.PIECEWISE_BEZIER_KNOTS.);
#142=B_SPLINE_CURVE_WITH_KNOTS('',2,(#10757,#10758,#10759),
 .UNSPECIFIED.,.F.,.F.,(3,3),(0.,1.),.PIECEWISE_BEZIER_KNOTS.);
#143=B_SPLINE_CURVE_WITH_KNOTS('',2,(#10770,#10771,#10772),
 .UNSPECIFIED.,.F.,.F.,(3,3),(0.,1.),.PIECEWISE_BEZIER_KNOTS.);
#144=B_SPLINE_CURVE_WITH_KNOTS('',2,(#10783,#10784,#10785),
 .UNSPECIFIED.,.F.,.F.,(3,3),(0.,1.),.PIECEWISE_BEZIER_KNOTS.);
#145=B_SPLINE_CURVE_WITH_KNOTS('',2,(#10796,#10797,#10798),
 .UNSPECIFIED.,.F.,.F.,(3,3),(0.,1.),.PIECEWISE_BEZIER_KNOTS.);
#146=B_SPLINE_CURVE_WITH_KNOTS('',2,(#10825,#10826,#10827),
 .UNSPECIFIED.,.F.,.F.,(3,3),(0.,1.),.PIECEWISE_BEZIER_KNOTS.);
#147=B_SPLINE_CURVE_WITH_KNOTS('',2,(#10838,#10839,#10840),
 .UNSPECIFIED.,.F.,.F.,(3,3),(0.,1.),.PIECEWISE_BEZIER_KNOTS.);
#148=B_SPLINE_CURVE_WITH_KNOTS('',2,(#10851,#10852,#10853),
 .UNSPECIFIED.,.F.,.F.,(3,3),(0.,1.),.PIECEWISE_BEZIER_KNOTS.);
#149=B_SPLINE_CURVE_WITH_KNOTS('',2,(#10864,#10865,#10866),
 .UNSPECIFIED.,.F.,.F.,(3,3),(0.,1.),.PIECEWISE_BEZIER_KNOTS.);
#150=B_SPLINE_CURVE_WITH_KNOTS('',2,(#10877,#10878,#10879),
 .UNSPECIFIED.,.F.,.F.,(3,3),(0.,1.),.PIECEWISE_BEZIER_KNOTS.);
#151=B_SPLINE_CURVE_WITH_KNOTS('',2,(#10888,#10889,#10890),
 .UNSPECIFIED.,.F.,.F.,(3,3),(0.,1.),.PIECEWISE_BEZIER_KNOTS.);
#152=B_SPLINE_CURVE_WITH_KNOTS('',2,(#11116,#11117,#11118),
 .UNSPECIFIED.,.F.,.F.,(3,3),(0.,1.),.PIECEWISE_BEZIER_KNOTS.);
#153=B_SPLINE_CURVE_WITH_KNOTS('',2,(#11129,#11130,#11131),
 .UNSPECIFIED.,.F.,.F.,(3,3),(0.,1.),.PIECEWISE_BEZIER_KNOTS.);
#154=B_SPLINE_CURVE_WITH_KNOTS('',2,(#11142,#11143,#11144),
 .UNSPECIFIED.,.F.,.F.,(3,3),(0.,1.),.PIECEWISE_BEZIER_KNOTS.);
#155=B_SPLINE_CURVE_WITH_KNOTS('',2,(#11155,#11156,#11157),
 .UNSPECIFIED.,.F.,.F.,(3,3),(0.,1.),.PIECEWISE_BEZIER_KNOTS.);
#156=B_SPLINE_CURVE_WITH_KNOTS('',2,(#11168,#11169,#11170),
 .UNSPECIFIED.,.F.,.F.,(3,3),(0.,1.),.PIECEWISE_BEZIER_KNOTS.);
#157=B_SPLINE_CURVE_WITH_KNOTS('',2,(#11181,#11182,#11183),
 .UNSPECIFIED.,.F.,.F.,(3,3),(0.,1.),.PIECEWISE_BEZIER_KNOTS.);
#158=B_SPLINE_CURVE_WITH_KNOTS('',2,(#11202,#11203,#11204),
 .UNSPECIFIED.,.F.,.F.,(3,3),(0.,1.),.PIECEWISE_BEZIER_KNOTS.);
#159=B_SPLINE_CURVE_WITH_KNOTS('',2,(#11215,#11216,#11217),
 .UNSPECIFIED.,.F.,.F.,(3,3),(0.,1.),.PIECEWISE_BEZIER_KNOTS.);
#160=B_SPLINE_CURVE_WITH_KNOTS('',2,(#11240,#11241,#11242),
 .UNSPECIFIED.,.F.,.F.,(3,3),(0.,1.),.PIECEWISE_BEZIER_KNOTS.);
#161=B_SPLINE_CURVE_WITH_KNOTS('',2,(#11253,#11254,#11255),
 .UNSPECIFIED.,.F.,.F.,(3,3),(0.,1.),.PIECEWISE_BEZIER_KNOTS.);
#162=B_SPLINE_CURVE_WITH_KNOTS('',2,(#11266,#11267,#11268),
 .UNSPECIFIED.,.F.,.F.,(3,3),(0.,1.),.PIECEWISE_BEZIER_KNOTS.);
#163=B_SPLINE_CURVE_WITH_KNOTS('',2,(#11283,#11284,#11285),
 .UNSPECIFIED.,.F.,.F.,(3,3),(0.,1.),.PIECEWISE_BEZIER_KNOTS.);
#164=B_SPLINE_CURVE_WITH_KNOTS('',2,(#11296,#11297,#11298),
 .UNSPECIFIED.,.F.,.F.,(3,3),(0.,1.),.PIECEWISE_BEZIER_KNOTS.);
#165=B_SPLINE_CURVE_WITH_KNOTS('',2,(#11360,#11361,#11362),
 .UNSPECIFIED.,.F.,.F.,(3,3),(0.,1.),.PIECEWISE_BEZIER_KNOTS.);
#166=B_SPLINE_CURVE_WITH_KNOTS('',2,(#11377,#11378,#11379),
 .UNSPECIFIED.,.F.,.F.,(3,3),(0.,1.),.PIECEWISE_BEZIER_KNOTS.);
#167=B_SPLINE_CURVE_WITH_KNOTS('',2,(#11390,#11391,#11392),
 .UNSPECIFIED.,.F.,.F.,(3,3),(0.,1.),.PIECEWISE_BEZIER_KNOTS.);
#168=B_SPLINE_CURVE_WITH_KNOTS('',2,(#11403,#11404,#11405),
 .UNSPECIFIED.,.F.,.F.,(3,3),(0.,1.),.PIECEWISE_BEZIER_KNOTS.);
#169=B_SPLINE_CURVE_WITH_KNOTS('',2,(#11416,#11417,#11418),
 .UNSPECIFIED.,.F.,.F.,(3,3),(0.,1.),.PIECEWISE_BEZIER_KNOTS.);
#170=B_SPLINE_CURVE_WITH_KNOTS('',2,(#11429,#11430,#11431),
 .UNSPECIFIED.,.F.,.F.,(3,3),(0.,1.),.PIECEWISE_BEZIER_KNOTS.);
#171=B_SPLINE_CURVE_WITH_KNOTS('',2,(#11446,#11447,#11448),
 .UNSPECIFIED.,.F.,.F.,(3,3),(0.,1.),.PIECEWISE_BEZIER_KNOTS.);
#172=B_SPLINE_CURVE_WITH_KNOTS('',2,(#11459,#11460,#11461),
 .UNSPECIFIED.,.F.,.F.,(3,3),(0.,1.),.PIECEWISE_BEZIER_KNOTS.);
#173=B_SPLINE_CURVE_WITH_KNOTS('',2,(#11476,#11477,#11478),
 .UNSPECIFIED.,.F.,.F.,(3,3),(0.,1.),.PIECEWISE_BEZIER_KNOTS.);
#174=B_SPLINE_CURVE_WITH_KNOTS('',2,(#11489,#11490,#11491),
 .UNSPECIFIED.,.F.,.F.,(3,3),(0.,1.),.PIECEWISE_BEZIER_KNOTS.);
#175=B_SPLINE_CURVE_WITH_KNOTS('',2,(#11502,#11503,#11504),
 .UNSPECIFIED.,.F.,.F.,(3,3),(0.,1.),.PIECEWISE_BEZIER_KNOTS.);
#176=B_SPLINE_CURVE_WITH_KNOTS('',2,(#11515,#11516,#11517),
 .UNSPECIFIED.,.F.,.F.,(3,3),(0.,1.),.PIECEWISE_BEZIER_KNOTS.);
#177=B_SPLINE_CURVE_WITH_KNOTS('',2,(#11528,#11529,#11530),
 .UNSPECIFIED.,.F.,.F.,(3,3),(0.,1.),.PIECEWISE_BEZIER_KNOTS.);
#178=B_SPLINE_CURVE_WITH_KNOTS('',2,(#11557,#11558,#11559),
 .UNSPECIFIED.,.F.,.F.,(3,3),(0.,1.),.PIECEWISE_BEZIER_KNOTS.);
#179=B_SPLINE_CURVE_WITH_KNOTS('',2,(#11570,#11571,#11572),
 .UNSPECIFIED.,.F.,.F.,(3,3),(0.,1.),.PIECEWISE_BEZIER_KNOTS.);
#180=B_SPLINE_CURVE_WITH_KNOTS('',2,(#11591,#11592,#11593),
 .UNSPECIFIED.,.F.,.F.,(3,3),(0.,1.),.PIECEWISE_BEZIER_KNOTS.);
#181=B_SPLINE_CURVE_WITH_KNOTS('',2,(#11604,#11605,#11606),
 .UNSPECIFIED.,.F.,.F.,(3,3),(0.,1.),.PIECEWISE_BEZIER_KNOTS.);
#182=B_SPLINE_CURVE_WITH_KNOTS('',2,(#11637,#11638,#11639),
 .UNSPECIFIED.,.F.,.F.,(3,3),(0.,1.),.PIECEWISE_BEZIER_KNOTS.);
#183=B_SPLINE_CURVE_WITH_KNOTS('',2,(#11650,#11651,#11652),
 .UNSPECIFIED.,.F.,.F.,(3,3),(0.,1.),.PIECEWISE_BEZIER_KNOTS.);
#184=B_SPLINE_CURVE_WITH_KNOTS('',2,(#11663,#11664,#11665),
 .UNSPECIFIED.,.F.,.F.,(3,3),(0.,1.),.PIECEWISE_BEZIER_KNOTS.);
#185=B_SPLINE_CURVE_WITH_KNOTS('',2,(#11676,#11677,#11678),
 .UNSPECIFIED.,.F.,.F.,(3,3),(0.,1.),.PIECEWISE_BEZIER_KNOTS.);
#186=B_SPLINE_CURVE_WITH_KNOTS('',3,(#11691,#11692,#11693,#11694,#11695),
 .UNSPECIFIED.,.F.,.F.,(4,1,4),(0.,0.00166050143386088,0.00332100286772176),
 .UNSPECIFIED.);
#187=B_SPLINE_CURVE_WITH_KNOTS('',3,(#11703,#11704,#11705,#11706,#11707),
 .UNSPECIFIED.,.F.,.F.,(4,1,4),(0.,0.00166063853109066,0.00332127706218132),
 .UNSPECIFIED.);
#188=B_SPLINE_CURVE_WITH_KNOTS('',3,(#11806,#11807,#11808,#11809,#11810,
#11811,#11812,#11813,#11814,#11815,#11816,#11817,#11818,#11819,#11820,#11821,
#11822,#11823,#11824,#11825,#11826,#11827,#11828,#11829,#11830,#11831,#11832,
#11833,#11834,#11835,#11836,#11837,#11838,#11839,#11840,#11841,#11842),
 .UNSPECIFIED.,.F.,.F.,(4,1,1,1,1,1,1,1,1,1,1,1,1,1,1,1,1,1,1,1,1,1,1,1,
1,1,1,1,1,1,1,1,1,1,4),(0.00559823769741389,0.03125,0.0625,0.09375,0.125,
0.140625,0.15625,0.171875,0.1875,0.203125,0.21875,0.234375,0.25,0.265625,
0.28125,0.296875,0.3125,0.328125,0.34375,0.359375,0.375,0.40625,0.4375,
0.46875,0.5,0.53125,0.5625,0.59375,0.625,0.6875,0.75,0.8125,0.875,0.9375,
0.995105250096),.UNSPECIFIED.);
#189=B_SPLINE_CURVE_WITH_KNOTS('',3,(#11846,#11847,#11848,#11849,#11850,
#11851,#11852,#11853,#11854,#11855,#11856,#11857,#11858,#11859,#11860,#11861,
#11862,#11863,#11864,#11865,#11866,#11867,#11868,#11869,#11870,#11871,#11872,
#11873,#11874,#11875,#11876,#11877,#11878,#11879,#11880,#11881,#11882),
 .UNSPECIFIED.,.F.,.F.,(4,1,1,1,1,1,1,1,1,1,1,1,1,1,1,1,1,1,1,1,1,1,1,1,
1,1,1,1,1,1,1,1,1,1,4),(0.00559823769741389,0.03125,0.0625,0.09375,0.125,
0.140625,0.15625,0.171875,0.1875,0.203125,0.21875,0.234375,0.25,0.265625,
0.28125,0.296875,0.3125,0.328125,0.34375,0.359375,0.375,0.40625,0.4375,
0.46875,0.5,0.53125,0.5625,0.59375,0.625,0.6875,0.75,0.8125,0.875,0.9375,
0.995105250096),.UNSPECIFIED.);
#190=B_SPLINE_CURVE_WITH_KNOTS('',2,(#11897,#11898,#11899),
 .UNSPECIFIED.,.F.,.F.,(3,3),(0.,1.),.PIECEWISE_BEZIER_KNOTS.);
#191=B_SPLINE_CURVE_WITH_KNOTS('',2,(#11900,#11901,#11902),
 .UNSPECIFIED.,.F.,.F.,(3,3),(0.,1.),.PIECEWISE_BEZIER_KNOTS.);
#192=B_SPLINE_CURVE_WITH_KNOTS('',3,(#12209,#12210,#12211,#12212,#12213),
 .UNSPECIFIED.,.F.,.F.,(4,1,4),(0.,0.00166706528269257,0.00333413056538515),
 .UNSPECIFIED.);
#193=B_SPLINE_CURVE_WITH_KNOTS('',3,(#12215,#12216,#12217,#12218,#12219),
 .UNSPECIFIED.,.F.,.F.,(4,1,4),(0.,0.00166722756156185,0.0033344551231237),
 .UNSPECIFIED.);
#194=B_SPLINE_CURVE_WITH_KNOTS('',3,(#12285,#12286,#12287,#12288,#12289,
#12290,#12291,#12292,#12293,#12294,#12295,#12296,#12297,#12298,#12299,#12300,
#12301,#12302,#12303,#12304,#12305,#12306,#12307,#12308,#12309,#12310,#12311,
#12312,#12313,#12314,#12315,#12316,#12317,#12318,#12319,#12320,#12321),
 .UNSPECIFIED.,.F.,.F.,(4,1,1,1,1,1,1,1,1,1,1,1,1,1,1,1,1,1,1,1,1,1,1,1,
1,1,1,1,1,1,1,1,1,1,4),(0.00559823769741389,0.03125,0.0625,0.09375,0.125,
0.140625,0.15625,0.171875,0.1875,0.203125,0.21875,0.234375,0.25,0.265625,
0.28125,0.296875,0.3125,0.328125,0.34375,0.359375,0.375,0.40625,0.4375,
0.46875,0.5,0.53125,0.5625,0.59375,0.625,0.6875,0.75,0.8125,0.875,0.9375,
0.995105250096),.UNSPECIFIED.);
#195=B_SPLINE_CURVE_WITH_KNOTS('',3,(#12323,#12324,#12325,#12326,#12327,
#12328,#12329,#12330,#12331,#12332,#12333,#12334,#12335,#12336,#12337,#12338,
#12339,#12340,#12341,#12342,#12343,#12344,#12345,#12346,#12347,#12348,#12349,
#12350,#12351,#12352,#12353,#12354,#12355,#12356,#12357,#12358,#12359),
 .UNSPECIFIED.,.F.,.F.,(4,1,1,1,1,1,1,1,1,1,1,1,1,1,1,1,1,1,1,1,1,1,1,1,
1,1,1,1,1,1,1,1,1,1,4),(0.00559823769741389,0.03125,0.0625,0.09375,0.125,
0.140625,0.15625,0.171875,0.1875,0.203125,0.21875,0.234375,0.25,0.265625,
0.28125,0.296875,0.3125,0.328125,0.34375,0.359375,0.375,0.40625,0.4375,
0.46875,0.5,0.53125,0.5625,0.59375,0.625,0.6875,0.75,0.8125,0.875,0.9375,
0.995105250096),.UNSPECIFIED.);
#196=B_SPLINE_CURVE_WITH_KNOTS('',2,(#12376,#12377,#12378),
 .UNSPECIFIED.,.F.,.F.,(3,3),(0.,1.),.PIECEWISE_BEZIER_KNOTS.);
#197=B_SPLINE_CURVE_WITH_KNOTS('',2,(#12379,#12380,#12381),
 .UNSPECIFIED.,.F.,.F.,(3,3),(0.,1.),.PIECEWISE_BEZIER_KNOTS.);
#198=B_SPLINE_CURVE_WITH_KNOTS('',3,(#12398,#12399,#12400,#12401,#12402),
 .UNSPECIFIED.,.F.,.F.,(4,1,4),(0.,0.00166050143386088,0.00332100286772176),
 .UNSPECIFIED.);
#199=B_SPLINE_CURVE_WITH_KNOTS('',3,(#12404,#12405,#12406,#12407,#12408),
 .UNSPECIFIED.,.F.,.F.,(4,1,4),(0.,0.00166063853109063,0.00332127706218126),
 .UNSPECIFIED.);
#200=B_SPLINE_SURFACE_WITH_KNOTS('',3,1,((#9303,#9304),(#9305,#9306),(#9307,
#9308),(#9309,#9310)),.SURF_OF_LINEAR_EXTRUSION.,.F.,.F.,.F.,(4,4),(2,2),
(0.,1.),(0.,1.),.PIECEWISE_BEZIER_KNOTS.);
#201=B_SPLINE_SURFACE_WITH_KNOTS('',3,1,((#9335,#9336),(#9337,#9338),(#9339,
#9340),(#9341,#9342)),.SURF_OF_LINEAR_EXTRUSION.,.F.,.F.,.F.,(4,4),(2,2),
(0.,1.),(0.,1.),.PIECEWISE_BEZIER_KNOTS.);
#202=B_SPLINE_SURFACE_WITH_KNOTS('',3,1,((#9352,#9353),(#9354,#9355),(#9356,
#9357),(#9358,#9359)),.SURF_OF_LINEAR_EXTRUSION.,.F.,.F.,.F.,(4,4),(2,2),
(0.,1.),(0.,1.),.PIECEWISE_BEZIER_KNOTS.);
#203=B_SPLINE_SURFACE_WITH_KNOTS('',3,1,((#9369,#9370),(#9371,#9372),(#9373,
#9374),(#9375,#9376)),.SURF_OF_LINEAR_EXTRUSION.,.F.,.F.,.F.,(4,4),(2,2),
(0.,1.),(0.,1.),.PIECEWISE_BEZIER_KNOTS.);
#204=B_SPLINE_SURFACE_WITH_KNOTS('',3,1,((#9386,#9387),(#9388,#9389),(#9390,
#9391),(#9392,#9393)),.SURF_OF_LINEAR_EXTRUSION.,.F.,.F.,.F.,(4,4),(2,2),
(0.,1.),(0.,1.),.PIECEWISE_BEZIER_KNOTS.);
#205=B_SPLINE_SURFACE_WITH_KNOTS('',3,1,((#9403,#9404),(#9405,#9406),(#9407,
#9408),(#9409,#9410)),.SURF_OF_LINEAR_EXTRUSION.,.F.,.F.,.F.,(4,4),(2,2),
(0.,1.),(0.,1.),.PIECEWISE_BEZIER_KNOTS.);
#206=B_SPLINE_SURFACE_WITH_KNOTS('',3,1,((#9420,#9421),(#9422,#9423),(#9424,
#9425),(#9426,#9427)),.SURF_OF_LINEAR_EXTRUSION.,.F.,.F.,.F.,(4,4),(2,2),
(0.,1.),(0.,1.),.PIECEWISE_BEZIER_KNOTS.);
#207=B_SPLINE_SURFACE_WITH_KNOTS('',3,1,((#9485,#9486),(#9487,#9488),(#9489,
#9490),(#9491,#9492)),.SURF_OF_LINEAR_EXTRUSION.,.F.,.F.,.F.,(4,4),(2,2),
(0.,1.),(0.,1.),.PIECEWISE_BEZIER_KNOTS.);
#208=B_SPLINE_SURFACE_WITH_KNOTS('',3,1,((#9505,#9506),(#9507,#9508),(#9509,
#9510),(#9511,#9512)),.SURF_OF_LINEAR_EXTRUSION.,.F.,.F.,.F.,(4,4),(2,2),
(0.,1.),(0.,1.),.PIECEWISE_BEZIER_KNOTS.);
#209=B_SPLINE_SURFACE_WITH_KNOTS('',3,1,((#9528,#9529),(#9530,#9531),(#9532,
#9533),(#9534,#9535)),.SURF_OF_LINEAR_EXTRUSION.,.F.,.F.,.F.,(4,4),(2,2),
(0.,1.),(0.,1.),.PIECEWISE_BEZIER_KNOTS.);
#210=B_SPLINE_SURFACE_WITH_KNOTS('',3,1,((#9551,#9552),(#9553,#9554),(#9555,
#9556),(#9557,#9558)),.SURF_OF_LINEAR_EXTRUSION.,.F.,.F.,.F.,(4,4),(2,2),
(0.,1.),(0.,1.),.PIECEWISE_BEZIER_KNOTS.);
#211=B_SPLINE_SURFACE_WITH_KNOTS('',3,1,((#9568,#9569),(#9570,#9571),(#9572,
#9573),(#9574,#9575)),.SURF_OF_LINEAR_EXTRUSION.,.F.,.F.,.F.,(4,4),(2,2),
(0.,1.),(0.,1.),.PIECEWISE_BEZIER_KNOTS.);
#212=B_SPLINE_SURFACE_WITH_KNOTS('',3,1,((#9585,#9586),(#9587,#9588),(#9589,
#9590),(#9591,#9592)),.SURF_OF_LINEAR_EXTRUSION.,.F.,.F.,.F.,(4,4),(2,2),
(0.,1.),(0.,1.),.PIECEWISE_BEZIER_KNOTS.);
#213=B_SPLINE_SURFACE_WITH_KNOTS('',3,1,((#9602,#9603),(#9604,#9605),(#9606,
#9607),(#9608,#9609)),.SURF_OF_LINEAR_EXTRUSION.,.F.,.F.,.F.,(4,4),(2,2),
(0.,1.),(0.,1.),.PIECEWISE_BEZIER_KNOTS.);
#214=B_SPLINE_SURFACE_WITH_KNOTS('',3,1,((#9619,#9620),(#9621,#9622),(#9623,
#9624),(#9625,#9626)),.SURF_OF_LINEAR_EXTRUSION.,.F.,.F.,.F.,(4,4),(2,2),
(0.,1.),(0.,1.),.PIECEWISE_BEZIER_KNOTS.);
#215=B_SPLINE_SURFACE_WITH_KNOTS('',3,1,((#9636,#9637),(#9638,#9639),(#9640,
#9641),(#9642,#9643)),.SURF_OF_LINEAR_EXTRUSION.,.F.,.F.,.F.,(4,4),(2,2),
(0.,1.),(0.,1.),.PIECEWISE_BEZIER_KNOTS.);
#216=B_SPLINE_SURFACE_WITH_KNOTS('',3,1,((#9653,#9654),(#9655,#9656),(#9657,
#9658),(#9659,#9660)),.SURF_OF_LINEAR_EXTRUSION.,.F.,.F.,.F.,(4,4),(2,2),
(0.,1.),(0.,1.),.PIECEWISE_BEZIER_KNOTS.);
#217=B_SPLINE_SURFACE_WITH_KNOTS('',3,1,((#9670,#9671),(#9672,#9673),(#9674,
#9675),(#9676,#9677)),.SURF_OF_LINEAR_EXTRUSION.,.F.,.F.,.F.,(4,4),(2,2),
(0.,1.),(0.,1.),.PIECEWISE_BEZIER_KNOTS.);
#218=B_SPLINE_SURFACE_WITH_KNOTS('',3,1,((#9687,#9688),(#9689,#9690),(#9691,
#9692),(#9693,#9694)),.SURF_OF_LINEAR_EXTRUSION.,.F.,.F.,.F.,(4,4),(2,2),
(0.,1.),(0.,1.),.PIECEWISE_BEZIER_KNOTS.);
#219=B_SPLINE_SURFACE_WITH_KNOTS('',3,1,((#9704,#9705),(#9706,#9707),(#9708,
#9709),(#9710,#9711),(#9712,#9713),(#9714,#9715),(#9716,#9717),(#9718,#9719),
(#9720,#9721),(#9722,#9723),(#9724,#9725),(#9726,#9727),(#9728,#9729),(#9730,
#9731),(#9732,#9733),(#9734,#9735),(#9736,#9737),(#9738,#9739),(#9740,#9741),
(#9742,#9743),(#9744,#9745),(#9746,#9747),(#9748,#9749),(#9750,#9751),(#9752,
#9753),(#9754,#9755),(#9756,#9757)),.SURF_OF_LINEAR_EXTRUSION.,.F.,.F.,
 .F.,(4,1,1,1,1,1,1,1,1,1,1,1,1,1,1,1,1,1,1,1,1,1,1,1,4),(2,2),(0.,0.015625,
0.03125,0.0625,0.09375,0.125,0.15625,0.1875,0.25,0.3125,0.375,0.4375,0.5,
0.5625,0.625,0.6875,0.75,0.8125,0.84375,0.875,0.90625,0.9375,0.96875,0.984375,
1.),(0.,1.),.UNSPECIFIED.);
#220=B_SPLINE_SURFACE_WITH_KNOTS('',3,1,((#9767,#9768),(#9769,#9770),(#9771,
#9772),(#9773,#9774)),.SURF_OF_LINEAR_EXTRUSION.,.F.,.F.,.F.,(4,4),(2,2),
(0.,1.),(0.,1.),.PIECEWISE_BEZIER_KNOTS.);
#221=B_SPLINE_SURFACE_WITH_KNOTS('',3,1,((#10528,#10529),(#10530,#10531),
(#10532,#10533),(#10534,#10535)),.SURF_OF_LINEAR_EXTRUSION.,.F.,.F.,.F.,
(4,4),(2,2),(0.,1.),(0.,1.),.PIECEWISE_BEZIER_KNOTS.);
#222=B_SPLINE_SURFACE_WITH_KNOTS('',3,1,((#10541,#10542),(#10543,#10544),
(#10545,#10546),(#10547,#10548)),.SURF_OF_LINEAR_EXTRUSION.,.F.,.F.,.F.,
(4,4),(2,2),(0.,1.),(0.,1.),.PIECEWISE_BEZIER_KNOTS.);
#223=B_SPLINE_SURFACE_WITH_KNOTS('',3,1,((#10554,#10555),(#10556,#10557),
(#10558,#10559),(#10560,#10561)),.SURF_OF_LINEAR_EXTRUSION.,.F.,.F.,.F.,
(4,4),(2,2),(0.,1.),(0.,1.),.PIECEWISE_BEZIER_KNOTS.);
#224=B_SPLINE_SURFACE_WITH_KNOTS('',3,1,((#10567,#10568),(#10569,#10570),
(#10571,#10572),(#10573,#10574)),.SURF_OF_LINEAR_EXTRUSION.,.F.,.F.,.F.,
(4,4),(2,2),(0.,1.),(0.,1.),.PIECEWISE_BEZIER_KNOTS.);
#225=B_SPLINE_SURFACE_WITH_KNOTS('',3,1,((#10580,#10581),(#10582,#10583),
(#10584,#10585),(#10586,#10587)),.SURF_OF_LINEAR_EXTRUSION.,.F.,.F.,.F.,
(4,4),(2,2),(0.,1.),(0.,1.),.PIECEWISE_BEZIER_KNOTS.);
#226=B_SPLINE_SURFACE_WITH_KNOTS('',3,1,((#10593,#10594),(#10595,#10596),
(#10597,#10598),(#10599,#10600)),.SURF_OF_LINEAR_EXTRUSION.,.F.,.F.,.F.,
(4,4),(2,2),(0.,1.),(0.,1.),.PIECEWISE_BEZIER_KNOTS.);
#227=B_SPLINE_SURFACE_WITH_KNOTS('',3,1,((#10622,#10623),(#10624,#10625),
(#10626,#10627),(#10628,#10629)),.SURF_OF_LINEAR_EXTRUSION.,.F.,.F.,.F.,
(4,4),(2,2),(0.,1.),(0.,1.),.PIECEWISE_BEZIER_KNOTS.);
#228=B_SPLINE_SURFACE_WITH_KNOTS('',3,1,((#10635,#10636),(#10637,#10638),
(#10639,#10640),(#10641,#10642)),.SURF_OF_LINEAR_EXTRUSION.,.F.,.F.,.F.,
(4,4),(2,2),(0.,1.),(0.,1.),.PIECEWISE_BEZIER_KNOTS.);
#229=B_SPLINE_SURFACE_WITH_KNOTS('',3,1,((#10648,#10649),(#10650,#10651),
(#10652,#10653),(#10654,#10655)),.SURF_OF_LINEAR_EXTRUSION.,.F.,.F.,.F.,
(4,4),(2,2),(0.,1.),(0.,1.),.PIECEWISE_BEZIER_KNOTS.);
#230=B_SPLINE_SURFACE_WITH_KNOTS('',3,1,((#10661,#10662),(#10663,#10664),
(#10665,#10666),(#10667,#10668)),.SURF_OF_LINEAR_EXTRUSION.,.F.,.F.,.F.,
(4,4),(2,2),(0.,1.),(0.,1.),.PIECEWISE_BEZIER_KNOTS.);
#231=B_SPLINE_SURFACE_WITH_KNOTS('',3,1,((#10674,#10675),(#10676,#10677),
(#10678,#10679),(#10680,#10681)),.SURF_OF_LINEAR_EXTRUSION.,.F.,.F.,.F.,
(4,4),(2,2),(0.,1.),(0.,1.),.PIECEWISE_BEZIER_KNOTS.);
#232=B_SPLINE_SURFACE_WITH_KNOTS('',3,1,((#10687,#10688),(#10689,#10690),
(#10691,#10692),(#10693,#10694)),.SURF_OF_LINEAR_EXTRUSION.,.F.,.F.,.F.,
(4,4),(2,2),(0.,1.),(0.,1.),.PIECEWISE_BEZIER_KNOTS.);
#233=B_SPLINE_SURFACE_WITH_KNOTS('',3,1,((#10721,#10722),(#10723,#10724),
(#10725,#10726),(#10727,#10728)),.SURF_OF_LINEAR_EXTRUSION.,.F.,.F.,.F.,
(4,4),(2,2),(0.,1.),(0.,1.),.PIECEWISE_BEZIER_KNOTS.);
#234=B_SPLINE_SURFACE_WITH_KNOTS('',3,1,((#10734,#10735),(#10736,#10737),
(#10738,#10739),(#10740,#10741)),.SURF_OF_LINEAR_EXTRUSION.,.F.,.F.,.F.,
(4,4),(2,2),(0.,1.),(0.,1.),.PIECEWISE_BEZIER_KNOTS.);
#235=B_SPLINE_SURFACE_WITH_KNOTS('',3,1,((#10747,#10748),(#10749,#10750),
(#10751,#10752),(#10753,#10754)),.SURF_OF_LINEAR_EXTRUSION.,.F.,.F.,.F.,
(4,4),(2,2),(0.,1.),(0.,1.),.PIECEWISE_BEZIER_KNOTS.);
#236=B_SPLINE_SURFACE_WITH_KNOTS('',3,1,((#10760,#10761),(#10762,#10763),
(#10764,#10765),(#10766,#10767)),.SURF_OF_LINEAR_EXTRUSION.,.F.,.F.,.F.,
(4,4),(2,2),(0.,1.),(0.,1.),.PIECEWISE_BEZIER_KNOTS.);
#237=B_SPLINE_SURFACE_WITH_KNOTS('',3,1,((#10773,#10774),(#10775,#10776),
(#10777,#10778),(#10779,#10780)),.SURF_OF_LINEAR_EXTRUSION.,.F.,.F.,.F.,
(4,4),(2,2),(0.,1.),(0.,1.),.PIECEWISE_BEZIER_KNOTS.);
#238=B_SPLINE_SURFACE_WITH_KNOTS('',3,1,((#10786,#10787),(#10788,#10789),
(#10790,#10791),(#10792,#10793)),.SURF_OF_LINEAR_EXTRUSION.,.F.,.F.,.F.,
(4,4),(2,2),(0.,1.),(0.,1.),.PIECEWISE_BEZIER_KNOTS.);
#239=B_SPLINE_SURFACE_WITH_KNOTS('',3,1,((#10815,#10816),(#10817,#10818),
(#10819,#10820),(#10821,#10822)),.SURF_OF_LINEAR_EXTRUSION.,.F.,.F.,.F.,
(4,4),(2,2),(0.,1.),(0.,1.),.PIECEWISE_BEZIER_KNOTS.);
#240=B_SPLINE_SURFACE_WITH_KNOTS('',3,1,((#10828,#10829),(#10830,#10831),
(#10832,#10833),(#10834,#10835)),.SURF_OF_LINEAR_EXTRUSION.,.F.,.F.,.F.,
(4,4),(2,2),(0.,1.),(0.,1.),.PIECEWISE_BEZIER_KNOTS.);
#241=B_SPLINE_SURFACE_WITH_KNOTS('',3,1,((#10841,#10842),(#10843,#10844),
(#10845,#10846),(#10847,#10848)),.SURF_OF_LINEAR_EXTRUSION.,.F.,.F.,.F.,
(4,4),(2,2),(0.,1.),(0.,1.),.PIECEWISE_BEZIER_KNOTS.);
#242=B_SPLINE_SURFACE_WITH_KNOTS('',3,1,((#10854,#10855),(#10856,#10857),
(#10858,#10859),(#10860,#10861)),.SURF_OF_LINEAR_EXTRUSION.,.F.,.F.,.F.,
(4,4),(2,2),(0.,1.),(0.,1.),.PIECEWISE_BEZIER_KNOTS.);
#243=B_SPLINE_SURFACE_WITH_KNOTS('',3,1,((#10867,#10868),(#10869,#10870),
(#10871,#10872),(#10873,#10874)),.SURF_OF_LINEAR_EXTRUSION.,.F.,.F.,.F.,
(4,4),(2,2),(0.,1.),(0.,1.),.PIECEWISE_BEZIER_KNOTS.);
#244=B_SPLINE_SURFACE_WITH_KNOTS('',3,1,((#10880,#10881),(#10882,#10883),
(#10884,#10885),(#10886,#10887)),.SURF_OF_LINEAR_EXTRUSION.,.F.,.F.,.F.,
(4,4),(2,2),(0.,1.),(0.,1.),.PIECEWISE_BEZIER_KNOTS.);
#245=B_SPLINE_SURFACE_WITH_KNOTS('',3,1,((#11106,#11107),(#11108,#11109),
(#11110,#11111),(#11112,#11113)),.SURF_OF_LINEAR_EXTRUSION.,.F.,.F.,.F.,
(4,4),(2,2),(0.,1.),(0.,1.),.PIECEWISE_BEZIER_KNOTS.);
#246=B_SPLINE_SURFACE_WITH_KNOTS('',3,1,((#11119,#11120),(#11121,#11122),
(#11123,#11124),(#11125,#11126)),.SURF_OF_LINEAR_EXTRUSION.,.F.,.F.,.F.,
(4,4),(2,2),(0.,1.),(0.,1.),.PIECEWISE_BEZIER_KNOTS.);
#247=B_SPLINE_SURFACE_WITH_KNOTS('',3,1,((#11132,#11133),(#11134,#11135),
(#11136,#11137),(#11138,#11139)),.SURF_OF_LINEAR_EXTRUSION.,.F.,.F.,.F.,
(4,4),(2,2),(0.,1.),(0.,1.),.PIECEWISE_BEZIER_KNOTS.);
#248=B_SPLINE_SURFACE_WITH_KNOTS('',3,1,((#11145,#11146),(#11147,#11148),
(#11149,#11150),(#11151,#11152)),.SURF_OF_LINEAR_EXTRUSION.,.F.,.F.,.F.,
(4,4),(2,2),(0.,1.),(0.,1.),.PIECEWISE_BEZIER_KNOTS.);
#249=B_SPLINE_SURFACE_WITH_KNOTS('',3,1,((#11158,#11159),(#11160,#11161),
(#11162,#11163),(#11164,#11165)),.SURF_OF_LINEAR_EXTRUSION.,.F.,.F.,.F.,
(4,4),(2,2),(0.,1.),(0.,1.),.PIECEWISE_BEZIER_KNOTS.);
#250=B_SPLINE_SURFACE_WITH_KNOTS('',3,1,((#11171,#11172),(#11173,#11174),
(#11175,#11176),(#11177,#11178)),.SURF_OF_LINEAR_EXTRUSION.,.F.,.F.,.F.,
(4,4),(2,2),(0.,1.),(0.,1.),.PIECEWISE_BEZIER_KNOTS.);
#251=B_SPLINE_SURFACE_WITH_KNOTS('',3,1,((#11192,#11193),(#11194,#11195),
(#11196,#11197),(#11198,#11199)),.SURF_OF_LINEAR_EXTRUSION.,.F.,.F.,.F.,
(4,4),(2,2),(0.,1.),(0.,1.),.PIECEWISE_BEZIER_KNOTS.);
#252=B_SPLINE_SURFACE_WITH_KNOTS('',3,1,((#11205,#11206),(#11207,#11208),
(#11209,#11210),(#11211,#11212)),.SURF_OF_LINEAR_EXTRUSION.,.F.,.F.,.F.,
(4,4),(2,2),(0.,1.),(0.,1.),.PIECEWISE_BEZIER_KNOTS.);
#253=B_SPLINE_SURFACE_WITH_KNOTS('',3,1,((#11230,#11231),(#11232,#11233),
(#11234,#11235),(#11236,#11237)),.SURF_OF_LINEAR_EXTRUSION.,.F.,.F.,.F.,
(4,4),(2,2),(0.,1.),(0.,1.),.PIECEWISE_BEZIER_KNOTS.);
#254=B_SPLINE_SURFACE_WITH_KNOTS('',3,1,((#11243,#11244),(#11245,#11246),
(#11247,#11248),(#11249,#11250)),.SURF_OF_LINEAR_EXTRUSION.,.F.,.F.,.F.,
(4,4),(2,2),(0.,1.),(0.,1.),.PIECEWISE_BEZIER_KNOTS.);
#255=B_SPLINE_SURFACE_WITH_KNOTS('',3,1,((#11256,#11257),(#11258,#11259),
(#11260,#11261),(#11262,#11263)),.SURF_OF_LINEAR_EXTRUSION.,.F.,.F.,.F.,
(4,4),(2,2),(0.,1.),(0.,1.),.PIECEWISE_BEZIER_KNOTS.);
#256=B_SPLINE_SURFACE_WITH_KNOTS('',3,1,((#11273,#11274),(#11275,#11276),
(#11277,#11278),(#11279,#11280)),.SURF_OF_LINEAR_EXTRUSION.,.F.,.F.,.F.,
(4,4),(2,2),(0.,1.),(0.,1.),.PIECEWISE_BEZIER_KNOTS.);
#257=B_SPLINE_SURFACE_WITH_KNOTS('',3,1,((#11286,#11287),(#11288,#11289),
(#11290,#11291),(#11292,#11293)),.SURF_OF_LINEAR_EXTRUSION.,.F.,.F.,.F.,
(4,4),(2,2),(0.,1.),(0.,1.),.PIECEWISE_BEZIER_KNOTS.);
#258=B_SPLINE_SURFACE_WITH_KNOTS('',3,1,((#11350,#11351),(#11352,#11353),
(#11354,#11355),(#11356,#11357)),.SURF_OF_LINEAR_EXTRUSION.,.F.,.F.,.F.,
(4,4),(2,2),(0.,1.),(0.,1.),.PIECEWISE_BEZIER_KNOTS.);
#259=B_SPLINE_SURFACE_WITH_KNOTS('',3,1,((#11367,#11368),(#11369,#11370),
(#11371,#11372),(#11373,#11374)),.SURF_OF_LINEAR_EXTRUSION.,.F.,.F.,.F.,
(4,4),(2,2),(0.,1.),(0.,1.),.PIECEWISE_BEZIER_KNOTS.);
#260=B_SPLINE_SURFACE_WITH_KNOTS('',3,1,((#11380,#11381),(#11382,#11383),
(#11384,#11385),(#11386,#11387)),.SURF_OF_LINEAR_EXTRUSION.,.F.,.F.,.F.,
(4,4),(2,2),(0.,1.),(0.,1.),.PIECEWISE_BEZIER_KNOTS.);
#261=B_SPLINE_SURFACE_WITH_KNOTS('',3,1,((#11393,#11394),(#11395,#11396),
(#11397,#11398),(#11399,#11400)),.SURF_OF_LINEAR_EXTRUSION.,.F.,.F.,.F.,
(4,4),(2,2),(0.,1.),(0.,1.),.PIECEWISE_BEZIER_KNOTS.);
#262=B_SPLINE_SURFACE_WITH_KNOTS('',3,1,((#11406,#11407),(#11408,#11409),
(#11410,#11411),(#11412,#11413)),.SURF_OF_LINEAR_EXTRUSION.,.F.,.F.,.F.,
(4,4),(2,2),(0.,1.),(0.,1.),.PIECEWISE_BEZIER_KNOTS.);
#263=B_SPLINE_SURFACE_WITH_KNOTS('',3,1,((#11419,#11420),(#11421,#11422),
(#11423,#11424),(#11425,#11426)),.SURF_OF_LINEAR_EXTRUSION.,.F.,.F.,.F.,
(4,4),(2,2),(0.,1.),(0.,1.),.PIECEWISE_BEZIER_KNOTS.);
#264=B_SPLINE_SURFACE_WITH_KNOTS('',3,1,((#11436,#11437),(#11438,#11439),
(#11440,#11441),(#11442,#11443)),.SURF_OF_LINEAR_EXTRUSION.,.F.,.F.,.F.,
(4,4),(2,2),(0.,1.),(0.,1.),.PIECEWISE_BEZIER_KNOTS.);
#265=B_SPLINE_SURFACE_WITH_KNOTS('',3,1,((#11449,#11450),(#11451,#11452),
(#11453,#11454),(#11455,#11456)),.SURF_OF_LINEAR_EXTRUSION.,.F.,.F.,.F.,
(4,4),(2,2),(0.,1.),(0.,1.),.PIECEWISE_BEZIER_KNOTS.);
#266=B_SPLINE_SURFACE_WITH_KNOTS('',3,1,((#11466,#11467),(#11468,#11469),
(#11470,#11471),(#11472,#11473)),.SURF_OF_LINEAR_EXTRUSION.,.F.,.F.,.F.,
(4,4),(2,2),(0.,1.),(0.,1.),.PIECEWISE_BEZIER_KNOTS.);
#267=B_SPLINE_SURFACE_WITH_KNOTS('',3,1,((#11479,#11480),(#11481,#11482),
(#11483,#11484),(#11485,#11486)),.SURF_OF_LINEAR_EXTRUSION.,.F.,.F.,.F.,
(4,4),(2,2),(0.,1.),(0.,1.),.PIECEWISE_BEZIER_KNOTS.);
#268=B_SPLINE_SURFACE_WITH_KNOTS('',3,1,((#11492,#11493),(#11494,#11495),
(#11496,#11497),(#11498,#11499)),.SURF_OF_LINEAR_EXTRUSION.,.F.,.F.,.F.,
(4,4),(2,2),(0.,1.),(0.,1.),.PIECEWISE_BEZIER_KNOTS.);
#269=B_SPLINE_SURFACE_WITH_KNOTS('',3,1,((#11505,#11506),(#11507,#11508),
(#11509,#11510),(#11511,#11512)),.SURF_OF_LINEAR_EXTRUSION.,.F.,.F.,.F.,
(4,4),(2,2),(0.,1.),(0.,1.),.PIECEWISE_BEZIER_KNOTS.);
#270=B_SPLINE_SURFACE_WITH_KNOTS('',3,1,((#11518,#11519),(#11520,#11521),
(#11522,#11523),(#11524,#11525)),.SURF_OF_LINEAR_EXTRUSION.,.F.,.F.,.F.,
(4,4),(2,2),(0.,1.),(0.,1.),.PIECEWISE_BEZIER_KNOTS.);
#271=B_SPLINE_SURFACE_WITH_KNOTS('',3,1,((#11547,#11548),(#11549,#11550),
(#11551,#11552),(#11553,#11554)),.SURF_OF_LINEAR_EXTRUSION.,.F.,.F.,.F.,
(4,4),(2,2),(0.,1.),(0.,1.),.PIECEWISE_BEZIER_KNOTS.);
#272=B_SPLINE_SURFACE_WITH_KNOTS('',3,1,((#11560,#11561),(#11562,#11563),
(#11564,#11565),(#11566,#11567)),.SURF_OF_LINEAR_EXTRUSION.,.F.,.F.,.F.,
(4,4),(2,2),(0.,1.),(0.,1.),.PIECEWISE_BEZIER_KNOTS.);
#273=B_SPLINE_SURFACE_WITH_KNOTS('',3,1,((#11581,#11582),(#11583,#11584),
(#11585,#11586),(#11587,#11588)),.SURF_OF_LINEAR_EXTRUSION.,.F.,.F.,.F.,
(4,4),(2,2),(0.,1.),(0.,1.),.PIECEWISE_BEZIER_KNOTS.);
#274=B_SPLINE_SURFACE_WITH_KNOTS('',3,1,((#11594,#11595),(#11596,#11597),
(#11598,#11599),(#11600,#11601)),.SURF_OF_LINEAR_EXTRUSION.,.F.,.F.,.F.,
(4,4),(2,2),(0.,1.),(0.,1.),.PIECEWISE_BEZIER_KNOTS.);
#275=B_SPLINE_SURFACE_WITH_KNOTS('',3,1,((#11627,#11628),(#11629,#11630),
(#11631,#11632),(#11633,#11634)),.SURF_OF_LINEAR_EXTRUSION.,.F.,.F.,.F.,
(4,4),(2,2),(0.,1.),(0.,1.),.PIECEWISE_BEZIER_KNOTS.);
#276=B_SPLINE_SURFACE_WITH_KNOTS('',3,1,((#11640,#11641),(#11642,#11643),
(#11644,#11645),(#11646,#11647)),.SURF_OF_LINEAR_EXTRUSION.,.F.,.F.,.F.,
(4,4),(2,2),(0.,1.),(0.,1.),.PIECEWISE_BEZIER_KNOTS.);
#277=B_SPLINE_SURFACE_WITH_KNOTS('',3,1,((#11653,#11654),(#11655,#11656),
(#11657,#11658),(#11659,#11660)),.SURF_OF_LINEAR_EXTRUSION.,.F.,.F.,.F.,
(4,4),(2,2),(0.,1.),(0.,1.),.PIECEWISE_BEZIER_KNOTS.);
#278=B_SPLINE_SURFACE_WITH_KNOTS('',3,1,((#11666,#11667),(#11668,#11669),
(#11670,#11671),(#11672,#11673)),.SURF_OF_LINEAR_EXTRUSION.,.F.,.F.,.F.,
(4,4),(2,2),(0.,1.),(0.,1.),.PIECEWISE_BEZIER_KNOTS.);
#279=B_SPLINE_SURFACE_WITH_KNOTS('',3,1,((#11776,#11777),(#11778,#11779),
(#11780,#11781),(#11782,#11783),(#11784,#11785),(#11786,#11787),(#11788,
#11789),(#11790,#11791),(#11792,#11793),(#11794,#11795),(#11796,#11797),
(#11798,#11799),(#11800,#11801),(#11802,#11803),(#11804,#11805)),
 .SURF_OF_LINEAR_EXTRUSION.,.F.,.F.,.F.,(4,1,1,1,1,1,1,1,1,1,1,1,4),(2,
2),(0.00559823769741389,0.0674424259723255,0.129286614247237,0.191130802522149,
0.25297499079706,0.314819179071972,0.376663367346884,0.438507555621795,
0.500351743896707,0.62404012044653,0.747728496996354,0.871416873546177,
0.995105250096),(0.,1.),.UNSPECIFIED.);
#280=B_SPLINE_SURFACE_WITH_KNOTS('',3,1,((#11889,#11890),(#11891,#11892),
(#11893,#11894),(#11895,#11896)),.SURF_OF_LINEAR_EXTRUSION.,.F.,.F.,.F.,
(4,4),(2,2),(0.,1.),(0.,1.),.PIECEWISE_BEZIER_KNOTS.);
#281=B_SPLINE_SURFACE_WITH_KNOTS('',3,1,((#11960,#11961),(#11962,#11963),
(#11964,#11965),(#11966,#11967),(#11968,#11969),(#11970,#11971),(#11972,
#11973),(#11974,#11975),(#11976,#11977),(#11978,#11979),(#11980,#11981),
(#11982,#11983),(#11984,#11985),(#11986,#11987),(#11988,#11989),(#11990,
#11991),(#11992,#11993),(#11994,#11995),(#11996,#11997)),
 .SURF_OF_LINEAR_EXTRUSION.,.T.,.F.,.F.,(1,1,1,1,1,1,1,1,1,1,1,1,1,1,1,
1,1,1,1,1,1,1,1),(2,2),(-1.17809724509617,-0.785398163397448,-0.392699081698725,
0.,0.392699081698724,0.785398163397448,1.17809724509617,1.5707963267949,
1.96349540849362,2.35619449019234,2.74889357189107,3.14159265358979,3.53429173528852,
3.92699081698724,4.31968989868597,4.71238898038469,5.10508806208341,5.49778714378214,
5.89048622548086,6.28318530717959,6.67588438887831,7.06858347057703,7.46128255227576),
(0.,1.),.UNSPECIFIED.);
#282=B_SPLINE_SURFACE_WITH_KNOTS('',3,1,((#12255,#12256),(#12257,#12258),
(#12259,#12260),(#12261,#12262),(#12263,#12264),(#12265,#12266),(#12267,
#12268),(#12269,#12270),(#12271,#12272),(#12273,#12274),(#12275,#12276),
(#12277,#12278),(#12279,#12280),(#12281,#12282),(#12283,#12284)),
 .SURF_OF_LINEAR_EXTRUSION.,.F.,.F.,.F.,(4,1,1,1,1,1,1,1,1,1,1,1,4),(2,
2),(0.00559823769741389,0.0674424259723255,0.129286614247237,0.191130802522149,
0.25297499079706,0.314819179071972,0.376663367346884,0.438507555621795,
0.500351743896707,0.62404012044653,0.747728496996354,0.871416873546177,
0.995105250096),(0.,1.),.UNSPECIFIED.);
#283=B_SPLINE_SURFACE_WITH_KNOTS('',3,1,((#12368,#12369),(#12370,#12371),
(#12372,#12373),(#12374,#12375)),.SURF_OF_LINEAR_EXTRUSION.,.F.,.F.,.F.,
(4,4),(2,2),(0.,1.),(0.,1.),.PIECEWISE_BEZIER_KNOTS.);
#284=LINE('',#9247,#897);
#285=LINE('',#9250,#898);
#286=LINE('',#9252,#899);
#287=LINE('',#9254,#900);
#288=LINE('',#9256,#901);
#289=LINE('',#9258,#902);
#290=LINE('',#9260,#903);
#291=LINE('',#9262,#904);
#292=LINE('',#9264,#905);
#293=LINE('',#9266,#906);
#294=LINE('',#9270,#907);
#295=LINE('',#9274,#908);
#296=LINE('',#9276,#909);
#297=LINE('',#9278,#910);
#298=LINE('',#9282,#911);
#299=LINE('',#9286,#912);
#300=LINE('',#9288,#913);
#301=LINE('',#9290,#914);
#302=LINE('',#9292,#915);
#303=LINE('',#9294,#916);
#304=LINE('',#9296,#917);
#305=LINE('',#9316,#918);
#306=LINE('',#9322,#919);
#307=LINE('',#9326,#920);
#308=LINE('',#9330,#921);
#309=LINE('',#9332,#922);
#310=LINE('',#9334,#923);
#311=LINE('',#9347,#924);
#312=LINE('',#9364,#925);
#313=LINE('',#9381,#926);
#314=LINE('',#9398,#927);
#315=LINE('',#9415,#928);
#316=LINE('',#9438,#929);
#317=LINE('',#9441,#930);
#318=LINE('',#9443,#931);
#319=LINE('',#9445,#932);
#320=LINE('',#9447,#933);
#321=LINE('',#9449,#934);
#322=LINE('',#9451,#935);
#323=LINE('',#9453,#936);
#324=LINE('',#9455,#937);
#325=LINE('',#9457,#938);
#326=LINE('',#9459,#939);
#327=LINE('',#9460,#940);
#328=LINE('',#9465,#941);
#329=LINE('',#9468,#942);
#330=LINE('',#9470,#943);
#331=LINE('',#9472,#944);
#332=LINE('',#9476,#945);
#333=LINE('',#9480,#946);
#334=LINE('',#9481,#947);
#335=LINE('',#9498,#948);
#336=LINE('',#9504,#949);
#337=LINE('',#9517,#950);
#338=LINE('',#9523,#951);
#339=LINE('',#9525,#952);
#340=LINE('',#9527,#953);
#341=LINE('',#9540,#954);
#342=LINE('',#9546,#955);
#343=LINE('',#9548,#956);
#344=LINE('',#9550,#957);
#345=LINE('',#9563,#958);
#346=LINE('',#9580,#959);
#347=LINE('',#9597,#960);
#348=LINE('',#9614,#961);
#349=LINE('',#9631,#962);
#350=LINE('',#9648,#963);
#351=LINE('',#9665,#964);
#352=LINE('',#9682,#965);
#353=LINE('',#9699,#966);
#354=LINE('',#9762,#967);
#355=LINE('',#9788,#968);
#356=LINE('',#9792,#969);
#357=LINE('',#9796,#970);
#358=LINE('',#9806,#971);
#359=LINE('',#9809,#972);
#360=LINE('',#9810,#973);
#361=LINE('',#9834,#974);
#362=LINE('',#9838,#975);
#363=LINE('',#9844,#976);
#364=LINE('',#9850,#977);
#365=LINE('',#9858,#978);
#366=LINE('',#9870,#979);
#367=LINE('',#9874,#980);
#368=LINE('',#9879,#981);
#369=LINE('',#9882,#982);
#370=LINE('',#9883,#983);
#371=LINE('',#9907,#984);
#372=LINE('',#9911,#985);
#373=LINE('',#9913,#986);
#374=LINE('',#9915,#987);
#375=LINE('',#9917,#988);
#376=LINE('',#9921,#989);
#377=LINE('',#9925,#990);
#378=LINE('',#9926,#991);
#379=LINE('',#9931,#992);
#380=LINE('',#9934,#993);
#381=LINE('',#9936,#994);
#382=LINE('',#9938,#995);
#383=LINE('',#9940,#996);
#384=LINE('',#9942,#997);
#385=LINE('',#9944,#998);
#386=LINE('',#9948,#999);
#387=LINE('',#9952,#1000);
#388=LINE('',#9953,#1001);
#389=LINE('',#9958,#1002);
#390=LINE('',#9967,#1003);
#391=LINE('',#9969,#1004);
#392=LINE('',#9971,#1005);
#393=LINE('',#9987,#1006);
#394=LINE('',#9990,#1007);
#395=LINE('',#9992,#1008);
#396=LINE('',#9994,#1009);
#397=LINE('',#9995,#1010);
#398=LINE('',#9998,#1011);
#399=LINE('',#10000,#1012);
#400=LINE('',#10002,#1013);
#401=LINE('',#10004,#1014);
#402=LINE('',#10006,#1015);
#403=LINE('',#10008,#1016);
#404=LINE('',#10009,#1017);
#405=LINE('',#10012,#1018);
#406=LINE('',#10014,#1019);
#407=LINE('',#10016,#1020);
#408=LINE('',#10017,#1021);
#409=LINE('',#10020,#1022);
#410=LINE('',#10050,#1023);
#411=LINE('',#10052,#1024);
#412=LINE('',#10081,#1025);
#413=LINE('',#10112,#1026);
#414=LINE('',#10114,#1027);
#415=LINE('',#10144,#1028);
#416=LINE('',#10145,#1029);
#417=LINE('',#10148,#1030);
#418=LINE('',#10150,#1031);
#419=LINE('',#10152,#1032);
#420=LINE('',#10154,#1033);
#421=LINE('',#10156,#1034);
#422=LINE('',#10158,#1035);
#423=LINE('',#10160,#1036);
#424=LINE('',#10161,#1037);
#425=LINE('',#10164,#1038);
#426=LINE('',#10166,#1039);
#427=LINE('',#10168,#1040);
#428=LINE('',#10170,#1041);
#429=LINE('',#10172,#1042);
#430=LINE('',#10174,#1043);
#431=LINE('',#10175,#1044);
#432=LINE('',#10178,#1045);
#433=LINE('',#10180,#1046);
#434=LINE('',#10182,#1047);
#435=LINE('',#10183,#1048);
#436=LINE('',#10186,#1049);
#437=LINE('',#10188,#1050);
#438=LINE('',#10190,#1051);
#439=LINE('',#10191,#1052);
#440=LINE('',#10194,#1053);
#441=LINE('',#10196,#1054);
#442=LINE('',#10198,#1055);
#443=LINE('',#10200,#1056);
#444=LINE('',#10202,#1057);
#445=LINE('',#10204,#1058);
#446=LINE('',#10205,#1059);
#447=LINE('',#10208,#1060);
#448=LINE('',#10210,#1061);
#449=LINE('',#10212,#1062);
#450=LINE('',#10213,#1063);
#451=LINE('',#10216,#1064);
#452=LINE('',#10218,#1065);
#453=LINE('',#10220,#1066);
#454=LINE('',#10222,#1067);
#455=LINE('',#10224,#1068);
#456=LINE('',#10226,#1069);
#457=LINE('',#10228,#1070);
#458=LINE('',#10229,#1071);
#459=LINE('',#10232,#1072);
#460=LINE('',#10234,#1073);
#461=LINE('',#10236,#1074);
#462=LINE('',#10238,#1075);
#463=LINE('',#10240,#1076);
#464=LINE('',#10242,#1077);
#465=LINE('',#10244,#1078);
#466=LINE('',#10250,#1079);
#467=LINE('',#10252,#1080);
#468=LINE('',#10254,#1081);
#469=LINE('',#10278,#1082);
#470=LINE('',#10280,#1083);
#471=LINE('',#10282,#1084);
#472=LINE('',#10315,#1085);
#473=LINE('',#10318,#1086);
#474=LINE('',#10320,#1087);
#475=LINE('',#10322,#1088);
#476=LINE('',#10323,#1089);
#477=LINE('',#10326,#1090);
#478=LINE('',#10328,#1091);
#479=LINE('',#10330,#1092);
#480=LINE('',#10334,#1093);
#481=LINE('',#10336,#1094);
#482=LINE('',#10338,#1095);
#483=LINE('',#10356,#1096);
#484=LINE('',#10358,#1097);
#485=LINE('',#10360,#1098);
#486=LINE('',#10386,#1099);
#487=LINE('',#10388,#1100);
#488=LINE('',#10390,#1101);
#489=LINE('',#10452,#1102);
#490=LINE('',#10455,#1103);
#491=LINE('',#10457,#1104);
#492=LINE('',#10459,#1105);
#493=LINE('',#10469,#1106);
#494=LINE('',#10471,#1107);
#495=LINE('',#10473,#1108);
#496=LINE('',#10475,#1109);
#497=LINE('',#10477,#1110);
#498=LINE('',#10479,#1111);
#499=LINE('',#10481,#1112);
#500=LINE('',#10483,#1113);
#501=LINE('',#10485,#1114);
#502=LINE('',#10487,#1115);
#503=LINE('',#10489,#1116);
#504=LINE('',#10491,#1117);
#505=LINE('',#10493,#1118);
#506=LINE('',#10495,#1119);
#507=LINE('',#10498,#1120);
#508=LINE('',#10500,#1121);
#509=LINE('',#10502,#1122);
#510=LINE('',#10504,#1123);
#511=LINE('',#10506,#1124);
#512=LINE('',#10508,#1125);
#513=LINE('',#10510,#1126);
#514=LINE('',#10512,#1127);
#515=LINE('',#10515,#1128);
#516=LINE('',#10517,#1129);
#517=LINE('',#10519,#1130);
#518=LINE('',#10521,#1131);
#519=LINE('',#10523,#1132);
#520=LINE('',#10525,#1133);
#521=LINE('',#10536,#1134);
#522=LINE('',#10549,#1135);
#523=LINE('',#10562,#1136);
#524=LINE('',#10575,#1137);
#525=LINE('',#10588,#1138);
#526=LINE('',#10601,#1139);
#527=LINE('',#10607,#1140);
#528=LINE('',#10611,#1141);
#529=LINE('',#10613,#1142);
#530=LINE('',#10615,#1143);
#531=LINE('',#10617,#1144);
#532=LINE('',#10619,#1145);
#533=LINE('',#10630,#1146);
#534=LINE('',#10643,#1147);
#535=LINE('',#10656,#1148);
#536=LINE('',#10669,#1149);
#537=LINE('',#10682,#1150);
#538=LINE('',#10695,#1151);
#539=LINE('',#10704,#1152);
#540=LINE('',#10708,#1153);
#541=LINE('',#10710,#1154);
#542=LINE('',#10712,#1155);
#543=LINE('',#10714,#1156);
#544=LINE('',#10716,#1157);
#545=LINE('',#10718,#1158);
#546=LINE('',#10729,#1159);
#547=LINE('',#10742,#1160);
#548=LINE('',#10755,#1161);
#549=LINE('',#10768,#1162);
#550=LINE('',#10781,#1163);
#551=LINE('',#10794,#1164);
#552=LINE('',#10800,#1165);
#553=LINE('',#10804,#1166);
#554=LINE('',#10806,#1167);
#555=LINE('',#10808,#1168);
#556=LINE('',#10810,#1169);
#557=LINE('',#10812,#1170);
#558=LINE('',#10823,#1171);
#559=LINE('',#10836,#1172);
#560=LINE('',#10849,#1173);
#561=LINE('',#10862,#1174);
#562=LINE('',#10875,#1175);
#563=LINE('',#10893,#1176);
#564=LINE('',#10895,#1177);
#565=LINE('',#10897,#1178);
#566=LINE('',#10899,#1179);
#567=LINE('',#10901,#1180);
#568=LINE('',#10903,#1181);
#569=LINE('',#10905,#1182);
#570=LINE('',#10907,#1183);
#571=LINE('',#10909,#1184);
#572=LINE('',#10911,#1185);
#573=LINE('',#10913,#1186);
#574=LINE('',#10915,#1187);
#575=LINE('',#10917,#1188);
#576=LINE('',#10919,#1189);
#577=LINE('',#10921,#1190);
#578=LINE('',#10923,#1191);
#579=LINE('',#10926,#1192);
#580=LINE('',#10928,#1193);
#581=LINE('',#10930,#1194);
#582=LINE('',#10932,#1195);
#583=LINE('',#10934,#1196);
#584=LINE('',#10936,#1197);
#585=LINE('',#10938,#1198);
#586=LINE('',#10940,#1199);
#587=LINE('',#10942,#1200);
#588=LINE('',#10944,#1201);
#589=LINE('',#10946,#1202);
#590=LINE('',#10948,#1203);
#591=LINE('',#10950,#1204);
#592=LINE('',#10952,#1205);
#593=LINE('',#10955,#1206);
#594=LINE('',#10957,#1207);
#595=LINE('',#10959,#1208);
#596=LINE('',#10961,#1209);
#597=LINE('',#10963,#1210);
#598=LINE('',#10965,#1211);
#599=LINE('',#10967,#1212);
#600=LINE('',#10969,#1213);
#601=LINE('',#10972,#1214);
#602=LINE('',#10974,#1215);
#603=LINE('',#10976,#1216);
#604=LINE('',#10978,#1217);
#605=LINE('',#10980,#1218);
#606=LINE('',#10982,#1219);
#607=LINE('',#10984,#1220);
#608=LINE('',#10986,#1221);
#609=LINE('',#10989,#1222);
#610=LINE('',#10991,#1223);
#611=LINE('',#10993,#1224);
#612=LINE('',#10995,#1225);
#613=LINE('',#10997,#1226);
#614=LINE('',#10999,#1227);
#615=LINE('',#11001,#1228);
#616=LINE('',#11003,#1229);
#617=LINE('',#11005,#1230);
#618=LINE('',#11007,#1231);
#619=LINE('',#11009,#1232);
#620=LINE('',#11011,#1233);
#621=LINE('',#11013,#1234);
#622=LINE('',#11015,#1235);
#623=LINE('',#11018,#1236);
#624=LINE('',#11020,#1237);
#625=LINE('',#11022,#1238);
#626=LINE('',#11024,#1239);
#627=LINE('',#11026,#1240);
#628=LINE('',#11028,#1241);
#629=LINE('',#11030,#1242);
#630=LINE('',#11032,#1243);
#631=LINE('',#11035,#1244);
#632=LINE('',#11037,#1245);
#633=LINE('',#11039,#1246);
#634=LINE('',#11041,#1247);
#635=LINE('',#11043,#1248);
#636=LINE('',#11045,#1249);
#637=LINE('',#11047,#1250);
#638=LINE('',#11049,#1251);
#639=LINE('',#11051,#1252);
#640=LINE('',#11053,#1253);
#641=LINE('',#11055,#1254);
#642=LINE('',#11057,#1255);
#643=LINE('',#11059,#1256);
#644=LINE('',#11061,#1257);
#645=LINE('',#11063,#1258);
#646=LINE('',#11065,#1259);
#647=LINE('',#11068,#1260);
#648=LINE('',#11070,#1261);
#649=LINE('',#11072,#1262);
#650=LINE('',#11074,#1263);
#651=LINE('',#11076,#1264);
#652=LINE('',#11078,#1265);
#653=LINE('',#11080,#1266);
#654=LINE('',#11082,#1267);
#655=LINE('',#11084,#1268);
#656=LINE('',#11086,#1269);
#657=LINE('',#11088,#1270);
#658=LINE('',#11090,#1271);
#659=LINE('',#11092,#1272);
#660=LINE('',#11094,#1273);
#661=LINE('',#11096,#1274);
#662=LINE('',#11098,#1275);
#663=LINE('',#11101,#1276);
#664=LINE('',#11103,#1277);
#665=LINE('',#11105,#1278);
#666=LINE('',#11114,#1279);
#667=LINE('',#11127,#1280);
#668=LINE('',#11140,#1281);
#669=LINE('',#11153,#1282);
#670=LINE('',#11166,#1283);
#671=LINE('',#11179,#1284);
#672=LINE('',#11185,#1285);
#673=LINE('',#11189,#1286);
#674=LINE('',#11200,#1287);
#675=LINE('',#11213,#1288);
#676=LINE('',#11219,#1289);
#677=LINE('',#11221,#1290);
#678=LINE('',#11223,#1291);
#679=LINE('',#11225,#1292);
#680=LINE('',#11227,#1293);
#681=LINE('',#11229,#1294);
#682=LINE('',#11238,#1295);
#683=LINE('',#11251,#1296);
#684=LINE('',#11264,#1297);
#685=LINE('',#11270,#1298);
#686=LINE('',#11281,#1299);
#687=LINE('',#11294,#1300);
#688=LINE('',#11300,#1301);
#689=LINE('',#11302,#1302);
#690=LINE('',#11304,#1303);
#691=LINE('',#11307,#1304);
#692=LINE('',#11309,#1305);
#693=LINE('',#11311,#1306);
#694=LINE('',#11313,#1307);
#695=LINE('',#11315,#1308);
#696=LINE('',#11317,#1309);
#697=LINE('',#11319,#1310);
#698=LINE('',#11321,#1311);
#699=LINE('',#11324,#1312);
#700=LINE('',#11326,#1313);
#701=LINE('',#11328,#1314);
#702=LINE('',#11330,#1315);
#703=LINE('',#11332,#1316);
#704=LINE('',#11334,#1317);
#705=LINE('',#11336,#1318);
#706=LINE('',#11338,#1319);
#707=LINE('',#11341,#1320);
#708=LINE('',#11343,#1321);
#709=LINE('',#11345,#1322);
#710=LINE('',#11347,#1323);
#711=LINE('',#11358,#1324);
#712=LINE('',#11364,#1325);
#713=LINE('',#11375,#1326);
#714=LINE('',#11388,#1327);
#715=LINE('',#11401,#1328);
#716=LINE('',#11414,#1329);
#717=LINE('',#11427,#1330);
#718=LINE('',#11433,#1331);
#719=LINE('',#11444,#1332);
#720=LINE('',#11457,#1333);
#721=LINE('',#11463,#1334);
#722=LINE('',#11474,#1335);
#723=LINE('',#11487,#1336);
#724=LINE('',#11500,#1337);
#725=LINE('',#11513,#1338);
#726=LINE('',#11526,#1339);
#727=LINE('',#11532,#1340);
#728=LINE('',#11536,#1341);
#729=LINE('',#11538,#1342);
#730=LINE('',#11540,#1343);
#731=LINE('',#11542,#1344);
#732=LINE('',#11544,#1345);
#733=LINE('',#11546,#1346);
#734=LINE('',#11555,#1347);
#735=LINE('',#11568,#1348);
#736=LINE('',#11574,#1349);
#737=LINE('',#11578,#1350);
#738=LINE('',#11589,#1351);
#739=LINE('',#11602,#1352);
#740=LINE('',#11608,#1353);
#741=LINE('',#11612,#1354);
#742=LINE('',#11616,#1355);
#743=LINE('',#11618,#1356);
#744=LINE('',#11620,#1357);
#745=LINE('',#11622,#1358);
#746=LINE('',#11624,#1359);
#747=LINE('',#11626,#1360);
#748=LINE('',#11635,#1361);
#749=LINE('',#11648,#1362);
#750=LINE('',#11661,#1363);
#751=LINE('',#11674,#1364);
#752=LINE('',#11680,#1365);
#753=LINE('',#11682,#1366);
#754=LINE('',#11684,#1367);
#755=LINE('',#11688,#1368);
#756=LINE('',#11697,#1369);
#757=LINE('',#11699,#1370);
#758=LINE('',#11701,#1371);
#759=LINE('',#11717,#1372);
#760=LINE('',#11720,#1373);
#761=LINE('',#11722,#1374);
#762=LINE('',#11724,#1375);
#763=LINE('',#11726,#1376);
#764=LINE('',#11729,#1377);
#765=LINE('',#11731,#1378);
#766=LINE('',#11733,#1379);
#767=LINE('',#11735,#1380);
#768=LINE('',#11738,#1381);
#769=LINE('',#11740,#1382);
#770=LINE('',#11742,#1383);
#771=LINE('',#11744,#1384);
#772=LINE('',#11747,#1385);
#773=LINE('',#11749,#1386);
#774=LINE('',#11751,#1387);
#775=LINE('',#11768,#1388);
#776=LINE('',#11771,#1389);
#777=LINE('',#11773,#1390);
#778=LINE('',#11775,#1391);
#779=LINE('',#11844,#1392);
#780=LINE('',#11884,#1393);
#781=LINE('',#11886,#1394);
#782=LINE('',#11888,#1395);
#783=LINE('',#11907,#1396);
#784=LINE('',#11910,#1397);
#785=LINE('',#11912,#1398);
#786=LINE('',#11914,#1399);
#787=LINE('',#11918,#1400);
#788=LINE('',#11922,#1401);
#789=LINE('',#11924,#1402);
#790=LINE('',#11926,#1403);
#791=LINE('',#11934,#1404);
#792=LINE('',#11937,#1405);
#793=LINE('',#11939,#1406);
#794=LINE('',#11941,#1407);
#795=LINE('',#11943,#1408);
#796=LINE('',#11945,#1409);
#797=LINE('',#11947,#1410);
#798=LINE('',#11949,#1411);
#799=LINE('',#11951,#1412);
#800=LINE('',#11953,#1413);
#801=LINE('',#11955,#1414);
#802=LINE('',#11956,#1415);
#803=LINE('',#12006,#1416);
#804=LINE('',#12009,#1417);
#805=LINE('',#12011,#1418);
#806=LINE('',#12013,#1419);
#807=LINE('',#12015,#1420);
#808=LINE('',#12017,#1421);
#809=LINE('',#12019,#1422);
#810=LINE('',#12043,#1423);
#811=LINE('',#12047,#1424);
#812=LINE('',#12053,#1425);
#813=LINE('',#12059,#1426);
#814=LINE('',#12080,#1427);
#815=LINE('',#12083,#1428);
#816=LINE('',#12085,#1429);
#817=LINE('',#12087,#1430);
#818=LINE('',#12091,#1431);
#819=LINE('',#12095,#1432);
#820=LINE('',#12097,#1433);
#821=LINE('',#12099,#1434);
#822=LINE('',#12103,#1435);
#823=LINE('',#12107,#1436);
#824=LINE('',#12109,#1437);
#825=LINE('',#12111,#1438);
#826=LINE('',#12116,#1439);
#827=LINE('',#12120,#1440);
#828=LINE('',#12122,#1441);
#829=LINE('',#12124,#1442);
#830=LINE('',#12126,#1443);
#831=LINE('',#12140,#1444);
#832=LINE('',#12144,#1445);
#833=LINE('',#12146,#1446);
#834=LINE('',#12148,#1447);
#835=LINE('',#12150,#1448);
#836=LINE('',#12152,#1449);
#837=LINE('',#12154,#1450);
#838=LINE('',#12156,#1451);
#839=LINE('',#12158,#1452);
#840=LINE('',#12159,#1453);
#841=LINE('',#12167,#1454);
#842=LINE('',#12171,#1455);
#843=LINE('',#12173,#1456);
#844=LINE('',#12175,#1457);
#845=LINE('',#12177,#1458);
#846=LINE('',#12179,#1459);
#847=LINE('',#12181,#1460);
#848=LINE('',#12183,#1461);
#849=LINE('',#12185,#1462);
#850=LINE('',#12187,#1463);
#851=LINE('',#12189,#1464);
#852=LINE('',#12191,#1465);
#853=LINE('',#12192,#1466);
#854=LINE('',#12197,#1467);
#855=LINE('',#12202,#1468);
#856=LINE('',#12206,#1469);
#857=LINE('',#12214,#1470);
#858=LINE('',#12226,#1471);
#859=LINE('',#12229,#1472);
#860=LINE('',#12231,#1473);
#861=LINE('',#12233,#1474);
#862=LINE('',#12237,#1475);
#863=LINE('',#12241,#1476);
#864=LINE('',#12242,#1477);
#865=LINE('',#12247,#1478);
#866=LINE('',#12250,#1479);
#867=LINE('',#12252,#1480);
#868=LINE('',#12254,#1481);
#869=LINE('',#12361,#1482);
#870=LINE('',#12363,#1483);
#871=LINE('',#12365,#1484);
#872=LINE('',#12367,#1485);
#873=LINE('',#12386,#1486);
#874=LINE('',#12391,#1487);
#875=LINE('',#12395,#1488);
#876=LINE('',#12403,#1489);
#877=LINE('',#12423,#1490);
#878=LINE('',#12426,#1491);
#879=LINE('',#12428,#1492);
#880=LINE('',#12430,#1493);
#881=LINE('',#12436,#1494);
#882=LINE('',#12438,#1495);
#883=LINE('',#12440,#1496);
#884=LINE('',#12442,#1497);
#885=LINE('',#12450,#1498);
#886=LINE('',#12453,#1499);
#887=LINE('',#12455,#1500);
#888=LINE('',#12457,#1501);
#889=LINE('',#12459,#1502);
#890=LINE('',#12461,#1503);
#891=LINE('',#12463,#1504);
#892=LINE('',#12465,#1505);
#893=LINE('',#12467,#1506);
#894=LINE('',#12469,#1507);
#895=LINE('',#12471,#1508);
#896=LINE('',#12472,#1509);
#897=VECTOR('',#7638,1000.);
#898=VECTOR('',#7639,1000.);
#899=VECTOR('',#7640,1000.);
#900=VECTOR('',#7641,1000.);
#901=VECTOR('',#7644,1000.);
#902=VECTOR('',#7645,1000.);
#903=VECTOR('',#7646,1000.);
#904=VECTOR('',#7649,1000.);
#905=VECTOR('',#7650,1000.);
#906=VECTOR('',#7651,1000.);
#907=VECTOR('',#7656,1000.);
#908=VECTOR('',#7661,1000.);
#909=VECTOR('',#7662,1000.);
#910=VECTOR('',#7663,1000.);
#911=VECTOR('',#7668,1000.);
#912=VECTOR('',#7673,1000.);
#913=VECTOR('',#7674,1000.);
#914=VECTOR('',#7675,1000.);
#915=VECTOR('',#7678,1000.);
#916=VECTOR('',#7679,1000.);
#917=VECTOR('',#7680,1000.);
#918=VECTOR('',#7693,1000.);
#919=VECTOR('',#7694,1000.);
#920=VECTOR('',#7699,1000.);
#921=VECTOR('',#7704,1000.);
#922=VECTOR('',#7705,1000.);
#923=VECTOR('',#7706,1000.);
#924=VECTOR('',#7707,1000.);
#925=VECTOR('',#7708,1000.);
#926=VECTOR('',#7709,1000.);
#927=VECTOR('',#7710,1000.);
#928=VECTOR('',#7711,1000.);
#929=VECTOR('',#7720,1000.);
#930=VECTOR('',#7721,1000.);
#931=VECTOR('',#7722,1000.);
#932=VECTOR('',#7723,1000.);
#933=VECTOR('',#7726,1000.);
#934=VECTOR('',#7727,1000.);
#935=VECTOR('',#7728,1000.);
#936=VECTOR('',#7731,1000.);
#937=VECTOR('',#7732,1000.);
#938=VECTOR('',#7733,1000.);
#939=VECTOR('',#7736,1000.);
#940=VECTOR('',#7737,1000.);
#941=VECTOR('',#7746,1000.);
#942=VECTOR('',#7747,1000.);
#943=VECTOR('',#7748,1000.);
#944=VECTOR('',#7749,1000.);
#945=VECTOR('',#7754,1000.);
#946=VECTOR('',#7759,1000.);
#947=VECTOR('',#7760,1000.);
#948=VECTOR('',#7767,1000.);
#949=VECTOR('',#7768,1000.);
#950=VECTOR('',#7769,1000.);
#951=VECTOR('',#7772,1000.);
#952=VECTOR('',#7773,1000.);
#953=VECTOR('',#7774,1000.);
#954=VECTOR('',#7775,1000.);
#955=VECTOR('',#7778,1000.);
#956=VECTOR('',#7779,1000.);
#957=VECTOR('',#7780,1000.);
#958=VECTOR('',#7781,1000.);
#959=VECTOR('',#7782,1000.);
#960=VECTOR('',#7783,1000.);
#961=VECTOR('',#7784,1000.);
#962=VECTOR('',#7785,1000.);
#963=VECTOR('',#7786,1000.);
#964=VECTOR('',#7787,1000.);
#965=VECTOR('',#7788,1000.);
#966=VECTOR('',#7789,1000.);
#967=VECTOR('',#7790,1000.);
#968=VECTOR('',#7801,1000.);
#969=VECTOR('',#7804,1000.);
#970=VECTOR('',#7809,1000.);
#971=VECTOR('',#7820,1000.);
#972=VECTOR('',#7821,1000.);
#973=VECTOR('',#7822,1000.);
#974=VECTOR('',#7841,1000.);
#975=VECTOR('',#7844,1000.);
#976=VECTOR('',#7851,1000.);
#977=VECTOR('',#7858,1000.);
#978=VECTOR('',#7873,1000.);
#979=VECTOR('',#7884,1000.);
#980=VECTOR('',#7887,1000.);
#981=VECTOR('',#7894,1000.);
#982=VECTOR('',#7895,1000.);
#983=VECTOR('',#7896,1000.);
#984=VECTOR('',#7915,1000.);
#985=VECTOR('',#7918,1000.);
#986=VECTOR('',#7921,1000.);
#987=VECTOR('',#7922,1000.);
#988=VECTOR('',#7923,1000.);
#989=VECTOR('',#7928,1000.);
#990=VECTOR('',#7933,1000.);
#991=VECTOR('',#7934,1000.);
#992=VECTOR('',#7943,1000.);
#993=VECTOR('',#7944,1000.);
#994=VECTOR('',#7945,1000.);
#995=VECTOR('',#7946,1000.);
#996=VECTOR('',#7949,1000.);
#997=VECTOR('',#7950,1000.);
#998=VECTOR('',#7951,1000.);
#999=VECTOR('',#7956,1000.);
#1000=VECTOR('',#7961,1000.);
#1001=VECTOR('',#7962,1000.);
#1002=VECTOR('',#7971,1000.);
#1003=VECTOR('',#7972,1000.);
#1004=VECTOR('',#7973,1000.);
#1005=VECTOR('',#7974,1000.);
#1006=VECTOR('',#7993,1000.);
#1007=VECTOR('',#7994,1000.);
#1008=VECTOR('',#7995,1000.);
#1009=VECTOR('',#7996,1000.);
#1010=VECTOR('',#7997,1000.);
#1011=VECTOR('',#7998,1000.);
#1012=VECTOR('',#7999,1000.);
#1013=VECTOR('',#8000,1000.);
#1014=VECTOR('',#8001,1000.);
#1015=VECTOR('',#8002,1000.);
#1016=VECTOR('',#8003,1000.);
#1017=VECTOR('',#8004,1000.);
#1018=VECTOR('',#8005,1000.);
#1019=VECTOR('',#8006,1000.);
#1020=VECTOR('',#8007,1000.);
#1021=VECTOR('',#8008,1000.);
#1022=VECTOR('',#8009,1000.);
#1023=VECTOR('',#8014,1000.);
#1024=VECTOR('',#8015,1000.);
#1025=VECTOR('',#8020,1000.);
#1026=VECTOR('',#8025,1000.);
#1027=VECTOR('',#8026,1000.);
#1028=VECTOR('',#8031,1000.);
#1029=VECTOR('',#8032,1000.);
#1030=VECTOR('',#8033,1000.);
#1031=VECTOR('',#8034,1000.);
#1032=VECTOR('',#8035,1000.);
#1033=VECTOR('',#8036,1000.);
#1034=VECTOR('',#8037,1000.);
#1035=VECTOR('',#8038,1000.);
#1036=VECTOR('',#8039,1000.);
#1037=VECTOR('',#8040,1000.);
#1038=VECTOR('',#8041,1000.);
#1039=VECTOR('',#8042,1000.);
#1040=VECTOR('',#8043,1000.);
#1041=VECTOR('',#8044,1000.);
#1042=VECTOR('',#8045,1000.);
#1043=VECTOR('',#8046,1000.);
#1044=VECTOR('',#8047,1000.);
#1045=VECTOR('',#8048,1000.);
#1046=VECTOR('',#8049,1000.);
#1047=VECTOR('',#8050,1000.);
#1048=VECTOR('',#8051,1000.);
#1049=VECTOR('',#8052,1000.);
#1050=VECTOR('',#8053,1000.);
#1051=VECTOR('',#8054,1000.);
#1052=VECTOR('',#8055,1000.);
#1053=VECTOR('',#8056,1000.);
#1054=VECTOR('',#8057,1000.);
#1055=VECTOR('',#8058,1000.);
#1056=VECTOR('',#8059,1000.);
#1057=VECTOR('',#8060,1000.);
#1058=VECTOR('',#8061,1000.);
#1059=VECTOR('',#8062,1000.);
#1060=VECTOR('',#8063,1000.);
#1061=VECTOR('',#8064,1000.);
#1062=VECTOR('',#8065,1000.);
#1063=VECTOR('',#8066,1000.);
#1064=VECTOR('',#8067,1000.);
#1065=VECTOR('',#8068,1000.);
#1066=VECTOR('',#8069,1000.);
#1067=VECTOR('',#8070,1000.);
#1068=VECTOR('',#8071,1000.);
#1069=VECTOR('',#8072,1000.);
#1070=VECTOR('',#8073,1000.);
#1071=VECTOR('',#8074,1000.);
#1072=VECTOR('',#8075,1000.);
#1073=VECTOR('',#8076,1000.);
#1074=VECTOR('',#8077,1000.);
#1075=VECTOR('',#8078,1000.);
#1076=VECTOR('',#8079,1000.);
#1077=VECTOR('',#8080,1000.);
#1078=VECTOR('',#8081,1000.);
#1079=VECTOR('',#8082,1000.);
#1080=VECTOR('',#8083,1000.);
#1081=VECTOR('',#8084,1000.);
#1082=VECTOR('',#8087,1000.);
#1083=VECTOR('',#8088,1000.);
#1084=VECTOR('',#8089,1000.);
#1085=VECTOR('',#8094,1000.);
#1086=VECTOR('',#8095,1000.);
#1087=VECTOR('',#8096,1000.);
#1088=VECTOR('',#8097,1000.);
#1089=VECTOR('',#8098,1000.);
#1090=VECTOR('',#8099,1000.);
#1091=VECTOR('',#8100,1000.);
#1092=VECTOR('',#8101,1000.);
#1093=VECTOR('',#8104,1000.);
#1094=VECTOR('',#8105,1000.);
#1095=VECTOR('',#8106,1000.);
#1096=VECTOR('',#8107,1000.);
#1097=VECTOR('',#8108,1000.);
#1098=VECTOR('',#8109,1000.);
#1099=VECTOR('',#8118,1000.);
#1100=VECTOR('',#8119,1000.);
#1101=VECTOR('',#8120,1000.);
#1102=VECTOR('',#8131,1000.);
#1103=VECTOR('',#8132,1000.);
#1104=VECTOR('',#8133,1000.);
#1105=VECTOR('',#8134,1000.);
#1106=VECTOR('',#8153,1000.);
#1107=VECTOR('',#8154,1000.);
#1108=VECTOR('',#8155,1000.);
#1109=VECTOR('',#8158,1000.);
#1110=VECTOR('',#8159,1000.);
#1111=VECTOR('',#8162,1000.);
#1112=VECTOR('',#8163,1000.);
#1113=VECTOR('',#8166,1000.);
#1114=VECTOR('',#8167,1000.);
#1115=VECTOR('',#8170,1000.);
#1116=VECTOR('',#8171,1000.);
#1117=VECTOR('',#8174,1000.);
#1118=VECTOR('',#8175,1000.);
#1119=VECTOR('',#8178,1000.);
#1120=VECTOR('',#8183,1000.);
#1121=VECTOR('',#8184,1000.);
#1122=VECTOR('',#8185,1000.);
#1123=VECTOR('',#8188,1000.);
#1124=VECTOR('',#8189,1000.);
#1125=VECTOR('',#8192,1000.);
#1126=VECTOR('',#8193,1000.);
#1127=VECTOR('',#8196,1000.);
#1128=VECTOR('',#8201,1000.);
#1129=VECTOR('',#8202,1000.);
#1130=VECTOR('',#8203,1000.);
#1131=VECTOR('',#8206,1000.);
#1132=VECTOR('',#8207,1000.);
#1133=VECTOR('',#8210,1000.);
#1134=VECTOR('',#8213,1000.);
#1135=VECTOR('',#8214,1000.);
#1136=VECTOR('',#8215,1000.);
#1137=VECTOR('',#8216,1000.);
#1138=VECTOR('',#8217,1000.);
#1139=VECTOR('',#8218,1000.);
#1140=VECTOR('',#8221,1000.);
#1141=VECTOR('',#8226,1000.);
#1142=VECTOR('',#8227,1000.);
#1143=VECTOR('',#8230,1000.);
#1144=VECTOR('',#8231,1000.);
#1145=VECTOR('',#8234,1000.);
#1146=VECTOR('',#8237,1000.);
#1147=VECTOR('',#8238,1000.);
#1148=VECTOR('',#8239,1000.);
#1149=VECTOR('',#8240,1000.);
#1150=VECTOR('',#8241,1000.);
#1151=VECTOR('',#8242,1000.);
#1152=VECTOR('',#8251,1000.);
#1153=VECTOR('',#8254,1000.);
#1154=VECTOR('',#8257,1000.);
#1155=VECTOR('',#8258,1000.);
#1156=VECTOR('',#8261,1000.);
#1157=VECTOR('',#8262,1000.);
#1158=VECTOR('',#8265,1000.);
#1159=VECTOR('',#8268,1000.);
#1160=VECTOR('',#8269,1000.);
#1161=VECTOR('',#8270,1000.);
#1162=VECTOR('',#8271,1000.);
#1163=VECTOR('',#8272,1000.);
#1164=VECTOR('',#8273,1000.);
#1165=VECTOR('',#8276,1000.);
#1166=VECTOR('',#8281,1000.);
#1167=VECTOR('',#8282,1000.);
#1168=VECTOR('',#8285,1000.);
#1169=VECTOR('',#8286,1000.);
#1170=VECTOR('',#8289,1000.);
#1171=VECTOR('',#8292,1000.);
#1172=VECTOR('',#8293,1000.);
#1173=VECTOR('',#8294,1000.);
#1174=VECTOR('',#8295,1000.);
#1175=VECTOR('',#8296,1000.);
#1176=VECTOR('',#8301,1000.);
#1177=VECTOR('',#8302,1000.);
#1178=VECTOR('',#8303,1000.);
#1179=VECTOR('',#8306,1000.);
#1180=VECTOR('',#8307,1000.);
#1181=VECTOR('',#8310,1000.);
#1182=VECTOR('',#8311,1000.);
#1183=VECTOR('',#8314,1000.);
#1184=VECTOR('',#8315,1000.);
#1185=VECTOR('',#8318,1000.);
#1186=VECTOR('',#8319,1000.);
#1187=VECTOR('',#8322,1000.);
#1188=VECTOR('',#8323,1000.);
#1189=VECTOR('',#8326,1000.);
#1190=VECTOR('',#8327,1000.);
#1191=VECTOR('',#8330,1000.);
#1192=VECTOR('',#8335,1000.);
#1193=VECTOR('',#8336,1000.);
#1194=VECTOR('',#8337,1000.);
#1195=VECTOR('',#8340,1000.);
#1196=VECTOR('',#8341,1000.);
#1197=VECTOR('',#8344,1000.);
#1198=VECTOR('',#8345,1000.);
#1199=VECTOR('',#8348,1000.);
#1200=VECTOR('',#8349,1000.);
#1201=VECTOR('',#8352,1000.);
#1202=VECTOR('',#8353,1000.);
#1203=VECTOR('',#8356,1000.);
#1204=VECTOR('',#8357,1000.);
#1205=VECTOR('',#8360,1000.);
#1206=VECTOR('',#8365,1000.);
#1207=VECTOR('',#8366,1000.);
#1208=VECTOR('',#8367,1000.);
#1209=VECTOR('',#8370,1000.);
#1210=VECTOR('',#8371,1000.);
#1211=VECTOR('',#8374,1000.);
#1212=VECTOR('',#8375,1000.);
#1213=VECTOR('',#8378,1000.);
#1214=VECTOR('',#8383,1000.);
#1215=VECTOR('',#8384,1000.);
#1216=VECTOR('',#8385,1000.);
#1217=VECTOR('',#8388,1000.);
#1218=VECTOR('',#8389,1000.);
#1219=VECTOR('',#8392,1000.);
#1220=VECTOR('',#8393,1000.);
#1221=VECTOR('',#8396,1000.);
#1222=VECTOR('',#8401,1000.);
#1223=VECTOR('',#8402,1000.);
#1224=VECTOR('',#8403,1000.);
#1225=VECTOR('',#8406,1000.);
#1226=VECTOR('',#8407,1000.);
#1227=VECTOR('',#8410,1000.);
#1228=VECTOR('',#8411,1000.);
#1229=VECTOR('',#8414,1000.);
#1230=VECTOR('',#8415,1000.);
#1231=VECTOR('',#8418,1000.);
#1232=VECTOR('',#8419,1000.);
#1233=VECTOR('',#8422,1000.);
#1234=VECTOR('',#8423,1000.);
#1235=VECTOR('',#8426,1000.);
#1236=VECTOR('',#8431,1000.);
#1237=VECTOR('',#8432,1000.);
#1238=VECTOR('',#8433,1000.);
#1239=VECTOR('',#8436,1000.);
#1240=VECTOR('',#8437,1000.);
#1241=VECTOR('',#8440,1000.);
#1242=VECTOR('',#8441,1000.);
#1243=VECTOR('',#8444,1000.);
#1244=VECTOR('',#8449,1000.);
#1245=VECTOR('',#8450,1000.);
#1246=VECTOR('',#8451,1000.);
#1247=VECTOR('',#8454,1000.);
#1248=VECTOR('',#8455,1000.);
#1249=VECTOR('',#8458,1000.);
#1250=VECTOR('',#8459,1000.);
#1251=VECTOR('',#8462,1000.);
#1252=VECTOR('',#8463,1000.);
#1253=VECTOR('',#8466,1000.);
#1254=VECTOR('',#8467,1000.);
#1255=VECTOR('',#8470,1000.);
#1256=VECTOR('',#8471,1000.);
#1257=VECTOR('',#8474,1000.);
#1258=VECTOR('',#8475,1000.);
#1259=VECTOR('',#8478,1000.);
#1260=VECTOR('',#8483,1000.);
#1261=VECTOR('',#8484,1000.);
#1262=VECTOR('',#8485,1000.);
#1263=VECTOR('',#8488,1000.);
#1264=VECTOR('',#8489,1000.);
#1265=VECTOR('',#8492,1000.);
#1266=VECTOR('',#8493,1000.);
#1267=VECTOR('',#8496,1000.);
#1268=VECTOR('',#8497,1000.);
#1269=VECTOR('',#8500,1000.);
#1270=VECTOR('',#8501,1000.);
#1271=VECTOR('',#8504,1000.);
#1272=VECTOR('',#8505,1000.);
#1273=VECTOR('',#8508,1000.);
#1274=VECTOR('',#8509,1000.);
#1275=VECTOR('',#8512,1000.);
#1276=VECTOR('',#8517,1000.);
#1277=VECTOR('',#8518,1000.);
#1278=VECTOR('',#8519,1000.);
#1279=VECTOR('',#8520,1000.);
#1280=VECTOR('',#8521,1000.);
#1281=VECTOR('',#8522,1000.);
#1282=VECTOR('',#8523,1000.);
#1283=VECTOR('',#8524,1000.);
#1284=VECTOR('',#8525,1000.);
#1285=VECTOR('',#8528,1000.);
#1286=VECTOR('',#8533,1000.);
#1287=VECTOR('',#8536,1000.);
#1288=VECTOR('',#8537,1000.);
#1289=VECTOR('',#8540,1000.);
#1290=VECTOR('',#8541,1000.);
#1291=VECTOR('',#8544,1000.);
#1292=VECTOR('',#8545,1000.);
#1293=VECTOR('',#8548,1000.);
#1294=VECTOR('',#8549,1000.);
#1295=VECTOR('',#8550,1000.);
#1296=VECTOR('',#8551,1000.);
#1297=VECTOR('',#8552,1000.);
#1298=VECTOR('',#8555,1000.);
#1299=VECTOR('',#8558,1000.);
#1300=VECTOR('',#8559,1000.);
#1301=VECTOR('',#8562,1000.);
#1302=VECTOR('',#8563,1000.);
#1303=VECTOR('',#8566,1000.);
#1304=VECTOR('',#8571,1000.);
#1305=VECTOR('',#8572,1000.);
#1306=VECTOR('',#8573,1000.);
#1307=VECTOR('',#8576,1000.);
#1308=VECTOR('',#8577,1000.);
#1309=VECTOR('',#8580,1000.);
#1310=VECTOR('',#8581,1000.);
#1311=VECTOR('',#8584,1000.);
#1312=VECTOR('',#8589,1000.);
#1313=VECTOR('',#8590,1000.);
#1314=VECTOR('',#8591,1000.);
#1315=VECTOR('',#8594,1000.);
#1316=VECTOR('',#8595,1000.);
#1317=VECTOR('',#8598,1000.);
#1318=VECTOR('',#8599,1000.);
#1319=VECTOR('',#8602,1000.);
#1320=VECTOR('',#8607,1000.);
#1321=VECTOR('',#8608,1000.);
#1322=VECTOR('',#8609,1000.);
#1323=VECTOR('',#8612,1000.);
#1324=VECTOR('',#8615,1000.);
#1325=VECTOR('',#8618,1000.);
#1326=VECTOR('',#8621,1000.);
#1327=VECTOR('',#8622,1000.);
#1328=VECTOR('',#8623,1000.);
#1329=VECTOR('',#8624,1000.);
#1330=VECTOR('',#8625,1000.);
#1331=VECTOR('',#8628,1000.);
#1332=VECTOR('',#8631,1000.);
#1333=VECTOR('',#8632,1000.);
#1334=VECTOR('',#8635,1000.);
#1335=VECTOR('',#8638,1000.);
#1336=VECTOR('',#8639,1000.);
#1337=VECTOR('',#8640,1000.);
#1338=VECTOR('',#8641,1000.);
#1339=VECTOR('',#8642,1000.);
#1340=VECTOR('',#8645,1000.);
#1341=VECTOR('',#8650,1000.);
#1342=VECTOR('',#8651,1000.);
#1343=VECTOR('',#8654,1000.);
#1344=VECTOR('',#8655,1000.);
#1345=VECTOR('',#8658,1000.);
#1346=VECTOR('',#8659,1000.);
#1347=VECTOR('',#8660,1000.);
#1348=VECTOR('',#8661,1000.);
#1349=VECTOR('',#8664,1000.);
#1350=VECTOR('',#8669,1000.);
#1351=VECTOR('',#8672,1000.);
#1352=VECTOR('',#8673,1000.);
#1353=VECTOR('',#8676,1000.);
#1354=VECTOR('',#8681,1000.);
#1355=VECTOR('',#8686,1000.);
#1356=VECTOR('',#8687,1000.);
#1357=VECTOR('',#8690,1000.);
#1358=VECTOR('',#8691,1000.);
#1359=VECTOR('',#8694,1000.);
#1360=VECTOR('',#8695,1000.);
#1361=VECTOR('',#8696,1000.);
#1362=VECTOR('',#8697,1000.);
#1363=VECTOR('',#8698,1000.);
#1364=VECTOR('',#8699,1000.);
#1365=VECTOR('',#8702,1000.);
#1366=VECTOR('',#8703,1000.);
#1367=VECTOR('',#8706,1000.);
#1368=VECTOR('',#8713,1000.);
#1369=VECTOR('',#8714,1000.);
#1370=VECTOR('',#8715,1000.);
#1371=VECTOR('',#8716,1000.);
#1372=VECTOR('',#8735,1000.);
#1373=VECTOR('',#8736,1000.);
#1374=VECTOR('',#8737,1000.);
#1375=VECTOR('',#8738,1000.);
#1376=VECTOR('',#8741,1000.);
#1377=VECTOR('',#8742,1000.);
#1378=VECTOR('',#8743,1000.);
#1379=VECTOR('',#8744,1000.);
#1380=VECTOR('',#8747,1000.);
#1381=VECTOR('',#8748,1000.);
#1382=VECTOR('',#8749,1000.);
#1383=VECTOR('',#8750,1000.);
#1384=VECTOR('',#8753,1000.);
#1385=VECTOR('',#8754,1000.);
#1386=VECTOR('',#8755,1000.);
#1387=VECTOR('',#8756,1000.);
#1388=VECTOR('',#8789,1000.);
#1389=VECTOR('',#8790,1000.);
#1390=VECTOR('',#8791,1000.);
#1391=VECTOR('',#8792,1000.);
#1392=VECTOR('',#8793,1000.);
#1393=VECTOR('',#8796,1000.);
#1394=VECTOR('',#8797,1000.);
#1395=VECTOR('',#8798,1000.);
#1396=VECTOR('',#8807,1000.);
#1397=VECTOR('',#8808,1000.);
#1398=VECTOR('',#8809,1000.);
#1399=VECTOR('',#8810,1000.);
#1400=VECTOR('',#8815,1000.);
#1401=VECTOR('',#8820,1000.);
#1402=VECTOR('',#8821,1000.);
#1403=VECTOR('',#8822,1000.);
#1404=VECTOR('',#8837,1000.);
#1405=VECTOR('',#8838,1000.);
#1406=VECTOR('',#8839,1000.);
#1407=VECTOR('',#8840,1000.);
#1408=VECTOR('',#8843,1000.);
#1409=VECTOR('',#8844,1000.);
#1410=VECTOR('',#8845,1000.);
#1411=VECTOR('',#8848,1000.);
#1412=VECTOR('',#8849,1000.);
#1413=VECTOR('',#8850,1000.);
#1414=VECTOR('',#8853,1000.);
#1415=VECTOR('',#8854,1000.);
#1416=VECTOR('',#8873,1000.);
#1417=VECTOR('',#8874,1000.);
#1418=VECTOR('',#8875,1000.);
#1419=VECTOR('',#8876,1000.);
#1420=VECTOR('',#8879,1000.);
#1421=VECTOR('',#8880,1000.);
#1422=VECTOR('',#8881,1000.);
#1423=VECTOR('',#8916,1000.);
#1424=VECTOR('',#8919,1000.);
#1425=VECTOR('',#8926,1000.);
#1426=VECTOR('',#8933,1000.);
#1427=VECTOR('',#8966,1000.);
#1428=VECTOR('',#8967,1000.);
#1429=VECTOR('',#8968,1000.);
#1430=VECTOR('',#8969,1000.);
#1431=VECTOR('',#8974,1000.);
#1432=VECTOR('',#8979,1000.);
#1433=VECTOR('',#8980,1000.);
#1434=VECTOR('',#8981,1000.);
#1435=VECTOR('',#8986,1000.);
#1436=VECTOR('',#8991,1000.);
#1437=VECTOR('',#8992,1000.);
#1438=VECTOR('',#8993,1000.);
#1439=VECTOR('',#8998,1000.);
#1440=VECTOR('',#9001,1000.);
#1441=VECTOR('',#9004,1000.);
#1442=VECTOR('',#9005,1000.);
#1443=VECTOR('',#9006,1000.);
#1444=VECTOR('',#9029,1000.);
#1445=VECTOR('',#9032,1000.);
#1446=VECTOR('',#9035,1000.);
#1447=VECTOR('',#9036,1000.);
#1448=VECTOR('',#9037,1000.);
#1449=VECTOR('',#9040,1000.);
#1450=VECTOR('',#9041,1000.);
#1451=VECTOR('',#9042,1000.);
#1452=VECTOR('',#9045,1000.);
#1453=VECTOR('',#9046,1000.);
#1454=VECTOR('',#9057,1000.);
#1455=VECTOR('',#9060,1000.);
#1456=VECTOR('',#9063,1000.);
#1457=VECTOR('',#9064,1000.);
#1458=VECTOR('',#9065,1000.);
#1459=VECTOR('',#9068,1000.);
#1460=VECTOR('',#9069,1000.);
#1461=VECTOR('',#9070,1000.);
#1462=VECTOR('',#9073,1000.);
#1463=VECTOR('',#9074,1000.);
#1464=VECTOR('',#9075,1000.);
#1465=VECTOR('',#9078,1000.);
#1466=VECTOR('',#9079,1000.);
#1467=VECTOR('',#9088,1000.);
#1468=VECTOR('',#9091,1000.);
#1469=VECTOR('',#9096,1000.);
#1470=VECTOR('',#9097,1000.);
#1471=VECTOR('',#9110,1000.);
#1472=VECTOR('',#9111,1000.);
#1473=VECTOR('',#9112,1000.);
#1474=VECTOR('',#9113,1000.);
#1475=VECTOR('',#9118,1000.);
#1476=VECTOR('',#9123,1000.);
#1477=VECTOR('',#9124,1000.);
#1478=VECTOR('',#9133,1000.);
#1479=VECTOR('',#9134,1000.);
#1480=VECTOR('',#9135,1000.);
#1481=VECTOR('',#9136,1000.);
#1482=VECTOR('',#9137,1000.);
#1483=VECTOR('',#9140,1000.);
#1484=VECTOR('',#9141,1000.);
#1485=VECTOR('',#9142,1000.);
#1486=VECTOR('',#9151,1000.);
#1487=VECTOR('',#9154,1000.);
#1488=VECTOR('',#9159,1000.);
#1489=VECTOR('',#9160,1000.);
#1490=VECTOR('',#9185,1000.);
#1491=VECTOR('',#9186,1000.);
#1492=VECTOR('',#9187,1000.);
#1493=VECTOR('',#9188,1000.);
#1494=VECTOR('',#9195,1000.);
#1495=VECTOR('',#9198,1000.);
#1496=VECTOR('',#9199,1000.);
#1497=VECTOR('',#9200,1000.);
#1498=VECTOR('',#9215,1000.);
#1499=VECTOR('',#9216,1000.);
#1500=VECTOR('',#9217,1000.);
#1501=VECTOR('',#9218,1000.);
#1502=VECTOR('',#9221,1000.);
#1503=VECTOR('',#9222,1000.);
#1504=VECTOR('',#9223,1000.);
#1505=VECTOR('',#9226,1000.);
#1506=VECTOR('',#9227,1000.);
#1507=VECTOR('',#9228,1000.);
#1508=VECTOR('',#9231,1000.);
#1509=VECTOR('',#9232,1000.);
#1510=COLOUR_RGB('',0.196078431372549,0.43921568627451,0.0784313725490196);
#1511=COLOUR_RGB('',0.901960784313726,0.901960784313726,0.901960784313726);
#1512=COLOUR_RGB('',0.917647058823529,0.917647058823529,0.917647058823529);
#1513=SHAPE_REPRESENTATION_RELATIONSHIP('','',#7088,#1546);
#1514=SHAPE_REPRESENTATION_RELATIONSHIP('','',#7089,#1547);
#1515=SHAPE_REPRESENTATION_RELATIONSHIP('','',#7090,#1548);
#1516=SHAPE_REPRESENTATION_RELATIONSHIP('','',#7091,#1549);
#1517=SHAPE_REPRESENTATION_RELATIONSHIP('','',#7092,#1550);
#1518=SHAPE_REPRESENTATION_RELATIONSHIP('','',#7093,#1551);
#1519=SHAPE_REPRESENTATION_RELATIONSHIP('','',#7094,#1552);
#1520=SHAPE_REPRESENTATION_RELATIONSHIP('','',#7095,#1553);
#1521=SHAPE_REPRESENTATION_RELATIONSHIP('','',#7096,#1554);
#1522=SHAPE_REPRESENTATION_RELATIONSHIP('','',#7097,#1555);
#1523=SHAPE_REPRESENTATION_RELATIONSHIP('','',#7098,#1556);
#1524=SHAPE_REPRESENTATION_RELATIONSHIP('','',#7099,#1557);
#1525=SHAPE_REPRESENTATION_RELATIONSHIP('','',#7100,#1558);
#1526=SHAPE_REPRESENTATION_RELATIONSHIP('','',#7101,#1559);
#1527=SHAPE_REPRESENTATION_RELATIONSHIP('','',#7102,#1560);
#1528=SHAPE_REPRESENTATION_RELATIONSHIP('','',#7103,#1561);
#1529=SHAPE_REPRESENTATION_RELATIONSHIP('','',#7104,#1562);
#1530=SHAPE_REPRESENTATION_RELATIONSHIP('','',#7105,#1563);
#1531=SHAPE_REPRESENTATION_RELATIONSHIP('','',#7106,#1564);
#1532=SHAPE_REPRESENTATION_RELATIONSHIP('','',#7107,#1565);
#1533=SHAPE_REPRESENTATION_RELATIONSHIP('','',#7108,#1566);
#1534=SHAPE_REPRESENTATION_RELATIONSHIP('','',#7109,#1567);
#1535=SHAPE_REPRESENTATION_RELATIONSHIP('','',#7110,#1568);
#1536=SHAPE_REPRESENTATION_RELATIONSHIP('','',#7111,#1569);
#1537=SHAPE_REPRESENTATION_RELATIONSHIP('','',#7112,#1570);
#1538=SHAPE_REPRESENTATION_RELATIONSHIP('','',#7113,#1571);
#1539=SHAPE_REPRESENTATION_RELATIONSHIP('','',#7114,#1572);
#1540=SHAPE_REPRESENTATION_RELATIONSHIP('','',#7115,#1573);
#1541=SHAPE_REPRESENTATION_RELATIONSHIP('','',#7116,#1574);
#1542=SHAPE_REPRESENTATION_RELATIONSHIP('','',#7117,#1575);
#1543=SHAPE_REPRESENTATION_RELATIONSHIP('','',#7118,#1576);
#1544=SHAPE_REPRESENTATION_RELATIONSHIP('','',#7119,#1577);
#1545=SHAPE_REPRESENTATION_RELATIONSHIP('','',#7120,#1578);
#1546=ADVANCED_BREP_SHAPE_REPRESENTATION('',(#7022),#12508);
#1547=ADVANCED_BREP_SHAPE_REPRESENTATION('',(#7023),#12509);
#1548=ADVANCED_BREP_SHAPE_REPRESENTATION('',(#7024),#12510);
#1549=ADVANCED_BREP_SHAPE_REPRESENTATION('',(#7025),#12511);
#1550=ADVANCED_BREP_SHAPE_REPRESENTATION('',(#7026),#12512);
#1551=ADVANCED_BREP_SHAPE_REPRESENTATION('',(#7027),#12513);
#1552=ADVANCED_BREP_SHAPE_REPRESENTATION('',(#7028),#12514);
#1553=ADVANCED_BREP_SHAPE_REPRESENTATION('',(#7029),#12515);
#1554=ADVANCED_BREP_SHAPE_REPRESENTATION('',(#7030),#12516);
#1555=ADVANCED_BREP_SHAPE_REPRESENTATION('',(#7031),#12517);
#1556=ADVANCED_BREP_SHAPE_REPRESENTATION('',(#7032),#12518);
#1557=ADVANCED_BREP_SHAPE_REPRESENTATION('',(#7033),#12519);
#1558=ADVANCED_BREP_SHAPE_REPRESENTATION('',(#7034),#12520);
#1559=ADVANCED_BREP_SHAPE_REPRESENTATION('',(#7035),#12521);
#1560=ADVANCED_BREP_SHAPE_REPRESENTATION('',(#7036),#12522);
#1561=ADVANCED_BREP_SHAPE_REPRESENTATION('',(#7037),#12523);
#1562=ADVANCED_BREP_SHAPE_REPRESENTATION('',(#7038),#12524);
#1563=ADVANCED_BREP_SHAPE_REPRESENTATION('',(#7039),#12525);
#1564=ADVANCED_BREP_SHAPE_REPRESENTATION('',(#7040),#12526);
#1565=ADVANCED_BREP_SHAPE_REPRESENTATION('',(#7041),#12527);
#1566=ADVANCED_BREP_SHAPE_REPRESENTATION('',(#7042),#12528);
#1567=ADVANCED_BREP_SHAPE_REPRESENTATION('',(#7043),#12529);
#1568=ADVANCED_BREP_SHAPE_REPRESENTATION('',(#7044),#12530);
#1569=ADVANCED_BREP_SHAPE_REPRESENTATION('',(#7045),#12531);
#1570=ADVANCED_BREP_SHAPE_REPRESENTATION('',(#7046),#12532);
#1571=ADVANCED_BREP_SHAPE_REPRESENTATION('',(#7047),#12533);
#1572=ADVANCED_BREP_SHAPE_REPRESENTATION('',(#7048),#12534);
#1573=ADVANCED_BREP_SHAPE_REPRESENTATION('',(#7049),#12535);
#1574=ADVANCED_BREP_SHAPE_REPRESENTATION('',(#7050),#12536);
#1575=ADVANCED_BREP_SHAPE_REPRESENTATION('',(#7051),#12537);
#1576=ADVANCED_BREP_SHAPE_REPRESENTATION('',(#7052),#12538);
#1577=ADVANCED_BREP_SHAPE_REPRESENTATION('',(#7053),#12539);
#1578=ADVANCED_BREP_SHAPE_REPRESENTATION('',(#7054),#12540);
#1579=PLANE('',#7125);
#1580=PLANE('',#7126);
#1581=PLANE('',#7128);
#1582=PLANE('',#7129);
#1583=PLANE('',#7130);
#1584=PLANE('',#7134);
#1585=PLANE('',#7138);
#1586=PLANE('',#7139);
#1587=PLANE('',#7140);
#1588=PLANE('',#7142);
#1589=PLANE('',#7149);
#1590=PLANE('',#7150);
#1591=PLANE('',#7151);
#1592=PLANE('',#7153);
#1593=PLANE('',#7154);
#1594=PLANE('',#7155);
#1595=PLANE('',#7156);
#1596=PLANE('',#7157);
#1597=PLANE('',#7158);
#1598=PLANE('',#7160);
#1599=PLANE('',#7164);
#1600=PLANE('',#7165);
#1601=PLANE('',#7166);
#1602=PLANE('',#7168);
#1603=PLANE('',#7169);
#1604=PLANE('',#7170);
#1605=PLANE('',#7171);
#1606=PLANE('',#7177);
#1607=PLANE('',#7181);
#1608=PLANE('',#7182);
#1609=PLANE('',#7183);
#1610=PLANE('',#7202);
#1611=PLANE('',#7203);
#1612=PLANE('',#7205);
#1613=PLANE('',#7213);
#1614=PLANE('',#7214);
#1615=PLANE('',#7215);
#1616=PLANE('',#7225);
#1617=PLANE('',#7229);
#1618=PLANE('',#7230);
#1619=PLANE('',#7231);
#1620=PLANE('',#7233);
#1621=PLANE('',#7234);
#1622=PLANE('',#7238);
#1623=PLANE('',#7239);
#1624=PLANE('',#7240);
#1625=PLANE('',#7242);
#1626=PLANE('',#7246);
#1627=PLANE('',#7248);
#1628=PLANE('',#7251);
#1629=PLANE('',#7272);
#1630=PLANE('',#7281);
#1631=PLANE('',#7282);
#1632=PLANE('',#7283);
#1633=PLANE('',#7284);
#1634=PLANE('',#7285);
#1635=PLANE('',#7286);
#1636=PLANE('',#7287);
#1637=PLANE('',#7288);
#1638=PLANE('',#7289);
#1639=PLANE('',#7290);
#1640=PLANE('',#7291);
#1641=PLANE('',#7292);
#1642=PLANE('',#7293);
#1643=PLANE('',#7294);
#1644=PLANE('',#7295);
#1645=PLANE('',#7300);
#1646=PLANE('',#7301);
#1647=PLANE('',#7306);
#1648=PLANE('',#7309);
#1649=PLANE('',#7310);
#1650=PLANE('',#7315);
#1651=PLANE('',#7316);
#1652=PLANE('',#7319);
#1653=PLANE('',#7320);
#1654=PLANE('',#7321);
#1655=PLANE('',#7322);
#1656=PLANE('',#7323);
#1657=PLANE('',#7324);
#1658=PLANE('',#7325);
#1659=PLANE('',#7326);
#1660=PLANE('',#7327);
#1661=PLANE('',#7328);
#1662=PLANE('',#7329);
#1663=PLANE('',#7330);
#1664=PLANE('',#7331);
#1665=PLANE('',#7332);
#1666=PLANE('',#7333);
#1667=PLANE('',#7334);
#1668=PLANE('',#7335);
#1669=PLANE('',#7336);
#1670=PLANE('',#7337);
#1671=PLANE('',#7338);
#1672=PLANE('',#7339);
#1673=PLANE('',#7340);
#1674=PLANE('',#7341);
#1675=PLANE('',#7342);
#1676=PLANE('',#7343);
#1677=PLANE('',#7344);
#1678=PLANE('',#7345);
#1679=PLANE('',#7346);
#1680=PLANE('',#7347);
#1681=PLANE('',#7348);
#1682=PLANE('',#7349);
#1683=PLANE('',#7350);
#1684=PLANE('',#7351);
#1685=PLANE('',#7352);
#1686=PLANE('',#7353);
#1687=PLANE('',#7354);
#1688=PLANE('',#7355);
#1689=PLANE('',#7356);
#1690=PLANE('',#7357);
#1691=PLANE('',#7358);
#1692=PLANE('',#7359);
#1693=PLANE('',#7360);
#1694=PLANE('',#7361);
#1695=PLANE('',#7362);
#1696=PLANE('',#7363);
#1697=PLANE('',#7364);
#1698=PLANE('',#7365);
#1699=PLANE('',#7366);
#1700=PLANE('',#7367);
#1701=PLANE('',#7368);
#1702=PLANE('',#7369);
#1703=PLANE('',#7370);
#1704=PLANE('',#7371);
#1705=PLANE('',#7372);
#1706=PLANE('',#7373);
#1707=PLANE('',#7374);
#1708=PLANE('',#7375);
#1709=PLANE('',#7376);
#1710=PLANE('',#7377);
#1711=PLANE('',#7378);
#1712=PLANE('',#7383);
#1713=PLANE('',#7384);
#1714=PLANE('',#7385);
#1715=PLANE('',#7388);
#1716=PLANE('',#7389);
#1717=PLANE('',#7390);
#1718=PLANE('',#7391);
#1719=PLANE('',#7392);
#1720=PLANE('',#7393);
#1721=PLANE('',#7394);
#1722=PLANE('',#7395);
#1723=PLANE('',#7396);
#1724=PLANE('',#7397);
#1725=PLANE('',#7398);
#1726=PLANE('',#7399);
#1727=PLANE('',#7400);
#1728=PLANE('',#7401);
#1729=PLANE('',#7412);
#1730=PLANE('',#7413);
#1731=PLANE('',#7414);
#1732=PLANE('',#7423);
#1733=PLANE('',#7424);
#1734=PLANE('',#7425);
#1735=PLANE('',#7426);
#1736=PLANE('',#7427);
#1737=PLANE('',#7428);
#1738=PLANE('',#7430);
#1739=PLANE('',#7434);
#1740=PLANE('',#7436);
#1741=PLANE('',#7439);
#1742=PLANE('',#7440);
#1743=PLANE('',#7441);
#1744=PLANE('',#7442);
#1745=PLANE('',#7443);
#1746=PLANE('',#7448);
#1747=PLANE('',#7458);
#1748=PLANE('',#7459);
#1749=PLANE('',#7460);
#1750=PLANE('',#7461);
#1751=PLANE('',#7463);
#1752=PLANE('',#7467);
#1753=PLANE('',#7471);
#1754=PLANE('',#7472);
#1755=PLANE('',#7474);
#1756=PLANE('',#7475);
#1757=PLANE('',#7476);
#1758=PLANE('',#7477);
#1759=PLANE('',#7478);
#1760=PLANE('',#7479);
#1761=PLANE('',#7483);
#1762=PLANE('',#7484);
#1763=PLANE('',#7486);
#1764=PLANE('',#7487);
#1765=PLANE('',#7491);
#1766=PLANE('',#7492);
#1767=PLANE('',#7500);
#1768=PLANE('',#7501);
#1769=PLANE('',#7515);
#1770=PLANE('',#7516);
#1771=PLANE('',#7524);
#1772=PLANE('',#7525);
#1773=PLANE('',#7527);
#1774=PLANE('',#7531);
#1775=PLANE('',#7535);
#1776=PLANE('',#7539);
#1777=PLANE('',#7543);
#1778=PLANE('',#7545);
#1779=PLANE('',#7552);
#1780=PLANE('',#7553);
#1781=PLANE('',#7554);
#1782=PLANE('',#7555);
#1783=PLANE('',#7556);
#1784=PLANE('',#7561);
#1785=PLANE('',#7562);
#1786=PLANE('',#7563);
#1787=PLANE('',#7564);
#1788=PLANE('',#7565);
#1789=PLANE('',#7566);
#1790=PLANE('',#7571);
#1791=PLANE('',#7572);
#1792=PLANE('',#7574);
#1793=PLANE('',#7577);
#1794=PLANE('',#7581);
#1795=PLANE('',#7582);
#1796=PLANE('',#7583);
#1797=PLANE('',#7585);
#1798=PLANE('',#7586);
#1799=PLANE('',#7587);
#1800=PLANE('',#7588);
#1801=PLANE('',#7593);
#1802=PLANE('',#7594);
#1803=PLANE('',#7596);
#1804=PLANE('',#7602);
#1805=PLANE('',#7603);
#1806=PLANE('',#7605);
#1807=PLANE('',#7609);
#1808=PLANE('',#7613);
#1809=PLANE('',#7614);
#1810=PLANE('',#7616);
#1811=PLANE('',#7617);
#1812=PLANE('',#7618);
#1813=PLANE('',#7619);
#1814=PLANE('',#7620);
#1815=PLANE('',#7621);
#1816=ORIENTED_EDGE('',*,*,#3702,.T.);
#1817=ORIENTED_EDGE('',*,*,#3703,.F.);
#1818=ORIENTED_EDGE('',*,*,#3702,.F.);
#1819=ORIENTED_EDGE('',*,*,#3703,.T.);
#1820=ORIENTED_EDGE('',*,*,#3704,.F.);
#1821=ORIENTED_EDGE('',*,*,#3705,.F.);
#1822=ORIENTED_EDGE('',*,*,#3706,.T.);
#1823=ORIENTED_EDGE('',*,*,#3707,.T.);
#1824=ORIENTED_EDGE('',*,*,#3708,.T.);
#1825=ORIENTED_EDGE('',*,*,#3709,.F.);
#1826=ORIENTED_EDGE('',*,*,#3710,.F.);
#1827=ORIENTED_EDGE('',*,*,#3705,.T.);
#1828=ORIENTED_EDGE('',*,*,#3711,.F.);
#1829=ORIENTED_EDGE('',*,*,#3712,.F.);
#1830=ORIENTED_EDGE('',*,*,#3713,.T.);
#1831=ORIENTED_EDGE('',*,*,#3709,.T.);
#1832=ORIENTED_EDGE('',*,*,#3714,.T.);
#1833=ORIENTED_EDGE('',*,*,#3715,.F.);
#1834=ORIENTED_EDGE('',*,*,#3716,.F.);
#1835=ORIENTED_EDGE('',*,*,#3712,.T.);
#1836=ORIENTED_EDGE('',*,*,#3717,.F.);
#1837=ORIENTED_EDGE('',*,*,#3718,.F.);
#1838=ORIENTED_EDGE('',*,*,#3719,.T.);
#1839=ORIENTED_EDGE('',*,*,#3715,.T.);
#1840=ORIENTED_EDGE('',*,*,#3720,.F.);
#1841=ORIENTED_EDGE('',*,*,#3721,.F.);
#1842=ORIENTED_EDGE('',*,*,#3722,.T.);
#1843=ORIENTED_EDGE('',*,*,#3718,.T.);
#1844=ORIENTED_EDGE('',*,*,#3723,.T.);
#1845=ORIENTED_EDGE('',*,*,#3724,.T.);
#1846=ORIENTED_EDGE('',*,*,#3725,.F.);
#1847=ORIENTED_EDGE('',*,*,#3721,.T.);
#1848=ORIENTED_EDGE('',*,*,#3726,.T.);
#1849=ORIENTED_EDGE('',*,*,#3727,.T.);
#1850=ORIENTED_EDGE('',*,*,#3728,.F.);
#1851=ORIENTED_EDGE('',*,*,#3707,.F.);
#1852=ORIENTED_EDGE('',*,*,#3725,.T.);
#1853=ORIENTED_EDGE('',*,*,#3729,.T.);
#1854=ORIENTED_EDGE('',*,*,#3726,.F.);
#1855=ORIENTED_EDGE('',*,*,#3706,.F.);
#1856=ORIENTED_EDGE('',*,*,#3710,.T.);
#1857=ORIENTED_EDGE('',*,*,#3713,.F.);
#1858=ORIENTED_EDGE('',*,*,#3716,.T.);
#1859=ORIENTED_EDGE('',*,*,#3719,.F.);
#1860=ORIENTED_EDGE('',*,*,#3722,.F.);
#1861=ORIENTED_EDGE('',*,*,#3728,.T.);
#1862=ORIENTED_EDGE('',*,*,#3730,.T.);
#1863=ORIENTED_EDGE('',*,*,#3723,.F.);
#1864=ORIENTED_EDGE('',*,*,#3720,.T.);
#1865=ORIENTED_EDGE('',*,*,#3717,.T.);
#1866=ORIENTED_EDGE('',*,*,#3714,.F.);
#1867=ORIENTED_EDGE('',*,*,#3711,.T.);
#1868=ORIENTED_EDGE('',*,*,#3708,.F.);
#1869=ORIENTED_EDGE('',*,*,#3704,.T.);
#1870=ORIENTED_EDGE('',*,*,#3729,.F.);
#1871=ORIENTED_EDGE('',*,*,#3724,.F.);
#1872=ORIENTED_EDGE('',*,*,#3730,.F.);
#1873=ORIENTED_EDGE('',*,*,#3727,.F.);
#1874=ORIENTED_EDGE('',*,*,#3731,.F.);
#1875=ORIENTED_EDGE('',*,*,#3732,.F.);
#1876=ORIENTED_EDGE('',*,*,#3733,.T.);
#1877=ORIENTED_EDGE('',*,*,#3734,.T.);
#1878=ORIENTED_EDGE('',*,*,#3735,.T.);
#1879=ORIENTED_EDGE('',*,*,#3736,.F.);
#1880=ORIENTED_EDGE('',*,*,#3737,.F.);
#1881=ORIENTED_EDGE('',*,*,#3732,.T.);
#1882=ORIENTED_EDGE('',*,*,#3738,.T.);
#1883=ORIENTED_EDGE('',*,*,#3739,.F.);
#1884=ORIENTED_EDGE('',*,*,#3740,.F.);
#1885=ORIENTED_EDGE('',*,*,#3736,.T.);
#1886=ORIENTED_EDGE('',*,*,#3741,.F.);
#1887=ORIENTED_EDGE('',*,*,#3742,.F.);
#1888=ORIENTED_EDGE('',*,*,#3743,.T.);
#1889=ORIENTED_EDGE('',*,*,#3739,.T.);
#1890=ORIENTED_EDGE('',*,*,#3744,.F.);
#1891=ORIENTED_EDGE('',*,*,#3745,.F.);
#1892=ORIENTED_EDGE('',*,*,#3746,.T.);
#1893=ORIENTED_EDGE('',*,*,#3742,.T.);
#1894=ORIENTED_EDGE('',*,*,#3747,.F.);
#1895=ORIENTED_EDGE('',*,*,#3748,.F.);
#1896=ORIENTED_EDGE('',*,*,#3749,.T.);
#1897=ORIENTED_EDGE('',*,*,#3745,.T.);
#1898=ORIENTED_EDGE('',*,*,#3750,.F.);
#1899=ORIENTED_EDGE('',*,*,#3751,.F.);
#1900=ORIENTED_EDGE('',*,*,#3752,.T.);
#1901=ORIENTED_EDGE('',*,*,#3748,.T.);
#1902=ORIENTED_EDGE('',*,*,#3753,.T.);
#1903=ORIENTED_EDGE('',*,*,#3754,.F.);
#1904=ORIENTED_EDGE('',*,*,#3755,.F.);
#1905=ORIENTED_EDGE('',*,*,#3751,.T.);
#1906=ORIENTED_EDGE('',*,*,#3756,.F.);
#1907=ORIENTED_EDGE('',*,*,#3734,.F.);
#1908=ORIENTED_EDGE('',*,*,#3757,.T.);
#1909=ORIENTED_EDGE('',*,*,#3754,.T.);
#1910=ORIENTED_EDGE('',*,*,#3733,.F.);
#1911=ORIENTED_EDGE('',*,*,#3737,.T.);
#1912=ORIENTED_EDGE('',*,*,#3740,.T.);
#1913=ORIENTED_EDGE('',*,*,#3743,.F.);
#1914=ORIENTED_EDGE('',*,*,#3746,.F.);
#1915=ORIENTED_EDGE('',*,*,#3749,.F.);
#1916=ORIENTED_EDGE('',*,*,#3752,.F.);
#1917=ORIENTED_EDGE('',*,*,#3755,.T.);
#1918=ORIENTED_EDGE('',*,*,#3757,.F.);
#1919=ORIENTED_EDGE('',*,*,#3731,.T.);
#1920=ORIENTED_EDGE('',*,*,#3756,.T.);
#1921=ORIENTED_EDGE('',*,*,#3753,.F.);
#1922=ORIENTED_EDGE('',*,*,#3750,.T.);
#1923=ORIENTED_EDGE('',*,*,#3747,.T.);
#1924=ORIENTED_EDGE('',*,*,#3744,.T.);
#1925=ORIENTED_EDGE('',*,*,#3741,.T.);
#1926=ORIENTED_EDGE('',*,*,#3738,.F.);
#1927=ORIENTED_EDGE('',*,*,#3735,.F.);
#1928=ORIENTED_EDGE('',*,*,#3758,.F.);
#1929=ORIENTED_EDGE('',*,*,#3759,.F.);
#1930=ORIENTED_EDGE('',*,*,#3760,.T.);
#1931=ORIENTED_EDGE('',*,*,#3761,.T.);
#1932=ORIENTED_EDGE('',*,*,#3762,.F.);
#1933=ORIENTED_EDGE('',*,*,#3761,.F.);
#1934=ORIENTED_EDGE('',*,*,#3763,.T.);
#1935=ORIENTED_EDGE('',*,*,#3764,.T.);
#1936=ORIENTED_EDGE('',*,*,#3765,.F.);
#1937=ORIENTED_EDGE('',*,*,#3764,.F.);
#1938=ORIENTED_EDGE('',*,*,#3766,.T.);
#1939=ORIENTED_EDGE('',*,*,#3767,.T.);
#1940=ORIENTED_EDGE('',*,*,#3768,.F.);
#1941=ORIENTED_EDGE('',*,*,#3767,.F.);
#1942=ORIENTED_EDGE('',*,*,#3769,.T.);
#1943=ORIENTED_EDGE('',*,*,#3759,.T.);
#1944=ORIENTED_EDGE('',*,*,#3760,.F.);
#1945=ORIENTED_EDGE('',*,*,#3769,.F.);
#1946=ORIENTED_EDGE('',*,*,#3766,.F.);
#1947=ORIENTED_EDGE('',*,*,#3763,.F.);
#1948=ORIENTED_EDGE('',*,*,#3758,.T.);
#1949=ORIENTED_EDGE('',*,*,#3762,.T.);
#1950=ORIENTED_EDGE('',*,*,#3765,.T.);
#1951=ORIENTED_EDGE('',*,*,#3768,.T.);
#1952=ORIENTED_EDGE('',*,*,#3770,.F.);
#1953=ORIENTED_EDGE('',*,*,#3771,.F.);
#1954=ORIENTED_EDGE('',*,*,#3772,.T.);
#1955=ORIENTED_EDGE('',*,*,#3773,.T.);
#1956=ORIENTED_EDGE('',*,*,#3774,.F.);
#1957=ORIENTED_EDGE('',*,*,#3775,.F.);
#1958=ORIENTED_EDGE('',*,*,#3776,.T.);
#1959=ORIENTED_EDGE('',*,*,#3771,.T.);
#1960=ORIENTED_EDGE('',*,*,#3777,.T.);
#1961=ORIENTED_EDGE('',*,*,#3773,.F.);
#1962=ORIENTED_EDGE('',*,*,#3778,.F.);
#1963=ORIENTED_EDGE('',*,*,#3775,.T.);
#1964=ORIENTED_EDGE('',*,*,#3772,.F.);
#1965=ORIENTED_EDGE('',*,*,#3776,.F.);
#1966=ORIENTED_EDGE('',*,*,#3778,.T.);
#1967=ORIENTED_EDGE('',*,*,#3770,.T.);
#1968=ORIENTED_EDGE('',*,*,#3777,.F.);
#1969=ORIENTED_EDGE('',*,*,#3774,.T.);
#1970=ORIENTED_EDGE('',*,*,#3779,.F.);
#1971=ORIENTED_EDGE('',*,*,#3780,.F.);
#1972=ORIENTED_EDGE('',*,*,#3781,.T.);
#1973=ORIENTED_EDGE('',*,*,#3782,.T.);
#1974=ORIENTED_EDGE('',*,*,#3783,.F.);
#1975=ORIENTED_EDGE('',*,*,#3784,.F.);
#1976=ORIENTED_EDGE('',*,*,#3785,.T.);
#1977=ORIENTED_EDGE('',*,*,#3780,.T.);
#1978=ORIENTED_EDGE('',*,*,#3786,.F.);
#1979=ORIENTED_EDGE('',*,*,#3787,.F.);
#1980=ORIENTED_EDGE('',*,*,#3788,.T.);
#1981=ORIENTED_EDGE('',*,*,#3784,.T.);
#1982=ORIENTED_EDGE('',*,*,#3789,.T.);
#1983=ORIENTED_EDGE('',*,*,#3790,.F.);
#1984=ORIENTED_EDGE('',*,*,#3791,.F.);
#1985=ORIENTED_EDGE('',*,*,#3787,.T.);
#1986=ORIENTED_EDGE('',*,*,#3792,.T.);
#1987=ORIENTED_EDGE('',*,*,#3793,.F.);
#1988=ORIENTED_EDGE('',*,*,#3794,.F.);
#1989=ORIENTED_EDGE('',*,*,#3790,.T.);
#1990=ORIENTED_EDGE('',*,*,#3795,.F.);
#1991=ORIENTED_EDGE('',*,*,#3796,.F.);
#1992=ORIENTED_EDGE('',*,*,#3797,.T.);
#1993=ORIENTED_EDGE('',*,*,#3793,.T.);
#1994=ORIENTED_EDGE('',*,*,#3798,.F.);
#1995=ORIENTED_EDGE('',*,*,#3799,.F.);
#1996=ORIENTED_EDGE('',*,*,#3800,.T.);
#1997=ORIENTED_EDGE('',*,*,#3796,.T.);
#1998=ORIENTED_EDGE('',*,*,#3801,.F.);
#1999=ORIENTED_EDGE('',*,*,#3802,.F.);
#2000=ORIENTED_EDGE('',*,*,#3803,.T.);
#2001=ORIENTED_EDGE('',*,*,#3799,.T.);
#2002=ORIENTED_EDGE('',*,*,#3804,.T.);
#2003=ORIENTED_EDGE('',*,*,#3805,.F.);
#2004=ORIENTED_EDGE('',*,*,#3806,.F.);
#2005=ORIENTED_EDGE('',*,*,#3802,.T.);
#2006=ORIENTED_EDGE('',*,*,#3807,.F.);
#2007=ORIENTED_EDGE('',*,*,#3808,.F.);
#2008=ORIENTED_EDGE('',*,*,#3809,.T.);
#2009=ORIENTED_EDGE('',*,*,#3805,.T.);
#2010=ORIENTED_EDGE('',*,*,#3810,.F.);
#2011=ORIENTED_EDGE('',*,*,#3811,.F.);
#2012=ORIENTED_EDGE('',*,*,#3812,.T.);
#2013=ORIENTED_EDGE('',*,*,#3808,.T.);
#2014=ORIENTED_EDGE('',*,*,#3813,.F.);
#2015=ORIENTED_EDGE('',*,*,#3814,.F.);
#2016=ORIENTED_EDGE('',*,*,#3815,.T.);
#2017=ORIENTED_EDGE('',*,*,#3811,.T.);
#2018=ORIENTED_EDGE('',*,*,#3816,.F.);
#2019=ORIENTED_EDGE('',*,*,#3817,.F.);
#2020=ORIENTED_EDGE('',*,*,#3818,.T.);
#2021=ORIENTED_EDGE('',*,*,#3814,.T.);
#2022=ORIENTED_EDGE('',*,*,#3819,.F.);
#2023=ORIENTED_EDGE('',*,*,#3820,.F.);
#2024=ORIENTED_EDGE('',*,*,#3821,.T.);
#2025=ORIENTED_EDGE('',*,*,#3817,.T.);
#2026=ORIENTED_EDGE('',*,*,#3822,.F.);
#2027=ORIENTED_EDGE('',*,*,#3823,.F.);
#2028=ORIENTED_EDGE('',*,*,#3824,.T.);
#2029=ORIENTED_EDGE('',*,*,#3820,.T.);
#2030=ORIENTED_EDGE('',*,*,#3825,.F.);
#2031=ORIENTED_EDGE('',*,*,#3782,.F.);
#2032=ORIENTED_EDGE('',*,*,#3826,.T.);
#2033=ORIENTED_EDGE('',*,*,#3823,.T.);
#2034=ORIENTED_EDGE('',*,*,#3781,.F.);
#2035=ORIENTED_EDGE('',*,*,#3785,.F.);
#2036=ORIENTED_EDGE('',*,*,#3788,.F.);
#2037=ORIENTED_EDGE('',*,*,#3791,.T.);
#2038=ORIENTED_EDGE('',*,*,#3794,.T.);
#2039=ORIENTED_EDGE('',*,*,#3797,.F.);
#2040=ORIENTED_EDGE('',*,*,#3800,.F.);
#2041=ORIENTED_EDGE('',*,*,#3803,.F.);
#2042=ORIENTED_EDGE('',*,*,#3806,.T.);
#2043=ORIENTED_EDGE('',*,*,#3809,.F.);
#2044=ORIENTED_EDGE('',*,*,#3812,.F.);
#2045=ORIENTED_EDGE('',*,*,#3815,.F.);
#2046=ORIENTED_EDGE('',*,*,#3818,.F.);
#2047=ORIENTED_EDGE('',*,*,#3821,.F.);
#2048=ORIENTED_EDGE('',*,*,#3824,.F.);
#2049=ORIENTED_EDGE('',*,*,#3826,.F.);
#2050=ORIENTED_EDGE('',*,*,#3779,.T.);
#2051=ORIENTED_EDGE('',*,*,#3825,.T.);
#2052=ORIENTED_EDGE('',*,*,#3822,.T.);
#2053=ORIENTED_EDGE('',*,*,#3819,.T.);
#2054=ORIENTED_EDGE('',*,*,#3816,.T.);
#2055=ORIENTED_EDGE('',*,*,#3813,.T.);
#2056=ORIENTED_EDGE('',*,*,#3810,.T.);
#2057=ORIENTED_EDGE('',*,*,#3807,.T.);
#2058=ORIENTED_EDGE('',*,*,#3804,.F.);
#2059=ORIENTED_EDGE('',*,*,#3801,.T.);
#2060=ORIENTED_EDGE('',*,*,#3798,.T.);
#2061=ORIENTED_EDGE('',*,*,#3795,.T.);
#2062=ORIENTED_EDGE('',*,*,#3792,.F.);
#2063=ORIENTED_EDGE('',*,*,#3789,.F.);
#2064=ORIENTED_EDGE('',*,*,#3786,.T.);
#2065=ORIENTED_EDGE('',*,*,#3783,.T.);
#2066=ORIENTED_EDGE('',*,*,#3827,.T.);
#2067=ORIENTED_EDGE('',*,*,#3828,.T.);
#2068=ORIENTED_EDGE('',*,*,#3829,.F.);
#2069=ORIENTED_EDGE('',*,*,#3830,.T.);
#2070=ORIENTED_EDGE('',*,*,#3831,.T.);
#2071=ORIENTED_EDGE('',*,*,#3832,.F.);
#2072=ORIENTED_EDGE('',*,*,#3833,.T.);
#2073=ORIENTED_EDGE('',*,*,#3834,.T.);
#2074=ORIENTED_EDGE('',*,*,#3835,.T.);
#2075=ORIENTED_EDGE('',*,*,#3831,.F.);
#2076=ORIENTED_EDGE('',*,*,#3836,.F.);
#2077=ORIENTED_EDGE('',*,*,#3837,.T.);
#2078=ORIENTED_EDGE('',*,*,#3832,.T.);
#2079=ORIENTED_EDGE('',*,*,#3838,.T.);
#2080=ORIENTED_EDGE('',*,*,#3829,.T.);
#2081=ORIENTED_EDGE('',*,*,#3839,.T.);
#2082=ORIENTED_EDGE('',*,*,#3836,.T.);
#2083=ORIENTED_EDGE('',*,*,#3840,.T.);
#2084=ORIENTED_EDGE('',*,*,#3839,.F.);
#2085=ORIENTED_EDGE('',*,*,#3828,.F.);
#2086=ORIENTED_EDGE('',*,*,#3841,.F.);
#2087=ORIENTED_EDGE('',*,*,#3833,.F.);
#2088=ORIENTED_EDGE('',*,*,#3837,.F.);
#2089=ORIENTED_EDGE('',*,*,#3838,.F.);
#2090=ORIENTED_EDGE('',*,*,#3835,.F.);
#2091=ORIENTED_EDGE('',*,*,#3842,.F.);
#2092=ORIENTED_EDGE('',*,*,#3830,.F.);
#2093=ORIENTED_EDGE('',*,*,#3840,.F.);
#2094=ORIENTED_EDGE('',*,*,#3841,.T.);
#2095=ORIENTED_EDGE('',*,*,#3827,.F.);
#2096=ORIENTED_EDGE('',*,*,#3842,.T.);
#2097=ORIENTED_EDGE('',*,*,#3834,.F.);
#2098=ORIENTED_EDGE('',*,*,#3843,.T.);
#2099=ORIENTED_EDGE('',*,*,#3844,.F.);
#2100=ORIENTED_EDGE('',*,*,#3845,.F.);
#2101=ORIENTED_EDGE('',*,*,#3846,.T.);
#2102=ORIENTED_EDGE('',*,*,#3847,.F.);
#2103=ORIENTED_EDGE('',*,*,#3846,.F.);
#2104=ORIENTED_EDGE('',*,*,#3848,.T.);
#2105=ORIENTED_EDGE('',*,*,#3849,.T.);
#2106=ORIENTED_EDGE('',*,*,#3850,.F.);
#2107=ORIENTED_EDGE('',*,*,#3849,.F.);
#2108=ORIENTED_EDGE('',*,*,#3851,.T.);
#2109=ORIENTED_EDGE('',*,*,#3852,.T.);
#2110=ORIENTED_EDGE('',*,*,#3853,.T.);
#2111=ORIENTED_EDGE('',*,*,#3852,.F.);
#2112=ORIENTED_EDGE('',*,*,#3854,.F.);
#2113=ORIENTED_EDGE('',*,*,#3844,.T.);
#2114=ORIENTED_EDGE('',*,*,#3845,.T.);
#2115=ORIENTED_EDGE('',*,*,#3854,.T.);
#2116=ORIENTED_EDGE('',*,*,#3851,.F.);
#2117=ORIENTED_EDGE('',*,*,#3848,.F.);
#2118=ORIENTED_EDGE('',*,*,#3843,.F.);
#2119=ORIENTED_EDGE('',*,*,#3847,.T.);
#2120=ORIENTED_EDGE('',*,*,#3850,.T.);
#2121=ORIENTED_EDGE('',*,*,#3853,.F.);
#2122=ORIENTED_EDGE('',*,*,#3855,.T.);
#2123=ORIENTED_EDGE('',*,*,#3856,.T.);
#2124=ORIENTED_EDGE('',*,*,#3857,.T.);
#2125=ORIENTED_EDGE('',*,*,#3858,.T.);
#2126=ORIENTED_EDGE('',*,*,#3859,.T.);
#2127=ORIENTED_EDGE('',*,*,#3860,.T.);
#2128=ORIENTED_EDGE('',*,*,#3861,.F.);
#2129=ORIENTED_EDGE('',*,*,#3862,.T.);
#2130=ORIENTED_EDGE('',*,*,#3863,.T.);
#2131=ORIENTED_EDGE('',*,*,#3863,.F.);
#2132=ORIENTED_EDGE('',*,*,#3864,.T.);
#2133=ORIENTED_EDGE('',*,*,#3865,.T.);
#2134=ORIENTED_EDGE('',*,*,#3855,.F.);
#2135=ORIENTED_EDGE('',*,*,#3866,.T.);
#2136=ORIENTED_EDGE('',*,*,#3861,.T.);
#2137=ORIENTED_EDGE('',*,*,#3867,.T.);
#2138=ORIENTED_EDGE('',*,*,#3864,.F.);
#2139=ORIENTED_EDGE('',*,*,#3868,.T.);
#2140=ORIENTED_EDGE('',*,*,#3867,.F.);
#2141=ORIENTED_EDGE('',*,*,#3860,.F.);
#2142=ORIENTED_EDGE('',*,*,#3869,.F.);
#2143=ORIENTED_EDGE('',*,*,#3856,.F.);
#2144=ORIENTED_EDGE('',*,*,#3865,.F.);
#2145=ORIENTED_EDGE('',*,*,#3866,.F.);
#2146=ORIENTED_EDGE('',*,*,#3858,.F.);
#2147=ORIENTED_EDGE('',*,*,#3870,.F.);
#2148=ORIENTED_EDGE('',*,*,#3862,.F.);
#2149=ORIENTED_EDGE('',*,*,#3868,.F.);
#2150=ORIENTED_EDGE('',*,*,#3869,.T.);
#2151=ORIENTED_EDGE('',*,*,#3859,.F.);
#2152=ORIENTED_EDGE('',*,*,#3870,.T.);
#2153=ORIENTED_EDGE('',*,*,#3857,.F.);
#2154=ORIENTED_EDGE('',*,*,#3871,.F.);
#2155=ORIENTED_EDGE('',*,*,#3872,.F.);
#2156=ORIENTED_EDGE('',*,*,#3873,.T.);
#2157=ORIENTED_EDGE('',*,*,#3874,.T.);
#2158=ORIENTED_EDGE('',*,*,#3875,.T.);
#2159=ORIENTED_EDGE('',*,*,#3876,.F.);
#2160=ORIENTED_EDGE('',*,*,#3877,.F.);
#2161=ORIENTED_EDGE('',*,*,#3872,.T.);
#2162=ORIENTED_EDGE('',*,*,#3878,.T.);
#2163=ORIENTED_EDGE('',*,*,#3879,.F.);
#2164=ORIENTED_EDGE('',*,*,#3880,.F.);
#2165=ORIENTED_EDGE('',*,*,#3876,.T.);
#2166=ORIENTED_EDGE('',*,*,#3881,.F.);
#2167=ORIENTED_EDGE('',*,*,#3874,.F.);
#2168=ORIENTED_EDGE('',*,*,#3882,.T.);
#2169=ORIENTED_EDGE('',*,*,#3879,.T.);
#2170=ORIENTED_EDGE('',*,*,#3873,.F.);
#2171=ORIENTED_EDGE('',*,*,#3877,.T.);
#2172=ORIENTED_EDGE('',*,*,#3880,.T.);
#2173=ORIENTED_EDGE('',*,*,#3882,.F.);
#2174=ORIENTED_EDGE('',*,*,#3871,.T.);
#2175=ORIENTED_EDGE('',*,*,#3881,.T.);
#2176=ORIENTED_EDGE('',*,*,#3878,.F.);
#2177=ORIENTED_EDGE('',*,*,#3875,.F.);
#2178=ORIENTED_EDGE('',*,*,#3883,.F.);
#2179=ORIENTED_EDGE('',*,*,#3884,.F.);
#2180=ORIENTED_EDGE('',*,*,#3885,.T.);
#2181=ORIENTED_EDGE('',*,*,#3886,.T.);
#2182=ORIENTED_EDGE('',*,*,#3887,.F.);
#2183=ORIENTED_EDGE('',*,*,#3888,.F.);
#2184=ORIENTED_EDGE('',*,*,#3889,.T.);
#2185=ORIENTED_EDGE('',*,*,#3884,.T.);
#2186=ORIENTED_EDGE('',*,*,#3890,.F.);
#2187=ORIENTED_EDGE('',*,*,#3891,.F.);
#2188=ORIENTED_EDGE('',*,*,#3892,.T.);
#2189=ORIENTED_EDGE('',*,*,#3888,.T.);
#2190=ORIENTED_EDGE('',*,*,#3893,.T.);
#2191=ORIENTED_EDGE('',*,*,#3886,.F.);
#2192=ORIENTED_EDGE('',*,*,#3894,.F.);
#2193=ORIENTED_EDGE('',*,*,#3891,.T.);
#2194=ORIENTED_EDGE('',*,*,#3885,.F.);
#2195=ORIENTED_EDGE('',*,*,#3889,.F.);
#2196=ORIENTED_EDGE('',*,*,#3892,.F.);
#2197=ORIENTED_EDGE('',*,*,#3894,.T.);
#2198=ORIENTED_EDGE('',*,*,#3883,.T.);
#2199=ORIENTED_EDGE('',*,*,#3893,.F.);
#2200=ORIENTED_EDGE('',*,*,#3890,.T.);
#2201=ORIENTED_EDGE('',*,*,#3887,.T.);
#2202=ORIENTED_EDGE('',*,*,#3895,.F.);
#2203=ORIENTED_EDGE('',*,*,#3896,.T.);
#2204=ORIENTED_EDGE('',*,*,#3897,.T.);
#2205=ORIENTED_EDGE('',*,*,#3898,.T.);
#2206=ORIENTED_EDGE('',*,*,#3899,.F.);
#2207=ORIENTED_EDGE('',*,*,#3900,.T.);
#2208=ORIENTED_EDGE('',*,*,#3897,.F.);
#2209=ORIENTED_EDGE('',*,*,#3901,.T.);
#2210=ORIENTED_EDGE('',*,*,#3899,.T.);
#2211=ORIENTED_EDGE('',*,*,#3902,.T.);
#2212=ORIENTED_EDGE('',*,*,#3895,.T.);
#2213=ORIENTED_EDGE('',*,*,#3903,.T.);
#2214=ORIENTED_EDGE('',*,*,#3898,.F.);
#2215=ORIENTED_EDGE('',*,*,#3902,.F.);
#2216=ORIENTED_EDGE('',*,*,#3900,.F.);
#2217=ORIENTED_EDGE('',*,*,#3901,.F.);
#2218=ORIENTED_EDGE('',*,*,#3896,.F.);
#2219=ORIENTED_EDGE('',*,*,#3903,.F.);
#2220=ORIENTED_EDGE('',*,*,#3904,.T.);
#2221=ORIENTED_EDGE('',*,*,#3905,.T.);
#2222=ORIENTED_EDGE('',*,*,#3906,.T.);
#2223=ORIENTED_EDGE('',*,*,#3907,.T.);
#2224=ORIENTED_EDGE('',*,*,#3908,.T.);
#2225=ORIENTED_EDGE('',*,*,#3909,.T.);
#2226=ORIENTED_EDGE('',*,*,#3910,.T.);
#2227=ORIENTED_EDGE('',*,*,#3911,.T.);
#2228=ORIENTED_EDGE('',*,*,#3912,.T.);
#2229=ORIENTED_EDGE('',*,*,#3913,.T.);
#2230=ORIENTED_EDGE('',*,*,#3914,.T.);
#2231=ORIENTED_EDGE('',*,*,#3915,.T.);
#2232=ORIENTED_EDGE('',*,*,#3916,.T.);
#2233=ORIENTED_EDGE('',*,*,#3917,.T.);
#2234=ORIENTED_EDGE('',*,*,#3918,.T.);
#2235=ORIENTED_EDGE('',*,*,#3919,.F.);
#2236=ORIENTED_EDGE('',*,*,#3920,.T.);
#2237=ORIENTED_EDGE('',*,*,#3921,.T.);
#2238=ORIENTED_EDGE('',*,*,#3922,.T.);
#2239=ORIENTED_EDGE('',*,*,#3923,.T.);
#2240=ORIENTED_EDGE('',*,*,#3924,.T.);
#2241=ORIENTED_EDGE('',*,*,#3925,.T.);
#2242=ORIENTED_EDGE('',*,*,#3926,.T.);
#2243=ORIENTED_EDGE('',*,*,#3927,.T.);
#2244=ORIENTED_EDGE('',*,*,#3928,.T.);
#2245=ORIENTED_EDGE('',*,*,#3929,.T.);
#2246=ORIENTED_EDGE('',*,*,#3930,.F.);
#2247=ORIENTED_EDGE('',*,*,#3931,.T.);
#2248=ORIENTED_EDGE('',*,*,#3932,.T.);
#2249=ORIENTED_EDGE('',*,*,#3933,.T.);
#2250=ORIENTED_EDGE('',*,*,#3934,.T.);
#2251=ORIENTED_EDGE('',*,*,#3935,.T.);
#2252=ORIENTED_EDGE('',*,*,#3936,.T.);
#2253=ORIENTED_EDGE('',*,*,#3937,.T.);
#2254=ORIENTED_EDGE('',*,*,#3938,.T.);
#2255=ORIENTED_EDGE('',*,*,#3939,.F.);
#2256=ORIENTED_EDGE('',*,*,#3940,.T.);
#2257=ORIENTED_EDGE('',*,*,#3941,.T.);
#2258=ORIENTED_EDGE('',*,*,#3942,.T.);
#2259=ORIENTED_EDGE('',*,*,#3943,.T.);
#2260=ORIENTED_EDGE('',*,*,#3944,.T.);
#2261=ORIENTED_EDGE('',*,*,#3945,.T.);
#2262=ORIENTED_EDGE('',*,*,#3946,.T.);
#2263=ORIENTED_EDGE('',*,*,#3947,.T.);
#2264=ORIENTED_EDGE('',*,*,#3948,.F.);
#2265=ORIENTED_EDGE('',*,*,#3949,.T.);
#2266=ORIENTED_EDGE('',*,*,#3950,.T.);
#2267=ORIENTED_EDGE('',*,*,#3951,.T.);
#2268=ORIENTED_EDGE('',*,*,#3952,.T.);
#2269=ORIENTED_EDGE('',*,*,#3953,.T.);
#2270=ORIENTED_EDGE('',*,*,#3954,.T.);
#2271=ORIENTED_EDGE('',*,*,#3955,.T.);
#2272=ORIENTED_EDGE('',*,*,#3956,.T.);
#2273=ORIENTED_EDGE('',*,*,#3957,.T.);
#2274=ORIENTED_EDGE('',*,*,#3958,.T.);
#2275=ORIENTED_EDGE('',*,*,#3959,.T.);
#2276=ORIENTED_EDGE('',*,*,#3960,.T.);
#2277=ORIENTED_EDGE('',*,*,#3961,.T.);
#2278=ORIENTED_EDGE('',*,*,#3962,.T.);
#2279=ORIENTED_EDGE('',*,*,#3963,.T.);
#2280=ORIENTED_EDGE('',*,*,#3964,.T.);
#2281=ORIENTED_EDGE('',*,*,#3965,.T.);
#2282=ORIENTED_EDGE('',*,*,#3966,.T.);
#2283=ORIENTED_EDGE('',*,*,#3967,.T.);
#2284=ORIENTED_EDGE('',*,*,#3968,.T.);
#2285=ORIENTED_EDGE('',*,*,#3969,.T.);
#2286=ORIENTED_EDGE('',*,*,#3970,.T.);
#2287=ORIENTED_EDGE('',*,*,#3971,.T.);
#2288=ORIENTED_EDGE('',*,*,#3972,.T.);
#2289=ORIENTED_EDGE('',*,*,#3973,.T.);
#2290=ORIENTED_EDGE('',*,*,#3974,.T.);
#2291=ORIENTED_EDGE('',*,*,#3975,.T.);
#2292=ORIENTED_EDGE('',*,*,#3976,.T.);
#2293=ORIENTED_EDGE('',*,*,#3977,.T.);
#2294=ORIENTED_EDGE('',*,*,#3978,.T.);
#2295=ORIENTED_EDGE('',*,*,#3979,.T.);
#2296=ORIENTED_EDGE('',*,*,#3980,.T.);
#2297=ORIENTED_EDGE('',*,*,#3981,.T.);
#2298=ORIENTED_EDGE('',*,*,#3982,.T.);
#2299=ORIENTED_EDGE('',*,*,#3983,.T.);
#2300=ORIENTED_EDGE('',*,*,#3984,.T.);
#2301=ORIENTED_EDGE('',*,*,#3985,.T.);
#2302=ORIENTED_EDGE('',*,*,#3986,.T.);
#2303=ORIENTED_EDGE('',*,*,#3987,.T.);
#2304=ORIENTED_EDGE('',*,*,#3988,.T.);
#2305=ORIENTED_EDGE('',*,*,#3989,.T.);
#2306=ORIENTED_EDGE('',*,*,#3990,.T.);
#2307=ORIENTED_EDGE('',*,*,#3991,.T.);
#2308=ORIENTED_EDGE('',*,*,#3992,.T.);
#2309=ORIENTED_EDGE('',*,*,#3993,.T.);
#2310=ORIENTED_EDGE('',*,*,#3994,.T.);
#2311=ORIENTED_EDGE('',*,*,#3995,.T.);
#2312=ORIENTED_EDGE('',*,*,#3996,.T.);
#2313=ORIENTED_EDGE('',*,*,#3997,.T.);
#2314=ORIENTED_EDGE('',*,*,#3998,.T.);
#2315=ORIENTED_EDGE('',*,*,#3999,.T.);
#2316=ORIENTED_EDGE('',*,*,#4000,.T.);
#2317=ORIENTED_EDGE('',*,*,#4001,.T.);
#2318=ORIENTED_EDGE('',*,*,#4002,.T.);
#2319=ORIENTED_EDGE('',*,*,#4003,.T.);
#2320=ORIENTED_EDGE('',*,*,#4004,.T.);
#2321=ORIENTED_EDGE('',*,*,#4005,.T.);
#2322=ORIENTED_EDGE('',*,*,#4006,.T.);
#2323=ORIENTED_EDGE('',*,*,#4007,.T.);
#2324=ORIENTED_EDGE('',*,*,#4008,.T.);
#2325=ORIENTED_EDGE('',*,*,#4009,.T.);
#2326=ORIENTED_EDGE('',*,*,#4010,.T.);
#2327=ORIENTED_EDGE('',*,*,#4011,.T.);
#2328=ORIENTED_EDGE('',*,*,#4012,.T.);
#2329=ORIENTED_EDGE('',*,*,#4013,.T.);
#2330=ORIENTED_EDGE('',*,*,#4014,.T.);
#2331=ORIENTED_EDGE('',*,*,#4015,.T.);
#2332=ORIENTED_EDGE('',*,*,#4016,.T.);
#2333=ORIENTED_EDGE('',*,*,#4017,.T.);
#2334=ORIENTED_EDGE('',*,*,#4018,.T.);
#2335=ORIENTED_EDGE('',*,*,#4019,.T.);
#2336=ORIENTED_EDGE('',*,*,#4020,.T.);
#2337=ORIENTED_EDGE('',*,*,#4021,.T.);
#2338=ORIENTED_EDGE('',*,*,#4022,.T.);
#2339=ORIENTED_EDGE('',*,*,#4023,.T.);
#2340=ORIENTED_EDGE('',*,*,#4024,.T.);
#2341=ORIENTED_EDGE('',*,*,#4025,.T.);
#2342=ORIENTED_EDGE('',*,*,#4026,.T.);
#2343=ORIENTED_EDGE('',*,*,#4027,.T.);
#2344=ORIENTED_EDGE('',*,*,#4028,.T.);
#2345=ORIENTED_EDGE('',*,*,#4029,.T.);
#2346=ORIENTED_EDGE('',*,*,#4030,.T.);
#2347=ORIENTED_EDGE('',*,*,#4031,.T.);
#2348=ORIENTED_EDGE('',*,*,#4032,.T.);
#2349=ORIENTED_EDGE('',*,*,#4033,.T.);
#2350=ORIENTED_EDGE('',*,*,#4034,.T.);
#2351=ORIENTED_EDGE('',*,*,#4035,.T.);
#2352=ORIENTED_EDGE('',*,*,#4036,.T.);
#2353=ORIENTED_EDGE('',*,*,#4037,.T.);
#2354=ORIENTED_EDGE('',*,*,#4038,.T.);
#2355=ORIENTED_EDGE('',*,*,#4039,.T.);
#2356=ORIENTED_EDGE('',*,*,#4040,.T.);
#2357=ORIENTED_EDGE('',*,*,#4041,.T.);
#2358=ORIENTED_EDGE('',*,*,#4042,.T.);
#2359=ORIENTED_EDGE('',*,*,#4043,.T.);
#2360=ORIENTED_EDGE('',*,*,#4044,.T.);
#2361=ORIENTED_EDGE('',*,*,#4045,.T.);
#2362=ORIENTED_EDGE('',*,*,#4046,.T.);
#2363=ORIENTED_EDGE('',*,*,#4047,.T.);
#2364=ORIENTED_EDGE('',*,*,#4048,.T.);
#2365=ORIENTED_EDGE('',*,*,#4049,.T.);
#2366=ORIENTED_EDGE('',*,*,#4050,.T.);
#2367=ORIENTED_EDGE('',*,*,#4051,.T.);
#2368=ORIENTED_EDGE('',*,*,#4052,.T.);
#2369=ORIENTED_EDGE('',*,*,#4053,.T.);
#2370=ORIENTED_EDGE('',*,*,#4054,.T.);
#2371=ORIENTED_EDGE('',*,*,#4055,.T.);
#2372=ORIENTED_EDGE('',*,*,#4056,.T.);
#2373=ORIENTED_EDGE('',*,*,#4057,.T.);
#2374=ORIENTED_EDGE('',*,*,#4058,.T.);
#2375=ORIENTED_EDGE('',*,*,#4059,.T.);
#2376=ORIENTED_EDGE('',*,*,#4060,.T.);
#2377=ORIENTED_EDGE('',*,*,#4061,.T.);
#2378=ORIENTED_EDGE('',*,*,#4062,.T.);
#2379=ORIENTED_EDGE('',*,*,#4063,.T.);
#2380=ORIENTED_EDGE('',*,*,#4064,.T.);
#2381=ORIENTED_EDGE('',*,*,#4065,.T.);
#2382=ORIENTED_EDGE('',*,*,#4066,.T.);
#2383=ORIENTED_EDGE('',*,*,#4067,.T.);
#2384=ORIENTED_EDGE('',*,*,#4068,.T.);
#2385=ORIENTED_EDGE('',*,*,#4069,.T.);
#2386=ORIENTED_EDGE('',*,*,#4070,.T.);
#2387=ORIENTED_EDGE('',*,*,#4071,.T.);
#2388=ORIENTED_EDGE('',*,*,#4072,.T.);
#2389=ORIENTED_EDGE('',*,*,#4073,.T.);
#2390=ORIENTED_EDGE('',*,*,#4074,.T.);
#2391=ORIENTED_EDGE('',*,*,#4075,.T.);
#2392=ORIENTED_EDGE('',*,*,#4076,.T.);
#2393=ORIENTED_EDGE('',*,*,#4077,.T.);
#2394=ORIENTED_EDGE('',*,*,#4078,.T.);
#2395=ORIENTED_EDGE('',*,*,#4079,.T.);
#2396=ORIENTED_EDGE('',*,*,#4080,.T.);
#2397=ORIENTED_EDGE('',*,*,#4081,.T.);
#2398=ORIENTED_EDGE('',*,*,#4082,.F.);
#2399=ORIENTED_EDGE('',*,*,#3904,.F.);
#2400=ORIENTED_EDGE('',*,*,#4083,.F.);
#2401=ORIENTED_EDGE('',*,*,#4080,.F.);
#2402=ORIENTED_EDGE('',*,*,#4083,.T.);
#2403=ORIENTED_EDGE('',*,*,#3907,.F.);
#2404=ORIENTED_EDGE('',*,*,#4084,.F.);
#2405=ORIENTED_EDGE('',*,*,#4081,.F.);
#2406=ORIENTED_EDGE('',*,*,#4082,.T.);
#2407=ORIENTED_EDGE('',*,*,#4079,.F.);
#2408=ORIENTED_EDGE('',*,*,#4085,.F.);
#2409=ORIENTED_EDGE('',*,*,#3905,.F.);
#2410=ORIENTED_EDGE('',*,*,#4084,.T.);
#2411=ORIENTED_EDGE('',*,*,#3906,.F.);
#2412=ORIENTED_EDGE('',*,*,#4085,.T.);
#2413=ORIENTED_EDGE('',*,*,#4078,.F.);
#2414=ORIENTED_EDGE('',*,*,#3909,.F.);
#2415=ORIENTED_EDGE('',*,*,#4086,.F.);
#2416=ORIENTED_EDGE('',*,*,#4087,.T.);
#2417=ORIENTED_EDGE('',*,*,#4088,.T.);
#2418=ORIENTED_EDGE('',*,*,#3908,.F.);
#2419=ORIENTED_EDGE('',*,*,#4089,.F.);
#2420=ORIENTED_EDGE('',*,*,#4090,.T.);
#2421=ORIENTED_EDGE('',*,*,#4086,.T.);
#2422=ORIENTED_EDGE('',*,*,#3914,.F.);
#2423=ORIENTED_EDGE('',*,*,#4091,.F.);
#2424=ORIENTED_EDGE('',*,*,#4092,.T.);
#2425=ORIENTED_EDGE('',*,*,#4089,.T.);
#2426=ORIENTED_EDGE('',*,*,#3913,.F.);
#2427=ORIENTED_EDGE('',*,*,#4093,.F.);
#2428=ORIENTED_EDGE('',*,*,#4094,.T.);
#2429=ORIENTED_EDGE('',*,*,#4091,.T.);
#2430=ORIENTED_EDGE('',*,*,#3912,.F.);
#2431=ORIENTED_EDGE('',*,*,#4095,.F.);
#2432=ORIENTED_EDGE('',*,*,#4096,.T.);
#2433=ORIENTED_EDGE('',*,*,#4093,.T.);
#2434=ORIENTED_EDGE('',*,*,#3911,.F.);
#2435=ORIENTED_EDGE('',*,*,#4097,.F.);
#2436=ORIENTED_EDGE('',*,*,#4098,.T.);
#2437=ORIENTED_EDGE('',*,*,#4095,.T.);
#2438=ORIENTED_EDGE('',*,*,#3910,.F.);
#2439=ORIENTED_EDGE('',*,*,#4088,.F.);
#2440=ORIENTED_EDGE('',*,*,#4099,.T.);
#2441=ORIENTED_EDGE('',*,*,#4097,.T.);
#2442=ORIENTED_EDGE('',*,*,#4087,.F.);
#2443=ORIENTED_EDGE('',*,*,#4090,.F.);
#2444=ORIENTED_EDGE('',*,*,#4092,.F.);
#2445=ORIENTED_EDGE('',*,*,#4094,.F.);
#2446=ORIENTED_EDGE('',*,*,#4096,.F.);
#2447=ORIENTED_EDGE('',*,*,#4098,.F.);
#2448=ORIENTED_EDGE('',*,*,#4099,.F.);
#2449=ORIENTED_EDGE('',*,*,#3916,.F.);
#2450=ORIENTED_EDGE('',*,*,#4100,.F.);
#2451=ORIENTED_EDGE('',*,*,#4101,.T.);
#2452=ORIENTED_EDGE('',*,*,#4102,.T.);
#2453=ORIENTED_EDGE('',*,*,#3915,.F.);
#2454=ORIENTED_EDGE('',*,*,#4103,.F.);
#2455=ORIENTED_EDGE('',*,*,#4104,.T.);
#2456=ORIENTED_EDGE('',*,*,#4100,.T.);
#2457=ORIENTED_EDGE('',*,*,#3918,.F.);
#2458=ORIENTED_EDGE('',*,*,#4105,.F.);
#2459=ORIENTED_EDGE('',*,*,#4106,.T.);
#2460=ORIENTED_EDGE('',*,*,#4103,.T.);
#2461=ORIENTED_EDGE('',*,*,#3917,.F.);
#2462=ORIENTED_EDGE('',*,*,#4102,.F.);
#2463=ORIENTED_EDGE('',*,*,#4107,.T.);
#2464=ORIENTED_EDGE('',*,*,#4105,.T.);
#2465=ORIENTED_EDGE('',*,*,#4101,.F.);
#2466=ORIENTED_EDGE('',*,*,#4104,.F.);
#2467=ORIENTED_EDGE('',*,*,#4106,.F.);
#2468=ORIENTED_EDGE('',*,*,#4107,.F.);
#2469=ORIENTED_EDGE('',*,*,#3920,.F.);
#2470=ORIENTED_EDGE('',*,*,#4108,.F.);
#2471=ORIENTED_EDGE('',*,*,#4109,.T.);
#2472=ORIENTED_EDGE('',*,*,#4110,.T.);
#2473=ORIENTED_EDGE('',*,*,#3919,.T.);
#2474=ORIENTED_EDGE('',*,*,#4111,.F.);
#2475=ORIENTED_EDGE('',*,*,#4112,.F.);
#2476=ORIENTED_EDGE('',*,*,#4108,.T.);
#2477=ORIENTED_EDGE('',*,*,#3938,.F.);
#2478=ORIENTED_EDGE('',*,*,#4113,.F.);
#2479=ORIENTED_EDGE('',*,*,#4114,.T.);
#2480=ORIENTED_EDGE('',*,*,#4111,.T.);
#2481=ORIENTED_EDGE('',*,*,#3937,.F.);
#2482=ORIENTED_EDGE('',*,*,#4115,.F.);
#2483=ORIENTED_EDGE('',*,*,#4116,.T.);
#2484=ORIENTED_EDGE('',*,*,#4113,.T.);
#2485=ORIENTED_EDGE('',*,*,#3936,.F.);
#2486=ORIENTED_EDGE('',*,*,#4117,.F.);
#2487=ORIENTED_EDGE('',*,*,#4118,.T.);
#2488=ORIENTED_EDGE('',*,*,#4115,.T.);
#2489=ORIENTED_EDGE('',*,*,#3935,.F.);
#2490=ORIENTED_EDGE('',*,*,#4119,.F.);
#2491=ORIENTED_EDGE('',*,*,#4120,.T.);
#2492=ORIENTED_EDGE('',*,*,#4117,.T.);
#2493=ORIENTED_EDGE('',*,*,#3934,.F.);
#2494=ORIENTED_EDGE('',*,*,#4121,.F.);
#2495=ORIENTED_EDGE('',*,*,#4122,.T.);
#2496=ORIENTED_EDGE('',*,*,#4119,.T.);
#2497=ORIENTED_EDGE('',*,*,#3933,.F.);
#2498=ORIENTED_EDGE('',*,*,#4123,.F.);
#2499=ORIENTED_EDGE('',*,*,#4124,.T.);
#2500=ORIENTED_EDGE('',*,*,#4121,.T.);
#2501=ORIENTED_EDGE('',*,*,#3932,.F.);
#2502=ORIENTED_EDGE('',*,*,#4125,.F.);
#2503=ORIENTED_EDGE('',*,*,#4126,.T.);
#2504=ORIENTED_EDGE('',*,*,#4123,.T.);
#2505=ORIENTED_EDGE('',*,*,#3931,.F.);
#2506=ORIENTED_EDGE('',*,*,#4127,.F.);
#2507=ORIENTED_EDGE('',*,*,#4128,.T.);
#2508=ORIENTED_EDGE('',*,*,#4125,.T.);
#2509=ORIENTED_EDGE('',*,*,#3930,.T.);
#2510=ORIENTED_EDGE('',*,*,#4129,.F.);
#2511=ORIENTED_EDGE('',*,*,#4130,.F.);
#2512=ORIENTED_EDGE('',*,*,#4127,.T.);
#2513=ORIENTED_EDGE('',*,*,#3929,.F.);
#2514=ORIENTED_EDGE('',*,*,#4131,.F.);
#2515=ORIENTED_EDGE('',*,*,#4132,.T.);
#2516=ORIENTED_EDGE('',*,*,#4129,.T.);
#2517=ORIENTED_EDGE('',*,*,#3928,.F.);
#2518=ORIENTED_EDGE('',*,*,#4133,.F.);
#2519=ORIENTED_EDGE('',*,*,#4134,.T.);
#2520=ORIENTED_EDGE('',*,*,#4131,.T.);
#2521=ORIENTED_EDGE('',*,*,#3927,.F.);
#2522=ORIENTED_EDGE('',*,*,#4135,.F.);
#2523=ORIENTED_EDGE('',*,*,#4136,.T.);
#2524=ORIENTED_EDGE('',*,*,#4133,.T.);
#2525=ORIENTED_EDGE('',*,*,#3926,.F.);
#2526=ORIENTED_EDGE('',*,*,#4137,.F.);
#2527=ORIENTED_EDGE('',*,*,#4138,.T.);
#2528=ORIENTED_EDGE('',*,*,#4135,.T.);
#2529=ORIENTED_EDGE('',*,*,#3925,.F.);
#2530=ORIENTED_EDGE('',*,*,#4139,.F.);
#2531=ORIENTED_EDGE('',*,*,#4140,.T.);
#2532=ORIENTED_EDGE('',*,*,#4137,.T.);
#2533=ORIENTED_EDGE('',*,*,#3924,.F.);
#2534=ORIENTED_EDGE('',*,*,#4141,.F.);
#2535=ORIENTED_EDGE('',*,*,#4142,.T.);
#2536=ORIENTED_EDGE('',*,*,#4139,.T.);
#2537=ORIENTED_EDGE('',*,*,#3923,.F.);
#2538=ORIENTED_EDGE('',*,*,#4143,.F.);
#2539=ORIENTED_EDGE('',*,*,#4144,.T.);
#2540=ORIENTED_EDGE('',*,*,#4141,.T.);
#2541=ORIENTED_EDGE('',*,*,#3922,.F.);
#2542=ORIENTED_EDGE('',*,*,#4145,.F.);
#2543=ORIENTED_EDGE('',*,*,#4146,.T.);
#2544=ORIENTED_EDGE('',*,*,#4143,.T.);
#2545=ORIENTED_EDGE('',*,*,#3921,.F.);
#2546=ORIENTED_EDGE('',*,*,#4110,.F.);
#2547=ORIENTED_EDGE('',*,*,#4147,.T.);
#2548=ORIENTED_EDGE('',*,*,#4145,.T.);
#2549=ORIENTED_EDGE('',*,*,#4109,.F.);
#2550=ORIENTED_EDGE('',*,*,#4112,.T.);
#2551=ORIENTED_EDGE('',*,*,#4114,.F.);
#2552=ORIENTED_EDGE('',*,*,#4116,.F.);
#2553=ORIENTED_EDGE('',*,*,#4118,.F.);
#2554=ORIENTED_EDGE('',*,*,#4120,.F.);
#2555=ORIENTED_EDGE('',*,*,#4122,.F.);
#2556=ORIENTED_EDGE('',*,*,#4124,.F.);
#2557=ORIENTED_EDGE('',*,*,#4126,.F.);
#2558=ORIENTED_EDGE('',*,*,#4128,.F.);
#2559=ORIENTED_EDGE('',*,*,#4130,.T.);
#2560=ORIENTED_EDGE('',*,*,#4132,.F.);
#2561=ORIENTED_EDGE('',*,*,#4134,.F.);
#2562=ORIENTED_EDGE('',*,*,#4136,.F.);
#2563=ORIENTED_EDGE('',*,*,#4138,.F.);
#2564=ORIENTED_EDGE('',*,*,#4140,.F.);
#2565=ORIENTED_EDGE('',*,*,#4142,.F.);
#2566=ORIENTED_EDGE('',*,*,#4144,.F.);
#2567=ORIENTED_EDGE('',*,*,#4146,.F.);
#2568=ORIENTED_EDGE('',*,*,#4147,.F.);
#2569=ORIENTED_EDGE('',*,*,#3940,.F.);
#2570=ORIENTED_EDGE('',*,*,#4148,.F.);
#2571=ORIENTED_EDGE('',*,*,#4149,.T.);
#2572=ORIENTED_EDGE('',*,*,#4150,.T.);
#2573=ORIENTED_EDGE('',*,*,#3939,.T.);
#2574=ORIENTED_EDGE('',*,*,#4151,.F.);
#2575=ORIENTED_EDGE('',*,*,#4152,.F.);
#2576=ORIENTED_EDGE('',*,*,#4148,.T.);
#2577=ORIENTED_EDGE('',*,*,#3958,.F.);
#2578=ORIENTED_EDGE('',*,*,#4153,.F.);
#2579=ORIENTED_EDGE('',*,*,#4154,.T.);
#2580=ORIENTED_EDGE('',*,*,#4151,.T.);
#2581=ORIENTED_EDGE('',*,*,#3957,.F.);
#2582=ORIENTED_EDGE('',*,*,#4155,.F.);
#2583=ORIENTED_EDGE('',*,*,#4156,.T.);
#2584=ORIENTED_EDGE('',*,*,#4153,.T.);
#2585=ORIENTED_EDGE('',*,*,#3956,.F.);
#2586=ORIENTED_EDGE('',*,*,#4157,.F.);
#2587=ORIENTED_EDGE('',*,*,#4158,.T.);
#2588=ORIENTED_EDGE('',*,*,#4155,.T.);
#2589=ORIENTED_EDGE('',*,*,#3955,.F.);
#2590=ORIENTED_EDGE('',*,*,#4159,.F.);
#2591=ORIENTED_EDGE('',*,*,#4160,.T.);
#2592=ORIENTED_EDGE('',*,*,#4157,.T.);
#2593=ORIENTED_EDGE('',*,*,#3954,.F.);
#2594=ORIENTED_EDGE('',*,*,#4161,.F.);
#2595=ORIENTED_EDGE('',*,*,#4162,.T.);
#2596=ORIENTED_EDGE('',*,*,#4159,.T.);
#2597=ORIENTED_EDGE('',*,*,#3953,.F.);
#2598=ORIENTED_EDGE('',*,*,#4163,.F.);
#2599=ORIENTED_EDGE('',*,*,#4164,.T.);
#2600=ORIENTED_EDGE('',*,*,#4161,.T.);
#2601=ORIENTED_EDGE('',*,*,#3952,.F.);
#2602=ORIENTED_EDGE('',*,*,#4165,.F.);
#2603=ORIENTED_EDGE('',*,*,#4166,.T.);
#2604=ORIENTED_EDGE('',*,*,#4163,.T.);
#2605=ORIENTED_EDGE('',*,*,#3951,.F.);
#2606=ORIENTED_EDGE('',*,*,#4167,.F.);
#2607=ORIENTED_EDGE('',*,*,#4168,.T.);
#2608=ORIENTED_EDGE('',*,*,#4165,.T.);
#2609=ORIENTED_EDGE('',*,*,#3950,.F.);
#2610=ORIENTED_EDGE('',*,*,#4169,.F.);
#2611=ORIENTED_EDGE('',*,*,#4170,.T.);
#2612=ORIENTED_EDGE('',*,*,#4167,.T.);
#2613=ORIENTED_EDGE('',*,*,#3949,.F.);
#2614=ORIENTED_EDGE('',*,*,#4171,.F.);
#2615=ORIENTED_EDGE('',*,*,#4172,.T.);
#2616=ORIENTED_EDGE('',*,*,#4169,.T.);
#2617=ORIENTED_EDGE('',*,*,#3948,.T.);
#2618=ORIENTED_EDGE('',*,*,#4173,.F.);
#2619=ORIENTED_EDGE('',*,*,#4174,.F.);
#2620=ORIENTED_EDGE('',*,*,#4171,.T.);
#2621=ORIENTED_EDGE('',*,*,#3947,.F.);
#2622=ORIENTED_EDGE('',*,*,#4175,.F.);
#2623=ORIENTED_EDGE('',*,*,#4176,.T.);
#2624=ORIENTED_EDGE('',*,*,#4173,.T.);
#2625=ORIENTED_EDGE('',*,*,#3946,.F.);
#2626=ORIENTED_EDGE('',*,*,#4177,.F.);
#2627=ORIENTED_EDGE('',*,*,#4178,.T.);
#2628=ORIENTED_EDGE('',*,*,#4175,.T.);
#2629=ORIENTED_EDGE('',*,*,#3945,.F.);
#2630=ORIENTED_EDGE('',*,*,#4179,.F.);
#2631=ORIENTED_EDGE('',*,*,#4180,.T.);
#2632=ORIENTED_EDGE('',*,*,#4177,.T.);
#2633=ORIENTED_EDGE('',*,*,#3944,.F.);
#2634=ORIENTED_EDGE('',*,*,#4181,.F.);
#2635=ORIENTED_EDGE('',*,*,#4182,.T.);
#2636=ORIENTED_EDGE('',*,*,#4179,.T.);
#2637=ORIENTED_EDGE('',*,*,#3943,.F.);
#2638=ORIENTED_EDGE('',*,*,#4183,.F.);
#2639=ORIENTED_EDGE('',*,*,#4184,.T.);
#2640=ORIENTED_EDGE('',*,*,#4181,.T.);
#2641=ORIENTED_EDGE('',*,*,#3942,.F.);
#2642=ORIENTED_EDGE('',*,*,#4185,.F.);
#2643=ORIENTED_EDGE('',*,*,#4186,.T.);
#2644=ORIENTED_EDGE('',*,*,#4183,.T.);
#2645=ORIENTED_EDGE('',*,*,#3941,.F.);
#2646=ORIENTED_EDGE('',*,*,#4150,.F.);
#2647=ORIENTED_EDGE('',*,*,#4187,.T.);
#2648=ORIENTED_EDGE('',*,*,#4185,.T.);
#2649=ORIENTED_EDGE('',*,*,#4149,.F.);
#2650=ORIENTED_EDGE('',*,*,#4152,.T.);
#2651=ORIENTED_EDGE('',*,*,#4154,.F.);
#2652=ORIENTED_EDGE('',*,*,#4156,.F.);
#2653=ORIENTED_EDGE('',*,*,#4158,.F.);
#2654=ORIENTED_EDGE('',*,*,#4160,.F.);
#2655=ORIENTED_EDGE('',*,*,#4162,.F.);
#2656=ORIENTED_EDGE('',*,*,#4164,.F.);
#2657=ORIENTED_EDGE('',*,*,#4166,.F.);
#2658=ORIENTED_EDGE('',*,*,#4168,.F.);
#2659=ORIENTED_EDGE('',*,*,#4170,.F.);
#2660=ORIENTED_EDGE('',*,*,#4172,.F.);
#2661=ORIENTED_EDGE('',*,*,#4174,.T.);
#2662=ORIENTED_EDGE('',*,*,#4176,.F.);
#2663=ORIENTED_EDGE('',*,*,#4178,.F.);
#2664=ORIENTED_EDGE('',*,*,#4180,.F.);
#2665=ORIENTED_EDGE('',*,*,#4182,.F.);
#2666=ORIENTED_EDGE('',*,*,#4184,.F.);
#2667=ORIENTED_EDGE('',*,*,#4186,.F.);
#2668=ORIENTED_EDGE('',*,*,#4187,.F.);
#2669=ORIENTED_EDGE('',*,*,#3960,.F.);
#2670=ORIENTED_EDGE('',*,*,#4188,.F.);
#2671=ORIENTED_EDGE('',*,*,#4189,.T.);
#2672=ORIENTED_EDGE('',*,*,#4190,.T.);
#2673=ORIENTED_EDGE('',*,*,#3959,.F.);
#2674=ORIENTED_EDGE('',*,*,#4191,.F.);
#2675=ORIENTED_EDGE('',*,*,#4192,.T.);
#2676=ORIENTED_EDGE('',*,*,#4188,.T.);
#2677=ORIENTED_EDGE('',*,*,#3966,.F.);
#2678=ORIENTED_EDGE('',*,*,#4193,.F.);
#2679=ORIENTED_EDGE('',*,*,#4194,.T.);
#2680=ORIENTED_EDGE('',*,*,#4191,.T.);
#2681=ORIENTED_EDGE('',*,*,#3965,.F.);
#2682=ORIENTED_EDGE('',*,*,#4195,.F.);
#2683=ORIENTED_EDGE('',*,*,#4196,.T.);
#2684=ORIENTED_EDGE('',*,*,#4193,.T.);
#2685=ORIENTED_EDGE('',*,*,#3964,.F.);
#2686=ORIENTED_EDGE('',*,*,#4197,.F.);
#2687=ORIENTED_EDGE('',*,*,#4198,.T.);
#2688=ORIENTED_EDGE('',*,*,#4195,.T.);
#2689=ORIENTED_EDGE('',*,*,#3963,.F.);
#2690=ORIENTED_EDGE('',*,*,#4199,.F.);
#2691=ORIENTED_EDGE('',*,*,#4200,.T.);
#2692=ORIENTED_EDGE('',*,*,#4197,.T.);
#2693=ORIENTED_EDGE('',*,*,#3962,.F.);
#2694=ORIENTED_EDGE('',*,*,#4201,.F.);
#2695=ORIENTED_EDGE('',*,*,#4202,.T.);
#2696=ORIENTED_EDGE('',*,*,#4199,.T.);
#2697=ORIENTED_EDGE('',*,*,#3961,.F.);
#2698=ORIENTED_EDGE('',*,*,#4190,.F.);
#2699=ORIENTED_EDGE('',*,*,#4203,.T.);
#2700=ORIENTED_EDGE('',*,*,#4201,.T.);
#2701=ORIENTED_EDGE('',*,*,#4189,.F.);
#2702=ORIENTED_EDGE('',*,*,#4192,.F.);
#2703=ORIENTED_EDGE('',*,*,#4194,.F.);
#2704=ORIENTED_EDGE('',*,*,#4196,.F.);
#2705=ORIENTED_EDGE('',*,*,#4198,.F.);
#2706=ORIENTED_EDGE('',*,*,#4200,.F.);
#2707=ORIENTED_EDGE('',*,*,#4202,.F.);
#2708=ORIENTED_EDGE('',*,*,#4203,.F.);
#2709=ORIENTED_EDGE('',*,*,#3968,.F.);
#2710=ORIENTED_EDGE('',*,*,#4204,.F.);
#2711=ORIENTED_EDGE('',*,*,#4205,.T.);
#2712=ORIENTED_EDGE('',*,*,#4206,.T.);
#2713=ORIENTED_EDGE('',*,*,#3967,.F.);
#2714=ORIENTED_EDGE('',*,*,#4207,.F.);
#2715=ORIENTED_EDGE('',*,*,#4208,.T.);
#2716=ORIENTED_EDGE('',*,*,#4204,.T.);
#2717=ORIENTED_EDGE('',*,*,#3973,.F.);
#2718=ORIENTED_EDGE('',*,*,#4209,.F.);
#2719=ORIENTED_EDGE('',*,*,#4210,.T.);
#2720=ORIENTED_EDGE('',*,*,#4207,.T.);
#2721=ORIENTED_EDGE('',*,*,#3972,.F.);
#2722=ORIENTED_EDGE('',*,*,#4211,.F.);
#2723=ORIENTED_EDGE('',*,*,#4212,.T.);
#2724=ORIENTED_EDGE('',*,*,#4209,.T.);
#2725=ORIENTED_EDGE('',*,*,#3971,.F.);
#2726=ORIENTED_EDGE('',*,*,#4213,.F.);
#2727=ORIENTED_EDGE('',*,*,#4214,.T.);
#2728=ORIENTED_EDGE('',*,*,#4211,.T.);
#2729=ORIENTED_EDGE('',*,*,#3970,.F.);
#2730=ORIENTED_EDGE('',*,*,#4215,.F.);
#2731=ORIENTED_EDGE('',*,*,#4216,.T.);
#2732=ORIENTED_EDGE('',*,*,#4213,.T.);
#2733=ORIENTED_EDGE('',*,*,#3969,.F.);
#2734=ORIENTED_EDGE('',*,*,#4206,.F.);
#2735=ORIENTED_EDGE('',*,*,#4217,.T.);
#2736=ORIENTED_EDGE('',*,*,#4215,.T.);
#2737=ORIENTED_EDGE('',*,*,#4205,.F.);
#2738=ORIENTED_EDGE('',*,*,#4208,.F.);
#2739=ORIENTED_EDGE('',*,*,#4210,.F.);
#2740=ORIENTED_EDGE('',*,*,#4212,.F.);
#2741=ORIENTED_EDGE('',*,*,#4214,.F.);
#2742=ORIENTED_EDGE('',*,*,#4216,.F.);
#2743=ORIENTED_EDGE('',*,*,#4217,.F.);
#2744=ORIENTED_EDGE('',*,*,#3975,.F.);
#2745=ORIENTED_EDGE('',*,*,#4218,.F.);
#2746=ORIENTED_EDGE('',*,*,#4219,.T.);
#2747=ORIENTED_EDGE('',*,*,#4220,.T.);
#2748=ORIENTED_EDGE('',*,*,#3974,.F.);
#2749=ORIENTED_EDGE('',*,*,#4221,.F.);
#2750=ORIENTED_EDGE('',*,*,#4222,.T.);
#2751=ORIENTED_EDGE('',*,*,#4218,.T.);
#2752=ORIENTED_EDGE('',*,*,#3977,.F.);
#2753=ORIENTED_EDGE('',*,*,#4223,.F.);
#2754=ORIENTED_EDGE('',*,*,#4224,.T.);
#2755=ORIENTED_EDGE('',*,*,#4221,.T.);
#2756=ORIENTED_EDGE('',*,*,#3976,.F.);
#2757=ORIENTED_EDGE('',*,*,#4220,.F.);
#2758=ORIENTED_EDGE('',*,*,#4225,.T.);
#2759=ORIENTED_EDGE('',*,*,#4223,.T.);
#2760=ORIENTED_EDGE('',*,*,#4219,.F.);
#2761=ORIENTED_EDGE('',*,*,#4222,.F.);
#2762=ORIENTED_EDGE('',*,*,#4224,.F.);
#2763=ORIENTED_EDGE('',*,*,#4225,.F.);
#2764=ORIENTED_EDGE('',*,*,#3979,.F.);
#2765=ORIENTED_EDGE('',*,*,#4226,.F.);
#2766=ORIENTED_EDGE('',*,*,#4227,.T.);
#2767=ORIENTED_EDGE('',*,*,#4228,.T.);
#2768=ORIENTED_EDGE('',*,*,#3978,.F.);
#2769=ORIENTED_EDGE('',*,*,#4229,.F.);
#2770=ORIENTED_EDGE('',*,*,#4230,.T.);
#2771=ORIENTED_EDGE('',*,*,#4226,.T.);
#2772=ORIENTED_EDGE('',*,*,#3981,.F.);
#2773=ORIENTED_EDGE('',*,*,#4231,.F.);
#2774=ORIENTED_EDGE('',*,*,#4232,.T.);
#2775=ORIENTED_EDGE('',*,*,#4229,.T.);
#2776=ORIENTED_EDGE('',*,*,#3980,.F.);
#2777=ORIENTED_EDGE('',*,*,#4228,.F.);
#2778=ORIENTED_EDGE('',*,*,#4233,.T.);
#2779=ORIENTED_EDGE('',*,*,#4231,.T.);
#2780=ORIENTED_EDGE('',*,*,#4227,.F.);
#2781=ORIENTED_EDGE('',*,*,#4230,.F.);
#2782=ORIENTED_EDGE('',*,*,#4232,.F.);
#2783=ORIENTED_EDGE('',*,*,#4233,.F.);
#2784=ORIENTED_EDGE('',*,*,#3983,.F.);
#2785=ORIENTED_EDGE('',*,*,#4234,.F.);
#2786=ORIENTED_EDGE('',*,*,#4235,.T.);
#2787=ORIENTED_EDGE('',*,*,#4236,.T.);
#2788=ORIENTED_EDGE('',*,*,#3982,.F.);
#2789=ORIENTED_EDGE('',*,*,#4237,.F.);
#2790=ORIENTED_EDGE('',*,*,#4238,.T.);
#2791=ORIENTED_EDGE('',*,*,#4234,.T.);
#2792=ORIENTED_EDGE('',*,*,#3988,.F.);
#2793=ORIENTED_EDGE('',*,*,#4239,.F.);
#2794=ORIENTED_EDGE('',*,*,#4240,.T.);
#2795=ORIENTED_EDGE('',*,*,#4237,.T.);
#2796=ORIENTED_EDGE('',*,*,#3987,.F.);
#2797=ORIENTED_EDGE('',*,*,#4241,.F.);
#2798=ORIENTED_EDGE('',*,*,#4242,.T.);
#2799=ORIENTED_EDGE('',*,*,#4239,.T.);
#2800=ORIENTED_EDGE('',*,*,#3986,.F.);
#2801=ORIENTED_EDGE('',*,*,#4243,.F.);
#2802=ORIENTED_EDGE('',*,*,#4244,.T.);
#2803=ORIENTED_EDGE('',*,*,#4241,.T.);
#2804=ORIENTED_EDGE('',*,*,#3985,.F.);
#2805=ORIENTED_EDGE('',*,*,#4245,.F.);
#2806=ORIENTED_EDGE('',*,*,#4246,.T.);
#2807=ORIENTED_EDGE('',*,*,#4243,.T.);
#2808=ORIENTED_EDGE('',*,*,#3984,.F.);
#2809=ORIENTED_EDGE('',*,*,#4236,.F.);
#2810=ORIENTED_EDGE('',*,*,#4247,.T.);
#2811=ORIENTED_EDGE('',*,*,#4245,.T.);
#2812=ORIENTED_EDGE('',*,*,#4235,.F.);
#2813=ORIENTED_EDGE('',*,*,#4238,.F.);
#2814=ORIENTED_EDGE('',*,*,#4240,.F.);
#2815=ORIENTED_EDGE('',*,*,#4242,.F.);
#2816=ORIENTED_EDGE('',*,*,#4244,.F.);
#2817=ORIENTED_EDGE('',*,*,#4246,.F.);
#2818=ORIENTED_EDGE('',*,*,#4247,.F.);
#2819=ORIENTED_EDGE('',*,*,#3990,.F.);
#2820=ORIENTED_EDGE('',*,*,#4248,.F.);
#2821=ORIENTED_EDGE('',*,*,#4249,.T.);
#2822=ORIENTED_EDGE('',*,*,#4250,.T.);
#2823=ORIENTED_EDGE('',*,*,#3989,.F.);
#2824=ORIENTED_EDGE('',*,*,#4251,.F.);
#2825=ORIENTED_EDGE('',*,*,#4252,.T.);
#2826=ORIENTED_EDGE('',*,*,#4248,.T.);
#2827=ORIENTED_EDGE('',*,*,#3992,.F.);
#2828=ORIENTED_EDGE('',*,*,#4253,.F.);
#2829=ORIENTED_EDGE('',*,*,#4254,.T.);
#2830=ORIENTED_EDGE('',*,*,#4251,.T.);
#2831=ORIENTED_EDGE('',*,*,#3991,.F.);
#2832=ORIENTED_EDGE('',*,*,#4250,.F.);
#2833=ORIENTED_EDGE('',*,*,#4255,.T.);
#2834=ORIENTED_EDGE('',*,*,#4253,.T.);
#2835=ORIENTED_EDGE('',*,*,#4249,.F.);
#2836=ORIENTED_EDGE('',*,*,#4252,.F.);
#2837=ORIENTED_EDGE('',*,*,#4254,.F.);
#2838=ORIENTED_EDGE('',*,*,#4255,.F.);
#2839=ORIENTED_EDGE('',*,*,#3994,.F.);
#2840=ORIENTED_EDGE('',*,*,#4256,.F.);
#2841=ORIENTED_EDGE('',*,*,#4257,.T.);
#2842=ORIENTED_EDGE('',*,*,#4258,.T.);
#2843=ORIENTED_EDGE('',*,*,#3993,.F.);
#2844=ORIENTED_EDGE('',*,*,#4259,.F.);
#2845=ORIENTED_EDGE('',*,*,#4260,.T.);
#2846=ORIENTED_EDGE('',*,*,#4256,.T.);
#2847=ORIENTED_EDGE('',*,*,#4000,.F.);
#2848=ORIENTED_EDGE('',*,*,#4261,.F.);
#2849=ORIENTED_EDGE('',*,*,#4262,.T.);
#2850=ORIENTED_EDGE('',*,*,#4259,.T.);
#2851=ORIENTED_EDGE('',*,*,#3999,.F.);
#2852=ORIENTED_EDGE('',*,*,#4263,.F.);
#2853=ORIENTED_EDGE('',*,*,#4264,.T.);
#2854=ORIENTED_EDGE('',*,*,#4261,.T.);
#2855=ORIENTED_EDGE('',*,*,#3998,.F.);
#2856=ORIENTED_EDGE('',*,*,#4265,.F.);
#2857=ORIENTED_EDGE('',*,*,#4266,.T.);
#2858=ORIENTED_EDGE('',*,*,#4263,.T.);
#2859=ORIENTED_EDGE('',*,*,#3997,.F.);
#2860=ORIENTED_EDGE('',*,*,#4267,.F.);
#2861=ORIENTED_EDGE('',*,*,#4268,.T.);
#2862=ORIENTED_EDGE('',*,*,#4265,.T.);
#2863=ORIENTED_EDGE('',*,*,#3996,.F.);
#2864=ORIENTED_EDGE('',*,*,#4269,.F.);
#2865=ORIENTED_EDGE('',*,*,#4270,.T.);
#2866=ORIENTED_EDGE('',*,*,#4267,.T.);
#2867=ORIENTED_EDGE('',*,*,#3995,.F.);
#2868=ORIENTED_EDGE('',*,*,#4258,.F.);
#2869=ORIENTED_EDGE('',*,*,#4271,.T.);
#2870=ORIENTED_EDGE('',*,*,#4269,.T.);
#2871=ORIENTED_EDGE('',*,*,#4257,.F.);
#2872=ORIENTED_EDGE('',*,*,#4260,.F.);
#2873=ORIENTED_EDGE('',*,*,#4262,.F.);
#2874=ORIENTED_EDGE('',*,*,#4264,.F.);
#2875=ORIENTED_EDGE('',*,*,#4266,.F.);
#2876=ORIENTED_EDGE('',*,*,#4268,.F.);
#2877=ORIENTED_EDGE('',*,*,#4270,.F.);
#2878=ORIENTED_EDGE('',*,*,#4271,.F.);
#2879=ORIENTED_EDGE('',*,*,#4002,.F.);
#2880=ORIENTED_EDGE('',*,*,#4272,.F.);
#2881=ORIENTED_EDGE('',*,*,#4273,.T.);
#2882=ORIENTED_EDGE('',*,*,#4274,.T.);
#2883=ORIENTED_EDGE('',*,*,#4001,.F.);
#2884=ORIENTED_EDGE('',*,*,#4275,.F.);
#2885=ORIENTED_EDGE('',*,*,#4276,.T.);
#2886=ORIENTED_EDGE('',*,*,#4272,.T.);
#2887=ORIENTED_EDGE('',*,*,#4008,.F.);
#2888=ORIENTED_EDGE('',*,*,#4277,.F.);
#2889=ORIENTED_EDGE('',*,*,#4278,.T.);
#2890=ORIENTED_EDGE('',*,*,#4275,.T.);
#2891=ORIENTED_EDGE('',*,*,#4007,.F.);
#2892=ORIENTED_EDGE('',*,*,#4279,.F.);
#2893=ORIENTED_EDGE('',*,*,#4280,.T.);
#2894=ORIENTED_EDGE('',*,*,#4277,.T.);
#2895=ORIENTED_EDGE('',*,*,#4006,.F.);
#2896=ORIENTED_EDGE('',*,*,#4281,.F.);
#2897=ORIENTED_EDGE('',*,*,#4282,.T.);
#2898=ORIENTED_EDGE('',*,*,#4279,.T.);
#2899=ORIENTED_EDGE('',*,*,#4005,.F.);
#2900=ORIENTED_EDGE('',*,*,#4283,.F.);
#2901=ORIENTED_EDGE('',*,*,#4284,.T.);
#2902=ORIENTED_EDGE('',*,*,#4281,.T.);
#2903=ORIENTED_EDGE('',*,*,#4004,.F.);
#2904=ORIENTED_EDGE('',*,*,#4285,.F.);
#2905=ORIENTED_EDGE('',*,*,#4286,.T.);
#2906=ORIENTED_EDGE('',*,*,#4283,.T.);
#2907=ORIENTED_EDGE('',*,*,#4003,.F.);
#2908=ORIENTED_EDGE('',*,*,#4274,.F.);
#2909=ORIENTED_EDGE('',*,*,#4287,.T.);
#2910=ORIENTED_EDGE('',*,*,#4285,.T.);
#2911=ORIENTED_EDGE('',*,*,#4273,.F.);
#2912=ORIENTED_EDGE('',*,*,#4276,.F.);
#2913=ORIENTED_EDGE('',*,*,#4278,.F.);
#2914=ORIENTED_EDGE('',*,*,#4280,.F.);
#2915=ORIENTED_EDGE('',*,*,#4282,.F.);
#2916=ORIENTED_EDGE('',*,*,#4284,.F.);
#2917=ORIENTED_EDGE('',*,*,#4286,.F.);
#2918=ORIENTED_EDGE('',*,*,#4287,.F.);
#2919=ORIENTED_EDGE('',*,*,#4010,.F.);
#2920=ORIENTED_EDGE('',*,*,#4288,.F.);
#2921=ORIENTED_EDGE('',*,*,#4289,.T.);
#2922=ORIENTED_EDGE('',*,*,#4290,.T.);
#2923=ORIENTED_EDGE('',*,*,#4009,.F.);
#2924=ORIENTED_EDGE('',*,*,#4291,.F.);
#2925=ORIENTED_EDGE('',*,*,#4292,.T.);
#2926=ORIENTED_EDGE('',*,*,#4288,.T.);
#2927=ORIENTED_EDGE('',*,*,#4030,.F.);
#2928=ORIENTED_EDGE('',*,*,#4293,.F.);
#2929=ORIENTED_EDGE('',*,*,#4294,.T.);
#2930=ORIENTED_EDGE('',*,*,#4291,.T.);
#2931=ORIENTED_EDGE('',*,*,#4029,.F.);
#2932=ORIENTED_EDGE('',*,*,#4295,.F.);
#2933=ORIENTED_EDGE('',*,*,#4296,.T.);
#2934=ORIENTED_EDGE('',*,*,#4293,.T.);
#2935=ORIENTED_EDGE('',*,*,#4028,.F.);
#2936=ORIENTED_EDGE('',*,*,#4297,.F.);
#2937=ORIENTED_EDGE('',*,*,#4298,.T.);
#2938=ORIENTED_EDGE('',*,*,#4295,.T.);
#2939=ORIENTED_EDGE('',*,*,#4027,.F.);
#2940=ORIENTED_EDGE('',*,*,#4299,.F.);
#2941=ORIENTED_EDGE('',*,*,#4300,.T.);
#2942=ORIENTED_EDGE('',*,*,#4297,.T.);
#2943=ORIENTED_EDGE('',*,*,#4026,.F.);
#2944=ORIENTED_EDGE('',*,*,#4301,.F.);
#2945=ORIENTED_EDGE('',*,*,#4302,.T.);
#2946=ORIENTED_EDGE('',*,*,#4299,.T.);
#2947=ORIENTED_EDGE('',*,*,#4025,.F.);
#2948=ORIENTED_EDGE('',*,*,#4303,.F.);
#2949=ORIENTED_EDGE('',*,*,#4304,.T.);
#2950=ORIENTED_EDGE('',*,*,#4301,.T.);
#2951=ORIENTED_EDGE('',*,*,#4024,.F.);
#2952=ORIENTED_EDGE('',*,*,#4305,.F.);
#2953=ORIENTED_EDGE('',*,*,#4306,.T.);
#2954=ORIENTED_EDGE('',*,*,#4303,.T.);
#2955=ORIENTED_EDGE('',*,*,#4023,.F.);
#2956=ORIENTED_EDGE('',*,*,#4307,.F.);
#2957=ORIENTED_EDGE('',*,*,#4308,.T.);
#2958=ORIENTED_EDGE('',*,*,#4305,.T.);
#2959=ORIENTED_EDGE('',*,*,#4022,.F.);
#2960=ORIENTED_EDGE('',*,*,#4309,.F.);
#2961=ORIENTED_EDGE('',*,*,#4310,.T.);
#2962=ORIENTED_EDGE('',*,*,#4307,.T.);
#2963=ORIENTED_EDGE('',*,*,#4021,.F.);
#2964=ORIENTED_EDGE('',*,*,#4311,.F.);
#2965=ORIENTED_EDGE('',*,*,#4312,.T.);
#2966=ORIENTED_EDGE('',*,*,#4309,.T.);
#2967=ORIENTED_EDGE('',*,*,#4020,.F.);
#2968=ORIENTED_EDGE('',*,*,#4313,.F.);
#2969=ORIENTED_EDGE('',*,*,#4314,.T.);
#2970=ORIENTED_EDGE('',*,*,#4311,.T.);
#2971=ORIENTED_EDGE('',*,*,#4019,.F.);
#2972=ORIENTED_EDGE('',*,*,#4315,.F.);
#2973=ORIENTED_EDGE('',*,*,#4316,.T.);
#2974=ORIENTED_EDGE('',*,*,#4313,.T.);
#2975=ORIENTED_EDGE('',*,*,#4018,.F.);
#2976=ORIENTED_EDGE('',*,*,#4317,.F.);
#2977=ORIENTED_EDGE('',*,*,#4318,.T.);
#2978=ORIENTED_EDGE('',*,*,#4315,.T.);
#2979=ORIENTED_EDGE('',*,*,#4017,.F.);
#2980=ORIENTED_EDGE('',*,*,#4319,.F.);
#2981=ORIENTED_EDGE('',*,*,#4320,.T.);
#2982=ORIENTED_EDGE('',*,*,#4317,.T.);
#2983=ORIENTED_EDGE('',*,*,#4016,.F.);
#2984=ORIENTED_EDGE('',*,*,#4321,.F.);
#2985=ORIENTED_EDGE('',*,*,#4322,.T.);
#2986=ORIENTED_EDGE('',*,*,#4319,.T.);
#2987=ORIENTED_EDGE('',*,*,#4015,.F.);
#2988=ORIENTED_EDGE('',*,*,#4323,.F.);
#2989=ORIENTED_EDGE('',*,*,#4324,.T.);
#2990=ORIENTED_EDGE('',*,*,#4321,.T.);
#2991=ORIENTED_EDGE('',*,*,#4014,.F.);
#2992=ORIENTED_EDGE('',*,*,#4325,.F.);
#2993=ORIENTED_EDGE('',*,*,#4326,.T.);
#2994=ORIENTED_EDGE('',*,*,#4323,.T.);
#2995=ORIENTED_EDGE('',*,*,#4013,.F.);
#2996=ORIENTED_EDGE('',*,*,#4327,.F.);
#2997=ORIENTED_EDGE('',*,*,#4328,.T.);
#2998=ORIENTED_EDGE('',*,*,#4325,.T.);
#2999=ORIENTED_EDGE('',*,*,#4012,.F.);
#3000=ORIENTED_EDGE('',*,*,#4329,.F.);
#3001=ORIENTED_EDGE('',*,*,#4330,.T.);
#3002=ORIENTED_EDGE('',*,*,#4327,.T.);
#3003=ORIENTED_EDGE('',*,*,#4011,.F.);
#3004=ORIENTED_EDGE('',*,*,#4290,.F.);
#3005=ORIENTED_EDGE('',*,*,#4331,.T.);
#3006=ORIENTED_EDGE('',*,*,#4329,.T.);
#3007=ORIENTED_EDGE('',*,*,#4289,.F.);
#3008=ORIENTED_EDGE('',*,*,#4292,.F.);
#3009=ORIENTED_EDGE('',*,*,#4294,.F.);
#3010=ORIENTED_EDGE('',*,*,#4296,.F.);
#3011=ORIENTED_EDGE('',*,*,#4298,.F.);
#3012=ORIENTED_EDGE('',*,*,#4300,.F.);
#3013=ORIENTED_EDGE('',*,*,#4302,.F.);
#3014=ORIENTED_EDGE('',*,*,#4304,.F.);
#3015=ORIENTED_EDGE('',*,*,#4306,.F.);
#3016=ORIENTED_EDGE('',*,*,#4308,.F.);
#3017=ORIENTED_EDGE('',*,*,#4310,.F.);
#3018=ORIENTED_EDGE('',*,*,#4312,.F.);
#3019=ORIENTED_EDGE('',*,*,#4314,.F.);
#3020=ORIENTED_EDGE('',*,*,#4316,.F.);
#3021=ORIENTED_EDGE('',*,*,#4318,.F.);
#3022=ORIENTED_EDGE('',*,*,#4320,.F.);
#3023=ORIENTED_EDGE('',*,*,#4322,.F.);
#3024=ORIENTED_EDGE('',*,*,#4324,.F.);
#3025=ORIENTED_EDGE('',*,*,#4326,.F.);
#3026=ORIENTED_EDGE('',*,*,#4328,.F.);
#3027=ORIENTED_EDGE('',*,*,#4330,.F.);
#3028=ORIENTED_EDGE('',*,*,#4331,.F.);
#3029=ORIENTED_EDGE('',*,*,#4032,.F.);
#3030=ORIENTED_EDGE('',*,*,#4332,.F.);
#3031=ORIENTED_EDGE('',*,*,#4333,.T.);
#3032=ORIENTED_EDGE('',*,*,#4334,.T.);
#3033=ORIENTED_EDGE('',*,*,#4031,.F.);
#3034=ORIENTED_EDGE('',*,*,#4335,.F.);
#3035=ORIENTED_EDGE('',*,*,#4336,.T.);
#3036=ORIENTED_EDGE('',*,*,#4332,.T.);
#3037=ORIENTED_EDGE('',*,*,#4034,.F.);
#3038=ORIENTED_EDGE('',*,*,#4337,.F.);
#3039=ORIENTED_EDGE('',*,*,#4338,.T.);
#3040=ORIENTED_EDGE('',*,*,#4335,.T.);
#3041=ORIENTED_EDGE('',*,*,#4033,.F.);
#3042=ORIENTED_EDGE('',*,*,#4334,.F.);
#3043=ORIENTED_EDGE('',*,*,#4339,.T.);
#3044=ORIENTED_EDGE('',*,*,#4337,.T.);
#3045=ORIENTED_EDGE('',*,*,#4333,.F.);
#3046=ORIENTED_EDGE('',*,*,#4336,.F.);
#3047=ORIENTED_EDGE('',*,*,#4338,.F.);
#3048=ORIENTED_EDGE('',*,*,#4339,.F.);
#3049=ORIENTED_EDGE('',*,*,#4036,.F.);
#3050=ORIENTED_EDGE('',*,*,#4340,.F.);
#3051=ORIENTED_EDGE('',*,*,#4341,.T.);
#3052=ORIENTED_EDGE('',*,*,#4342,.T.);
#3053=ORIENTED_EDGE('',*,*,#4035,.F.);
#3054=ORIENTED_EDGE('',*,*,#4343,.F.);
#3055=ORIENTED_EDGE('',*,*,#4344,.T.);
#3056=ORIENTED_EDGE('',*,*,#4340,.T.);
#3057=ORIENTED_EDGE('',*,*,#4038,.F.);
#3058=ORIENTED_EDGE('',*,*,#4345,.F.);
#3059=ORIENTED_EDGE('',*,*,#4346,.T.);
#3060=ORIENTED_EDGE('',*,*,#4343,.T.);
#3061=ORIENTED_EDGE('',*,*,#4037,.F.);
#3062=ORIENTED_EDGE('',*,*,#4342,.F.);
#3063=ORIENTED_EDGE('',*,*,#4347,.T.);
#3064=ORIENTED_EDGE('',*,*,#4345,.T.);
#3065=ORIENTED_EDGE('',*,*,#4341,.F.);
#3066=ORIENTED_EDGE('',*,*,#4344,.F.);
#3067=ORIENTED_EDGE('',*,*,#4346,.F.);
#3068=ORIENTED_EDGE('',*,*,#4347,.F.);
#3069=ORIENTED_EDGE('',*,*,#4040,.F.);
#3070=ORIENTED_EDGE('',*,*,#4348,.F.);
#3071=ORIENTED_EDGE('',*,*,#4349,.T.);
#3072=ORIENTED_EDGE('',*,*,#4350,.T.);
#3073=ORIENTED_EDGE('',*,*,#4039,.F.);
#3074=ORIENTED_EDGE('',*,*,#4351,.F.);
#3075=ORIENTED_EDGE('',*,*,#4352,.T.);
#3076=ORIENTED_EDGE('',*,*,#4348,.T.);
#3077=ORIENTED_EDGE('',*,*,#4077,.F.);
#3078=ORIENTED_EDGE('',*,*,#4353,.F.);
#3079=ORIENTED_EDGE('',*,*,#4354,.T.);
#3080=ORIENTED_EDGE('',*,*,#4351,.T.);
#3081=ORIENTED_EDGE('',*,*,#4076,.F.);
#3082=ORIENTED_EDGE('',*,*,#4355,.F.);
#3083=ORIENTED_EDGE('',*,*,#4356,.T.);
#3084=ORIENTED_EDGE('',*,*,#4353,.T.);
#3085=ORIENTED_EDGE('',*,*,#4075,.F.);
#3086=ORIENTED_EDGE('',*,*,#4357,.F.);
#3087=ORIENTED_EDGE('',*,*,#4358,.T.);
#3088=ORIENTED_EDGE('',*,*,#4355,.T.);
#3089=ORIENTED_EDGE('',*,*,#4074,.F.);
#3090=ORIENTED_EDGE('',*,*,#4359,.F.);
#3091=ORIENTED_EDGE('',*,*,#4360,.T.);
#3092=ORIENTED_EDGE('',*,*,#4357,.T.);
#3093=ORIENTED_EDGE('',*,*,#4073,.F.);
#3094=ORIENTED_EDGE('',*,*,#4361,.F.);
#3095=ORIENTED_EDGE('',*,*,#4362,.T.);
#3096=ORIENTED_EDGE('',*,*,#4359,.T.);
#3097=ORIENTED_EDGE('',*,*,#4072,.F.);
#3098=ORIENTED_EDGE('',*,*,#4363,.F.);
#3099=ORIENTED_EDGE('',*,*,#4364,.T.);
#3100=ORIENTED_EDGE('',*,*,#4361,.T.);
#3101=ORIENTED_EDGE('',*,*,#4071,.F.);
#3102=ORIENTED_EDGE('',*,*,#4365,.F.);
#3103=ORIENTED_EDGE('',*,*,#4366,.T.);
#3104=ORIENTED_EDGE('',*,*,#4363,.T.);
#3105=ORIENTED_EDGE('',*,*,#4070,.F.);
#3106=ORIENTED_EDGE('',*,*,#4367,.F.);
#3107=ORIENTED_EDGE('',*,*,#4368,.T.);
#3108=ORIENTED_EDGE('',*,*,#4365,.T.);
#3109=ORIENTED_EDGE('',*,*,#4069,.F.);
#3110=ORIENTED_EDGE('',*,*,#4369,.F.);
#3111=ORIENTED_EDGE('',*,*,#4370,.T.);
#3112=ORIENTED_EDGE('',*,*,#4367,.T.);
#3113=ORIENTED_EDGE('',*,*,#4068,.F.);
#3114=ORIENTED_EDGE('',*,*,#4371,.F.);
#3115=ORIENTED_EDGE('',*,*,#4372,.T.);
#3116=ORIENTED_EDGE('',*,*,#4369,.T.);
#3117=ORIENTED_EDGE('',*,*,#4067,.F.);
#3118=ORIENTED_EDGE('',*,*,#4373,.F.);
#3119=ORIENTED_EDGE('',*,*,#4374,.T.);
#3120=ORIENTED_EDGE('',*,*,#4371,.T.);
#3121=ORIENTED_EDGE('',*,*,#4066,.F.);
#3122=ORIENTED_EDGE('',*,*,#4375,.F.);
#3123=ORIENTED_EDGE('',*,*,#4376,.T.);
#3124=ORIENTED_EDGE('',*,*,#4373,.T.);
#3125=ORIENTED_EDGE('',*,*,#4065,.F.);
#3126=ORIENTED_EDGE('',*,*,#4377,.F.);
#3127=ORIENTED_EDGE('',*,*,#4378,.T.);
#3128=ORIENTED_EDGE('',*,*,#4375,.T.);
#3129=ORIENTED_EDGE('',*,*,#4064,.F.);
#3130=ORIENTED_EDGE('',*,*,#4379,.F.);
#3131=ORIENTED_EDGE('',*,*,#4380,.T.);
#3132=ORIENTED_EDGE('',*,*,#4377,.T.);
#3133=ORIENTED_EDGE('',*,*,#4063,.F.);
#3134=ORIENTED_EDGE('',*,*,#4381,.F.);
#3135=ORIENTED_EDGE('',*,*,#4382,.T.);
#3136=ORIENTED_EDGE('',*,*,#4379,.T.);
#3137=ORIENTED_EDGE('',*,*,#4062,.F.);
#3138=ORIENTED_EDGE('',*,*,#4383,.F.);
#3139=ORIENTED_EDGE('',*,*,#4384,.T.);
#3140=ORIENTED_EDGE('',*,*,#4381,.T.);
#3141=ORIENTED_EDGE('',*,*,#4061,.F.);
#3142=ORIENTED_EDGE('',*,*,#4385,.F.);
#3143=ORIENTED_EDGE('',*,*,#4386,.T.);
#3144=ORIENTED_EDGE('',*,*,#4383,.T.);
#3145=ORIENTED_EDGE('',*,*,#4060,.F.);
#3146=ORIENTED_EDGE('',*,*,#4387,.F.);
#3147=ORIENTED_EDGE('',*,*,#4388,.T.);
#3148=ORIENTED_EDGE('',*,*,#4385,.T.);
#3149=ORIENTED_EDGE('',*,*,#4059,.F.);
#3150=ORIENTED_EDGE('',*,*,#4389,.F.);
#3151=ORIENTED_EDGE('',*,*,#4390,.T.);
#3152=ORIENTED_EDGE('',*,*,#4387,.T.);
#3153=ORIENTED_EDGE('',*,*,#4058,.F.);
#3154=ORIENTED_EDGE('',*,*,#4391,.F.);
#3155=ORIENTED_EDGE('',*,*,#4392,.T.);
#3156=ORIENTED_EDGE('',*,*,#4389,.T.);
#3157=ORIENTED_EDGE('',*,*,#4057,.F.);
#3158=ORIENTED_EDGE('',*,*,#4393,.F.);
#3159=ORIENTED_EDGE('',*,*,#4394,.T.);
#3160=ORIENTED_EDGE('',*,*,#4391,.T.);
#3161=ORIENTED_EDGE('',*,*,#4056,.F.);
#3162=ORIENTED_EDGE('',*,*,#4395,.F.);
#3163=ORIENTED_EDGE('',*,*,#4396,.T.);
#3164=ORIENTED_EDGE('',*,*,#4393,.T.);
#3165=ORIENTED_EDGE('',*,*,#4055,.F.);
#3166=ORIENTED_EDGE('',*,*,#4397,.F.);
#3167=ORIENTED_EDGE('',*,*,#4398,.T.);
#3168=ORIENTED_EDGE('',*,*,#4395,.T.);
#3169=ORIENTED_EDGE('',*,*,#4054,.F.);
#3170=ORIENTED_EDGE('',*,*,#4399,.F.);
#3171=ORIENTED_EDGE('',*,*,#4400,.T.);
#3172=ORIENTED_EDGE('',*,*,#4397,.T.);
#3173=ORIENTED_EDGE('',*,*,#4053,.F.);
#3174=ORIENTED_EDGE('',*,*,#4401,.F.);
#3175=ORIENTED_EDGE('',*,*,#4402,.T.);
#3176=ORIENTED_EDGE('',*,*,#4399,.T.);
#3177=ORIENTED_EDGE('',*,*,#4052,.F.);
#3178=ORIENTED_EDGE('',*,*,#4403,.F.);
#3179=ORIENTED_EDGE('',*,*,#4404,.T.);
#3180=ORIENTED_EDGE('',*,*,#4401,.T.);
#3181=ORIENTED_EDGE('',*,*,#4051,.F.);
#3182=ORIENTED_EDGE('',*,*,#4405,.F.);
#3183=ORIENTED_EDGE('',*,*,#4406,.T.);
#3184=ORIENTED_EDGE('',*,*,#4403,.T.);
#3185=ORIENTED_EDGE('',*,*,#4050,.F.);
#3186=ORIENTED_EDGE('',*,*,#4407,.F.);
#3187=ORIENTED_EDGE('',*,*,#4408,.T.);
#3188=ORIENTED_EDGE('',*,*,#4405,.T.);
#3189=ORIENTED_EDGE('',*,*,#4049,.F.);
#3190=ORIENTED_EDGE('',*,*,#4409,.F.);
#3191=ORIENTED_EDGE('',*,*,#4410,.T.);
#3192=ORIENTED_EDGE('',*,*,#4407,.T.);
#3193=ORIENTED_EDGE('',*,*,#4048,.F.);
#3194=ORIENTED_EDGE('',*,*,#4411,.F.);
#3195=ORIENTED_EDGE('',*,*,#4412,.T.);
#3196=ORIENTED_EDGE('',*,*,#4409,.T.);
#3197=ORIENTED_EDGE('',*,*,#4047,.F.);
#3198=ORIENTED_EDGE('',*,*,#4413,.F.);
#3199=ORIENTED_EDGE('',*,*,#4414,.T.);
#3200=ORIENTED_EDGE('',*,*,#4411,.T.);
#3201=ORIENTED_EDGE('',*,*,#4046,.F.);
#3202=ORIENTED_EDGE('',*,*,#4415,.F.);
#3203=ORIENTED_EDGE('',*,*,#4416,.T.);
#3204=ORIENTED_EDGE('',*,*,#4413,.T.);
#3205=ORIENTED_EDGE('',*,*,#4045,.F.);
#3206=ORIENTED_EDGE('',*,*,#4417,.F.);
#3207=ORIENTED_EDGE('',*,*,#4418,.T.);
#3208=ORIENTED_EDGE('',*,*,#4415,.T.);
#3209=ORIENTED_EDGE('',*,*,#4044,.F.);
#3210=ORIENTED_EDGE('',*,*,#4419,.F.);
#3211=ORIENTED_EDGE('',*,*,#4420,.T.);
#3212=ORIENTED_EDGE('',*,*,#4417,.T.);
#3213=ORIENTED_EDGE('',*,*,#4043,.F.);
#3214=ORIENTED_EDGE('',*,*,#4421,.F.);
#3215=ORIENTED_EDGE('',*,*,#4422,.T.);
#3216=ORIENTED_EDGE('',*,*,#4419,.T.);
#3217=ORIENTED_EDGE('',*,*,#4042,.F.);
#3218=ORIENTED_EDGE('',*,*,#4423,.F.);
#3219=ORIENTED_EDGE('',*,*,#4424,.T.);
#3220=ORIENTED_EDGE('',*,*,#4421,.T.);
#3221=ORIENTED_EDGE('',*,*,#4041,.F.);
#3222=ORIENTED_EDGE('',*,*,#4350,.F.);
#3223=ORIENTED_EDGE('',*,*,#4425,.T.);
#3224=ORIENTED_EDGE('',*,*,#4423,.T.);
#3225=ORIENTED_EDGE('',*,*,#4349,.F.);
#3226=ORIENTED_EDGE('',*,*,#4352,.F.);
#3227=ORIENTED_EDGE('',*,*,#4354,.F.);
#3228=ORIENTED_EDGE('',*,*,#4356,.F.);
#3229=ORIENTED_EDGE('',*,*,#4358,.F.);
#3230=ORIENTED_EDGE('',*,*,#4360,.F.);
#3231=ORIENTED_EDGE('',*,*,#4362,.F.);
#3232=ORIENTED_EDGE('',*,*,#4364,.F.);
#3233=ORIENTED_EDGE('',*,*,#4366,.F.);
#3234=ORIENTED_EDGE('',*,*,#4368,.F.);
#3235=ORIENTED_EDGE('',*,*,#4370,.F.);
#3236=ORIENTED_EDGE('',*,*,#4372,.F.);
#3237=ORIENTED_EDGE('',*,*,#4374,.F.);
#3238=ORIENTED_EDGE('',*,*,#4376,.F.);
#3239=ORIENTED_EDGE('',*,*,#4378,.F.);
#3240=ORIENTED_EDGE('',*,*,#4380,.F.);
#3241=ORIENTED_EDGE('',*,*,#4382,.F.);
#3242=ORIENTED_EDGE('',*,*,#4384,.F.);
#3243=ORIENTED_EDGE('',*,*,#4386,.F.);
#3244=ORIENTED_EDGE('',*,*,#4388,.F.);
#3245=ORIENTED_EDGE('',*,*,#4390,.F.);
#3246=ORIENTED_EDGE('',*,*,#4392,.F.);
#3247=ORIENTED_EDGE('',*,*,#4394,.F.);
#3248=ORIENTED_EDGE('',*,*,#4396,.F.);
#3249=ORIENTED_EDGE('',*,*,#4398,.F.);
#3250=ORIENTED_EDGE('',*,*,#4400,.F.);
#3251=ORIENTED_EDGE('',*,*,#4402,.F.);
#3252=ORIENTED_EDGE('',*,*,#4404,.F.);
#3253=ORIENTED_EDGE('',*,*,#4406,.F.);
#3254=ORIENTED_EDGE('',*,*,#4408,.F.);
#3255=ORIENTED_EDGE('',*,*,#4410,.F.);
#3256=ORIENTED_EDGE('',*,*,#4412,.F.);
#3257=ORIENTED_EDGE('',*,*,#4414,.F.);
#3258=ORIENTED_EDGE('',*,*,#4416,.F.);
#3259=ORIENTED_EDGE('',*,*,#4418,.F.);
#3260=ORIENTED_EDGE('',*,*,#4420,.F.);
#3261=ORIENTED_EDGE('',*,*,#4422,.F.);
#3262=ORIENTED_EDGE('',*,*,#4424,.F.);
#3263=ORIENTED_EDGE('',*,*,#4425,.F.);
#3264=ORIENTED_EDGE('',*,*,#4426,.T.);
#3265=ORIENTED_EDGE('',*,*,#4427,.T.);
#3266=ORIENTED_EDGE('',*,*,#4428,.T.);
#3267=ORIENTED_EDGE('',*,*,#4429,.F.);
#3268=ORIENTED_EDGE('',*,*,#4430,.F.);
#3269=ORIENTED_EDGE('',*,*,#4431,.T.);
#3270=ORIENTED_EDGE('',*,*,#4428,.F.);
#3271=ORIENTED_EDGE('',*,*,#4432,.T.);
#3272=ORIENTED_EDGE('',*,*,#4430,.T.);
#3273=ORIENTED_EDGE('',*,*,#4433,.T.);
#3274=ORIENTED_EDGE('',*,*,#4426,.F.);
#3275=ORIENTED_EDGE('',*,*,#4434,.T.);
#3276=ORIENTED_EDGE('',*,*,#4429,.T.);
#3277=ORIENTED_EDGE('',*,*,#4433,.F.);
#3278=ORIENTED_EDGE('',*,*,#4431,.F.);
#3279=ORIENTED_EDGE('',*,*,#4432,.F.);
#3280=ORIENTED_EDGE('',*,*,#4427,.F.);
#3281=ORIENTED_EDGE('',*,*,#4434,.F.);
#3282=ORIENTED_EDGE('',*,*,#4435,.F.);
#3283=ORIENTED_EDGE('',*,*,#4436,.T.);
#3284=ORIENTED_EDGE('',*,*,#4437,.T.);
#3285=ORIENTED_EDGE('',*,*,#4438,.T.);
#3286=ORIENTED_EDGE('',*,*,#4439,.F.);
#3287=ORIENTED_EDGE('',*,*,#4440,.T.);
#3288=ORIENTED_EDGE('',*,*,#4441,.T.);
#3289=ORIENTED_EDGE('',*,*,#4442,.T.);
#3290=ORIENTED_EDGE('',*,*,#4443,.T.);
#3291=ORIENTED_EDGE('',*,*,#4444,.T.);
#3292=ORIENTED_EDGE('',*,*,#4445,.F.);
#3293=ORIENTED_EDGE('',*,*,#4446,.T.);
#3294=ORIENTED_EDGE('',*,*,#4447,.F.);
#3295=ORIENTED_EDGE('',*,*,#4448,.T.);
#3296=ORIENTED_EDGE('',*,*,#4449,.T.);
#3297=ORIENTED_EDGE('',*,*,#4450,.T.);
#3298=ORIENTED_EDGE('',*,*,#4437,.F.);
#3299=ORIENTED_EDGE('',*,*,#4451,.T.);
#3300=ORIENTED_EDGE('',*,*,#4439,.T.);
#3301=ORIENTED_EDGE('',*,*,#4452,.T.);
#3302=ORIENTED_EDGE('',*,*,#4445,.T.);
#3303=ORIENTED_EDGE('',*,*,#4453,.T.);
#3304=ORIENTED_EDGE('',*,*,#4449,.F.);
#3305=ORIENTED_EDGE('',*,*,#4454,.T.);
#3306=ORIENTED_EDGE('',*,*,#4441,.F.);
#3307=ORIENTED_EDGE('',*,*,#4455,.T.);
#3308=ORIENTED_EDGE('',*,*,#4435,.T.);
#3309=ORIENTED_EDGE('',*,*,#4456,.T.);
#3310=ORIENTED_EDGE('',*,*,#4447,.T.);
#3311=ORIENTED_EDGE('',*,*,#4457,.T.);
#3312=ORIENTED_EDGE('',*,*,#4443,.F.);
#3313=ORIENTED_EDGE('',*,*,#4458,.T.);
#3314=ORIENTED_EDGE('',*,*,#4451,.F.);
#3315=ORIENTED_EDGE('',*,*,#4436,.F.);
#3316=ORIENTED_EDGE('',*,*,#4455,.F.);
#3317=ORIENTED_EDGE('',*,*,#4440,.F.);
#3318=ORIENTED_EDGE('',*,*,#4454,.F.);
#3319=ORIENTED_EDGE('',*,*,#4448,.F.);
#3320=ORIENTED_EDGE('',*,*,#4456,.F.);
#3321=ORIENTED_EDGE('',*,*,#4438,.F.);
#3322=ORIENTED_EDGE('',*,*,#4453,.F.);
#3323=ORIENTED_EDGE('',*,*,#4444,.F.);
#3324=ORIENTED_EDGE('',*,*,#4457,.F.);
#3325=ORIENTED_EDGE('',*,*,#4450,.F.);
#3326=ORIENTED_EDGE('',*,*,#4452,.F.);
#3327=ORIENTED_EDGE('',*,*,#4442,.F.);
#3328=ORIENTED_EDGE('',*,*,#4458,.F.);
#3329=ORIENTED_EDGE('',*,*,#4446,.F.);
#3330=ORIENTED_EDGE('',*,*,#4459,.F.);
#3331=ORIENTED_EDGE('',*,*,#4460,.F.);
#3332=ORIENTED_EDGE('',*,*,#4461,.T.);
#3333=ORIENTED_EDGE('',*,*,#4462,.T.);
#3334=ORIENTED_EDGE('',*,*,#4463,.T.);
#3335=ORIENTED_EDGE('',*,*,#4464,.F.);
#3336=ORIENTED_EDGE('',*,*,#4465,.F.);
#3337=ORIENTED_EDGE('',*,*,#4460,.T.);
#3338=ORIENTED_EDGE('',*,*,#4466,.F.);
#3339=ORIENTED_EDGE('',*,*,#4467,.F.);
#3340=ORIENTED_EDGE('',*,*,#4468,.T.);
#3341=ORIENTED_EDGE('',*,*,#4464,.T.);
#3342=ORIENTED_EDGE('',*,*,#4469,.F.);
#3343=ORIENTED_EDGE('',*,*,#4462,.F.);
#3344=ORIENTED_EDGE('',*,*,#4470,.T.);
#3345=ORIENTED_EDGE('',*,*,#4467,.T.);
#3346=ORIENTED_EDGE('',*,*,#4461,.F.);
#3347=ORIENTED_EDGE('',*,*,#4465,.T.);
#3348=ORIENTED_EDGE('',*,*,#4468,.F.);
#3349=ORIENTED_EDGE('',*,*,#4470,.F.);
#3350=ORIENTED_EDGE('',*,*,#4459,.T.);
#3351=ORIENTED_EDGE('',*,*,#4469,.T.);
#3352=ORIENTED_EDGE('',*,*,#4466,.T.);
#3353=ORIENTED_EDGE('',*,*,#4463,.F.);
#3354=ORIENTED_EDGE('',*,*,#4471,.F.);
#3355=ORIENTED_EDGE('',*,*,#4472,.F.);
#3356=ORIENTED_EDGE('',*,*,#4473,.T.);
#3357=ORIENTED_EDGE('',*,*,#4474,.T.);
#3358=ORIENTED_EDGE('',*,*,#4475,.T.);
#3359=ORIENTED_EDGE('',*,*,#4476,.F.);
#3360=ORIENTED_EDGE('',*,*,#4477,.F.);
#3361=ORIENTED_EDGE('',*,*,#4472,.T.);
#3362=ORIENTED_EDGE('',*,*,#4478,.F.);
#3363=ORIENTED_EDGE('',*,*,#4479,.F.);
#3364=ORIENTED_EDGE('',*,*,#4480,.T.);
#3365=ORIENTED_EDGE('',*,*,#4476,.T.);
#3366=ORIENTED_EDGE('',*,*,#4481,.F.);
#3367=ORIENTED_EDGE('',*,*,#4474,.F.);
#3368=ORIENTED_EDGE('',*,*,#4482,.T.);
#3369=ORIENTED_EDGE('',*,*,#4479,.T.);
#3370=ORIENTED_EDGE('',*,*,#4473,.F.);
#3371=ORIENTED_EDGE('',*,*,#4477,.T.);
#3372=ORIENTED_EDGE('',*,*,#4480,.F.);
#3373=ORIENTED_EDGE('',*,*,#4482,.F.);
#3374=ORIENTED_EDGE('',*,*,#4471,.T.);
#3375=ORIENTED_EDGE('',*,*,#4481,.T.);
#3376=ORIENTED_EDGE('',*,*,#4478,.T.);
#3377=ORIENTED_EDGE('',*,*,#4475,.F.);
#3378=ORIENTED_EDGE('',*,*,#4483,.F.);
#3379=ORIENTED_EDGE('',*,*,#4484,.F.);
#3380=ORIENTED_EDGE('',*,*,#4485,.T.);
#3381=ORIENTED_EDGE('',*,*,#4486,.T.);
#3382=ORIENTED_EDGE('',*,*,#4487,.T.);
#3383=ORIENTED_EDGE('',*,*,#4488,.F.);
#3384=ORIENTED_EDGE('',*,*,#4489,.F.);
#3385=ORIENTED_EDGE('',*,*,#4484,.T.);
#3386=ORIENTED_EDGE('',*,*,#4490,.T.);
#3387=ORIENTED_EDGE('',*,*,#4491,.F.);
#3388=ORIENTED_EDGE('',*,*,#4492,.F.);
#3389=ORIENTED_EDGE('',*,*,#4488,.T.);
#3390=ORIENTED_EDGE('',*,*,#4493,.F.);
#3391=ORIENTED_EDGE('',*,*,#4486,.F.);
#3392=ORIENTED_EDGE('',*,*,#4494,.T.);
#3393=ORIENTED_EDGE('',*,*,#4491,.T.);
#3394=ORIENTED_EDGE('',*,*,#4485,.F.);
#3395=ORIENTED_EDGE('',*,*,#4489,.T.);
#3396=ORIENTED_EDGE('',*,*,#4492,.T.);
#3397=ORIENTED_EDGE('',*,*,#4494,.F.);
#3398=ORIENTED_EDGE('',*,*,#4483,.T.);
#3399=ORIENTED_EDGE('',*,*,#4493,.T.);
#3400=ORIENTED_EDGE('',*,*,#4490,.F.);
#3401=ORIENTED_EDGE('',*,*,#4487,.F.);
#3402=ORIENTED_EDGE('',*,*,#4495,.F.);
#3403=ORIENTED_EDGE('',*,*,#4496,.T.);
#3404=ORIENTED_EDGE('',*,*,#4495,.T.);
#3405=ORIENTED_EDGE('',*,*,#4496,.F.);
#3406=ORIENTED_EDGE('',*,*,#4497,.F.);
#3407=ORIENTED_EDGE('',*,*,#4498,.T.);
#3408=ORIENTED_EDGE('',*,*,#4499,.T.);
#3409=ORIENTED_EDGE('',*,*,#4500,.F.);
#3410=ORIENTED_EDGE('',*,*,#4501,.F.);
#3411=ORIENTED_EDGE('',*,*,#4502,.T.);
#3412=ORIENTED_EDGE('',*,*,#4503,.T.);
#3413=ORIENTED_EDGE('',*,*,#4499,.F.);
#3414=ORIENTED_EDGE('',*,*,#4502,.F.);
#3415=ORIENTED_EDGE('',*,*,#4504,.T.);
#3416=ORIENTED_EDGE('',*,*,#4497,.T.);
#3417=ORIENTED_EDGE('',*,*,#4505,.F.);
#3418=ORIENTED_EDGE('',*,*,#4500,.T.);
#3419=ORIENTED_EDGE('',*,*,#4503,.F.);
#3420=ORIENTED_EDGE('',*,*,#4505,.T.);
#3421=ORIENTED_EDGE('',*,*,#4498,.F.);
#3422=ORIENTED_EDGE('',*,*,#4504,.F.);
#3423=ORIENTED_EDGE('',*,*,#4501,.T.);
#3424=ORIENTED_EDGE('',*,*,#4506,.T.);
#3425=ORIENTED_EDGE('',*,*,#4507,.F.);
#3426=ORIENTED_EDGE('',*,*,#4508,.F.);
#3427=ORIENTED_EDGE('',*,*,#4509,.T.);
#3428=ORIENTED_EDGE('',*,*,#4506,.F.);
#3429=ORIENTED_EDGE('',*,*,#4508,.T.);
#3430=ORIENTED_EDGE('',*,*,#4507,.T.);
#3431=ORIENTED_EDGE('',*,*,#4509,.F.);
#3432=ORIENTED_EDGE('',*,*,#4510,.T.);
#3433=ORIENTED_EDGE('',*,*,#4511,.F.);
#3434=ORIENTED_EDGE('',*,*,#4512,.F.);
#3435=ORIENTED_EDGE('',*,*,#4513,.T.);
#3436=ORIENTED_EDGE('',*,*,#4514,.F.);
#3437=ORIENTED_EDGE('',*,*,#4513,.F.);
#3438=ORIENTED_EDGE('',*,*,#4515,.T.);
#3439=ORIENTED_EDGE('',*,*,#4516,.T.);
#3440=ORIENTED_EDGE('',*,*,#4517,.F.);
#3441=ORIENTED_EDGE('',*,*,#4516,.F.);
#3442=ORIENTED_EDGE('',*,*,#4518,.T.);
#3443=ORIENTED_EDGE('',*,*,#4519,.T.);
#3444=ORIENTED_EDGE('',*,*,#4520,.T.);
#3445=ORIENTED_EDGE('',*,*,#4519,.F.);
#3446=ORIENTED_EDGE('',*,*,#4521,.F.);
#3447=ORIENTED_EDGE('',*,*,#4511,.T.);
#3448=ORIENTED_EDGE('',*,*,#4512,.T.);
#3449=ORIENTED_EDGE('',*,*,#4521,.T.);
#3450=ORIENTED_EDGE('',*,*,#4518,.F.);
#3451=ORIENTED_EDGE('',*,*,#4515,.F.);
#3452=ORIENTED_EDGE('',*,*,#4510,.F.);
#3453=ORIENTED_EDGE('',*,*,#4514,.T.);
#3454=ORIENTED_EDGE('',*,*,#4517,.T.);
#3455=ORIENTED_EDGE('',*,*,#4520,.F.);
#3456=ORIENTED_EDGE('',*,*,#4522,.T.);
#3457=ORIENTED_EDGE('',*,*,#4523,.F.);
#3458=ORIENTED_EDGE('',*,*,#4524,.F.);
#3459=ORIENTED_EDGE('',*,*,#4525,.T.);
#3460=ORIENTED_EDGE('',*,*,#4522,.F.);
#3461=ORIENTED_EDGE('',*,*,#4524,.T.);
#3462=ORIENTED_EDGE('',*,*,#4523,.T.);
#3463=ORIENTED_EDGE('',*,*,#4525,.F.);
#3464=ORIENTED_EDGE('',*,*,#4526,.F.);
#3465=ORIENTED_EDGE('',*,*,#4527,.F.);
#3466=ORIENTED_EDGE('',*,*,#4528,.T.);
#3467=ORIENTED_EDGE('',*,*,#4529,.T.);
#3468=ORIENTED_EDGE('',*,*,#4530,.T.);
#3469=ORIENTED_EDGE('',*,*,#4531,.F.);
#3470=ORIENTED_EDGE('',*,*,#4532,.F.);
#3471=ORIENTED_EDGE('',*,*,#4527,.T.);
#3472=ORIENTED_EDGE('',*,*,#4533,.T.);
#3473=ORIENTED_EDGE('',*,*,#4534,.F.);
#3474=ORIENTED_EDGE('',*,*,#4535,.F.);
#3475=ORIENTED_EDGE('',*,*,#4531,.T.);
#3476=ORIENTED_EDGE('',*,*,#4536,.T.);
#3477=ORIENTED_EDGE('',*,*,#4537,.F.);
#3478=ORIENTED_EDGE('',*,*,#4538,.F.);
#3479=ORIENTED_EDGE('',*,*,#4534,.T.);
#3480=ORIENTED_EDGE('',*,*,#4539,.F.);
#3481=ORIENTED_EDGE('',*,*,#4540,.T.);
#3482=ORIENTED_EDGE('',*,*,#4541,.T.);
#3483=ORIENTED_EDGE('',*,*,#4537,.T.);
#3484=ORIENTED_EDGE('',*,*,#4542,.T.);
#3485=ORIENTED_EDGE('',*,*,#4543,.T.);
#3486=ORIENTED_EDGE('',*,*,#4544,.F.);
#3487=ORIENTED_EDGE('',*,*,#4545,.F.);
#3488=ORIENTED_EDGE('',*,*,#4546,.T.);
#3489=ORIENTED_EDGE('',*,*,#4547,.F.);
#3490=ORIENTED_EDGE('',*,*,#4548,.F.);
#3491=ORIENTED_EDGE('',*,*,#4545,.T.);
#3492=ORIENTED_EDGE('',*,*,#4549,.T.);
#3493=ORIENTED_EDGE('',*,*,#4529,.F.);
#3494=ORIENTED_EDGE('',*,*,#4550,.F.);
#3495=ORIENTED_EDGE('',*,*,#4547,.T.);
#3496=ORIENTED_EDGE('',*,*,#4541,.F.);
#3497=ORIENTED_EDGE('',*,*,#4551,.T.);
#3498=ORIENTED_EDGE('',*,*,#4542,.F.);
#3499=ORIENTED_EDGE('',*,*,#4548,.T.);
#3500=ORIENTED_EDGE('',*,*,#4550,.T.);
#3501=ORIENTED_EDGE('',*,*,#4528,.F.);
#3502=ORIENTED_EDGE('',*,*,#4532,.T.);
#3503=ORIENTED_EDGE('',*,*,#4535,.T.);
#3504=ORIENTED_EDGE('',*,*,#4538,.T.);
#3505=ORIENTED_EDGE('',*,*,#4544,.T.);
#3506=ORIENTED_EDGE('',*,*,#4552,.T.);
#3507=ORIENTED_EDGE('',*,*,#4539,.T.);
#3508=ORIENTED_EDGE('',*,*,#4536,.F.);
#3509=ORIENTED_EDGE('',*,*,#4533,.F.);
#3510=ORIENTED_EDGE('',*,*,#4530,.F.);
#3511=ORIENTED_EDGE('',*,*,#4526,.T.);
#3512=ORIENTED_EDGE('',*,*,#4549,.F.);
#3513=ORIENTED_EDGE('',*,*,#4546,.F.);
#3514=ORIENTED_EDGE('',*,*,#4551,.F.);
#3515=ORIENTED_EDGE('',*,*,#4540,.F.);
#3516=ORIENTED_EDGE('',*,*,#4552,.F.);
#3517=ORIENTED_EDGE('',*,*,#4543,.F.);
#3518=ORIENTED_EDGE('',*,*,#4553,.F.);
#3519=ORIENTED_EDGE('',*,*,#4554,.F.);
#3520=ORIENTED_EDGE('',*,*,#4555,.T.);
#3521=ORIENTED_EDGE('',*,*,#4556,.T.);
#3522=ORIENTED_EDGE('',*,*,#4557,.T.);
#3523=ORIENTED_EDGE('',*,*,#4558,.F.);
#3524=ORIENTED_EDGE('',*,*,#4559,.F.);
#3525=ORIENTED_EDGE('',*,*,#4554,.T.);
#3526=ORIENTED_EDGE('',*,*,#4560,.T.);
#3527=ORIENTED_EDGE('',*,*,#4561,.F.);
#3528=ORIENTED_EDGE('',*,*,#4562,.F.);
#3529=ORIENTED_EDGE('',*,*,#4558,.T.);
#3530=ORIENTED_EDGE('',*,*,#4563,.F.);
#3531=ORIENTED_EDGE('',*,*,#4556,.F.);
#3532=ORIENTED_EDGE('',*,*,#4564,.T.);
#3533=ORIENTED_EDGE('',*,*,#4561,.T.);
#3534=ORIENTED_EDGE('',*,*,#4555,.F.);
#3535=ORIENTED_EDGE('',*,*,#4559,.T.);
#3536=ORIENTED_EDGE('',*,*,#4562,.T.);
#3537=ORIENTED_EDGE('',*,*,#4564,.F.);
#3538=ORIENTED_EDGE('',*,*,#4553,.T.);
#3539=ORIENTED_EDGE('',*,*,#4563,.T.);
#3540=ORIENTED_EDGE('',*,*,#4560,.F.);
#3541=ORIENTED_EDGE('',*,*,#4557,.F.);
#3542=ORIENTED_EDGE('',*,*,#4565,.F.);
#3543=ORIENTED_EDGE('',*,*,#4566,.F.);
#3544=ORIENTED_EDGE('',*,*,#4567,.T.);
#3545=ORIENTED_EDGE('',*,*,#4568,.T.);
#3546=ORIENTED_EDGE('',*,*,#4569,.T.);
#3547=ORIENTED_EDGE('',*,*,#4570,.F.);
#3548=ORIENTED_EDGE('',*,*,#4571,.F.);
#3549=ORIENTED_EDGE('',*,*,#4566,.T.);
#3550=ORIENTED_EDGE('',*,*,#4572,.T.);
#3551=ORIENTED_EDGE('',*,*,#4573,.F.);
#3552=ORIENTED_EDGE('',*,*,#4574,.F.);
#3553=ORIENTED_EDGE('',*,*,#4570,.T.);
#3554=ORIENTED_EDGE('',*,*,#4575,.T.);
#3555=ORIENTED_EDGE('',*,*,#4576,.F.);
#3556=ORIENTED_EDGE('',*,*,#4577,.F.);
#3557=ORIENTED_EDGE('',*,*,#4573,.T.);
#3558=ORIENTED_EDGE('',*,*,#4578,.F.);
#3559=ORIENTED_EDGE('',*,*,#4568,.F.);
#3560=ORIENTED_EDGE('',*,*,#4579,.T.);
#3561=ORIENTED_EDGE('',*,*,#4576,.T.);
#3562=ORIENTED_EDGE('',*,*,#4567,.F.);
#3563=ORIENTED_EDGE('',*,*,#4571,.T.);
#3564=ORIENTED_EDGE('',*,*,#4574,.T.);
#3565=ORIENTED_EDGE('',*,*,#4577,.T.);
#3566=ORIENTED_EDGE('',*,*,#4579,.F.);
#3567=ORIENTED_EDGE('',*,*,#4565,.T.);
#3568=ORIENTED_EDGE('',*,*,#4578,.T.);
#3569=ORIENTED_EDGE('',*,*,#4575,.F.);
#3570=ORIENTED_EDGE('',*,*,#4572,.F.);
#3571=ORIENTED_EDGE('',*,*,#4569,.F.);
#3572=ORIENTED_EDGE('',*,*,#4580,.F.);
#3573=ORIENTED_EDGE('',*,*,#4581,.T.);
#3574=ORIENTED_EDGE('',*,*,#4582,.T.);
#3575=ORIENTED_EDGE('',*,*,#4583,.T.);
#3576=ORIENTED_EDGE('',*,*,#4584,.T.);
#3577=ORIENTED_EDGE('',*,*,#4585,.T.);
#3578=ORIENTED_EDGE('',*,*,#4580,.T.);
#3579=ORIENTED_EDGE('',*,*,#4586,.F.);
#3580=ORIENTED_EDGE('',*,*,#4582,.F.);
#3581=ORIENTED_EDGE('',*,*,#4587,.T.);
#3582=ORIENTED_EDGE('',*,*,#4584,.F.);
#3583=ORIENTED_EDGE('',*,*,#4588,.T.);
#3584=ORIENTED_EDGE('',*,*,#4583,.F.);
#3585=ORIENTED_EDGE('',*,*,#4586,.T.);
#3586=ORIENTED_EDGE('',*,*,#4587,.F.);
#3587=ORIENTED_EDGE('',*,*,#4581,.F.);
#3588=ORIENTED_EDGE('',*,*,#4585,.F.);
#3589=ORIENTED_EDGE('',*,*,#4588,.F.);
#3590=ORIENTED_EDGE('',*,*,#4589,.F.);
#3591=ORIENTED_EDGE('',*,*,#4590,.F.);
#3592=ORIENTED_EDGE('',*,*,#4591,.T.);
#3593=ORIENTED_EDGE('',*,*,#4592,.T.);
#3594=ORIENTED_EDGE('',*,*,#4593,.F.);
#3595=ORIENTED_EDGE('',*,*,#4594,.F.);
#3596=ORIENTED_EDGE('',*,*,#4595,.T.);
#3597=ORIENTED_EDGE('',*,*,#4590,.T.);
#3598=ORIENTED_EDGE('',*,*,#4596,.T.);
#3599=ORIENTED_EDGE('',*,*,#4592,.F.);
#3600=ORIENTED_EDGE('',*,*,#4597,.F.);
#3601=ORIENTED_EDGE('',*,*,#4594,.T.);
#3602=ORIENTED_EDGE('',*,*,#4591,.F.);
#3603=ORIENTED_EDGE('',*,*,#4595,.F.);
#3604=ORIENTED_EDGE('',*,*,#4597,.T.);
#3605=ORIENTED_EDGE('',*,*,#4589,.T.);
#3606=ORIENTED_EDGE('',*,*,#4596,.F.);
#3607=ORIENTED_EDGE('',*,*,#4593,.T.);
#3608=ORIENTED_EDGE('',*,*,#4598,.T.);
#3609=ORIENTED_EDGE('',*,*,#4599,.F.);
#3610=ORIENTED_EDGE('',*,*,#4600,.F.);
#3611=ORIENTED_EDGE('',*,*,#4601,.T.);
#3612=ORIENTED_EDGE('',*,*,#4602,.F.);
#3613=ORIENTED_EDGE('',*,*,#4601,.F.);
#3614=ORIENTED_EDGE('',*,*,#4603,.T.);
#3615=ORIENTED_EDGE('',*,*,#4604,.T.);
#3616=ORIENTED_EDGE('',*,*,#4605,.T.);
#3617=ORIENTED_EDGE('',*,*,#4604,.F.);
#3618=ORIENTED_EDGE('',*,*,#4606,.F.);
#3619=ORIENTED_EDGE('',*,*,#4607,.T.);
#3620=ORIENTED_EDGE('',*,*,#4608,.T.);
#3621=ORIENTED_EDGE('',*,*,#4607,.F.);
#3622=ORIENTED_EDGE('',*,*,#4609,.F.);
#3623=ORIENTED_EDGE('',*,*,#4599,.T.);
#3624=ORIENTED_EDGE('',*,*,#4600,.T.);
#3625=ORIENTED_EDGE('',*,*,#4609,.T.);
#3626=ORIENTED_EDGE('',*,*,#4606,.T.);
#3627=ORIENTED_EDGE('',*,*,#4603,.F.);
#3628=ORIENTED_EDGE('',*,*,#4598,.F.);
#3629=ORIENTED_EDGE('',*,*,#4602,.T.);
#3630=ORIENTED_EDGE('',*,*,#4605,.F.);
#3631=ORIENTED_EDGE('',*,*,#4608,.F.);
#3632=ORIENTED_EDGE('',*,*,#4610,.F.);
#3633=ORIENTED_EDGE('',*,*,#4611,.T.);
#3634=ORIENTED_EDGE('',*,*,#4612,.T.);
#3635=ORIENTED_EDGE('',*,*,#4613,.T.);
#3636=ORIENTED_EDGE('',*,*,#4614,.F.);
#3637=ORIENTED_EDGE('',*,*,#4615,.T.);
#3638=ORIENTED_EDGE('',*,*,#4610,.T.);
#3639=ORIENTED_EDGE('',*,*,#4616,.T.);
#3640=ORIENTED_EDGE('',*,*,#4612,.F.);
#3641=ORIENTED_EDGE('',*,*,#4617,.T.);
#3642=ORIENTED_EDGE('',*,*,#4614,.T.);
#3643=ORIENTED_EDGE('',*,*,#4618,.T.);
#3644=ORIENTED_EDGE('',*,*,#4613,.F.);
#3645=ORIENTED_EDGE('',*,*,#4616,.F.);
#3646=ORIENTED_EDGE('',*,*,#4617,.F.);
#3647=ORIENTED_EDGE('',*,*,#4611,.F.);
#3648=ORIENTED_EDGE('',*,*,#4615,.F.);
#3649=ORIENTED_EDGE('',*,*,#4618,.F.);
#3650=ORIENTED_EDGE('',*,*,#4619,.T.);
#3651=ORIENTED_EDGE('',*,*,#4620,.F.);
#3652=ORIENTED_EDGE('',*,*,#4619,.F.);
#3653=ORIENTED_EDGE('',*,*,#4620,.T.);
#3654=ORIENTED_EDGE('',*,*,#4621,.T.);
#3655=ORIENTED_EDGE('',*,*,#4622,.F.);
#3656=ORIENTED_EDGE('',*,*,#4623,.F.);
#3657=ORIENTED_EDGE('',*,*,#4624,.T.);
#3658=ORIENTED_EDGE('',*,*,#4625,.F.);
#3659=ORIENTED_EDGE('',*,*,#4624,.F.);
#3660=ORIENTED_EDGE('',*,*,#4626,.T.);
#3661=ORIENTED_EDGE('',*,*,#4627,.T.);
#3662=ORIENTED_EDGE('',*,*,#4628,.T.);
#3663=ORIENTED_EDGE('',*,*,#4627,.F.);
#3664=ORIENTED_EDGE('',*,*,#4629,.F.);
#3665=ORIENTED_EDGE('',*,*,#4630,.T.);
#3666=ORIENTED_EDGE('',*,*,#4631,.T.);
#3667=ORIENTED_EDGE('',*,*,#4630,.F.);
#3668=ORIENTED_EDGE('',*,*,#4632,.F.);
#3669=ORIENTED_EDGE('',*,*,#4622,.T.);
#3670=ORIENTED_EDGE('',*,*,#4623,.T.);
#3671=ORIENTED_EDGE('',*,*,#4632,.T.);
#3672=ORIENTED_EDGE('',*,*,#4629,.T.);
#3673=ORIENTED_EDGE('',*,*,#4626,.F.);
#3674=ORIENTED_EDGE('',*,*,#4621,.F.);
#3675=ORIENTED_EDGE('',*,*,#4625,.T.);
#3676=ORIENTED_EDGE('',*,*,#4628,.F.);
#3677=ORIENTED_EDGE('',*,*,#4631,.F.);
#3678=ORIENTED_EDGE('',*,*,#4633,.T.);
#3679=ORIENTED_EDGE('',*,*,#4634,.F.);
#3680=ORIENTED_EDGE('',*,*,#4635,.F.);
#3681=ORIENTED_EDGE('',*,*,#4636,.T.);
#3682=ORIENTED_EDGE('',*,*,#4637,.F.);
#3683=ORIENTED_EDGE('',*,*,#4636,.F.);
#3684=ORIENTED_EDGE('',*,*,#4638,.T.);
#3685=ORIENTED_EDGE('',*,*,#4639,.T.);
#3686=ORIENTED_EDGE('',*,*,#4640,.F.);
#3687=ORIENTED_EDGE('',*,*,#4639,.F.);
#3688=ORIENTED_EDGE('',*,*,#4641,.T.);
#3689=ORIENTED_EDGE('',*,*,#4642,.T.);
#3690=ORIENTED_EDGE('',*,*,#4643,.T.);
#3691=ORIENTED_EDGE('',*,*,#4642,.F.);
#3692=ORIENTED_EDGE('',*,*,#4644,.F.);
#3693=ORIENTED_EDGE('',*,*,#4634,.T.);
#3694=ORIENTED_EDGE('',*,*,#4635,.T.);
#3695=ORIENTED_EDGE('',*,*,#4644,.T.);
#3696=ORIENTED_EDGE('',*,*,#4641,.F.);
#3697=ORIENTED_EDGE('',*,*,#4638,.F.);
#3698=ORIENTED_EDGE('',*,*,#4633,.F.);
#3699=ORIENTED_EDGE('',*,*,#4637,.T.);
#3700=ORIENTED_EDGE('',*,*,#4640,.T.);
#3701=ORIENTED_EDGE('',*,*,#4643,.F.);
#3702=EDGE_CURVE('',#4645,#4645,#5279,.T.);
#3703=EDGE_CURVE('',#4646,#4646,#5280,.T.);
#3704=EDGE_CURVE('',#4647,#4648,#284,.T.);
#3705=EDGE_CURVE('',#4649,#4647,#285,.T.);
#3706=EDGE_CURVE('',#4649,#4650,#286,.T.);
#3707=EDGE_CURVE('',#4650,#4648,#287,.T.);
#3708=EDGE_CURVE('',#4647,#4651,#288,.T.);
#3709=EDGE_CURVE('',#4652,#4651,#289,.T.);
#3710=EDGE_CURVE('',#4649,#4652,#290,.T.);
#3711=EDGE_CURVE('',#4653,#4651,#291,.T.);
#3712=EDGE_CURVE('',#4654,#4653,#292,.T.);
#3713=EDGE_CURVE('',#4654,#4652,#293,.T.);
#3714=EDGE_CURVE('',#4653,#4655,#5281,.T.);
#3715=EDGE_CURVE('',#4656,#4655,#294,.T.);
#3716=EDGE_CURVE('',#4654,#4656,#5282,.T.);
#3717=EDGE_CURVE('',#4657,#4655,#295,.T.);
#3718=EDGE_CURVE('',#4658,#4657,#296,.T.);
#3719=EDGE_CURVE('',#4658,#4656,#297,.T.);
#3720=EDGE_CURVE('',#4659,#4657,#5283,.T.);
#3721=EDGE_CURVE('',#4660,#4659,#298,.T.);
#3722=EDGE_CURVE('',#4660,#4658,#5284,.T.);
#3723=EDGE_CURVE('',#4659,#4661,#299,.T.);
#3724=EDGE_CURVE('',#4661,#4662,#300,.F.);
#3725=EDGE_CURVE('',#4660,#4662,#301,.T.);
#3726=EDGE_CURVE('',#4650,#4663,#302,.T.);
#3727=EDGE_CURVE('',#4663,#4664,#303,.T.);
#3728=EDGE_CURVE('',#4648,#4664,#304,.T.);
#3729=EDGE_CURVE('',#4662,#4663,#5285,.T.);
#3730=EDGE_CURVE('',#4664,#4661,#5286,.F.);
#3731=EDGE_CURVE('',#4665,#4666,#24,.T.);
#3732=EDGE_CURVE('',#4667,#4665,#305,.T.);
#3733=EDGE_CURVE('',#4667,#4668,#25,.T.);
#3734=EDGE_CURVE('',#4668,#4666,#306,.T.);
#3735=EDGE_CURVE('',#4665,#4669,#5287,.T.);
#3736=EDGE_CURVE('',#4670,#4669,#307,.T.);
#3737=EDGE_CURVE('',#4667,#4670,#5288,.T.);
#3738=EDGE_CURVE('',#4669,#4671,#308,.T.);
#3739=EDGE_CURVE('',#4672,#4671,#309,.T.);
#3740=EDGE_CURVE('',#4670,#4672,#310,.T.);
#3741=EDGE_CURVE('',#4673,#4671,#26,.T.);
#3742=EDGE_CURVE('',#4674,#4673,#311,.T.);
#3743=EDGE_CURVE('',#4674,#4672,#27,.T.);
#3744=EDGE_CURVE('',#4675,#4673,#28,.T.);
#3745=EDGE_CURVE('',#4676,#4675,#312,.T.);
#3746=EDGE_CURVE('',#4676,#4674,#29,.T.);
#3747=EDGE_CURVE('',#4677,#4675,#30,.T.);
#3748=EDGE_CURVE('',#4678,#4677,#313,.T.);
#3749=EDGE_CURVE('',#4678,#4676,#31,.T.);
#3750=EDGE_CURVE('',#4679,#4677,#32,.T.);
#3751=EDGE_CURVE('',#4680,#4679,#314,.T.);
#3752=EDGE_CURVE('',#4680,#4678,#33,.T.);
#3753=EDGE_CURVE('',#4679,#4681,#34,.T.);
#3754=EDGE_CURVE('',#4682,#4681,#315,.T.);
#3755=EDGE_CURVE('',#4680,#4682,#35,.T.);
#3756=EDGE_CURVE('',#4666,#4681,#36,.T.);
#3757=EDGE_CURVE('',#4668,#4682,#37,.T.);
#3758=EDGE_CURVE('',#4683,#4684,#316,.T.);
#3759=EDGE_CURVE('',#4685,#4683,#317,.T.);
#3760=EDGE_CURVE('',#4685,#4686,#318,.T.);
#3761=EDGE_CURVE('',#4686,#4684,#319,.T.);
#3762=EDGE_CURVE('',#4684,#4687,#320,.T.);
#3763=EDGE_CURVE('',#4686,#4688,#321,.T.);
#3764=EDGE_CURVE('',#4688,#4687,#322,.T.);
#3765=EDGE_CURVE('',#4687,#4689,#323,.T.);
#3766=EDGE_CURVE('',#4688,#4690,#324,.T.);
#3767=EDGE_CURVE('',#4690,#4689,#325,.T.);
#3768=EDGE_CURVE('',#4689,#4683,#326,.T.);
#3769=EDGE_CURVE('',#4690,#4685,#327,.T.);
#3770=EDGE_CURVE('',#4691,#4692,#328,.T.);
#3771=EDGE_CURVE('',#4693,#4691,#329,.T.);
#3772=EDGE_CURVE('',#4693,#4694,#330,.T.);
#3773=EDGE_CURVE('',#4694,#4692,#331,.T.);
#3774=EDGE_CURVE('',#4695,#4691,#5289,.T.);
#3775=EDGE_CURVE('',#4696,#4695,#332,.T.);
#3776=EDGE_CURVE('',#4696,#4693,#5290,.T.);
#3777=EDGE_CURVE('',#4695,#4692,#333,.T.);
#3778=EDGE_CURVE('',#4696,#4694,#334,.T.);
#3779=EDGE_CURVE('',#4697,#4698,#38,.T.);
#3780=EDGE_CURVE('',#4699,#4697,#335,.T.);
#3781=EDGE_CURVE('',#4699,#4700,#39,.T.);
#3782=EDGE_CURVE('',#4700,#4698,#336,.T.);
#3783=EDGE_CURVE('',#4701,#4697,#40,.T.);
#3784=EDGE_CURVE('',#4702,#4701,#337,.T.);
#3785=EDGE_CURVE('',#4702,#4699,#41,.T.);
#3786=EDGE_CURVE('',#4703,#4701,#338,.T.);
#3787=EDGE_CURVE('',#4704,#4703,#339,.T.);
#3788=EDGE_CURVE('',#4704,#4702,#340,.T.);
#3789=EDGE_CURVE('',#4703,#4705,#42,.T.);
#3790=EDGE_CURVE('',#4706,#4705,#341,.T.);
#3791=EDGE_CURVE('',#4704,#4706,#43,.T.);
#3792=EDGE_CURVE('',#4705,#4707,#342,.T.);
#3793=EDGE_CURVE('',#4708,#4707,#343,.T.);
#3794=EDGE_CURVE('',#4706,#4708,#344,.T.);
#3795=EDGE_CURVE('',#4709,#4707,#44,.T.);
#3796=EDGE_CURVE('',#4710,#4709,#345,.T.);
#3797=EDGE_CURVE('',#4710,#4708,#45,.T.);
#3798=EDGE_CURVE('',#4711,#4709,#46,.T.);
#3799=EDGE_CURVE('',#4712,#4711,#346,.T.);
#3800=EDGE_CURVE('',#4712,#4710,#47,.T.);
#3801=EDGE_CURVE('',#4713,#4711,#48,.T.);
#3802=EDGE_CURVE('',#4714,#4713,#347,.T.);
#3803=EDGE_CURVE('',#4714,#4712,#49,.T.);
#3804=EDGE_CURVE('',#4713,#4715,#50,.T.);
#3805=EDGE_CURVE('',#4716,#4715,#348,.T.);
#3806=EDGE_CURVE('',#4714,#4716,#51,.T.);
#3807=EDGE_CURVE('',#4717,#4715,#52,.T.);
#3808=EDGE_CURVE('',#4718,#4717,#349,.T.);
#3809=EDGE_CURVE('',#4718,#4716,#53,.T.);
#3810=EDGE_CURVE('',#4719,#4717,#54,.T.);
#3811=EDGE_CURVE('',#4720,#4719,#350,.T.);
#3812=EDGE_CURVE('',#4720,#4718,#55,.T.);
#3813=EDGE_CURVE('',#4721,#4719,#56,.T.);
#3814=EDGE_CURVE('',#4722,#4721,#351,.T.);
#3815=EDGE_CURVE('',#4722,#4720,#57,.T.);
#3816=EDGE_CURVE('',#4723,#4721,#58,.T.);
#3817=EDGE_CURVE('',#4724,#4723,#352,.T.);
#3818=EDGE_CURVE('',#4724,#4722,#59,.T.);
#3819=EDGE_CURVE('',#4725,#4723,#60,.T.);
#3820=EDGE_CURVE('',#4726,#4725,#353,.T.);
#3821=EDGE_CURVE('',#4726,#4724,#61,.T.);
#3822=EDGE_CURVE('',#4727,#4725,#22,.T.);
#3823=EDGE_CURVE('',#4728,#4727,#354,.T.);
#3824=EDGE_CURVE('',#4728,#4726,#23,.T.);
#3825=EDGE_CURVE('',#4698,#4727,#62,.T.);
#3826=EDGE_CURVE('',#4700,#4728,#63,.T.);
#3827=EDGE_CURVE('',#4729,#4730,#5291,.F.);
#3828=EDGE_CURVE('',#4730,#4731,#355,.F.);
#3829=EDGE_CURVE('',#4732,#4731,#5292,.T.);
#3830=EDGE_CURVE('',#4732,#4729,#356,.T.);
#3831=EDGE_CURVE('',#4733,#4733,#5293,.T.);
#3832=EDGE_CURVE('',#4734,#4735,#357,.T.);
#3833=EDGE_CURVE('',#4734,#4736,#5294,.F.);
#3834=EDGE_CURVE('',#4736,#4737,#5295,.T.);
#3835=EDGE_CURVE('',#4737,#4735,#5296,.F.);
#3836=EDGE_CURVE('',#4738,#4739,#358,.T.);
#3837=EDGE_CURVE('',#4738,#4734,#359,.T.);
#3838=EDGE_CURVE('',#4735,#4739,#360,.F.);
#3839=EDGE_CURVE('',#4731,#4738,#5297,.T.);
#3840=EDGE_CURVE('',#4739,#4732,#5298,.T.);
#3841=EDGE_CURVE('',#4736,#4730,#64,.T.);
#3842=EDGE_CURVE('',#4729,#4737,#65,.F.);
#3843=EDGE_CURVE('',#4740,#4741,#5299,.T.);
#3844=EDGE_CURVE('',#4742,#4741,#361,.T.);
#3845=EDGE_CURVE('',#4743,#4742,#5300,.T.);
#3846=EDGE_CURVE('',#4743,#4740,#362,.T.);
#3847=EDGE_CURVE('',#4740,#4744,#5301,.T.);
#3848=EDGE_CURVE('',#4743,#4745,#5302,.T.);
#3849=EDGE_CURVE('',#4745,#4744,#363,.T.);
#3850=EDGE_CURVE('',#4744,#4746,#5303,.T.);
#3851=EDGE_CURVE('',#4745,#4747,#5304,.T.);
#3852=EDGE_CURVE('',#4747,#4746,#364,.T.);
#3853=EDGE_CURVE('',#4741,#4746,#5305,.T.);
#3854=EDGE_CURVE('',#4742,#4747,#5306,.T.);
#3855=EDGE_CURVE('',#4748,#4749,#365,.T.);
#3856=EDGE_CURVE('',#4749,#4750,#5307,.F.);
#3857=EDGE_CURVE('',#4750,#4751,#5308,.T.);
#3858=EDGE_CURVE('',#4751,#4748,#5309,.F.);
#3859=EDGE_CURVE('',#4752,#4753,#5310,.F.);
#3860=EDGE_CURVE('',#4753,#4754,#366,.F.);
#3861=EDGE_CURVE('',#4755,#4754,#5311,.T.);
#3862=EDGE_CURVE('',#4755,#4752,#367,.T.);
#3863=EDGE_CURVE('',#4756,#4756,#5312,.T.);
#3864=EDGE_CURVE('',#4757,#4758,#368,.T.);
#3865=EDGE_CURVE('',#4758,#4749,#369,.F.);
#3866=EDGE_CURVE('',#4748,#4757,#370,.T.);
#3867=EDGE_CURVE('',#4754,#4758,#5313,.T.);
#3868=EDGE_CURVE('',#4757,#4755,#5314,.T.);
#3869=EDGE_CURVE('',#4750,#4753,#66,.T.);
#3870=EDGE_CURVE('',#4752,#4751,#67,.F.);
#3871=EDGE_CURVE('',#4759,#4760,#5315,.T.);
#3872=EDGE_CURVE('',#4761,#4759,#371,.T.);
#3873=EDGE_CURVE('',#4761,#4762,#5316,.T.);
#3874=EDGE_CURVE('',#4762,#4760,#372,.T.);
#3875=EDGE_CURVE('',#4759,#4763,#373,.T.);
#3876=EDGE_CURVE('',#4764,#4763,#374,.T.);
#3877=EDGE_CURVE('',#4761,#4764,#375,.T.);
#3878=EDGE_CURVE('',#4763,#4765,#5317,.T.);
#3879=EDGE_CURVE('',#4766,#4765,#376,.T.);
#3880=EDGE_CURVE('',#4764,#4766,#5318,.T.);
#3881=EDGE_CURVE('',#4760,#4765,#377,.T.);
#3882=EDGE_CURVE('',#4762,#4766,#378,.T.);
#3883=EDGE_CURVE('',#4767,#4768,#379,.T.);
#3884=EDGE_CURVE('',#4769,#4767,#380,.T.);
#3885=EDGE_CURVE('',#4769,#4770,#381,.T.);
#3886=EDGE_CURVE('',#4770,#4768,#382,.T.);
#3887=EDGE_CURVE('',#4771,#4767,#383,.T.);
#3888=EDGE_CURVE('',#4772,#4771,#384,.T.);
#3889=EDGE_CURVE('',#4772,#4769,#385,.T.);
#3890=EDGE_CURVE('',#4773,#4771,#5319,.T.);
#3891=EDGE_CURVE('',#4774,#4773,#386,.T.);
#3892=EDGE_CURVE('',#4774,#4772,#5320,.T.);
#3893=EDGE_CURVE('',#4773,#4768,#387,.T.);
#3894=EDGE_CURVE('',#4774,#4770,#388,.T.);
#3895=EDGE_CURVE('',#4775,#4776,#389,.T.);
#3896=EDGE_CURVE('',#4775,#4777,#68,.T.);
#3897=EDGE_CURVE('',#4777,#4778,#390,.T.);
#3898=EDGE_CURVE('',#4778,#4779,#391,.T.);
#3899=EDGE_CURVE('',#4780,#4779,#392,.T.);
#3900=EDGE_CURVE('',#4780,#4776,#69,.T.);
#3901=EDGE_CURVE('',#4777,#4780,#5321,.F.);
#3902=EDGE_CURVE('',#4779,#4778,#5322,.T.);
#3903=EDGE_CURVE('',#4776,#4775,#5323,.T.);
#3904=EDGE_CURVE('',#4781,#4782,#393,.T.);
#3905=EDGE_CURVE('',#4782,#4783,#394,.T.);
#3906=EDGE_CURVE('',#4783,#4784,#395,.F.);
#3907=EDGE_CURVE('',#4784,#4781,#396,.F.);
#3908=EDGE_CURVE('',#4785,#4786,#397,.T.);
#3909=EDGE_CURVE('',#4786,#4787,#398,.T.);
#3910=EDGE_CURVE('',#4787,#4788,#399,.T.);
#3911=EDGE_CURVE('',#4788,#4789,#400,.T.);
#3912=EDGE_CURVE('',#4789,#4790,#401,.T.);
#3913=EDGE_CURVE('',#4790,#4791,#402,.T.);
#3914=EDGE_CURVE('',#4791,#4785,#403,.T.);
#3915=EDGE_CURVE('',#4792,#4793,#404,.T.);
#3916=EDGE_CURVE('',#4793,#4794,#405,.T.);
#3917=EDGE_CURVE('',#4794,#4795,#406,.T.);
#3918=EDGE_CURVE('',#4795,#4792,#407,.T.);
#3919=EDGE_CURVE('',#4796,#4797,#408,.T.);
#3920=EDGE_CURVE('',#4796,#4798,#409,.T.);
#3921=EDGE_CURVE('',#4798,#4799,#5324,.T.);
#3922=EDGE_CURVE('',#4799,#4800,#70,.T.);
#3923=EDGE_CURVE('',#4800,#4801,#71,.T.);
#3924=EDGE_CURVE('',#4801,#4802,#72,.T.);
#3925=EDGE_CURVE('',#4802,#4803,#73,.T.);
#3926=EDGE_CURVE('',#4803,#4804,#74,.T.);
#3927=EDGE_CURVE('',#4804,#4805,#75,.T.);
#3928=EDGE_CURVE('',#4805,#4806,#5325,.T.);
#3929=EDGE_CURVE('',#4806,#4807,#410,.T.);
#3930=EDGE_CURVE('',#4808,#4807,#411,.T.);
#3931=EDGE_CURVE('',#4808,#4809,#5326,.F.);
#3932=EDGE_CURVE('',#4809,#4810,#76,.T.);
#3933=EDGE_CURVE('',#4810,#4811,#77,.T.);
#3934=EDGE_CURVE('',#4811,#4812,#78,.T.);
#3935=EDGE_CURVE('',#4812,#4813,#79,.T.);
#3936=EDGE_CURVE('',#4813,#4814,#80,.T.);
#3937=EDGE_CURVE('',#4814,#4815,#81,.T.);
#3938=EDGE_CURVE('',#4815,#4797,#5327,.F.);
#3939=EDGE_CURVE('',#4816,#4817,#412,.T.);
#3940=EDGE_CURVE('',#4816,#4818,#5328,.F.);
#3941=EDGE_CURVE('',#4818,#4819,#82,.T.);
#3942=EDGE_CURVE('',#4819,#4820,#83,.T.);
#3943=EDGE_CURVE('',#4820,#4821,#84,.T.);
#3944=EDGE_CURVE('',#4821,#4822,#85,.T.);
#3945=EDGE_CURVE('',#4822,#4823,#86,.T.);
#3946=EDGE_CURVE('',#4823,#4824,#87,.T.);
#3947=EDGE_CURVE('',#4824,#4825,#5329,.F.);
#3948=EDGE_CURVE('',#4826,#4825,#413,.T.);
#3949=EDGE_CURVE('',#4826,#4827,#414,.T.);
#3950=EDGE_CURVE('',#4827,#4828,#5330,.T.);
#3951=EDGE_CURVE('',#4828,#4829,#88,.T.);
#3952=EDGE_CURVE('',#4829,#4830,#89,.T.);
#3953=EDGE_CURVE('',#4830,#4831,#90,.T.);
#3954=EDGE_CURVE('',#4831,#4832,#91,.T.);
#3955=EDGE_CURVE('',#4832,#4833,#92,.T.);
#3956=EDGE_CURVE('',#4833,#4834,#93,.T.);
#3957=EDGE_CURVE('',#4834,#4835,#5331,.T.);
#3958=EDGE_CURVE('',#4835,#4817,#415,.T.);
#3959=EDGE_CURVE('',#4836,#4837,#416,.T.);
#3960=EDGE_CURVE('',#4837,#4838,#417,.T.);
#3961=EDGE_CURVE('',#4838,#4839,#418,.T.);
#3962=EDGE_CURVE('',#4839,#4840,#419,.T.);
#3963=EDGE_CURVE('',#4840,#4841,#420,.T.);
#3964=EDGE_CURVE('',#4841,#4842,#421,.T.);
#3965=EDGE_CURVE('',#4842,#4843,#422,.T.);
#3966=EDGE_CURVE('',#4843,#4836,#423,.T.);
#3967=EDGE_CURVE('',#4844,#4845,#424,.T.);
#3968=EDGE_CURVE('',#4845,#4846,#425,.T.);
#3969=EDGE_CURVE('',#4846,#4847,#426,.T.);
#3970=EDGE_CURVE('',#4847,#4848,#427,.T.);
#3971=EDGE_CURVE('',#4848,#4849,#428,.T.);
#3972=EDGE_CURVE('',#4849,#4850,#429,.T.);
#3973=EDGE_CURVE('',#4850,#4844,#430,.T.);
#3974=EDGE_CURVE('',#4851,#4852,#431,.T.);
#3975=EDGE_CURVE('',#4852,#4853,#432,.T.);
#3976=EDGE_CURVE('',#4853,#4854,#433,.T.);
#3977=EDGE_CURVE('',#4854,#4851,#434,.T.);
#3978=EDGE_CURVE('',#4855,#4856,#435,.T.);
#3979=EDGE_CURVE('',#4856,#4857,#436,.T.);
#3980=EDGE_CURVE('',#4857,#4858,#437,.T.);
#3981=EDGE_CURVE('',#4858,#4855,#438,.T.);
#3982=EDGE_CURVE('',#4859,#4860,#439,.T.);
#3983=EDGE_CURVE('',#4860,#4861,#440,.T.);
#3984=EDGE_CURVE('',#4861,#4862,#441,.T.);
#3985=EDGE_CURVE('',#4862,#4863,#442,.T.);
#3986=EDGE_CURVE('',#4863,#4864,#443,.T.);
#3987=EDGE_CURVE('',#4864,#4865,#444,.T.);
#3988=EDGE_CURVE('',#4865,#4859,#445,.T.);
#3989=EDGE_CURVE('',#4866,#4867,#446,.T.);
#3990=EDGE_CURVE('',#4867,#4868,#447,.T.);
#3991=EDGE_CURVE('',#4868,#4869,#448,.T.);
#3992=EDGE_CURVE('',#4869,#4866,#449,.T.);
#3993=EDGE_CURVE('',#4870,#4871,#450,.T.);
#3994=EDGE_CURVE('',#4871,#4872,#451,.T.);
#3995=EDGE_CURVE('',#4872,#4873,#452,.T.);
#3996=EDGE_CURVE('',#4873,#4874,#453,.T.);
#3997=EDGE_CURVE('',#4874,#4875,#454,.T.);
#3998=EDGE_CURVE('',#4875,#4876,#455,.T.);
#3999=EDGE_CURVE('',#4876,#4877,#456,.T.);
#4000=EDGE_CURVE('',#4877,#4870,#457,.T.);
#4001=EDGE_CURVE('',#4878,#4879,#458,.T.);
#4002=EDGE_CURVE('',#4879,#4880,#459,.T.);
#4003=EDGE_CURVE('',#4880,#4881,#460,.T.);
#4004=EDGE_CURVE('',#4881,#4882,#461,.T.);
#4005=EDGE_CURVE('',#4882,#4883,#462,.T.);
#4006=EDGE_CURVE('',#4883,#4884,#463,.T.);
#4007=EDGE_CURVE('',#4884,#4885,#464,.T.);
#4008=EDGE_CURVE('',#4885,#4878,#465,.T.);
#4009=EDGE_CURVE('',#4886,#4887,#94,.T.);
#4010=EDGE_CURVE('',#4887,#4888,#466,.T.);
#4011=EDGE_CURVE('',#4888,#4889,#467,.T.);
#4012=EDGE_CURVE('',#4889,#4890,#468,.T.);
#4013=EDGE_CURVE('',#4890,#4891,#95,.T.);
#4014=EDGE_CURVE('',#4891,#4892,#96,.T.);
#4015=EDGE_CURVE('',#4892,#4893,#5332,.T.);
#4016=EDGE_CURVE('',#4893,#4894,#97,.T.);
#4017=EDGE_CURVE('',#4894,#4895,#98,.T.);
#4018=EDGE_CURVE('',#4895,#4896,#99,.T.);
#4019=EDGE_CURVE('',#4896,#4897,#469,.T.);
#4020=EDGE_CURVE('',#4897,#4898,#470,.T.);
#4021=EDGE_CURVE('',#4898,#4899,#471,.T.);
#4022=EDGE_CURVE('',#4899,#4900,#100,.T.);
#4023=EDGE_CURVE('',#4900,#4901,#101,.T.);
#4024=EDGE_CURVE('',#4901,#4902,#5333,.F.);
#4025=EDGE_CURVE('',#4902,#4903,#5334,.F.);
#4026=EDGE_CURVE('',#4903,#4904,#102,.T.);
#4027=EDGE_CURVE('',#4904,#4905,#103,.T.);
#4028=EDGE_CURVE('',#4905,#4906,#104,.T.);
#4029=EDGE_CURVE('',#4906,#4907,#105,.T.);
#4030=EDGE_CURVE('',#4907,#4886,#106,.T.);
#4031=EDGE_CURVE('',#4908,#4909,#472,.T.);
#4032=EDGE_CURVE('',#4909,#4910,#473,.T.);
#4033=EDGE_CURVE('',#4910,#4911,#474,.T.);
#4034=EDGE_CURVE('',#4911,#4908,#475,.T.);
#4035=EDGE_CURVE('',#4912,#4913,#476,.T.);
#4036=EDGE_CURVE('',#4913,#4914,#477,.T.);
#4037=EDGE_CURVE('',#4914,#4915,#478,.T.);
#4038=EDGE_CURVE('',#4915,#4912,#479,.T.);
#4039=EDGE_CURVE('',#4916,#4917,#5335,.F.);
#4040=EDGE_CURVE('',#4917,#4918,#480,.T.);
#4041=EDGE_CURVE('',#4918,#4919,#481,.T.);
#4042=EDGE_CURVE('',#4919,#4920,#482,.T.);
#4043=EDGE_CURVE('',#4920,#4921,#107,.T.);
#4044=EDGE_CURVE('',#4921,#4922,#108,.T.);
#4045=EDGE_CURVE('',#4922,#4923,#109,.T.);
#4046=EDGE_CURVE('',#4923,#4924,#110,.T.);
#4047=EDGE_CURVE('',#4924,#4925,#483,.T.);
#4048=EDGE_CURVE('',#4925,#4926,#484,.T.);
#4049=EDGE_CURVE('',#4926,#4927,#485,.T.);
#4050=EDGE_CURVE('',#4927,#4928,#5336,.T.);
#4051=EDGE_CURVE('',#4928,#4929,#5337,.T.);
#4052=EDGE_CURVE('',#4929,#4930,#111,.T.);
#4053=EDGE_CURVE('',#4930,#4931,#112,.T.);
#4054=EDGE_CURVE('',#4931,#4932,#5338,.T.);
#4055=EDGE_CURVE('',#4932,#4933,#5339,.T.);
#4056=EDGE_CURVE('',#4933,#4934,#113,.T.);
#4057=EDGE_CURVE('',#4934,#4935,#114,.T.);
#4058=EDGE_CURVE('',#4935,#4936,#486,.T.);
#4059=EDGE_CURVE('',#4936,#4937,#487,.T.);
#4060=EDGE_CURVE('',#4937,#4938,#488,.T.);
#4061=EDGE_CURVE('',#4938,#4939,#5340,.F.);
#4062=EDGE_CURVE('',#4939,#4940,#115,.T.);
#4063=EDGE_CURVE('',#4940,#4941,#116,.T.);
#4064=EDGE_CURVE('',#4941,#4942,#117,.T.);
#4065=EDGE_CURVE('',#4942,#4943,#118,.T.);
#4066=EDGE_CURVE('',#4943,#4944,#119,.T.);
#4067=EDGE_CURVE('',#4944,#4945,#5341,.F.);
#4068=EDGE_CURVE('',#4945,#4946,#120,.T.);
#4069=EDGE_CURVE('',#4946,#4947,#121,.T.);
#4070=EDGE_CURVE('',#4947,#4948,#5342,.F.);
#4071=EDGE_CURVE('',#4948,#4949,#122,.T.);
#4072=EDGE_CURVE('',#4949,#4950,#123,.T.);
#4073=EDGE_CURVE('',#4950,#4951,#124,.T.);
#4074=EDGE_CURVE('',#4951,#4952,#125,.T.);
#4075=EDGE_CURVE('',#4952,#4953,#126,.T.);
#4076=EDGE_CURVE('',#4953,#4954,#5343,.F.);
#4077=EDGE_CURVE('',#4954,#4916,#127,.T.);
#4078=EDGE_CURVE('',#4955,#4956,#489,.T.);
#4079=EDGE_CURVE('',#4956,#4957,#490,.T.);
#4080=EDGE_CURVE('',#4957,#4958,#491,.T.);
#4081=EDGE_CURVE('',#4958,#4955,#492,.T.);
#4082=EDGE_CURVE('',#4782,#4957,#10,.F.);
#4083=EDGE_CURVE('',#4958,#4781,#11,.T.);
#4084=EDGE_CURVE('',#4955,#4784,#12,.T.);
#4085=EDGE_CURVE('',#4783,#4956,#13,.F.);
#4086=EDGE_CURVE('',#4959,#4786,#493,.T.);
#4087=EDGE_CURVE('',#4959,#4960,#494,.T.);
#4088=EDGE_CURVE('',#4960,#4787,#495,.T.);
#4089=EDGE_CURVE('',#4961,#4785,#496,.T.);
#4090=EDGE_CURVE('',#4961,#4959,#497,.T.);
#4091=EDGE_CURVE('',#4962,#4791,#498,.T.);
#4092=EDGE_CURVE('',#4962,#4961,#499,.T.);
#4093=EDGE_CURVE('',#4963,#4790,#500,.T.);
#4094=EDGE_CURVE('',#4963,#4962,#501,.T.);
#4095=EDGE_CURVE('',#4964,#4789,#502,.T.);
#4096=EDGE_CURVE('',#4964,#4963,#503,.T.);
#4097=EDGE_CURVE('',#4965,#4788,#504,.T.);
#4098=EDGE_CURVE('',#4965,#4964,#505,.T.);
#4099=EDGE_CURVE('',#4960,#4965,#506,.T.);
#4100=EDGE_CURVE('',#4966,#4793,#507,.T.);
#4101=EDGE_CURVE('',#4966,#4967,#508,.T.);
#4102=EDGE_CURVE('',#4967,#4794,#509,.T.);
#4103=EDGE_CURVE('',#4968,#4792,#510,.T.);
#4104=EDGE_CURVE('',#4968,#4966,#511,.T.);
#4105=EDGE_CURVE('',#4969,#4795,#512,.T.);
#4106=EDGE_CURVE('',#4969,#4968,#513,.T.);
#4107=EDGE_CURVE('',#4967,#4969,#514,.T.);
#4108=EDGE_CURVE('',#4970,#4796,#515,.T.);
#4109=EDGE_CURVE('',#4970,#4971,#516,.T.);
#4110=EDGE_CURVE('',#4971,#4798,#517,.T.);
#4111=EDGE_CURVE('',#4972,#4797,#518,.T.);
#4112=EDGE_CURVE('',#4970,#4972,#519,.T.);
#4113=EDGE_CURVE('',#4973,#4815,#520,.T.);
#4114=EDGE_CURVE('',#4973,#4972,#5344,.F.);
#4115=EDGE_CURVE('',#4974,#4814,#521,.T.);
#4116=EDGE_CURVE('',#4974,#4973,#128,.T.);
#4117=EDGE_CURVE('',#4975,#4813,#522,.T.);
#4118=EDGE_CURVE('',#4975,#4974,#129,.T.);
#4119=EDGE_CURVE('',#4976,#4812,#523,.T.);
#4120=EDGE_CURVE('',#4976,#4975,#130,.T.);
#4121=EDGE_CURVE('',#4977,#4811,#524,.T.);
#4122=EDGE_CURVE('',#4977,#4976,#131,.T.);
#4123=EDGE_CURVE('',#4978,#4810,#525,.T.);
#4124=EDGE_CURVE('',#4978,#4977,#132,.T.);
#4125=EDGE_CURVE('',#4979,#4809,#526,.T.);
#4126=EDGE_CURVE('',#4979,#4978,#133,.T.);
#4127=EDGE_CURVE('',#4980,#4808,#527,.T.);
#4128=EDGE_CURVE('',#4980,#4979,#5345,.F.);
#4129=EDGE_CURVE('',#4981,#4807,#528,.T.);
#4130=EDGE_CURVE('',#4980,#4981,#529,.T.);
#4131=EDGE_CURVE('',#4982,#4806,#530,.T.);
#4132=EDGE_CURVE('',#4982,#4981,#531,.T.);
#4133=EDGE_CURVE('',#4983,#4805,#532,.T.);
#4134=EDGE_CURVE('',#4983,#4982,#5346,.T.);
#4135=EDGE_CURVE('',#4984,#4804,#533,.T.);
#4136=EDGE_CURVE('',#4984,#4983,#134,.T.);
#4137=EDGE_CURVE('',#4985,#4803,#534,.T.);
#4138=EDGE_CURVE('',#4985,#4984,#135,.T.);
#4139=EDGE_CURVE('',#4986,#4802,#535,.T.);
#4140=EDGE_CURVE('',#4986,#4985,#136,.T.);
#4141=EDGE_CURVE('',#4987,#4801,#536,.T.);
#4142=EDGE_CURVE('',#4987,#4986,#137,.T.);
#4143=EDGE_CURVE('',#4988,#4800,#537,.T.);
#4144=EDGE_CURVE('',#4988,#4987,#138,.T.);
#4145=EDGE_CURVE('',#4989,#4799,#538,.T.);
#4146=EDGE_CURVE('',#4989,#4988,#139,.T.);
#4147=EDGE_CURVE('',#4971,#4989,#5347,.T.);
#4148=EDGE_CURVE('',#4990,#4816,#539,.T.);
#4149=EDGE_CURVE('',#4990,#4991,#5348,.F.);
#4150=EDGE_CURVE('',#4991,#4818,#540,.T.);
#4151=EDGE_CURVE('',#4992,#4817,#541,.T.);
#4152=EDGE_CURVE('',#4990,#4992,#542,.T.);
#4153=EDGE_CURVE('',#4993,#4835,#543,.T.);
#4154=EDGE_CURVE('',#4993,#4992,#544,.T.);
#4155=EDGE_CURVE('',#4994,#4834,#545,.T.);
#4156=EDGE_CURVE('',#4994,#4993,#5349,.T.);
#4157=EDGE_CURVE('',#4995,#4833,#546,.T.);
#4158=EDGE_CURVE('',#4995,#4994,#140,.T.);
#4159=EDGE_CURVE('',#4996,#4832,#547,.T.);
#4160=EDGE_CURVE('',#4996,#4995,#141,.T.);
#4161=EDGE_CURVE('',#4997,#4831,#548,.T.);
#4162=EDGE_CURVE('',#4997,#4996,#142,.T.);
#4163=EDGE_CURVE('',#4998,#4830,#549,.T.);
#4164=EDGE_CURVE('',#4998,#4997,#143,.T.);
#4165=EDGE_CURVE('',#4999,#4829,#550,.T.);
#4166=EDGE_CURVE('',#4999,#4998,#144,.T.);
#4167=EDGE_CURVE('',#5000,#4828,#551,.T.);
#4168=EDGE_CURVE('',#5000,#4999,#145,.T.);
#4169=EDGE_CURVE('',#5001,#4827,#552,.T.);
#4170=EDGE_CURVE('',#5001,#5000,#5350,.T.);
#4171=EDGE_CURVE('',#5002,#4826,#553,.T.);
#4172=EDGE_CURVE('',#5002,#5001,#554,.T.);
#4173=EDGE_CURVE('',#5003,#4825,#555,.T.);
#4174=EDGE_CURVE('',#5002,#5003,#556,.T.);
#4175=EDGE_CURVE('',#5004,#4824,#557,.T.);
#4176=EDGE_CURVE('',#5004,#5003,#5351,.F.);
#4177=EDGE_CURVE('',#5005,#4823,#558,.T.);
#4178=EDGE_CURVE('',#5005,#5004,#146,.T.);
#4179=EDGE_CURVE('',#5006,#4822,#559,.T.);
#4180=EDGE_CURVE('',#5006,#5005,#147,.T.);
#4181=EDGE_CURVE('',#5007,#4821,#560,.T.);
#4182=EDGE_CURVE('',#5007,#5006,#148,.T.);
#4183=EDGE_CURVE('',#5008,#4820,#561,.T.);
#4184=EDGE_CURVE('',#5008,#5007,#149,.T.);
#4185=EDGE_CURVE('',#5009,#4819,#562,.T.);
#4186=EDGE_CURVE('',#5009,#5008,#150,.T.);
#4187=EDGE_CURVE('',#4991,#5009,#151,.T.);
#4188=EDGE_CURVE('',#5010,#4837,#563,.T.);
#4189=EDGE_CURVE('',#5010,#5011,#564,.T.);
#4190=EDGE_CURVE('',#5011,#4838,#565,.T.);
#4191=EDGE_CURVE('',#5012,#4836,#566,.T.);
#4192=EDGE_CURVE('',#5012,#5010,#567,.T.);
#4193=EDGE_CURVE('',#5013,#4843,#568,.T.);
#4194=EDGE_CURVE('',#5013,#5012,#569,.T.);
#4195=EDGE_CURVE('',#5014,#4842,#570,.T.);
#4196=EDGE_CURVE('',#5014,#5013,#571,.T.);
#4197=EDGE_CURVE('',#5015,#4841,#572,.T.);
#4198=EDGE_CURVE('',#5015,#5014,#573,.T.);
#4199=EDGE_CURVE('',#5016,#4840,#574,.T.);
#4200=EDGE_CURVE('',#5016,#5015,#575,.T.);
#4201=EDGE_CURVE('',#5017,#4839,#576,.T.);
#4202=EDGE_CURVE('',#5017,#5016,#577,.T.);
#4203=EDGE_CURVE('',#5011,#5017,#578,.T.);
#4204=EDGE_CURVE('',#5018,#4845,#579,.T.);
#4205=EDGE_CURVE('',#5018,#5019,#580,.T.);
#4206=EDGE_CURVE('',#5019,#4846,#581,.T.);
#4207=EDGE_CURVE('',#5020,#4844,#582,.T.);
#4208=EDGE_CURVE('',#5020,#5018,#583,.T.);
#4209=EDGE_CURVE('',#5021,#4850,#584,.T.);
#4210=EDGE_CURVE('',#5021,#5020,#585,.T.);
#4211=EDGE_CURVE('',#5022,#4849,#586,.T.);
#4212=EDGE_CURVE('',#5022,#5021,#587,.T.);
#4213=EDGE_CURVE('',#5023,#4848,#588,.T.);
#4214=EDGE_CURVE('',#5023,#5022,#589,.T.);
#4215=EDGE_CURVE('',#5024,#4847,#590,.T.);
#4216=EDGE_CURVE('',#5024,#5023,#591,.T.);
#4217=EDGE_CURVE('',#5019,#5024,#592,.T.);
#4218=EDGE_CURVE('',#5025,#4852,#593,.T.);
#4219=EDGE_CURVE('',#5025,#5026,#594,.T.);
#4220=EDGE_CURVE('',#5026,#4853,#595,.T.);
#4221=EDGE_CURVE('',#5027,#4851,#596,.T.);
#4222=EDGE_CURVE('',#5027,#5025,#597,.T.);
#4223=EDGE_CURVE('',#5028,#4854,#598,.T.);
#4224=EDGE_CURVE('',#5028,#5027,#599,.T.);
#4225=EDGE_CURVE('',#5026,#5028,#600,.T.);
#4226=EDGE_CURVE('',#5029,#4856,#601,.T.);
#4227=EDGE_CURVE('',#5029,#5030,#602,.T.);
#4228=EDGE_CURVE('',#5030,#4857,#603,.T.);
#4229=EDGE_CURVE('',#5031,#4855,#604,.T.);
#4230=EDGE_CURVE('',#5031,#5029,#605,.T.);
#4231=EDGE_CURVE('',#5032,#4858,#606,.T.);
#4232=EDGE_CURVE('',#5032,#5031,#607,.T.);
#4233=EDGE_CURVE('',#5030,#5032,#608,.T.);
#4234=EDGE_CURVE('',#5033,#4860,#609,.T.);
#4235=EDGE_CURVE('',#5033,#5034,#610,.T.);
#4236=EDGE_CURVE('',#5034,#4861,#611,.T.);
#4237=EDGE_CURVE('',#5035,#4859,#612,.T.);
#4238=EDGE_CURVE('',#5035,#5033,#613,.T.);
#4239=EDGE_CURVE('',#5036,#4865,#614,.T.);
#4240=EDGE_CURVE('',#5036,#5035,#615,.T.);
#4241=EDGE_CURVE('',#5037,#4864,#616,.T.);
#4242=EDGE_CURVE('',#5037,#5036,#617,.T.);
#4243=EDGE_CURVE('',#5038,#4863,#618,.T.);
#4244=EDGE_CURVE('',#5038,#5037,#619,.T.);
#4245=EDGE_CURVE('',#5039,#4862,#620,.T.);
#4246=EDGE_CURVE('',#5039,#5038,#621,.T.);
#4247=EDGE_CURVE('',#5034,#5039,#622,.T.);
#4248=EDGE_CURVE('',#5040,#4867,#623,.T.);
#4249=EDGE_CURVE('',#5040,#5041,#624,.T.);
#4250=EDGE_CURVE('',#5041,#4868,#625,.T.);
#4251=EDGE_CURVE('',#5042,#4866,#626,.T.);
#4252=EDGE_CURVE('',#5042,#5040,#627,.T.);
#4253=EDGE_CURVE('',#5043,#4869,#628,.T.);
#4254=EDGE_CURVE('',#5043,#5042,#629,.T.);
#4255=EDGE_CURVE('',#5041,#5043,#630,.T.);
#4256=EDGE_CURVE('',#5044,#4871,#631,.T.);
#4257=EDGE_CURVE('',#5044,#5045,#632,.T.);
#4258=EDGE_CURVE('',#5045,#4872,#633,.T.);
#4259=EDGE_CURVE('',#5046,#4870,#634,.T.);
#4260=EDGE_CURVE('',#5046,#5044,#635,.T.);
#4261=EDGE_CURVE('',#5047,#4877,#636,.T.);
#4262=EDGE_CURVE('',#5047,#5046,#637,.T.);
#4263=EDGE_CURVE('',#5048,#4876,#638,.T.);
#4264=EDGE_CURVE('',#5048,#5047,#639,.T.);
#4265=EDGE_CURVE('',#5049,#4875,#640,.T.);
#4266=EDGE_CURVE('',#5049,#5048,#641,.T.);
#4267=EDGE_CURVE('',#5050,#4874,#642,.T.);
#4268=EDGE_CURVE('',#5050,#5049,#643,.T.);
#4269=EDGE_CURVE('',#5051,#4873,#644,.T.);
#4270=EDGE_CURVE('',#5051,#5050,#645,.T.);
#4271=EDGE_CURVE('',#5045,#5051,#646,.T.);
#4272=EDGE_CURVE('',#5052,#4879,#647,.T.);
#4273=EDGE_CURVE('',#5052,#5053,#648,.T.);
#4274=EDGE_CURVE('',#5053,#4880,#649,.T.);
#4275=EDGE_CURVE('',#5054,#4878,#650,.T.);
#4276=EDGE_CURVE('',#5054,#5052,#651,.T.);
#4277=EDGE_CURVE('',#5055,#4885,#652,.T.);
#4278=EDGE_CURVE('',#5055,#5054,#653,.T.);
#4279=EDGE_CURVE('',#5056,#4884,#654,.T.);
#4280=EDGE_CURVE('',#5056,#5055,#655,.T.);
#4281=EDGE_CURVE('',#5057,#4883,#656,.T.);
#4282=EDGE_CURVE('',#5057,#5056,#657,.T.);
#4283=EDGE_CURVE('',#5058,#4882,#658,.T.);
#4284=EDGE_CURVE('',#5058,#5057,#659,.T.);
#4285=EDGE_CURVE('',#5059,#4881,#660,.T.);
#4286=EDGE_CURVE('',#5059,#5058,#661,.T.);
#4287=EDGE_CURVE('',#5053,#5059,#662,.T.);
#4288=EDGE_CURVE('',#5060,#4887,#663,.T.);
#4289=EDGE_CURVE('',#5060,#5061,#664,.T.);
#4290=EDGE_CURVE('',#5061,#4888,#665,.T.);
#4291=EDGE_CURVE('',#5062,#4886,#666,.T.);
#4292=EDGE_CURVE('',#5062,#5060,#152,.T.);
#4293=EDGE_CURVE('',#5063,#4907,#667,.T.);
#4294=EDGE_CURVE('',#5063,#5062,#153,.T.);
#4295=EDGE_CURVE('',#5064,#4906,#668,.T.);
#4296=EDGE_CURVE('',#5064,#5063,#154,.T.);
#4297=EDGE_CURVE('',#5065,#4905,#669,.T.);
#4298=EDGE_CURVE('',#5065,#5064,#155,.T.);
#4299=EDGE_CURVE('',#5066,#4904,#670,.T.);
#4300=EDGE_CURVE('',#5066,#5065,#156,.T.);
#4301=EDGE_CURVE('',#5067,#4903,#671,.T.);
#4302=EDGE_CURVE('',#5067,#5066,#157,.T.);
#4303=EDGE_CURVE('',#5068,#4902,#672,.T.);
#4304=EDGE_CURVE('',#5068,#5067,#5352,.F.);
#4305=EDGE_CURVE('',#5069,#4901,#673,.T.);
#4306=EDGE_CURVE('',#5069,#5068,#5353,.F.);
#4307=EDGE_CURVE('',#5070,#4900,#674,.T.);
#4308=EDGE_CURVE('',#5070,#5069,#158,.T.);
#4309=EDGE_CURVE('',#5071,#4899,#675,.T.);
#4310=EDGE_CURVE('',#5071,#5070,#159,.T.);
#4311=EDGE_CURVE('',#5072,#4898,#676,.T.);
#4312=EDGE_CURVE('',#5072,#5071,#677,.T.);
#4313=EDGE_CURVE('',#5073,#4897,#678,.T.);
#4314=EDGE_CURVE('',#5073,#5072,#679,.T.);
#4315=EDGE_CURVE('',#5074,#4896,#680,.T.);
#4316=EDGE_CURVE('',#5074,#5073,#681,.T.);
#4317=EDGE_CURVE('',#5075,#4895,#682,.T.);
#4318=EDGE_CURVE('',#5075,#5074,#160,.T.);
#4319=EDGE_CURVE('',#5076,#4894,#683,.T.);
#4320=EDGE_CURVE('',#5076,#5075,#161,.T.);
#4321=EDGE_CURVE('',#5077,#4893,#684,.T.);
#4322=EDGE_CURVE('',#5077,#5076,#162,.T.);
#4323=EDGE_CURVE('',#5078,#4892,#685,.T.);
#4324=EDGE_CURVE('',#5078,#5077,#5354,.T.);
#4325=EDGE_CURVE('',#5079,#4891,#686,.T.);
#4326=EDGE_CURVE('',#5079,#5078,#163,.T.);
#4327=EDGE_CURVE('',#5080,#4890,#687,.T.);
#4328=EDGE_CURVE('',#5080,#5079,#164,.T.);
#4329=EDGE_CURVE('',#5081,#4889,#688,.T.);
#4330=EDGE_CURVE('',#5081,#5080,#689,.T.);
#4331=EDGE_CURVE('',#5061,#5081,#690,.T.);
#4332=EDGE_CURVE('',#5082,#4909,#691,.T.);
#4333=EDGE_CURVE('',#5082,#5083,#692,.T.);
#4334=EDGE_CURVE('',#5083,#4910,#693,.T.);
#4335=EDGE_CURVE('',#5084,#4908,#694,.T.);
#4336=EDGE_CURVE('',#5084,#5082,#695,.T.);
#4337=EDGE_CURVE('',#5085,#4911,#696,.T.);
#4338=EDGE_CURVE('',#5085,#5084,#697,.T.);
#4339=EDGE_CURVE('',#5083,#5085,#698,.T.);
#4340=EDGE_CURVE('',#5086,#4913,#699,.T.);
#4341=EDGE_CURVE('',#5086,#5087,#700,.T.);
#4342=EDGE_CURVE('',#5087,#4914,#701,.T.);
#4343=EDGE_CURVE('',#5088,#4912,#702,.T.);
#4344=EDGE_CURVE('',#5088,#5086,#703,.T.);
#4345=EDGE_CURVE('',#5089,#4915,#704,.T.);
#4346=EDGE_CURVE('',#5089,#5088,#705,.T.);
#4347=EDGE_CURVE('',#5087,#5089,#706,.T.);
#4348=EDGE_CURVE('',#5090,#4917,#707,.T.);
#4349=EDGE_CURVE('',#5090,#5091,#708,.T.);
#4350=EDGE_CURVE('',#5091,#4918,#709,.T.);
#4351=EDGE_CURVE('',#5092,#4916,#710,.T.);
#4352=EDGE_CURVE('',#5092,#5090,#5355,.F.);
#4353=EDGE_CURVE('',#5093,#4954,#711,.T.);
#4354=EDGE_CURVE('',#5093,#5092,#165,.T.);
#4355=EDGE_CURVE('',#5094,#4953,#712,.T.);
#4356=EDGE_CURVE('',#5094,#5093,#5356,.F.);
#4357=EDGE_CURVE('',#5095,#4952,#713,.T.);
#4358=EDGE_CURVE('',#5095,#5094,#166,.T.);
#4359=EDGE_CURVE('',#5096,#4951,#714,.T.);
#4360=EDGE_CURVE('',#5096,#5095,#167,.T.);
#4361=EDGE_CURVE('',#5097,#4950,#715,.T.);
#4362=EDGE_CURVE('',#5097,#5096,#168,.T.);
#4363=EDGE_CURVE('',#5098,#4949,#716,.T.);
#4364=EDGE_CURVE('',#5098,#5097,#169,.T.);
#4365=EDGE_CURVE('',#5099,#4948,#717,.T.);
#4366=EDGE_CURVE('',#5099,#5098,#170,.T.);
#4367=EDGE_CURVE('',#5100,#4947,#718,.T.);
#4368=EDGE_CURVE('',#5100,#5099,#5357,.F.);
#4369=EDGE_CURVE('',#5101,#4946,#719,.T.);
#4370=EDGE_CURVE('',#5101,#5100,#171,.T.);
#4371=EDGE_CURVE('',#5102,#4945,#720,.T.);
#4372=EDGE_CURVE('',#5102,#5101,#172,.T.);
#4373=EDGE_CURVE('',#5103,#4944,#721,.T.);
#4374=EDGE_CURVE('',#5103,#5102,#5358,.F.);
#4375=EDGE_CURVE('',#5104,#4943,#722,.T.);
#4376=EDGE_CURVE('',#5104,#5103,#173,.T.);
#4377=EDGE_CURVE('',#5105,#4942,#723,.T.);
#4378=EDGE_CURVE('',#5105,#5104,#174,.T.);
#4379=EDGE_CURVE('',#5106,#4941,#724,.T.);
#4380=EDGE_CURVE('',#5106,#5105,#175,.T.);
#4381=EDGE_CURVE('',#5107,#4940,#725,.T.);
#4382=EDGE_CURVE('',#5107,#5106,#176,.T.);
#4383=EDGE_CURVE('',#5108,#4939,#726,.T.);
#4384=EDGE_CURVE('',#5108,#5107,#177,.T.);
#4385=EDGE_CURVE('',#5109,#4938,#727,.T.);
#4386=EDGE_CURVE('',#5109,#5108,#5359,.F.);
#4387=EDGE_CURVE('',#5110,#4937,#728,.T.);
#4388=EDGE_CURVE('',#5110,#5109,#729,.T.);
#4389=EDGE_CURVE('',#5111,#4936,#730,.T.);
#4390=EDGE_CURVE('',#5111,#5110,#731,.T.);
#4391=EDGE_CURVE('',#5112,#4935,#732,.T.);
#4392=EDGE_CURVE('',#5112,#5111,#733,.T.);
#4393=EDGE_CURVE('',#5113,#4934,#734,.T.);
#4394=EDGE_CURVE('',#5113,#5112,#178,.T.);
#4395=EDGE_CURVE('',#5114,#4933,#735,.T.);
#4396=EDGE_CURVE('',#5114,#5113,#179,.T.);
#4397=EDGE_CURVE('',#5115,#4932,#736,.T.);
#4398=EDGE_CURVE('',#5115,#5114,#5360,.T.);
#4399=EDGE_CURVE('',#5116,#4931,#737,.T.);
#4400=EDGE_CURVE('',#5116,#5115,#5361,.T.);
#4401=EDGE_CURVE('',#5117,#4930,#738,.T.);
#4402=EDGE_CURVE('',#5117,#5116,#180,.T.);
#4403=EDGE_CURVE('',#5118,#4929,#739,.T.);
#4404=EDGE_CURVE('',#5118,#5117,#181,.T.);
#4405=EDGE_CURVE('',#5119,#4928,#740,.T.);
#4406=EDGE_CURVE('',#5119,#5118,#5362,.T.);
#4407=EDGE_CURVE('',#5120,#4927,#741,.T.);
#4408=EDGE_CURVE('',#5120,#5119,#5363,.T.);
#4409=EDGE_CURVE('',#5121,#4926,#742,.T.);
#4410=EDGE_CURVE('',#5121,#5120,#743,.T.);
#4411=EDGE_CURVE('',#5122,#4925,#744,.T.);
#4412=EDGE_CURVE('',#5122,#5121,#745,.T.);
#4413=EDGE_CURVE('',#5123,#4924,#746,.T.);
#4414=EDGE_CURVE('',#5123,#5122,#747,.T.);
#4415=EDGE_CURVE('',#5124,#4923,#748,.T.);
#4416=EDGE_CURVE('',#5124,#5123,#182,.T.);
#4417=EDGE_CURVE('',#5125,#4922,#749,.T.);
#4418=EDGE_CURVE('',#5125,#5124,#183,.T.);
#4419=EDGE_CURVE('',#5126,#4921,#750,.T.);
#4420=EDGE_CURVE('',#5126,#5125,#184,.T.);
#4421=EDGE_CURVE('',#5127,#4920,#751,.T.);
#4422=EDGE_CURVE('',#5127,#5126,#185,.T.);
#4423=EDGE_CURVE('',#5128,#4919,#752,.T.);
#4424=EDGE_CURVE('',#5128,#5127,#753,.T.);
#4425=EDGE_CURVE('',#5091,#5128,#754,.T.);
#4426=EDGE_CURVE('',#5129,#5130,#755,.T.);
#4427=EDGE_CURVE('',#5130,#5131,#186,.T.);
#4428=EDGE_CURVE('',#5131,#5132,#756,.T.);
#4429=EDGE_CURVE('',#5133,#5132,#757,.T.);
#4430=EDGE_CURVE('',#5134,#5133,#758,.T.);
#4431=EDGE_CURVE('',#5134,#5129,#187,.T.);
#4432=EDGE_CURVE('',#5131,#5134,#5364,.F.);
#4433=EDGE_CURVE('',#5133,#5132,#5365,.T.);
#4434=EDGE_CURVE('',#5129,#5130,#5366,.T.);
#4435=EDGE_CURVE('',#5135,#5136,#759,.T.);
#4436=EDGE_CURVE('',#5135,#5137,#760,.F.);
#4437=EDGE_CURVE('',#5137,#5138,#761,.T.);
#4438=EDGE_CURVE('',#5138,#5136,#762,.T.);
#4439=EDGE_CURVE('',#5139,#5140,#763,.T.);
#4440=EDGE_CURVE('',#5139,#5141,#764,.T.);
#4441=EDGE_CURVE('',#5141,#5142,#765,.T.);
#4442=EDGE_CURVE('',#5142,#5140,#766,.F.);
#4443=EDGE_CURVE('',#5143,#5144,#767,.T.);
#4444=EDGE_CURVE('',#5144,#5145,#768,.F.);
#4445=EDGE_CURVE('',#5146,#5145,#769,.T.);
#4446=EDGE_CURVE('',#5146,#5143,#770,.T.);
#4447=EDGE_CURVE('',#5147,#5148,#771,.T.);
#4448=EDGE_CURVE('',#5147,#5149,#772,.F.);
#4449=EDGE_CURVE('',#5149,#5150,#773,.T.);
#4450=EDGE_CURVE('',#5150,#5148,#774,.T.);
#4451=EDGE_CURVE('',#5137,#5139,#5367,.T.);
#4452=EDGE_CURVE('',#5140,#5146,#5368,.T.);
#4453=EDGE_CURVE('',#5145,#5150,#5369,.T.);
#4454=EDGE_CURVE('',#5149,#5138,#5370,.T.);
#4455=EDGE_CURVE('',#5141,#5135,#5371,.F.);
#4456=EDGE_CURVE('',#5136,#5147,#5372,.F.);
#4457=EDGE_CURVE('',#5148,#5144,#5373,.F.);
#4458=EDGE_CURVE('',#5143,#5142,#5374,.F.);
#4459=EDGE_CURVE('',#5151,#5152,#775,.T.);
#4460=EDGE_CURVE('',#5153,#5151,#776,.T.);
#4461=EDGE_CURVE('',#5153,#5154,#777,.T.);
#4462=EDGE_CURVE('',#5154,#5152,#778,.T.);
#4463=EDGE_CURVE('',#5151,#5155,#188,.T.);
#4464=EDGE_CURVE('',#5156,#5155,#779,.T.);
#4465=EDGE_CURVE('',#5153,#5156,#189,.T.);
#4466=EDGE_CURVE('',#5157,#5155,#780,.T.);
#4467=EDGE_CURVE('',#5158,#5157,#781,.T.);
#4468=EDGE_CURVE('',#5158,#5156,#782,.T.);
#4469=EDGE_CURVE('',#5152,#5157,#190,.T.);
#4470=EDGE_CURVE('',#5154,#5158,#191,.T.);
#4471=EDGE_CURVE('',#5159,#5160,#783,.T.);
#4472=EDGE_CURVE('',#5161,#5159,#784,.T.);
#4473=EDGE_CURVE('',#5161,#5162,#785,.T.);
#4474=EDGE_CURVE('',#5162,#5160,#786,.T.);
#4475=EDGE_CURVE('',#5159,#5163,#5375,.T.);
#4476=EDGE_CURVE('',#5164,#5163,#787,.T.);
#4477=EDGE_CURVE('',#5161,#5164,#5376,.T.);
#4478=EDGE_CURVE('',#5165,#5163,#788,.T.);
#4479=EDGE_CURVE('',#5166,#5165,#789,.T.);
#4480=EDGE_CURVE('',#5166,#5164,#790,.T.);
#4481=EDGE_CURVE('',#5160,#5165,#5377,.T.);
#4482=EDGE_CURVE('',#5162,#5166,#5378,.T.);
#4483=EDGE_CURVE('',#5167,#5168,#791,.T.);
#4484=EDGE_CURVE('',#5169,#5167,#792,.T.);
#4485=EDGE_CURVE('',#5169,#5170,#793,.T.);
#4486=EDGE_CURVE('',#5170,#5168,#794,.T.);
#4487=EDGE_CURVE('',#5167,#5171,#795,.T.);
#4488=EDGE_CURVE('',#5172,#5171,#796,.T.);
#4489=EDGE_CURVE('',#5169,#5172,#797,.T.);
#4490=EDGE_CURVE('',#5171,#5173,#798,.T.);
#4491=EDGE_CURVE('',#5174,#5173,#799,.T.);
#4492=EDGE_CURVE('',#5172,#5174,#800,.T.);
#4493=EDGE_CURVE('',#5168,#5173,#801,.T.);
#4494=EDGE_CURVE('',#5170,#5174,#802,.T.);
#4495=EDGE_CURVE('',#5175,#5175,#14,.T.);
#4496=EDGE_CURVE('',#5176,#5176,#15,.T.);
#4497=EDGE_CURVE('',#5177,#5178,#803,.T.);
#4498=EDGE_CURVE('',#5177,#5179,#804,.T.);
#4499=EDGE_CURVE('',#5179,#5180,#805,.T.);
#4500=EDGE_CURVE('',#5178,#5180,#806,.T.);
#4501=EDGE_CURVE('',#5181,#5179,#807,.T.);
#4502=EDGE_CURVE('',#5181,#5182,#808,.T.);
#4503=EDGE_CURVE('',#5182,#5180,#809,.T.);
#4504=EDGE_CURVE('',#5181,#5177,#5379,.T.);
#4505=EDGE_CURVE('',#5182,#5178,#5380,.T.);
#4506=EDGE_CURVE('',#5183,#5183,#5381,.T.);
#4507=EDGE_CURVE('',#5184,#5184,#5382,.T.);
#4508=EDGE_CURVE('',#5185,#5185,#5383,.T.);
#4509=EDGE_CURVE('',#5186,#5186,#5384,.T.);
#4510=EDGE_CURVE('',#5187,#5188,#5385,.T.);
#4511=EDGE_CURVE('',#5189,#5188,#810,.T.);
#4512=EDGE_CURVE('',#5190,#5189,#5386,.T.);
#4513=EDGE_CURVE('',#5190,#5187,#811,.T.);
#4514=EDGE_CURVE('',#5187,#5191,#5387,.T.);
#4515=EDGE_CURVE('',#5190,#5192,#5388,.T.);
#4516=EDGE_CURVE('',#5192,#5191,#812,.T.);
#4517=EDGE_CURVE('',#5191,#5193,#5389,.T.);
#4518=EDGE_CURVE('',#5192,#5194,#5390,.T.);
#4519=EDGE_CURVE('',#5194,#5193,#813,.T.);
#4520=EDGE_CURVE('',#5188,#5193,#5391,.T.);
#4521=EDGE_CURVE('',#5189,#5194,#5392,.T.);
#4522=EDGE_CURVE('',#5195,#5195,#5393,.T.);
#4523=EDGE_CURVE('',#5196,#5196,#5394,.T.);
#4524=EDGE_CURVE('',#5197,#5197,#5395,.T.);
#4525=EDGE_CURVE('',#5198,#5198,#5396,.T.);
#4526=EDGE_CURVE('',#5199,#5200,#814,.T.);
#4527=EDGE_CURVE('',#5201,#5199,#815,.T.);
#4528=EDGE_CURVE('',#5201,#5202,#816,.T.);
#4529=EDGE_CURVE('',#5202,#5200,#817,.T.);
#4530=EDGE_CURVE('',#5199,#5203,#5397,.T.);
#4531=EDGE_CURVE('',#5204,#5203,#818,.T.);
#4532=EDGE_CURVE('',#5201,#5204,#5398,.T.);
#4533=EDGE_CURVE('',#5203,#5205,#819,.T.);
#4534=EDGE_CURVE('',#5206,#5205,#820,.T.);
#4535=EDGE_CURVE('',#5204,#5206,#821,.T.);
#4536=EDGE_CURVE('',#5205,#5207,#5399,.T.);
#4537=EDGE_CURVE('',#5208,#5207,#822,.T.);
#4538=EDGE_CURVE('',#5206,#5208,#5400,.T.);
#4539=EDGE_CURVE('',#5209,#5207,#823,.T.);
#4540=EDGE_CURVE('',#5209,#5210,#824,.F.);
#4541=EDGE_CURVE('',#5210,#5208,#825,.T.);
#4542=EDGE_CURVE('',#5211,#5212,#5401,.T.);
#4543=EDGE_CURVE('',#5212,#5213,#826,.T.);
#4544=EDGE_CURVE('',#5214,#5213,#5402,.T.);
#4545=EDGE_CURVE('',#5211,#5214,#827,.T.);
#4546=EDGE_CURVE('',#5214,#5215,#828,.T.);
#4547=EDGE_CURVE('',#5216,#5215,#829,.T.);
#4548=EDGE_CURVE('',#5211,#5216,#830,.T.);
#4549=EDGE_CURVE('',#5215,#5200,#5403,.T.);
#4550=EDGE_CURVE('',#5216,#5202,#5404,.T.);
#4551=EDGE_CURVE('',#5210,#5212,#5405,.T.);
#4552=EDGE_CURVE('',#5213,#5209,#5406,.F.);
#4553=EDGE_CURVE('',#5217,#5218,#5407,.T.);
#4554=EDGE_CURVE('',#5219,#5217,#831,.T.);
#4555=EDGE_CURVE('',#5219,#5220,#5408,.T.);
#4556=EDGE_CURVE('',#5220,#5218,#832,.T.);
#4557=EDGE_CURVE('',#5217,#5221,#833,.T.);
#4558=EDGE_CURVE('',#5222,#5221,#834,.T.);
#4559=EDGE_CURVE('',#5219,#5222,#835,.T.);
#4560=EDGE_CURVE('',#5221,#5223,#836,.T.);
#4561=EDGE_CURVE('',#5224,#5223,#837,.T.);
#4562=EDGE_CURVE('',#5222,#5224,#838,.T.);
#4563=EDGE_CURVE('',#5218,#5223,#839,.T.);
#4564=EDGE_CURVE('',#5220,#5224,#840,.T.);
#4565=EDGE_CURVE('',#5225,#5226,#5409,.T.);
#4566=EDGE_CURVE('',#5227,#5225,#841,.T.);
#4567=EDGE_CURVE('',#5227,#5228,#5410,.T.);
#4568=EDGE_CURVE('',#5228,#5226,#842,.T.);
#4569=EDGE_CURVE('',#5225,#5229,#843,.T.);
#4570=EDGE_CURVE('',#5230,#5229,#844,.T.);
#4571=EDGE_CURVE('',#5227,#5230,#845,.T.);
#4572=EDGE_CURVE('',#5229,#5231,#846,.T.);
#4573=EDGE_CURVE('',#5232,#5231,#847,.T.);
#4574=EDGE_CURVE('',#5230,#5232,#848,.T.);
#4575=EDGE_CURVE('',#5231,#5233,#849,.T.);
#4576=EDGE_CURVE('',#5234,#5233,#850,.T.);
#4577=EDGE_CURVE('',#5232,#5234,#851,.T.);
#4578=EDGE_CURVE('',#5226,#5233,#852,.T.);
#4579=EDGE_CURVE('',#5228,#5234,#853,.T.);
#4580=EDGE_CURVE('',#5235,#5236,#854,.T.);
#4581=EDGE_CURVE('',#5235,#5237,#5411,.F.);
#4582=EDGE_CURVE('',#5237,#5238,#855,.T.);
#4583=EDGE_CURVE('',#5238,#5236,#5412,.T.);
#4584=EDGE_CURVE('',#5239,#5240,#856,.T.);
#4585=EDGE_CURVE('',#5240,#5235,#192,.T.);
#4586=EDGE_CURVE('',#5238,#5236,#857,.T.);
#4587=EDGE_CURVE('',#5237,#5239,#193,.T.);
#4588=EDGE_CURVE('',#5239,#5240,#5413,.T.);
#4589=EDGE_CURVE('',#5241,#5242,#858,.T.);
#4590=EDGE_CURVE('',#5243,#5241,#859,.T.);
#4591=EDGE_CURVE('',#5243,#5244,#860,.T.);
#4592=EDGE_CURVE('',#5244,#5242,#861,.T.);
#4593=EDGE_CURVE('',#5245,#5241,#5414,.T.);
#4594=EDGE_CURVE('',#5246,#5245,#862,.T.);
#4595=EDGE_CURVE('',#5246,#5243,#5415,.T.);
#4596=EDGE_CURVE('',#5245,#5242,#863,.T.);
#4597=EDGE_CURVE('',#5246,#5244,#864,.T.);
#4598=EDGE_CURVE('',#5247,#5248,#865,.T.);
#4599=EDGE_CURVE('',#5249,#5248,#866,.T.);
#4600=EDGE_CURVE('',#5250,#5249,#867,.T.);
#4601=EDGE_CURVE('',#5250,#5247,#868,.T.);
#4602=EDGE_CURVE('',#5247,#5251,#194,.T.);
#4603=EDGE_CURVE('',#5250,#5252,#195,.T.);
#4604=EDGE_CURVE('',#5252,#5251,#869,.T.);
#4605=EDGE_CURVE('',#5253,#5251,#870,.T.);
#4606=EDGE_CURVE('',#5254,#5252,#871,.T.);
#4607=EDGE_CURVE('',#5254,#5253,#872,.T.);
#4608=EDGE_CURVE('',#5248,#5253,#196,.T.);
#4609=EDGE_CURVE('',#5249,#5254,#197,.T.);
#4610=EDGE_CURVE('',#5255,#5256,#873,.T.);
#4611=EDGE_CURVE('',#5255,#5257,#5416,.F.);
#4612=EDGE_CURVE('',#5257,#5258,#874,.T.);
#4613=EDGE_CURVE('',#5258,#5256,#5417,.T.);
#4614=EDGE_CURVE('',#5259,#5260,#875,.T.);
#4615=EDGE_CURVE('',#5259,#5255,#198,.T.);
#4616=EDGE_CURVE('',#5256,#5258,#876,.T.);
#4617=EDGE_CURVE('',#5257,#5260,#199,.T.);
#4618=EDGE_CURVE('',#5260,#5259,#5418,.T.);
#4619=EDGE_CURVE('',#5261,#5261,#5419,.T.);
#4620=EDGE_CURVE('',#5262,#5262,#5420,.T.);
#4621=EDGE_CURVE('',#5263,#5264,#877,.T.);
#4622=EDGE_CURVE('',#5265,#5264,#878,.T.);
#4623=EDGE_CURVE('',#5266,#5265,#879,.T.);
#4624=EDGE_CURVE('',#5266,#5263,#880,.T.);
#4625=EDGE_CURVE('',#5263,#5267,#5421,.T.);
#4626=EDGE_CURVE('',#5266,#5268,#5422,.T.);
#4627=EDGE_CURVE('',#5268,#5267,#881,.T.);
#4628=EDGE_CURVE('',#5269,#5267,#882,.T.);
#4629=EDGE_CURVE('',#5270,#5268,#883,.T.);
#4630=EDGE_CURVE('',#5270,#5269,#884,.T.);
#4631=EDGE_CURVE('',#5264,#5269,#5423,.T.);
#4632=EDGE_CURVE('',#5265,#5270,#5424,.T.);
#4633=EDGE_CURVE('',#5271,#5272,#885,.T.);
#4634=EDGE_CURVE('',#5273,#5272,#886,.T.);
#4635=EDGE_CURVE('',#5274,#5273,#887,.T.);
#4636=EDGE_CURVE('',#5274,#5271,#888,.T.);
#4637=EDGE_CURVE('',#5271,#5275,#889,.T.);
#4638=EDGE_CURVE('',#5274,#5276,#890,.T.);
#4639=EDGE_CURVE('',#5276,#5275,#891,.T.);
#4640=EDGE_CURVE('',#5275,#5277,#892,.T.);
#4641=EDGE_CURVE('',#5276,#5278,#893,.T.);
#4642=EDGE_CURVE('',#5278,#5277,#894,.T.);
#4643=EDGE_CURVE('',#5272,#5277,#895,.T.);
#4644=EDGE_CURVE('',#5273,#5278,#896,.T.);
#4645=VERTEX_POINT('',#9240);
#4646=VERTEX_POINT('',#9242);
#4647=VERTEX_POINT('',#9248);
#4648=VERTEX_POINT('',#9249);
#4649=VERTEX_POINT('',#9251);
#4650=VERTEX_POINT('',#9253);
#4651=VERTEX_POINT('',#9257);
#4652=VERTEX_POINT('',#9259);
#4653=VERTEX_POINT('',#9263);
#4654=VERTEX_POINT('',#9265);
#4655=VERTEX_POINT('',#9269);
#4656=VERTEX_POINT('',#9271);
#4657=VERTEX_POINT('',#9275);
#4658=VERTEX_POINT('',#9277);
#4659=VERTEX_POINT('',#9281);
#4660=VERTEX_POINT('',#9283);
#4661=VERTEX_POINT('',#9287);
#4662=VERTEX_POINT('',#9289);
#4663=VERTEX_POINT('',#9293);
#4664=VERTEX_POINT('',#9295);
#4665=VERTEX_POINT('',#9314);
#4666=VERTEX_POINT('',#9315);
#4667=VERTEX_POINT('',#9317);
#4668=VERTEX_POINT('',#9321);
#4669=VERTEX_POINT('',#9325);
#4670=VERTEX_POINT('',#9327);
#4671=VERTEX_POINT('',#9331);
#4672=VERTEX_POINT('',#9333);
#4673=VERTEX_POINT('',#9346);
#4674=VERTEX_POINT('',#9348);
#4675=VERTEX_POINT('',#9363);
#4676=VERTEX_POINT('',#9365);
#4677=VERTEX_POINT('',#9380);
#4678=VERTEX_POINT('',#9382);
#4679=VERTEX_POINT('',#9397);
#4680=VERTEX_POINT('',#9399);
#4681=VERTEX_POINT('',#9414);
#4682=VERTEX_POINT('',#9416);
#4683=VERTEX_POINT('',#9439);
#4684=VERTEX_POINT('',#9440);
#4685=VERTEX_POINT('',#9442);
#4686=VERTEX_POINT('',#9444);
#4687=VERTEX_POINT('',#9448);
#4688=VERTEX_POINT('',#9450);
#4689=VERTEX_POINT('',#9454);
#4690=VERTEX_POINT('',#9456);
#4691=VERTEX_POINT('',#9466);
#4692=VERTEX_POINT('',#9467);
#4693=VERTEX_POINT('',#9469);
#4694=VERTEX_POINT('',#9471);
#4695=VERTEX_POINT('',#9475);
#4696=VERTEX_POINT('',#9477);
#4697=VERTEX_POINT('',#9496);
#4698=VERTEX_POINT('',#9497);
#4699=VERTEX_POINT('',#9499);
#4700=VERTEX_POINT('',#9503);
#4701=VERTEX_POINT('',#9516);
#4702=VERTEX_POINT('',#9518);
#4703=VERTEX_POINT('',#9524);
#4704=VERTEX_POINT('',#9526);
#4705=VERTEX_POINT('',#9539);
#4706=VERTEX_POINT('',#9541);
#4707=VERTEX_POINT('',#9547);
#4708=VERTEX_POINT('',#9549);
#4709=VERTEX_POINT('',#9562);
#4710=VERTEX_POINT('',#9564);
#4711=VERTEX_POINT('',#9579);
#4712=VERTEX_POINT('',#9581);
#4713=VERTEX_POINT('',#9596);
#4714=VERTEX_POINT('',#9598);
#4715=VERTEX_POINT('',#9613);
#4716=VERTEX_POINT('',#9615);
#4717=VERTEX_POINT('',#9630);
#4718=VERTEX_POINT('',#9632);
#4719=VERTEX_POINT('',#9647);
#4720=VERTEX_POINT('',#9649);
#4721=VERTEX_POINT('',#9664);
#4722=VERTEX_POINT('',#9666);
#4723=VERTEX_POINT('',#9681);
#4724=VERTEX_POINT('',#9683);
#4725=VERTEX_POINT('',#9698);
#4726=VERTEX_POINT('',#9700);
#4727=VERTEX_POINT('',#9761);
#4728=VERTEX_POINT('',#9763);
#4729=VERTEX_POINT('',#9786);
#4730=VERTEX_POINT('',#9787);
#4731=VERTEX_POINT('',#9789);
#4732=VERTEX_POINT('',#9791);
#4733=VERTEX_POINT('',#9794);
#4734=VERTEX_POINT('',#9797);
#4735=VERTEX_POINT('',#9798);
#4736=VERTEX_POINT('',#9800);
#4737=VERTEX_POINT('',#9802);
#4738=VERTEX_POINT('',#9807);
#4739=VERTEX_POINT('',#9808);
#4740=VERTEX_POINT('',#9832);
#4741=VERTEX_POINT('',#9833);
#4742=VERTEX_POINT('',#9835);
#4743=VERTEX_POINT('',#9837);
#4744=VERTEX_POINT('',#9841);
#4745=VERTEX_POINT('',#9843);
#4746=VERTEX_POINT('',#9847);
#4747=VERTEX_POINT('',#9849);
#4748=VERTEX_POINT('',#9859);
#4749=VERTEX_POINT('',#9860);
#4750=VERTEX_POINT('',#9862);
#4751=VERTEX_POINT('',#9864);
#4752=VERTEX_POINT('',#9868);
#4753=VERTEX_POINT('',#9869);
#4754=VERTEX_POINT('',#9871);
#4755=VERTEX_POINT('',#9873);
#4756=VERTEX_POINT('',#9876);
#4757=VERTEX_POINT('',#9880);
#4758=VERTEX_POINT('',#9881);
#4759=VERTEX_POINT('',#9905);
#4760=VERTEX_POINT('',#9906);
#4761=VERTEX_POINT('',#9908);
#4762=VERTEX_POINT('',#9910);
#4763=VERTEX_POINT('',#9914);
#4764=VERTEX_POINT('',#9916);
#4765=VERTEX_POINT('',#9920);
#4766=VERTEX_POINT('',#9922);
#4767=VERTEX_POINT('',#9932);
#4768=VERTEX_POINT('',#9933);
#4769=VERTEX_POINT('',#9935);
#4770=VERTEX_POINT('',#9937);
#4771=VERTEX_POINT('',#9941);
#4772=VERTEX_POINT('',#9943);
#4773=VERTEX_POINT('',#9947);
#4774=VERTEX_POINT('',#9949);
#4775=VERTEX_POINT('',#9959);
#4776=VERTEX_POINT('',#9960);
#4777=VERTEX_POINT('',#9966);
#4778=VERTEX_POINT('',#9968);
#4779=VERTEX_POINT('',#9970);
#4780=VERTEX_POINT('',#9972);
#4781=VERTEX_POINT('',#9988);
#4782=VERTEX_POINT('',#9989);
#4783=VERTEX_POINT('',#9991);
#4784=VERTEX_POINT('',#9993);
#4785=VERTEX_POINT('',#9996);
#4786=VERTEX_POINT('',#9997);
#4787=VERTEX_POINT('',#9999);
#4788=VERTEX_POINT('',#10001);
#4789=VERTEX_POINT('',#10003);
#4790=VERTEX_POINT('',#10005);
#4791=VERTEX_POINT('',#10007);
#4792=VERTEX_POINT('',#10010);
#4793=VERTEX_POINT('',#10011);
#4794=VERTEX_POINT('',#10013);
#4795=VERTEX_POINT('',#10015);
#4796=VERTEX_POINT('',#10018);
#4797=VERTEX_POINT('',#10019);
#4798=VERTEX_POINT('',#10021);
#4799=VERTEX_POINT('',#10023);
#4800=VERTEX_POINT('',#10027);
#4801=VERTEX_POINT('',#10031);
#4802=VERTEX_POINT('',#10035);
#4803=VERTEX_POINT('',#10039);
#4804=VERTEX_POINT('',#10043);
#4805=VERTEX_POINT('',#10047);
#4806=VERTEX_POINT('',#10049);
#4807=VERTEX_POINT('',#10051);
#4808=VERTEX_POINT('',#10053);
#4809=VERTEX_POINT('',#10055);
#4810=VERTEX_POINT('',#10059);
#4811=VERTEX_POINT('',#10063);
#4812=VERTEX_POINT('',#10067);
#4813=VERTEX_POINT('',#10071);
#4814=VERTEX_POINT('',#10075);
#4815=VERTEX_POINT('',#10079);
#4816=VERTEX_POINT('',#10082);
#4817=VERTEX_POINT('',#10083);
#4818=VERTEX_POINT('',#10085);
#4819=VERTEX_POINT('',#10089);
#4820=VERTEX_POINT('',#10093);
#4821=VERTEX_POINT('',#10097);
#4822=VERTEX_POINT('',#10101);
#4823=VERTEX_POINT('',#10105);
#4824=VERTEX_POINT('',#10109);
#4825=VERTEX_POINT('',#10111);
#4826=VERTEX_POINT('',#10113);
#4827=VERTEX_POINT('',#10115);
#4828=VERTEX_POINT('',#10117);
#4829=VERTEX_POINT('',#10121);
#4830=VERTEX_POINT('',#10125);
#4831=VERTEX_POINT('',#10129);
#4832=VERTEX_POINT('',#10133);
#4833=VERTEX_POINT('',#10137);
#4834=VERTEX_POINT('',#10141);
#4835=VERTEX_POINT('',#10143);
#4836=VERTEX_POINT('',#10146);
#4837=VERTEX_POINT('',#10147);
#4838=VERTEX_POINT('',#10149);
#4839=VERTEX_POINT('',#10151);
#4840=VERTEX_POINT('',#10153);
#4841=VERTEX_POINT('',#10155);
#4842=VERTEX_POINT('',#10157);
#4843=VERTEX_POINT('',#10159);
#4844=VERTEX_POINT('',#10162);
#4845=VERTEX_POINT('',#10163);
#4846=VERTEX_POINT('',#10165);
#4847=VERTEX_POINT('',#10167);
#4848=VERTEX_POINT('',#10169);
#4849=VERTEX_POINT('',#10171);
#4850=VERTEX_POINT('',#10173);
#4851=VERTEX_POINT('',#10176);
#4852=VERTEX_POINT('',#10177);
#4853=VERTEX_POINT('',#10179);
#4854=VERTEX_POINT('',#10181);
#4855=VERTEX_POINT('',#10184);
#4856=VERTEX_POINT('',#10185);
#4857=VERTEX_POINT('',#10187);
#4858=VERTEX_POINT('',#10189);
#4859=VERTEX_POINT('',#10192);
#4860=VERTEX_POINT('',#10193);
#4861=VERTEX_POINT('',#10195);
#4862=VERTEX_POINT('',#10197);
#4863=VERTEX_POINT('',#10199);
#4864=VERTEX_POINT('',#10201);
#4865=VERTEX_POINT('',#10203);
#4866=VERTEX_POINT('',#10206);
#4867=VERTEX_POINT('',#10207);
#4868=VERTEX_POINT('',#10209);
#4869=VERTEX_POINT('',#10211);
#4870=VERTEX_POINT('',#10214);
#4871=VERTEX_POINT('',#10215);
#4872=VERTEX_POINT('',#10217);
#4873=VERTEX_POINT('',#10219);
#4874=VERTEX_POINT('',#10221);
#4875=VERTEX_POINT('',#10223);
#4876=VERTEX_POINT('',#10225);
#4877=VERTEX_POINT('',#10227);
#4878=VERTEX_POINT('',#10230);
#4879=VERTEX_POINT('',#10231);
#4880=VERTEX_POINT('',#10233);
#4881=VERTEX_POINT('',#10235);
#4882=VERTEX_POINT('',#10237);
#4883=VERTEX_POINT('',#10239);
#4884=VERTEX_POINT('',#10241);
#4885=VERTEX_POINT('',#10243);
#4886=VERTEX_POINT('',#10248);
#4887=VERTEX_POINT('',#10249);
#4888=VERTEX_POINT('',#10251);
#4889=VERTEX_POINT('',#10253);
#4890=VERTEX_POINT('',#10255);
#4891=VERTEX_POINT('',#10259);
#4892=VERTEX_POINT('',#10263);
#4893=VERTEX_POINT('',#10265);
#4894=VERTEX_POINT('',#10269);
#4895=VERTEX_POINT('',#10273);
#4896=VERTEX_POINT('',#10277);
#4897=VERTEX_POINT('',#10279);
#4898=VERTEX_POINT('',#10281);
#4899=VERTEX_POINT('',#10283);
#4900=VERTEX_POINT('',#10287);
#4901=VERTEX_POINT('',#10291);
#4902=VERTEX_POINT('',#10293);
#4903=VERTEX_POINT('',#10295);
#4904=VERTEX_POINT('',#10299);
#4905=VERTEX_POINT('',#10303);
#4906=VERTEX_POINT('',#10307);
#4907=VERTEX_POINT('',#10311);
#4908=VERTEX_POINT('',#10316);
#4909=VERTEX_POINT('',#10317);
#4910=VERTEX_POINT('',#10319);
#4911=VERTEX_POINT('',#10321);
#4912=VERTEX_POINT('',#10324);
#4913=VERTEX_POINT('',#10325);
#4914=VERTEX_POINT('',#10327);
#4915=VERTEX_POINT('',#10329);
#4916=VERTEX_POINT('',#10332);
#4917=VERTEX_POINT('',#10333);
#4918=VERTEX_POINT('',#10335);
#4919=VERTEX_POINT('',#10337);
#4920=VERTEX_POINT('',#10339);
#4921=VERTEX_POINT('',#10343);
#4922=VERTEX_POINT('',#10347);
#4923=VERTEX_POINT('',#10351);
#4924=VERTEX_POINT('',#10355);
#4925=VERTEX_POINT('',#10357);
#4926=VERTEX_POINT('',#10359);
#4927=VERTEX_POINT('',#10361);
#4928=VERTEX_POINT('',#10363);
#4929=VERTEX_POINT('',#10365);
#4930=VERTEX_POINT('',#10369);
#4931=VERTEX_POINT('',#10373);
#4932=VERTEX_POINT('',#10375);
#4933=VERTEX_POINT('',#10377);
#4934=VERTEX_POINT('',#10381);
#4935=VERTEX_POINT('',#10385);
#4936=VERTEX_POINT('',#10387);
#4937=VERTEX_POINT('',#10389);
#4938=VERTEX_POINT('',#10391);
#4939=VERTEX_POINT('',#10393);
#4940=VERTEX_POINT('',#10397);
#4941=VERTEX_POINT('',#10401);
#4942=VERTEX_POINT('',#10405);
#4943=VERTEX_POINT('',#10409);
#4944=VERTEX_POINT('',#10413);
#4945=VERTEX_POINT('',#10415);
#4946=VERTEX_POINT('',#10419);
#4947=VERTEX_POINT('',#10423);
#4948=VERTEX_POINT('',#10425);
#4949=VERTEX_POINT('',#10429);
#4950=VERTEX_POINT('',#10433);
#4951=VERTEX_POINT('',#10437);
#4952=VERTEX_POINT('',#10441);
#4953=VERTEX_POINT('',#10445);
#4954=VERTEX_POINT('',#10447);
#4955=VERTEX_POINT('',#10453);
#4956=VERTEX_POINT('',#10454);
#4957=VERTEX_POINT('',#10456);
#4958=VERTEX_POINT('',#10458);
#4959=VERTEX_POINT('',#10470);
#4960=VERTEX_POINT('',#10472);
#4961=VERTEX_POINT('',#10476);
#4962=VERTEX_POINT('',#10480);
#4963=VERTEX_POINT('',#10484);
#4964=VERTEX_POINT('',#10488);
#4965=VERTEX_POINT('',#10492);
#4966=VERTEX_POINT('',#10499);
#4967=VERTEX_POINT('',#10501);
#4968=VERTEX_POINT('',#10505);
#4969=VERTEX_POINT('',#10509);
#4970=VERTEX_POINT('',#10516);
#4971=VERTEX_POINT('',#10518);
#4972=VERTEX_POINT('',#10522);
#4973=VERTEX_POINT('',#10526);
#4974=VERTEX_POINT('',#10537);
#4975=VERTEX_POINT('',#10550);
#4976=VERTEX_POINT('',#10563);
#4977=VERTEX_POINT('',#10576);
#4978=VERTEX_POINT('',#10589);
#4979=VERTEX_POINT('',#10602);
#4980=VERTEX_POINT('',#10608);
#4981=VERTEX_POINT('',#10612);
#4982=VERTEX_POINT('',#10616);
#4983=VERTEX_POINT('',#10620);
#4984=VERTEX_POINT('',#10631);
#4985=VERTEX_POINT('',#10644);
#4986=VERTEX_POINT('',#10657);
#4987=VERTEX_POINT('',#10670);
#4988=VERTEX_POINT('',#10683);
#4989=VERTEX_POINT('',#10696);
#4990=VERTEX_POINT('',#10705);
#4991=VERTEX_POINT('',#10707);
#4992=VERTEX_POINT('',#10711);
#4993=VERTEX_POINT('',#10715);
#4994=VERTEX_POINT('',#10719);
#4995=VERTEX_POINT('',#10730);
#4996=VERTEX_POINT('',#10743);
#4997=VERTEX_POINT('',#10756);
#4998=VERTEX_POINT('',#10769);
#4999=VERTEX_POINT('',#10782);
#5000=VERTEX_POINT('',#10795);
#5001=VERTEX_POINT('',#10801);
#5002=VERTEX_POINT('',#10805);
#5003=VERTEX_POINT('',#10809);
#5004=VERTEX_POINT('',#10813);
#5005=VERTEX_POINT('',#10824);
#5006=VERTEX_POINT('',#10837);
#5007=VERTEX_POINT('',#10850);
#5008=VERTEX_POINT('',#10863);
#5009=VERTEX_POINT('',#10876);
#5010=VERTEX_POINT('',#10894);
#5011=VERTEX_POINT('',#10896);
#5012=VERTEX_POINT('',#10900);
#5013=VERTEX_POINT('',#10904);
#5014=VERTEX_POINT('',#10908);
#5015=VERTEX_POINT('',#10912);
#5016=VERTEX_POINT('',#10916);
#5017=VERTEX_POINT('',#10920);
#5018=VERTEX_POINT('',#10927);
#5019=VERTEX_POINT('',#10929);
#5020=VERTEX_POINT('',#10933);
#5021=VERTEX_POINT('',#10937);
#5022=VERTEX_POINT('',#10941);
#5023=VERTEX_POINT('',#10945);
#5024=VERTEX_POINT('',#10949);
#5025=VERTEX_POINT('',#10956);
#5026=VERTEX_POINT('',#10958);
#5027=VERTEX_POINT('',#10962);
#5028=VERTEX_POINT('',#10966);
#5029=VERTEX_POINT('',#10973);
#5030=VERTEX_POINT('',#10975);
#5031=VERTEX_POINT('',#10979);
#5032=VERTEX_POINT('',#10983);
#5033=VERTEX_POINT('',#10990);
#5034=VERTEX_POINT('',#10992);
#5035=VERTEX_POINT('',#10996);
#5036=VERTEX_POINT('',#11000);
#5037=VERTEX_POINT('',#11004);
#5038=VERTEX_POINT('',#11008);
#5039=VERTEX_POINT('',#11012);
#5040=VERTEX_POINT('',#11019);
#5041=VERTEX_POINT('',#11021);
#5042=VERTEX_POINT('',#11025);
#5043=VERTEX_POINT('',#11029);
#5044=VERTEX_POINT('',#11036);
#5045=VERTEX_POINT('',#11038);
#5046=VERTEX_POINT('',#11042);
#5047=VERTEX_POINT('',#11046);
#5048=VERTEX_POINT('',#11050);
#5049=VERTEX_POINT('',#11054);
#5050=VERTEX_POINT('',#11058);
#5051=VERTEX_POINT('',#11062);
#5052=VERTEX_POINT('',#11069);
#5053=VERTEX_POINT('',#11071);
#5054=VERTEX_POINT('',#11075);
#5055=VERTEX_POINT('',#11079);
#5056=VERTEX_POINT('',#11083);
#5057=VERTEX_POINT('',#11087);
#5058=VERTEX_POINT('',#11091);
#5059=VERTEX_POINT('',#11095);
#5060=VERTEX_POINT('',#11102);
#5061=VERTEX_POINT('',#11104);
#5062=VERTEX_POINT('',#11115);
#5063=VERTEX_POINT('',#11128);
#5064=VERTEX_POINT('',#11141);
#5065=VERTEX_POINT('',#11154);
#5066=VERTEX_POINT('',#11167);
#5067=VERTEX_POINT('',#11180);
#5068=VERTEX_POINT('',#11186);
#5069=VERTEX_POINT('',#11190);
#5070=VERTEX_POINT('',#11201);
#5071=VERTEX_POINT('',#11214);
#5072=VERTEX_POINT('',#11220);
#5073=VERTEX_POINT('',#11224);
#5074=VERTEX_POINT('',#11228);
#5075=VERTEX_POINT('',#11239);
#5076=VERTEX_POINT('',#11252);
#5077=VERTEX_POINT('',#11265);
#5078=VERTEX_POINT('',#11271);
#5079=VERTEX_POINT('',#11282);
#5080=VERTEX_POINT('',#11295);
#5081=VERTEX_POINT('',#11301);
#5082=VERTEX_POINT('',#11308);
#5083=VERTEX_POINT('',#11310);
#5084=VERTEX_POINT('',#11314);
#5085=VERTEX_POINT('',#11318);
#5086=VERTEX_POINT('',#11325);
#5087=VERTEX_POINT('',#11327);
#5088=VERTEX_POINT('',#11331);
#5089=VERTEX_POINT('',#11335);
#5090=VERTEX_POINT('',#11342);
#5091=VERTEX_POINT('',#11344);
#5092=VERTEX_POINT('',#11348);
#5093=VERTEX_POINT('',#11359);
#5094=VERTEX_POINT('',#11365);
#5095=VERTEX_POINT('',#11376);
#5096=VERTEX_POINT('',#11389);
#5097=VERTEX_POINT('',#11402);
#5098=VERTEX_POINT('',#11415);
#5099=VERTEX_POINT('',#11428);
#5100=VERTEX_POINT('',#11434);
#5101=VERTEX_POINT('',#11445);
#5102=VERTEX_POINT('',#11458);
#5103=VERTEX_POINT('',#11464);
#5104=VERTEX_POINT('',#11475);
#5105=VERTEX_POINT('',#11488);
#5106=VERTEX_POINT('',#11501);
#5107=VERTEX_POINT('',#11514);
#5108=VERTEX_POINT('',#11527);
#5109=VERTEX_POINT('',#11533);
#5110=VERTEX_POINT('',#11537);
#5111=VERTEX_POINT('',#11541);
#5112=VERTEX_POINT('',#11545);
#5113=VERTEX_POINT('',#11556);
#5114=VERTEX_POINT('',#11569);
#5115=VERTEX_POINT('',#11575);
#5116=VERTEX_POINT('',#11579);
#5117=VERTEX_POINT('',#11590);
#5118=VERTEX_POINT('',#11603);
#5119=VERTEX_POINT('',#11609);
#5120=VERTEX_POINT('',#11613);
#5121=VERTEX_POINT('',#11617);
#5122=VERTEX_POINT('',#11621);
#5123=VERTEX_POINT('',#11625);
#5124=VERTEX_POINT('',#11636);
#5125=VERTEX_POINT('',#11649);
#5126=VERTEX_POINT('',#11662);
#5127=VERTEX_POINT('',#11675);
#5128=VERTEX_POINT('',#11681);
#5129=VERTEX_POINT('',#11689);
#5130=VERTEX_POINT('',#11690);
#5131=VERTEX_POINT('',#11696);
#5132=VERTEX_POINT('',#11698);
#5133=VERTEX_POINT('',#11700);
#5134=VERTEX_POINT('',#11702);
#5135=VERTEX_POINT('',#11718);
#5136=VERTEX_POINT('',#11719);
#5137=VERTEX_POINT('',#11721);
#5138=VERTEX_POINT('',#11723);
#5139=VERTEX_POINT('',#11727);
#5140=VERTEX_POINT('',#11728);
#5141=VERTEX_POINT('',#11730);
#5142=VERTEX_POINT('',#11732);
#5143=VERTEX_POINT('',#11736);
#5144=VERTEX_POINT('',#11737);
#5145=VERTEX_POINT('',#11739);
#5146=VERTEX_POINT('',#11741);
#5147=VERTEX_POINT('',#11745);
#5148=VERTEX_POINT('',#11746);
#5149=VERTEX_POINT('',#11748);
#5150=VERTEX_POINT('',#11750);
#5151=VERTEX_POINT('',#11769);
#5152=VERTEX_POINT('',#11770);
#5153=VERTEX_POINT('',#11772);
#5154=VERTEX_POINT('',#11774);
#5155=VERTEX_POINT('',#11843);
#5156=VERTEX_POINT('',#11845);
#5157=VERTEX_POINT('',#11885);
#5158=VERTEX_POINT('',#11887);
#5159=VERTEX_POINT('',#11908);
#5160=VERTEX_POINT('',#11909);
#5161=VERTEX_POINT('',#11911);
#5162=VERTEX_POINT('',#11913);
#5163=VERTEX_POINT('',#11917);
#5164=VERTEX_POINT('',#11919);
#5165=VERTEX_POINT('',#11923);
#5166=VERTEX_POINT('',#11925);
#5167=VERTEX_POINT('',#11935);
#5168=VERTEX_POINT('',#11936);
#5169=VERTEX_POINT('',#11938);
#5170=VERTEX_POINT('',#11940);
#5171=VERTEX_POINT('',#11944);
#5172=VERTEX_POINT('',#11946);
#5173=VERTEX_POINT('',#11950);
#5174=VERTEX_POINT('',#11952);
#5175=VERTEX_POINT('',#11999);
#5176=VERTEX_POINT('',#12001);
#5177=VERTEX_POINT('',#12007);
#5178=VERTEX_POINT('',#12008);
#5179=VERTEX_POINT('',#12010);
#5180=VERTEX_POINT('',#12012);
#5181=VERTEX_POINT('',#12016);
#5182=VERTEX_POINT('',#12018);
#5183=VERTEX_POINT('',#12028);
#5184=VERTEX_POINT('',#12030);
#5185=VERTEX_POINT('',#12033);
#5186=VERTEX_POINT('',#12035);
#5187=VERTEX_POINT('',#12041);
#5188=VERTEX_POINT('',#12042);
#5189=VERTEX_POINT('',#12044);
#5190=VERTEX_POINT('',#12046);
#5191=VERTEX_POINT('',#12050);
#5192=VERTEX_POINT('',#12052);
#5193=VERTEX_POINT('',#12056);
#5194=VERTEX_POINT('',#12058);
#5195=VERTEX_POINT('',#12068);
#5196=VERTEX_POINT('',#12070);
#5197=VERTEX_POINT('',#12073);
#5198=VERTEX_POINT('',#12075);
#5199=VERTEX_POINT('',#12081);
#5200=VERTEX_POINT('',#12082);
#5201=VERTEX_POINT('',#12084);
#5202=VERTEX_POINT('',#12086);
#5203=VERTEX_POINT('',#12090);
#5204=VERTEX_POINT('',#12092);
#5205=VERTEX_POINT('',#12096);
#5206=VERTEX_POINT('',#12098);
#5207=VERTEX_POINT('',#12102);
#5208=VERTEX_POINT('',#12104);
#5209=VERTEX_POINT('',#12108);
#5210=VERTEX_POINT('',#12110);
#5211=VERTEX_POINT('',#12114);
#5212=VERTEX_POINT('',#12115);
#5213=VERTEX_POINT('',#12117);
#5214=VERTEX_POINT('',#12119);
#5215=VERTEX_POINT('',#12123);
#5216=VERTEX_POINT('',#12125);
#5217=VERTEX_POINT('',#12138);
#5218=VERTEX_POINT('',#12139);
#5219=VERTEX_POINT('',#12141);
#5220=VERTEX_POINT('',#12143);
#5221=VERTEX_POINT('',#12147);
#5222=VERTEX_POINT('',#12149);
#5223=VERTEX_POINT('',#12153);
#5224=VERTEX_POINT('',#12155);
#5225=VERTEX_POINT('',#12165);
#5226=VERTEX_POINT('',#12166);
#5227=VERTEX_POINT('',#12168);
#5228=VERTEX_POINT('',#12170);
#5229=VERTEX_POINT('',#12174);
#5230=VERTEX_POINT('',#12176);
#5231=VERTEX_POINT('',#12180);
#5232=VERTEX_POINT('',#12182);
#5233=VERTEX_POINT('',#12186);
#5234=VERTEX_POINT('',#12188);
#5235=VERTEX_POINT('',#12198);
#5236=VERTEX_POINT('',#12199);
#5237=VERTEX_POINT('',#12201);
#5238=VERTEX_POINT('',#12203);
#5239=VERTEX_POINT('',#12207);
#5240=VERTEX_POINT('',#12208);
#5241=VERTEX_POINT('',#12227);
#5242=VERTEX_POINT('',#12228);
#5243=VERTEX_POINT('',#12230);
#5244=VERTEX_POINT('',#12232);
#5245=VERTEX_POINT('',#12236);
#5246=VERTEX_POINT('',#12238);
#5247=VERTEX_POINT('',#12248);
#5248=VERTEX_POINT('',#12249);
#5249=VERTEX_POINT('',#12251);
#5250=VERTEX_POINT('',#12253);
#5251=VERTEX_POINT('',#12322);
#5252=VERTEX_POINT('',#12360);
#5253=VERTEX_POINT('',#12364);
#5254=VERTEX_POINT('',#12366);
#5255=VERTEX_POINT('',#12387);
#5256=VERTEX_POINT('',#12388);
#5257=VERTEX_POINT('',#12390);
#5258=VERTEX_POINT('',#12392);
#5259=VERTEX_POINT('',#12396);
#5260=VERTEX_POINT('',#12397);
#5261=VERTEX_POINT('',#12416);
#5262=VERTEX_POINT('',#12418);
#5263=VERTEX_POINT('',#12424);
#5264=VERTEX_POINT('',#12425);
#5265=VERTEX_POINT('',#12427);
#5266=VERTEX_POINT('',#12429);
#5267=VERTEX_POINT('',#12433);
#5268=VERTEX_POINT('',#12435);
#5269=VERTEX_POINT('',#12439);
#5270=VERTEX_POINT('',#12441);
#5271=VERTEX_POINT('',#12451);
#5272=VERTEX_POINT('',#12452);
#5273=VERTEX_POINT('',#12454);
#5274=VERTEX_POINT('',#12456);
#5275=VERTEX_POINT('',#12460);
#5276=VERTEX_POINT('',#12462);
#5277=VERTEX_POINT('',#12466);
#5278=VERTEX_POINT('',#12468);
#5279=CIRCLE('',#7123,3.0559236084608);
#5280=CIRCLE('',#7124,3.0559236084608);
#5281=CIRCLE('',#7132,42.7972875292305);
#5282=CIRCLE('',#7133,42.7972875292305);
#5283=CIRCLE('',#7136,41.2972875292305);
#5284=CIRCLE('',#7137,41.2972875292305);
#5285=CIRCLE('',#7141,1.);
#5286=CIRCLE('',#7143,1.);
#5287=CIRCLE('',#7147,422.434052773662);
#5288=CIRCLE('',#7148,422.434052773662);
#5289=CIRCLE('',#7162,41.2972875292273);
#5290=CIRCLE('',#7163,41.2972875292273);
#5291=CIRCLE('',#7174,15.0100087046701);
#5292=CIRCLE('',#7175,15.0100087046701);
#5293=CIRCLE('',#7176,15.0100087046701);
#5294=CIRCLE('',#7178,2.);
#5295=CIRCLE('',#7179,13.0100087046701);
#5296=CIRCLE('',#7180,2.);
#5297=CIRCLE('',#7184,2.);
#5298=CIRCLE('',#7185,2.);
#5299=CIRCLE('',#7191,17.0294141389769);
#5300=CIRCLE('',#7192,17.0294141389769);
#5301=CIRCLE('',#7194,21.648991264817);
#5302=CIRCLE('',#7195,21.648991264817);
#5303=CIRCLE('',#7197,32.9578977914194);
#5304=CIRCLE('',#7198,32.9578977914194);
#5305=CIRCLE('',#7200,43.388149203137);
#5306=CIRCLE('',#7201,43.388149203137);
#5307=CIRCLE('',#7206,2.);
#5308=CIRCLE('',#7207,13.0294141389769);
#5309=CIRCLE('',#7208,2.);
#5310=CIRCLE('',#7210,15.0294141389769);
#5311=CIRCLE('',#7211,15.0294141389769);
#5312=CIRCLE('',#7212,15.0294141389769);
#5313=CIRCLE('',#7216,2.);
#5314=CIRCLE('',#7217,2.);
#5315=CIRCLE('',#7223,43.9639598514726);
#5316=CIRCLE('',#7224,43.9639598514726);
#5317=CIRCLE('',#7227,41.2972875292273);
#5318=CIRCLE('',#7228,41.2972875292273);
#5319=CIRCLE('',#7236,42.7972875292305);
#5320=CIRCLE('',#7237,42.7972875292305);
#5321=CIRCLE('',#7244,15.0100087046701);
#5322=CIRCLE('',#7245,15.0100087046701);
#5323=CIRCLE('',#7247,13.0100087046701);
#5324=CIRCLE('',#7252,3.72750252890847);
#5325=CIRCLE('',#7253,3.29903213049619);
#5326=CIRCLE('',#7254,6.6531299752162);
#5327=CIRCLE('',#7255,6.45257805815239);
#5328=CIRCLE('',#7256,6.15581788585821);
#5329=CIRCLE('',#7257,6.39794719625798);
#5330=CIRCLE('',#7258,3.62843007849547);
#5331=CIRCLE('',#7259,3.29903213049558);
#5332=CIRCLE('',#7260,8.45996892203376);
#5333=CIRCLE('',#7261,7.13451392728869);
#5334=CIRCLE('',#7262,8.14230446255192);
#5335=CIRCLE('',#7263,9.93105108693058);
#5336=CIRCLE('',#7264,23.8259043112091);
#5337=CIRCLE('',#7265,2.31224849126264);
#5338=CIRCLE('',#7266,3.32321316335525);
#5339=CIRCLE('',#7267,1.79717393453377);
#5340=CIRCLE('',#7268,8.28900454292214);
#5341=CIRCLE('',#7269,3.10684959970267);
#5342=CIRCLE('',#7270,3.82184897145849);
#5343=CIRCLE('',#7271,6.23797328737404);
#5344=CIRCLE('',#7297,6.45257805815239);
#5345=CIRCLE('',#7299,6.6531299752162);
#5346=CIRCLE('',#7303,3.29903213049619);
#5347=CIRCLE('',#7305,3.72750252890847);
#5348=CIRCLE('',#7308,6.15581788585821);
#5349=CIRCLE('',#7312,3.29903213049558);
#5350=CIRCLE('',#7314,3.62843007849547);
#5351=CIRCLE('',#7318,6.39794719625798);
#5352=CIRCLE('',#7380,8.14230446255192);
#5353=CIRCLE('',#7382,7.13451392728869);
#5354=CIRCLE('',#7387,8.45996892203376);
#5355=CIRCLE('',#7403,9.93105108693058);
#5356=CIRCLE('',#7405,6.23797328737404);
#5357=CIRCLE('',#7407,3.82184897145849);
#5358=CIRCLE('',#7409,3.10684959970267);
#5359=CIRCLE('',#7411,8.28900454292214);
#5360=CIRCLE('',#7416,1.79717393453377);
#5361=CIRCLE('',#7418,3.32321316335525);
#5362=CIRCLE('',#7420,2.31224849126264);
#5363=CIRCLE('',#7422,23.8259043112091);
#5364=CIRCLE('',#7432,15.0294141389769);
#5365=CIRCLE('',#7433,15.0294141389769);
#5366=CIRCLE('',#7435,13.029414138977);
#5367=CIRCLE('',#7444,12.0710678118655);
#5368=CIRCLE('',#7445,12.0710678118655);
#5369=CIRCLE('',#7446,12.0710678118655);
#5370=CIRCLE('',#7447,12.0710678118655);
#5371=CIRCLE('',#7449,12.0710678118655);
#5372=CIRCLE('',#7450,12.0710678118655);
#5373=CIRCLE('',#7451,12.0710678118655);
#5374=CIRCLE('',#7452,12.0710678118655);
#5375=CIRCLE('',#7465,41.6304830103991);
#5376=CIRCLE('',#7466,41.6304830103991);
#5377=CIRCLE('',#7469,35.1304830103991);
#5378=CIRCLE('',#7470,35.1304830103991);
#5379=CIRCLE('',#7489,42.7972875292156);
#5380=CIRCLE('',#7490,42.7972875292156);
#5381=CIRCLE('',#7495,15.0100087046701);
#5382=CIRCLE('',#7496,15.0100087046701);
#5383=CIRCLE('',#7498,17.0100087046701);
#5384=CIRCLE('',#7499,17.0100087046701);
#5385=CIRCLE('',#7504,17.0100087046701);
#5386=CIRCLE('',#7505,17.0100087046701);
#5387=CIRCLE('',#7507,18.9256968010234);
#5388=CIRCLE('',#7508,18.9256968010234);
#5389=CIRCLE('',#7510,15.6885053856696);
#5390=CIRCLE('',#7511,15.6885053856696);
#5391=CIRCLE('',#7513,22.4337291963816);
#5392=CIRCLE('',#7514,22.4337291963816);
#5393=CIRCLE('',#7519,15.0294141389769);
#5394=CIRCLE('',#7520,15.0294141389769);
#5395=CIRCLE('',#7522,17.0294141389769);
#5396=CIRCLE('',#7523,17.0294141389769);
#5397=CIRCLE('',#7529,43.9639598514726);
#5398=CIRCLE('',#7530,43.9639598514726);
#5399=CIRCLE('',#7533,41.2972875292328);
#5400=CIRCLE('',#7534,41.2972875292328);
#5401=CIRCLE('',#7537,42.4639598514725);
#5402=CIRCLE('',#7538,42.4639598514725);
#5403=CIRCLE('',#7541,41.297287529229);
#5404=CIRCLE('',#7542,41.297287529229);
#5405=CIRCLE('',#7544,1.);
#5406=CIRCLE('',#7546,1.);
#5407=CIRCLE('',#7550,41.297287529229);
#5408=CIRCLE('',#7551,41.297287529229);
#5409=CIRCLE('',#7559,41.2972875292328);
#5410=CIRCLE('',#7560,41.2972875292328);
#5411=CIRCLE('',#7569,15.0100087046701);
#5412=CIRCLE('',#7570,15.0100087046701);
#5413=CIRCLE('',#7573,13.0100087046701);
#5414=CIRCLE('',#7579,42.7972875292156);
#5415=CIRCLE('',#7580,42.7972875292156);
#5416=CIRCLE('',#7591,15.0294141389769);
#5417=CIRCLE('',#7592,15.0294141389769);
#5418=CIRCLE('',#7595,13.0294141389769);
#5419=CIRCLE('',#7600,3.02956517909682);
#5420=CIRCLE('',#7601,3.02956517909682);
#5421=CIRCLE('',#7607,41.6304830103991);
#5422=CIRCLE('',#7608,41.6304830103991);
#5423=CIRCLE('',#7611,35.1304830103991);
#5424=CIRCLE('',#7612,35.1304830103991);
#5425=EDGE_LOOP('',(#1816));
#5426=EDGE_LOOP('',(#1817));
#5427=EDGE_LOOP('',(#1818));
#5428=EDGE_LOOP('',(#1819));
#5429=EDGE_LOOP('',(#1820,#1821,#1822,#1823));
#5430=EDGE_LOOP('',(#1824,#1825,#1826,#1827));
#5431=EDGE_LOOP('',(#1828,#1829,#1830,#1831));
#5432=EDGE_LOOP('',(#1832,#1833,#1834,#1835));
#5433=EDGE_LOOP('',(#1836,#1837,#1838,#1839));
#5434=EDGE_LOOP('',(#1840,#1841,#1842,#1843));
#5435=EDGE_LOOP('',(#1844,#1845,#1846,#1847));
#5436=EDGE_LOOP('',(#1848,#1849,#1850,#1851));
#5437=EDGE_LOOP('',(#1852,#1853,#1854,#1855,#1856,#1857,#1858,#1859,#1860));
#5438=EDGE_LOOP('',(#1861,#1862,#1863,#1864,#1865,#1866,#1867,#1868,#1869));
#5439=EDGE_LOOP('',(#1870,#1871,#1872,#1873));
#5440=EDGE_LOOP('',(#1874,#1875,#1876,#1877));
#5441=EDGE_LOOP('',(#1878,#1879,#1880,#1881));
#5442=EDGE_LOOP('',(#1882,#1883,#1884,#1885));
#5443=EDGE_LOOP('',(#1886,#1887,#1888,#1889));
#5444=EDGE_LOOP('',(#1890,#1891,#1892,#1893));
#5445=EDGE_LOOP('',(#1894,#1895,#1896,#1897));
#5446=EDGE_LOOP('',(#1898,#1899,#1900,#1901));
#5447=EDGE_LOOP('',(#1902,#1903,#1904,#1905));
#5448=EDGE_LOOP('',(#1906,#1907,#1908,#1909));
#5449=EDGE_LOOP('',(#1910,#1911,#1912,#1913,#1914,#1915,#1916,#1917,#1918));
#5450=EDGE_LOOP('',(#1919,#1920,#1921,#1922,#1923,#1924,#1925,#1926,#1927));
#5451=EDGE_LOOP('',(#1928,#1929,#1930,#1931));
#5452=EDGE_LOOP('',(#1932,#1933,#1934,#1935));
#5453=EDGE_LOOP('',(#1936,#1937,#1938,#1939));
#5454=EDGE_LOOP('',(#1940,#1941,#1942,#1943));
#5455=EDGE_LOOP('',(#1944,#1945,#1946,#1947));
#5456=EDGE_LOOP('',(#1948,#1949,#1950,#1951));
#5457=EDGE_LOOP('',(#1952,#1953,#1954,#1955));
#5458=EDGE_LOOP('',(#1956,#1957,#1958,#1959));
#5459=EDGE_LOOP('',(#1960,#1961,#1962,#1963));
#5460=EDGE_LOOP('',(#1964,#1965,#1966));
#5461=EDGE_LOOP('',(#1967,#1968,#1969));
#5462=EDGE_LOOP('',(#1970,#1971,#1972,#1973));
#5463=EDGE_LOOP('',(#1974,#1975,#1976,#1977));
#5464=EDGE_LOOP('',(#1978,#1979,#1980,#1981));
#5465=EDGE_LOOP('',(#1982,#1983,#1984,#1985));
#5466=EDGE_LOOP('',(#1986,#1987,#1988,#1989));
#5467=EDGE_LOOP('',(#1990,#1991,#1992,#1993));
#5468=EDGE_LOOP('',(#1994,#1995,#1996,#1997));
#5469=EDGE_LOOP('',(#1998,#1999,#2000,#2001));
#5470=EDGE_LOOP('',(#2002,#2003,#2004,#2005));
#5471=EDGE_LOOP('',(#2006,#2007,#2008,#2009));
#5472=EDGE_LOOP('',(#2010,#2011,#2012,#2013));
#5473=EDGE_LOOP('',(#2014,#2015,#2016,#2017));
#5474=EDGE_LOOP('',(#2018,#2019,#2020,#2021));
#5475=EDGE_LOOP('',(#2022,#2023,#2024,#2025));
#5476=EDGE_LOOP('',(#2026,#2027,#2028,#2029));
#5477=EDGE_LOOP('',(#2030,#2031,#2032,#2033));
#5478=EDGE_LOOP('',(#2034,#2035,#2036,#2037,#2038,#2039,#2040,#2041,#2042,
#2043,#2044,#2045,#2046,#2047,#2048,#2049));
#5479=EDGE_LOOP('',(#2050,#2051,#2052,#2053,#2054,#2055,#2056,#2057,#2058,
#2059,#2060,#2061,#2062,#2063,#2064,#2065));
#5480=EDGE_LOOP('',(#2066,#2067,#2068,#2069));
#5481=EDGE_LOOP('',(#2070));
#5482=EDGE_LOOP('',(#2071,#2072,#2073,#2074));
#5483=EDGE_LOOP('',(#2075));
#5484=EDGE_LOOP('',(#2076,#2077,#2078,#2079));
#5485=EDGE_LOOP('',(#2080,#2081,#2082,#2083));
#5486=EDGE_LOOP('',(#2084,#2085,#2086,#2087,#2088));
#5487=EDGE_LOOP('',(#2089,#2090,#2091,#2092,#2093));
#5488=EDGE_LOOP('',(#2094,#2095,#2096,#2097));
#5489=EDGE_LOOP('',(#2098,#2099,#2100,#2101));
#5490=EDGE_LOOP('',(#2102,#2103,#2104,#2105));
#5491=EDGE_LOOP('',(#2106,#2107,#2108,#2109));
#5492=EDGE_LOOP('',(#2110,#2111,#2112,#2113));
#5493=EDGE_LOOP('',(#2114,#2115,#2116,#2117));
#5494=EDGE_LOOP('',(#2118,#2119,#2120,#2121));
#5495=EDGE_LOOP('',(#2122,#2123,#2124,#2125));
#5496=EDGE_LOOP('',(#2126,#2127,#2128,#2129));
#5497=EDGE_LOOP('',(#2130));
#5498=EDGE_LOOP('',(#2131));
#5499=EDGE_LOOP('',(#2132,#2133,#2134,#2135));
#5500=EDGE_LOOP('',(#2136,#2137,#2138,#2139));
#5501=EDGE_LOOP('',(#2140,#2141,#2142,#2143,#2144));
#5502=EDGE_LOOP('',(#2145,#2146,#2147,#2148,#2149));
#5503=EDGE_LOOP('',(#2150,#2151,#2152,#2153));
#5504=EDGE_LOOP('',(#2154,#2155,#2156,#2157));
#5505=EDGE_LOOP('',(#2158,#2159,#2160,#2161));
#5506=EDGE_LOOP('',(#2162,#2163,#2164,#2165));
#5507=EDGE_LOOP('',(#2166,#2167,#2168,#2169));
#5508=EDGE_LOOP('',(#2170,#2171,#2172,#2173));
#5509=EDGE_LOOP('',(#2174,#2175,#2176,#2177));
#5510=EDGE_LOOP('',(#2178,#2179,#2180,#2181));
#5511=EDGE_LOOP('',(#2182,#2183,#2184,#2185));
#5512=EDGE_LOOP('',(#2186,#2187,#2188,#2189));
#5513=EDGE_LOOP('',(#2190,#2191,#2192,#2193));
#5514=EDGE_LOOP('',(#2194,#2195,#2196,#2197));
#5515=EDGE_LOOP('',(#2198,#2199,#2200,#2201));
#5516=EDGE_LOOP('',(#2202,#2203,#2204,#2205,#2206,#2207));
#5517=EDGE_LOOP('',(#2208,#2209,#2210,#2211));
#5518=EDGE_LOOP('',(#2212,#2213));
#5519=EDGE_LOOP('',(#2214,#2215));
#5520=EDGE_LOOP('',(#2216,#2217,#2218,#2219));
#5521=EDGE_LOOP('',(#2220,#2221,#2222,#2223));
#5522=EDGE_LOOP('',(#2224,#2225,#2226,#2227,#2228,#2229,#2230));
#5523=EDGE_LOOP('',(#2231,#2232,#2233,#2234));
#5524=EDGE_LOOP('',(#2235,#2236,#2237,#2238,#2239,#2240,#2241,#2242,#2243,
#2244,#2245,#2246,#2247,#2248,#2249,#2250,#2251,#2252,#2253,#2254));
#5525=EDGE_LOOP('',(#2255,#2256,#2257,#2258,#2259,#2260,#2261,#2262,#2263,
#2264,#2265,#2266,#2267,#2268,#2269,#2270,#2271,#2272,#2273,#2274));
#5526=EDGE_LOOP('',(#2275,#2276,#2277,#2278,#2279,#2280,#2281,#2282));
#5527=EDGE_LOOP('',(#2283,#2284,#2285,#2286,#2287,#2288,#2289));
#5528=EDGE_LOOP('',(#2290,#2291,#2292,#2293));
#5529=EDGE_LOOP('',(#2294,#2295,#2296,#2297));
#5530=EDGE_LOOP('',(#2298,#2299,#2300,#2301,#2302,#2303,#2304));
#5531=EDGE_LOOP('',(#2305,#2306,#2307,#2308));
#5532=EDGE_LOOP('',(#2309,#2310,#2311,#2312,#2313,#2314,#2315,#2316));
#5533=EDGE_LOOP('',(#2317,#2318,#2319,#2320,#2321,#2322,#2323,#2324));
#5534=EDGE_LOOP('',(#2325,#2326,#2327,#2328,#2329,#2330,#2331,#2332,#2333,
#2334,#2335,#2336,#2337,#2338,#2339,#2340,#2341,#2342,#2343,#2344,#2345,
#2346));
#5535=EDGE_LOOP('',(#2347,#2348,#2349,#2350));
#5536=EDGE_LOOP('',(#2351,#2352,#2353,#2354));
#5537=EDGE_LOOP('',(#2355,#2356,#2357,#2358,#2359,#2360,#2361,#2362,#2363,
#2364,#2365,#2366,#2367,#2368,#2369,#2370,#2371,#2372,#2373,#2374,#2375,
#2376,#2377,#2378,#2379,#2380,#2381,#2382,#2383,#2384,#2385,#2386,#2387,
#2388,#2389,#2390,#2391,#2392,#2393));
#5538=EDGE_LOOP('',(#2394,#2395,#2396,#2397));
#5539=EDGE_LOOP('',(#2398,#2399,#2400,#2401));
#5540=EDGE_LOOP('',(#2402,#2403,#2404,#2405));
#5541=EDGE_LOOP('',(#2406,#2407,#2408,#2409));
#5542=EDGE_LOOP('',(#2410,#2411,#2412,#2413));
#5543=EDGE_LOOP('',(#2414,#2415,#2416,#2417));
#5544=EDGE_LOOP('',(#2418,#2419,#2420,#2421));
#5545=EDGE_LOOP('',(#2422,#2423,#2424,#2425));
#5546=EDGE_LOOP('',(#2426,#2427,#2428,#2429));
#5547=EDGE_LOOP('',(#2430,#2431,#2432,#2433));
#5548=EDGE_LOOP('',(#2434,#2435,#2436,#2437));
#5549=EDGE_LOOP('',(#2438,#2439,#2440,#2441));
#5550=EDGE_LOOP('',(#2442,#2443,#2444,#2445,#2446,#2447,#2448));
#5551=EDGE_LOOP('',(#2449,#2450,#2451,#2452));
#5552=EDGE_LOOP('',(#2453,#2454,#2455,#2456));
#5553=EDGE_LOOP('',(#2457,#2458,#2459,#2460));
#5554=EDGE_LOOP('',(#2461,#2462,#2463,#2464));
#5555=EDGE_LOOP('',(#2465,#2466,#2467,#2468));
#5556=EDGE_LOOP('',(#2469,#2470,#2471,#2472));
#5557=EDGE_LOOP('',(#2473,#2474,#2475,#2476));
#5558=EDGE_LOOP('',(#2477,#2478,#2479,#2480));
#5559=EDGE_LOOP('',(#2481,#2482,#2483,#2484));
#5560=EDGE_LOOP('',(#2485,#2486,#2487,#2488));
#5561=EDGE_LOOP('',(#2489,#2490,#2491,#2492));
#5562=EDGE_LOOP('',(#2493,#2494,#2495,#2496));
#5563=EDGE_LOOP('',(#2497,#2498,#2499,#2500));
#5564=EDGE_LOOP('',(#2501,#2502,#2503,#2504));
#5565=EDGE_LOOP('',(#2505,#2506,#2507,#2508));
#5566=EDGE_LOOP('',(#2509,#2510,#2511,#2512));
#5567=EDGE_LOOP('',(#2513,#2514,#2515,#2516));
#5568=EDGE_LOOP('',(#2517,#2518,#2519,#2520));
#5569=EDGE_LOOP('',(#2521,#2522,#2523,#2524));
#5570=EDGE_LOOP('',(#2525,#2526,#2527,#2528));
#5571=EDGE_LOOP('',(#2529,#2530,#2531,#2532));
#5572=EDGE_LOOP('',(#2533,#2534,#2535,#2536));
#5573=EDGE_LOOP('',(#2537,#2538,#2539,#2540));
#5574=EDGE_LOOP('',(#2541,#2542,#2543,#2544));
#5575=EDGE_LOOP('',(#2545,#2546,#2547,#2548));
#5576=EDGE_LOOP('',(#2549,#2550,#2551,#2552,#2553,#2554,#2555,#2556,#2557,
#2558,#2559,#2560,#2561,#2562,#2563,#2564,#2565,#2566,#2567,#2568));
#5577=EDGE_LOOP('',(#2569,#2570,#2571,#2572));
#5578=EDGE_LOOP('',(#2573,#2574,#2575,#2576));
#5579=EDGE_LOOP('',(#2577,#2578,#2579,#2580));
#5580=EDGE_LOOP('',(#2581,#2582,#2583,#2584));
#5581=EDGE_LOOP('',(#2585,#2586,#2587,#2588));
#5582=EDGE_LOOP('',(#2589,#2590,#2591,#2592));
#5583=EDGE_LOOP('',(#2593,#2594,#2595,#2596));
#5584=EDGE_LOOP('',(#2597,#2598,#2599,#2600));
#5585=EDGE_LOOP('',(#2601,#2602,#2603,#2604));
#5586=EDGE_LOOP('',(#2605,#2606,#2607,#2608));
#5587=EDGE_LOOP('',(#2609,#2610,#2611,#2612));
#5588=EDGE_LOOP('',(#2613,#2614,#2615,#2616));
#5589=EDGE_LOOP('',(#2617,#2618,#2619,#2620));
#5590=EDGE_LOOP('',(#2621,#2622,#2623,#2624));
#5591=EDGE_LOOP('',(#2625,#2626,#2627,#2628));
#5592=EDGE_LOOP('',(#2629,#2630,#2631,#2632));
#5593=EDGE_LOOP('',(#2633,#2634,#2635,#2636));
#5594=EDGE_LOOP('',(#2637,#2638,#2639,#2640));
#5595=EDGE_LOOP('',(#2641,#2642,#2643,#2644));
#5596=EDGE_LOOP('',(#2645,#2646,#2647,#2648));
#5597=EDGE_LOOP('',(#2649,#2650,#2651,#2652,#2653,#2654,#2655,#2656,#2657,
#2658,#2659,#2660,#2661,#2662,#2663,#2664,#2665,#2666,#2667,#2668));
#5598=EDGE_LOOP('',(#2669,#2670,#2671,#2672));
#5599=EDGE_LOOP('',(#2673,#2674,#2675,#2676));
#5600=EDGE_LOOP('',(#2677,#2678,#2679,#2680));
#5601=EDGE_LOOP('',(#2681,#2682,#2683,#2684));
#5602=EDGE_LOOP('',(#2685,#2686,#2687,#2688));
#5603=EDGE_LOOP('',(#2689,#2690,#2691,#2692));
#5604=EDGE_LOOP('',(#2693,#2694,#2695,#2696));
#5605=EDGE_LOOP('',(#2697,#2698,#2699,#2700));
#5606=EDGE_LOOP('',(#2701,#2702,#2703,#2704,#2705,#2706,#2707,#2708));
#5607=EDGE_LOOP('',(#2709,#2710,#2711,#2712));
#5608=EDGE_LOOP('',(#2713,#2714,#2715,#2716));
#5609=EDGE_LOOP('',(#2717,#2718,#2719,#2720));
#5610=EDGE_LOOP('',(#2721,#2722,#2723,#2724));
#5611=EDGE_LOOP('',(#2725,#2726,#2727,#2728));
#5612=EDGE_LOOP('',(#2729,#2730,#2731,#2732));
#5613=EDGE_LOOP('',(#2733,#2734,#2735,#2736));
#5614=EDGE_LOOP('',(#2737,#2738,#2739,#2740,#2741,#2742,#2743));
#5615=EDGE_LOOP('',(#2744,#2745,#2746,#2747));
#5616=EDGE_LOOP('',(#2748,#2749,#2750,#2751));
#5617=EDGE_LOOP('',(#2752,#2753,#2754,#2755));
#5618=EDGE_LOOP('',(#2756,#2757,#2758,#2759));
#5619=EDGE_LOOP('',(#2760,#2761,#2762,#2763));
#5620=EDGE_LOOP('',(#2764,#2765,#2766,#2767));
#5621=EDGE_LOOP('',(#2768,#2769,#2770,#2771));
#5622=EDGE_LOOP('',(#2772,#2773,#2774,#2775));
#5623=EDGE_LOOP('',(#2776,#2777,#2778,#2779));
#5624=EDGE_LOOP('',(#2780,#2781,#2782,#2783));
#5625=EDGE_LOOP('',(#2784,#2785,#2786,#2787));
#5626=EDGE_LOOP('',(#2788,#2789,#2790,#2791));
#5627=EDGE_LOOP('',(#2792,#2793,#2794,#2795));
#5628=EDGE_LOOP('',(#2796,#2797,#2798,#2799));
#5629=EDGE_LOOP('',(#2800,#2801,#2802,#2803));
#5630=EDGE_LOOP('',(#2804,#2805,#2806,#2807));
#5631=EDGE_LOOP('',(#2808,#2809,#2810,#2811));
#5632=EDGE_LOOP('',(#2812,#2813,#2814,#2815,#2816,#2817,#2818));
#5633=EDGE_LOOP('',(#2819,#2820,#2821,#2822));
#5634=EDGE_LOOP('',(#2823,#2824,#2825,#2826));
#5635=EDGE_LOOP('',(#2827,#2828,#2829,#2830));
#5636=EDGE_LOOP('',(#2831,#2832,#2833,#2834));
#5637=EDGE_LOOP('',(#2835,#2836,#2837,#2838));
#5638=EDGE_LOOP('',(#2839,#2840,#2841,#2842));
#5639=EDGE_LOOP('',(#2843,#2844,#2845,#2846));
#5640=EDGE_LOOP('',(#2847,#2848,#2849,#2850));
#5641=EDGE_LOOP('',(#2851,#2852,#2853,#2854));
#5642=EDGE_LOOP('',(#2855,#2856,#2857,#2858));
#5643=EDGE_LOOP('',(#2859,#2860,#2861,#2862));
#5644=EDGE_LOOP('',(#2863,#2864,#2865,#2866));
#5645=EDGE_LOOP('',(#2867,#2868,#2869,#2870));
#5646=EDGE_LOOP('',(#2871,#2872,#2873,#2874,#2875,#2876,#2877,#2878));
#5647=EDGE_LOOP('',(#2879,#2880,#2881,#2882));
#5648=EDGE_LOOP('',(#2883,#2884,#2885,#2886));
#5649=EDGE_LOOP('',(#2887,#2888,#2889,#2890));
#5650=EDGE_LOOP('',(#2891,#2892,#2893,#2894));
#5651=EDGE_LOOP('',(#2895,#2896,#2897,#2898));
#5652=EDGE_LOOP('',(#2899,#2900,#2901,#2902));
#5653=EDGE_LOOP('',(#2903,#2904,#2905,#2906));
#5654=EDGE_LOOP('',(#2907,#2908,#2909,#2910));
#5655=EDGE_LOOP('',(#2911,#2912,#2913,#2914,#2915,#2916,#2917,#2918));
#5656=EDGE_LOOP('',(#2919,#2920,#2921,#2922));
#5657=EDGE_LOOP('',(#2923,#2924,#2925,#2926));
#5658=EDGE_LOOP('',(#2927,#2928,#2929,#2930));
#5659=EDGE_LOOP('',(#2931,#2932,#2933,#2934));
#5660=EDGE_LOOP('',(#2935,#2936,#2937,#2938));
#5661=EDGE_LOOP('',(#2939,#2940,#2941,#2942));
#5662=EDGE_LOOP('',(#2943,#2944,#2945,#2946));
#5663=EDGE_LOOP('',(#2947,#2948,#2949,#2950));
#5664=EDGE_LOOP('',(#2951,#2952,#2953,#2954));
#5665=EDGE_LOOP('',(#2955,#2956,#2957,#2958));
#5666=EDGE_LOOP('',(#2959,#2960,#2961,#2962));
#5667=EDGE_LOOP('',(#2963,#2964,#2965,#2966));
#5668=EDGE_LOOP('',(#2967,#2968,#2969,#2970));
#5669=EDGE_LOOP('',(#2971,#2972,#2973,#2974));
#5670=EDGE_LOOP('',(#2975,#2976,#2977,#2978));
#5671=EDGE_LOOP('',(#2979,#2980,#2981,#2982));
#5672=EDGE_LOOP('',(#2983,#2984,#2985,#2986));
#5673=EDGE_LOOP('',(#2987,#2988,#2989,#2990));
#5674=EDGE_LOOP('',(#2991,#2992,#2993,#2994));
#5675=EDGE_LOOP('',(#2995,#2996,#2997,#2998));
#5676=EDGE_LOOP('',(#2999,#3000,#3001,#3002));
#5677=EDGE_LOOP('',(#3003,#3004,#3005,#3006));
#5678=EDGE_LOOP('',(#3007,#3008,#3009,#3010,#3011,#3012,#3013,#3014,#3015,
#3016,#3017,#3018,#3019,#3020,#3021,#3022,#3023,#3024,#3025,#3026,#3027,
#3028));
#5679=EDGE_LOOP('',(#3029,#3030,#3031,#3032));
#5680=EDGE_LOOP('',(#3033,#3034,#3035,#3036));
#5681=EDGE_LOOP('',(#3037,#3038,#3039,#3040));
#5682=EDGE_LOOP('',(#3041,#3042,#3043,#3044));
#5683=EDGE_LOOP('',(#3045,#3046,#3047,#3048));
#5684=EDGE_LOOP('',(#3049,#3050,#3051,#3052));
#5685=EDGE_LOOP('',(#3053,#3054,#3055,#3056));
#5686=EDGE_LOOP('',(#3057,#3058,#3059,#3060));
#5687=EDGE_LOOP('',(#3061,#3062,#3063,#3064));
#5688=EDGE_LOOP('',(#3065,#3066,#3067,#3068));
#5689=EDGE_LOOP('',(#3069,#3070,#3071,#3072));
#5690=EDGE_LOOP('',(#3073,#3074,#3075,#3076));
#5691=EDGE_LOOP('',(#3077,#3078,#3079,#3080));
#5692=EDGE_LOOP('',(#3081,#3082,#3083,#3084));
#5693=EDGE_LOOP('',(#3085,#3086,#3087,#3088));
#5694=EDGE_LOOP('',(#3089,#3090,#3091,#3092));
#5695=EDGE_LOOP('',(#3093,#3094,#3095,#3096));
#5696=EDGE_LOOP('',(#3097,#3098,#3099,#3100));
#5697=EDGE_LOOP('',(#3101,#3102,#3103,#3104));
#5698=EDGE_LOOP('',(#3105,#3106,#3107,#3108));
#5699=EDGE_LOOP('',(#3109,#3110,#3111,#3112));
#5700=EDGE_LOOP('',(#3113,#3114,#3115,#3116));
#5701=EDGE_LOOP('',(#3117,#3118,#3119,#3120));
#5702=EDGE_LOOP('',(#3121,#3122,#3123,#3124));
#5703=EDGE_LOOP('',(#3125,#3126,#3127,#3128));
#5704=EDGE_LOOP('',(#3129,#3130,#3131,#3132));
#5705=EDGE_LOOP('',(#3133,#3134,#3135,#3136));
#5706=EDGE_LOOP('',(#3137,#3138,#3139,#3140));
#5707=EDGE_LOOP('',(#3141,#3142,#3143,#3144));
#5708=EDGE_LOOP('',(#3145,#3146,#3147,#3148));
#5709=EDGE_LOOP('',(#3149,#3150,#3151,#3152));
#5710=EDGE_LOOP('',(#3153,#3154,#3155,#3156));
#5711=EDGE_LOOP('',(#3157,#3158,#3159,#3160));
#5712=EDGE_LOOP('',(#3161,#3162,#3163,#3164));
#5713=EDGE_LOOP('',(#3165,#3166,#3167,#3168));
#5714=EDGE_LOOP('',(#3169,#3170,#3171,#3172));
#5715=EDGE_LOOP('',(#3173,#3174,#3175,#3176));
#5716=EDGE_LOOP('',(#3177,#3178,#3179,#3180));
#5717=EDGE_LOOP('',(#3181,#3182,#3183,#3184));
#5718=EDGE_LOOP('',(#3185,#3186,#3187,#3188));
#5719=EDGE_LOOP('',(#3189,#3190,#3191,#3192));
#5720=EDGE_LOOP('',(#3193,#3194,#3195,#3196));
#5721=EDGE_LOOP('',(#3197,#3198,#3199,#3200));
#5722=EDGE_LOOP('',(#3201,#3202,#3203,#3204));
#5723=EDGE_LOOP('',(#3205,#3206,#3207,#3208));
#5724=EDGE_LOOP('',(#3209,#3210,#3211,#3212));
#5725=EDGE_LOOP('',(#3213,#3214,#3215,#3216));
#5726=EDGE_LOOP('',(#3217,#3218,#3219,#3220));
#5727=EDGE_LOOP('',(#3221,#3222,#3223,#3224));
#5728=EDGE_LOOP('',(#3225,#3226,#3227,#3228,#3229,#3230,#3231,#3232,#3233,
#3234,#3235,#3236,#3237,#3238,#3239,#3240,#3241,#3242,#3243,#3244,#3245,
#3246,#3247,#3248,#3249,#3250,#3251,#3252,#3253,#3254,#3255,#3256,#3257,
#3258,#3259,#3260,#3261,#3262,#3263));
#5729=EDGE_LOOP('',(#3264,#3265,#3266,#3267,#3268,#3269));
#5730=EDGE_LOOP('',(#3270,#3271,#3272,#3273));
#5731=EDGE_LOOP('',(#3274,#3275));
#5732=EDGE_LOOP('',(#3276,#3277));
#5733=EDGE_LOOP('',(#3278,#3279,#3280,#3281));
#5734=EDGE_LOOP('',(#3282,#3283,#3284,#3285));
#5735=EDGE_LOOP('',(#3286,#3287,#3288,#3289));
#5736=EDGE_LOOP('',(#3290,#3291,#3292,#3293));
#5737=EDGE_LOOP('',(#3294,#3295,#3296,#3297));
#5738=EDGE_LOOP('',(#3298,#3299,#3300,#3301,#3302,#3303,#3304,#3305));
#5739=EDGE_LOOP('',(#3306,#3307,#3308,#3309,#3310,#3311,#3312,#3313));
#5740=EDGE_LOOP('',(#3314,#3315,#3316,#3317));
#5741=EDGE_LOOP('',(#3318,#3319,#3320,#3321));
#5742=EDGE_LOOP('',(#3322,#3323,#3324,#3325));
#5743=EDGE_LOOP('',(#3326,#3327,#3328,#3329));
#5744=EDGE_LOOP('',(#3330,#3331,#3332,#3333));
#5745=EDGE_LOOP('',(#3334,#3335,#3336,#3337));
#5746=EDGE_LOOP('',(#3338,#3339,#3340,#3341));
#5747=EDGE_LOOP('',(#3342,#3343,#3344,#3345));
#5748=EDGE_LOOP('',(#3346,#3347,#3348,#3349));
#5749=EDGE_LOOP('',(#3350,#3351,#3352,#3353));
#5750=EDGE_LOOP('',(#3354,#3355,#3356,#3357));
#5751=EDGE_LOOP('',(#3358,#3359,#3360,#3361));
#5752=EDGE_LOOP('',(#3362,#3363,#3364,#3365));
#5753=EDGE_LOOP('',(#3366,#3367,#3368,#3369));
#5754=EDGE_LOOP('',(#3370,#3371,#3372,#3373));
#5755=EDGE_LOOP('',(#3374,#3375,#3376,#3377));
#5756=EDGE_LOOP('',(#3378,#3379,#3380,#3381));
#5757=EDGE_LOOP('',(#3382,#3383,#3384,#3385));
#5758=EDGE_LOOP('',(#3386,#3387,#3388,#3389));
#5759=EDGE_LOOP('',(#3390,#3391,#3392,#3393));
#5760=EDGE_LOOP('',(#3394,#3395,#3396,#3397));
#5761=EDGE_LOOP('',(#3398,#3399,#3400,#3401));
#5762=EDGE_LOOP('',(#3402));
#5763=EDGE_LOOP('',(#3403));
#5764=EDGE_LOOP('',(#3404));
#5765=EDGE_LOOP('',(#3405));
#5766=EDGE_LOOP('',(#3406,#3407,#3408,#3409));
#5767=EDGE_LOOP('',(#3410,#3411,#3412,#3413));
#5768=EDGE_LOOP('',(#3414,#3415,#3416,#3417));
#5769=EDGE_LOOP('',(#3418,#3419,#3420));
#5770=EDGE_LOOP('',(#3421,#3422,#3423));
#5771=EDGE_LOOP('',(#3424));
#5772=EDGE_LOOP('',(#3425));
#5773=EDGE_LOOP('',(#3426));
#5774=EDGE_LOOP('',(#3427));
#5775=EDGE_LOOP('',(#3428));
#5776=EDGE_LOOP('',(#3429));
#5777=EDGE_LOOP('',(#3430));
#5778=EDGE_LOOP('',(#3431));
#5779=EDGE_LOOP('',(#3432,#3433,#3434,#3435));
#5780=EDGE_LOOP('',(#3436,#3437,#3438,#3439));
#5781=EDGE_LOOP('',(#3440,#3441,#3442,#3443));
#5782=EDGE_LOOP('',(#3444,#3445,#3446,#3447));
#5783=EDGE_LOOP('',(#3448,#3449,#3450,#3451));
#5784=EDGE_LOOP('',(#3452,#3453,#3454,#3455));
#5785=EDGE_LOOP('',(#3456));
#5786=EDGE_LOOP('',(#3457));
#5787=EDGE_LOOP('',(#3458));
#5788=EDGE_LOOP('',(#3459));
#5789=EDGE_LOOP('',(#3460));
#5790=EDGE_LOOP('',(#3461));
#5791=EDGE_LOOP('',(#3462));
#5792=EDGE_LOOP('',(#3463));
#5793=EDGE_LOOP('',(#3464,#3465,#3466,#3467));
#5794=EDGE_LOOP('',(#3468,#3469,#3470,#3471));
#5795=EDGE_LOOP('',(#3472,#3473,#3474,#3475));
#5796=EDGE_LOOP('',(#3476,#3477,#3478,#3479));
#5797=EDGE_LOOP('',(#3480,#3481,#3482,#3483));
#5798=EDGE_LOOP('',(#3484,#3485,#3486,#3487));
#5799=EDGE_LOOP('',(#3488,#3489,#3490,#3491));
#5800=EDGE_LOOP('',(#3492,#3493,#3494,#3495));
#5801=EDGE_LOOP('',(#3496,#3497,#3498,#3499,#3500,#3501,#3502,#3503,#3504));
#5802=EDGE_LOOP('',(#3505,#3506,#3507,#3508,#3509,#3510,#3511,#3512,#3513));
#5803=EDGE_LOOP('',(#3514,#3515,#3516,#3517));
#5804=EDGE_LOOP('',(#3518,#3519,#3520,#3521));
#5805=EDGE_LOOP('',(#3522,#3523,#3524,#3525));
#5806=EDGE_LOOP('',(#3526,#3527,#3528,#3529));
#5807=EDGE_LOOP('',(#3530,#3531,#3532,#3533));
#5808=EDGE_LOOP('',(#3534,#3535,#3536,#3537));
#5809=EDGE_LOOP('',(#3538,#3539,#3540,#3541));
#5810=EDGE_LOOP('',(#3542,#3543,#3544,#3545));
#5811=EDGE_LOOP('',(#3546,#3547,#3548,#3549));
#5812=EDGE_LOOP('',(#3550,#3551,#3552,#3553));
#5813=EDGE_LOOP('',(#3554,#3555,#3556,#3557));
#5814=EDGE_LOOP('',(#3558,#3559,#3560,#3561));
#5815=EDGE_LOOP('',(#3562,#3563,#3564,#3565,#3566));
#5816=EDGE_LOOP('',(#3567,#3568,#3569,#3570,#3571));
#5817=EDGE_LOOP('',(#3572,#3573,#3574,#3575));
#5818=EDGE_LOOP('',(#3576,#3577,#3578,#3579,#3580,#3581));
#5819=EDGE_LOOP('',(#3582,#3583));
#5820=EDGE_LOOP('',(#3584,#3585));
#5821=EDGE_LOOP('',(#3586,#3587,#3588,#3589));
#5822=EDGE_LOOP('',(#3590,#3591,#3592,#3593));
#5823=EDGE_LOOP('',(#3594,#3595,#3596,#3597));
#5824=EDGE_LOOP('',(#3598,#3599,#3600,#3601));
#5825=EDGE_LOOP('',(#3602,#3603,#3604));
#5826=EDGE_LOOP('',(#3605,#3606,#3607));
#5827=EDGE_LOOP('',(#3608,#3609,#3610,#3611));
#5828=EDGE_LOOP('',(#3612,#3613,#3614,#3615));
#5829=EDGE_LOOP('',(#3616,#3617,#3618,#3619));
#5830=EDGE_LOOP('',(#3620,#3621,#3622,#3623));
#5831=EDGE_LOOP('',(#3624,#3625,#3626,#3627));
#5832=EDGE_LOOP('',(#3628,#3629,#3630,#3631));
#5833=EDGE_LOOP('',(#3632,#3633,#3634,#3635));
#5834=EDGE_LOOP('',(#3636,#3637,#3638,#3639,#3640,#3641));
#5835=EDGE_LOOP('',(#3642,#3643));
#5836=EDGE_LOOP('',(#3644,#3645));
#5837=EDGE_LOOP('',(#3646,#3647,#3648,#3649));
#5838=EDGE_LOOP('',(#3650));
#5839=EDGE_LOOP('',(#3651));
#5840=EDGE_LOOP('',(#3652));
#5841=EDGE_LOOP('',(#3653));
#5842=EDGE_LOOP('',(#3654,#3655,#3656,#3657));
#5843=EDGE_LOOP('',(#3658,#3659,#3660,#3661));
#5844=EDGE_LOOP('',(#3662,#3663,#3664,#3665));
#5845=EDGE_LOOP('',(#3666,#3667,#3668,#3669));
#5846=EDGE_LOOP('',(#3670,#3671,#3672,#3673));
#5847=EDGE_LOOP('',(#3674,#3675,#3676,#3677));
#5848=EDGE_LOOP('',(#3678,#3679,#3680,#3681));
#5849=EDGE_LOOP('',(#3682,#3683,#3684,#3685));
#5850=EDGE_LOOP('',(#3686,#3687,#3688,#3689));
#5851=EDGE_LOOP('',(#3690,#3691,#3692,#3693));
#5852=EDGE_LOOP('',(#3694,#3695,#3696,#3697));
#5853=EDGE_LOOP('',(#3698,#3699,#3700,#3701));
#5854=FACE_BOUND('',#5425,.T.);
#5855=FACE_BOUND('',#5426,.T.);
#5856=FACE_BOUND('',#5427,.T.);
#5857=FACE_BOUND('',#5428,.T.);
#5858=FACE_BOUND('',#5429,.T.);
#5859=FACE_BOUND('',#5430,.T.);
#5860=FACE_BOUND('',#5431,.T.);
#5861=FACE_BOUND('',#5432,.T.);
#5862=FACE_BOUND('',#5433,.T.);
#5863=FACE_BOUND('',#5434,.T.);
#5864=FACE_BOUND('',#5435,.T.);
#5865=FACE_BOUND('',#5436,.T.);
#5866=FACE_BOUND('',#5437,.T.);
#5867=FACE_BOUND('',#5438,.T.);
#5868=FACE_BOUND('',#5439,.T.);
#5869=FACE_BOUND('',#5440,.T.);
#5870=FACE_BOUND('',#5441,.T.);
#5871=FACE_BOUND('',#5442,.T.);
#5872=FACE_BOUND('',#5443,.T.);
#5873=FACE_BOUND('',#5444,.T.);
#5874=FACE_BOUND('',#5445,.T.);
#5875=FACE_BOUND('',#5446,.T.);
#5876=FACE_BOUND('',#5447,.T.);
#5877=FACE_BOUND('',#5448,.T.);
#5878=FACE_BOUND('',#5449,.T.);
#5879=FACE_BOUND('',#5450,.T.);
#5880=FACE_BOUND('',#5451,.T.);
#5881=FACE_BOUND('',#5452,.T.);
#5882=FACE_BOUND('',#5453,.T.);
#5883=FACE_BOUND('',#5454,.T.);
#5884=FACE_BOUND('',#5455,.T.);
#5885=FACE_BOUND('',#5456,.T.);
#5886=FACE_BOUND('',#5457,.T.);
#5887=FACE_BOUND('',#5458,.T.);
#5888=FACE_BOUND('',#5459,.T.);
#5889=FACE_BOUND('',#5460,.T.);
#5890=FACE_BOUND('',#5461,.T.);
#5891=FACE_BOUND('',#5462,.T.);
#5892=FACE_BOUND('',#5463,.T.);
#5893=FACE_BOUND('',#5464,.T.);
#5894=FACE_BOUND('',#5465,.T.);
#5895=FACE_BOUND('',#5466,.T.);
#5896=FACE_BOUND('',#5467,.T.);
#5897=FACE_BOUND('',#5468,.T.);
#5898=FACE_BOUND('',#5469,.T.);
#5899=FACE_BOUND('',#5470,.T.);
#5900=FACE_BOUND('',#5471,.T.);
#5901=FACE_BOUND('',#5472,.T.);
#5902=FACE_BOUND('',#5473,.T.);
#5903=FACE_BOUND('',#5474,.T.);
#5904=FACE_BOUND('',#5475,.T.);
#5905=FACE_BOUND('',#5476,.T.);
#5906=FACE_BOUND('',#5477,.T.);
#5907=FACE_BOUND('',#5478,.T.);
#5908=FACE_BOUND('',#5479,.T.);
#5909=FACE_BOUND('',#5480,.T.);
#5910=FACE_BOUND('',#5481,.T.);
#5911=FACE_BOUND('',#5482,.T.);
#5912=FACE_BOUND('',#5483,.T.);
#5913=FACE_BOUND('',#5484,.T.);
#5914=FACE_BOUND('',#5485,.T.);
#5915=FACE_BOUND('',#5486,.T.);
#5916=FACE_BOUND('',#5487,.T.);
#5917=FACE_BOUND('',#5488,.T.);
#5918=FACE_BOUND('',#5489,.T.);
#5919=FACE_BOUND('',#5490,.T.);
#5920=FACE_BOUND('',#5491,.T.);
#5921=FACE_BOUND('',#5492,.T.);
#5922=FACE_BOUND('',#5493,.T.);
#5923=FACE_BOUND('',#5494,.T.);
#5924=FACE_BOUND('',#5495,.T.);
#5925=FACE_BOUND('',#5496,.T.);
#5926=FACE_BOUND('',#5497,.T.);
#5927=FACE_BOUND('',#5498,.T.);
#5928=FACE_BOUND('',#5499,.T.);
#5929=FACE_BOUND('',#5500,.T.);
#5930=FACE_BOUND('',#5501,.T.);
#5931=FACE_BOUND('',#5502,.T.);
#5932=FACE_BOUND('',#5503,.T.);
#5933=FACE_BOUND('',#5504,.T.);
#5934=FACE_BOUND('',#5505,.T.);
#5935=FACE_BOUND('',#5506,.T.);
#5936=FACE_BOUND('',#5507,.T.);
#5937=FACE_BOUND('',#5508,.T.);
#5938=FACE_BOUND('',#5509,.T.);
#5939=FACE_BOUND('',#5510,.T.);
#5940=FACE_BOUND('',#5511,.T.);
#5941=FACE_BOUND('',#5512,.T.);
#5942=FACE_BOUND('',#5513,.T.);
#5943=FACE_BOUND('',#5514,.T.);
#5944=FACE_BOUND('',#5515,.T.);
#5945=FACE_BOUND('',#5516,.T.);
#5946=FACE_BOUND('',#5517,.T.);
#5947=FACE_BOUND('',#5518,.T.);
#5948=FACE_BOUND('',#5519,.T.);
#5949=FACE_BOUND('',#5520,.T.);
#5950=FACE_BOUND('',#5521,.T.);
#5951=FACE_BOUND('',#5522,.T.);
#5952=FACE_BOUND('',#5523,.T.);
#5953=FACE_BOUND('',#5524,.T.);
#5954=FACE_BOUND('',#5525,.T.);
#5955=FACE_BOUND('',#5526,.T.);
#5956=FACE_BOUND('',#5527,.T.);
#5957=FACE_BOUND('',#5528,.T.);
#5958=FACE_BOUND('',#5529,.T.);
#5959=FACE_BOUND('',#5530,.T.);
#5960=FACE_BOUND('',#5531,.T.);
#5961=FACE_BOUND('',#5532,.T.);
#5962=FACE_BOUND('',#5533,.T.);
#5963=FACE_BOUND('',#5534,.T.);
#5964=FACE_BOUND('',#5535,.T.);
#5965=FACE_BOUND('',#5536,.T.);
#5966=FACE_BOUND('',#5537,.T.);
#5967=FACE_BOUND('',#5538,.T.);
#5968=FACE_BOUND('',#5539,.T.);
#5969=FACE_BOUND('',#5540,.T.);
#5970=FACE_BOUND('',#5541,.T.);
#5971=FACE_BOUND('',#5542,.T.);
#5972=FACE_BOUND('',#5543,.T.);
#5973=FACE_BOUND('',#5544,.T.);
#5974=FACE_BOUND('',#5545,.T.);
#5975=FACE_BOUND('',#5546,.T.);
#5976=FACE_BOUND('',#5547,.T.);
#5977=FACE_BOUND('',#5548,.T.);
#5978=FACE_BOUND('',#5549,.T.);
#5979=FACE_BOUND('',#5550,.T.);
#5980=FACE_BOUND('',#5551,.T.);
#5981=FACE_BOUND('',#5552,.T.);
#5982=FACE_BOUND('',#5553,.T.);
#5983=FACE_BOUND('',#5554,.T.);
#5984=FACE_BOUND('',#5555,.T.);
#5985=FACE_BOUND('',#5556,.T.);
#5986=FACE_BOUND('',#5557,.T.);
#5987=FACE_BOUND('',#5558,.T.);
#5988=FACE_BOUND('',#5559,.T.);
#5989=FACE_BOUND('',#5560,.T.);
#5990=FACE_BOUND('',#5561,.T.);
#5991=FACE_BOUND('',#5562,.T.);
#5992=FACE_BOUND('',#5563,.T.);
#5993=FACE_BOUND('',#5564,.T.);
#5994=FACE_BOUND('',#5565,.T.);
#5995=FACE_BOUND('',#5566,.T.);
#5996=FACE_BOUND('',#5567,.T.);
#5997=FACE_BOUND('',#5568,.T.);
#5998=FACE_BOUND('',#5569,.T.);
#5999=FACE_BOUND('',#5570,.T.);
#6000=FACE_BOUND('',#5571,.T.);
#6001=FACE_BOUND('',#5572,.T.);
#6002=FACE_BOUND('',#5573,.T.);
#6003=FACE_BOUND('',#5574,.T.);
#6004=FACE_BOUND('',#5575,.T.);
#6005=FACE_BOUND('',#5576,.T.);
#6006=FACE_BOUND('',#5577,.T.);
#6007=FACE_BOUND('',#5578,.T.);
#6008=FACE_BOUND('',#5579,.T.);
#6009=FACE_BOUND('',#5580,.T.);
#6010=FACE_BOUND('',#5581,.T.);
#6011=FACE_BOUND('',#5582,.T.);
#6012=FACE_BOUND('',#5583,.T.);
#6013=FACE_BOUND('',#5584,.T.);
#6014=FACE_BOUND('',#5585,.T.);
#6015=FACE_BOUND('',#5586,.T.);
#6016=FACE_BOUND('',#5587,.T.);
#6017=FACE_BOUND('',#5588,.T.);
#6018=FACE_BOUND('',#5589,.T.);
#6019=FACE_BOUND('',#5590,.T.);
#6020=FACE_BOUND('',#5591,.T.);
#6021=FACE_BOUND('',#5592,.T.);
#6022=FACE_BOUND('',#5593,.T.);
#6023=FACE_BOUND('',#5594,.T.);
#6024=FACE_BOUND('',#5595,.T.);
#6025=FACE_BOUND('',#5596,.T.);
#6026=FACE_BOUND('',#5597,.T.);
#6027=FACE_BOUND('',#5598,.T.);
#6028=FACE_BOUND('',#5599,.T.);
#6029=FACE_BOUND('',#5600,.T.);
#6030=FACE_BOUND('',#5601,.T.);
#6031=FACE_BOUND('',#5602,.T.);
#6032=FACE_BOUND('',#5603,.T.);
#6033=FACE_BOUND('',#5604,.T.);
#6034=FACE_BOUND('',#5605,.T.);
#6035=FACE_BOUND('',#5606,.T.);
#6036=FACE_BOUND('',#5607,.T.);
#6037=FACE_BOUND('',#5608,.T.);
#6038=FACE_BOUND('',#5609,.T.);
#6039=FACE_BOUND('',#5610,.T.);
#6040=FACE_BOUND('',#5611,.T.);
#6041=FACE_BOUND('',#5612,.T.);
#6042=FACE_BOUND('',#5613,.T.);
#6043=FACE_BOUND('',#5614,.T.);
#6044=FACE_BOUND('',#5615,.T.);
#6045=FACE_BOUND('',#5616,.T.);
#6046=FACE_BOUND('',#5617,.T.);
#6047=FACE_BOUND('',#5618,.T.);
#6048=FACE_BOUND('',#5619,.T.);
#6049=FACE_BOUND('',#5620,.T.);
#6050=FACE_BOUND('',#5621,.T.);
#6051=FACE_BOUND('',#5622,.T.);
#6052=FACE_BOUND('',#5623,.T.);
#6053=FACE_BOUND('',#5624,.T.);
#6054=FACE_BOUND('',#5625,.T.);
#6055=FACE_BOUND('',#5626,.T.);
#6056=FACE_BOUND('',#5627,.T.);
#6057=FACE_BOUND('',#5628,.T.);
#6058=FACE_BOUND('',#5629,.T.);
#6059=FACE_BOUND('',#5630,.T.);
#6060=FACE_BOUND('',#5631,.T.);
#6061=FACE_BOUND('',#5632,.T.);
#6062=FACE_BOUND('',#5633,.T.);
#6063=FACE_BOUND('',#5634,.T.);
#6064=FACE_BOUND('',#5635,.T.);
#6065=FACE_BOUND('',#5636,.T.);
#6066=FACE_BOUND('',#5637,.T.);
#6067=FACE_BOUND('',#5638,.T.);
#6068=FACE_BOUND('',#5639,.T.);
#6069=FACE_BOUND('',#5640,.T.);
#6070=FACE_BOUND('',#5641,.T.);
#6071=FACE_BOUND('',#5642,.T.);
#6072=FACE_BOUND('',#5643,.T.);
#6073=FACE_BOUND('',#5644,.T.);
#6074=FACE_BOUND('',#5645,.T.);
#6075=FACE_BOUND('',#5646,.T.);
#6076=FACE_BOUND('',#5647,.T.);
#6077=FACE_BOUND('',#5648,.T.);
#6078=FACE_BOUND('',#5649,.T.);
#6079=FACE_BOUND('',#5650,.T.);
#6080=FACE_BOUND('',#5651,.T.);
#6081=FACE_BOUND('',#5652,.T.);
#6082=FACE_BOUND('',#5653,.T.);
#6083=FACE_BOUND('',#5654,.T.);
#6084=FACE_BOUND('',#5655,.T.);
#6085=FACE_BOUND('',#5656,.T.);
#6086=FACE_BOUND('',#5657,.T.);
#6087=FACE_BOUND('',#5658,.T.);
#6088=FACE_BOUND('',#5659,.T.);
#6089=FACE_BOUND('',#5660,.T.);
#6090=FACE_BOUND('',#5661,.T.);
#6091=FACE_BOUND('',#5662,.T.);
#6092=FACE_BOUND('',#5663,.T.);
#6093=FACE_BOUND('',#5664,.T.);
#6094=FACE_BOUND('',#5665,.T.);
#6095=FACE_BOUND('',#5666,.T.);
#6096=FACE_BOUND('',#5667,.T.);
#6097=FACE_BOUND('',#5668,.T.);
#6098=FACE_BOUND('',#5669,.T.);
#6099=FACE_BOUND('',#5670,.T.);
#6100=FACE_BOUND('',#5671,.T.);
#6101=FACE_BOUND('',#5672,.T.);
#6102=FACE_BOUND('',#5673,.T.);
#6103=FACE_BOUND('',#5674,.T.);
#6104=FACE_BOUND('',#5675,.T.);
#6105=FACE_BOUND('',#5676,.T.);
#6106=FACE_BOUND('',#5677,.T.);
#6107=FACE_BOUND('',#5678,.T.);
#6108=FACE_BOUND('',#5679,.T.);
#6109=FACE_BOUND('',#5680,.T.);
#6110=FACE_BOUND('',#5681,.T.);
#6111=FACE_BOUND('',#5682,.T.);
#6112=FACE_BOUND('',#5683,.T.);
#6113=FACE_BOUND('',#5684,.T.);
#6114=FACE_BOUND('',#5685,.T.);
#6115=FACE_BOUND('',#5686,.T.);
#6116=FACE_BOUND('',#5687,.T.);
#6117=FACE_BOUND('',#5688,.T.);
#6118=FACE_BOUND('',#5689,.T.);
#6119=FACE_BOUND('',#5690,.T.);
#6120=FACE_BOUND('',#5691,.T.);
#6121=FACE_BOUND('',#5692,.T.);
#6122=FACE_BOUND('',#5693,.T.);
#6123=FACE_BOUND('',#5694,.T.);
#6124=FACE_BOUND('',#5695,.T.);
#6125=FACE_BOUND('',#5696,.T.);
#6126=FACE_BOUND('',#5697,.T.);
#6127=FACE_BOUND('',#5698,.T.);
#6128=FACE_BOUND('',#5699,.T.);
#6129=FACE_BOUND('',#5700,.T.);
#6130=FACE_BOUND('',#5701,.T.);
#6131=FACE_BOUND('',#5702,.T.);
#6132=FACE_BOUND('',#5703,.T.);
#6133=FACE_BOUND('',#5704,.T.);
#6134=FACE_BOUND('',#5705,.T.);
#6135=FACE_BOUND('',#5706,.T.);
#6136=FACE_BOUND('',#5707,.T.);
#6137=FACE_BOUND('',#5708,.T.);
#6138=FACE_BOUND('',#5709,.T.);
#6139=FACE_BOUND('',#5710,.T.);
#6140=FACE_BOUND('',#5711,.T.);
#6141=FACE_BOUND('',#5712,.T.);
#6142=FACE_BOUND('',#5713,.T.);
#6143=FACE_BOUND('',#5714,.T.);
#6144=FACE_BOUND('',#5715,.T.);
#6145=FACE_BOUND('',#5716,.T.);
#6146=FACE_BOUND('',#5717,.T.);
#6147=FACE_BOUND('',#5718,.T.);
#6148=FACE_BOUND('',#5719,.T.);
#6149=FACE_BOUND('',#5720,.T.);
#6150=FACE_BOUND('',#5721,.T.);
#6151=FACE_BOUND('',#5722,.T.);
#6152=FACE_BOUND('',#5723,.T.);
#6153=FACE_BOUND('',#5724,.T.);
#6154=FACE_BOUND('',#5725,.T.);
#6155=FACE_BOUND('',#5726,.T.);
#6156=FACE_BOUND('',#5727,.T.);
#6157=FACE_BOUND('',#5728,.T.);
#6158=FACE_BOUND('',#5729,.T.);
#6159=FACE_BOUND('',#5730,.T.);
#6160=FACE_BOUND('',#5731,.T.);
#6161=FACE_BOUND('',#5732,.T.);
#6162=FACE_BOUND('',#5733,.T.);
#6163=FACE_BOUND('',#5734,.T.);
#6164=FACE_BOUND('',#5735,.T.);
#6165=FACE_BOUND('',#5736,.T.);
#6166=FACE_BOUND('',#5737,.T.);
#6167=FACE_BOUND('',#5738,.T.);
#6168=FACE_BOUND('',#5739,.T.);
#6169=FACE_BOUND('',#5740,.T.);
#6170=FACE_BOUND('',#5741,.T.);
#6171=FACE_BOUND('',#5742,.T.);
#6172=FACE_BOUND('',#5743,.T.);
#6173=FACE_BOUND('',#5744,.T.);
#6174=FACE_BOUND('',#5745,.T.);
#6175=FACE_BOUND('',#5746,.T.);
#6176=FACE_BOUND('',#5747,.T.);
#6177=FACE_BOUND('',#5748,.T.);
#6178=FACE_BOUND('',#5749,.T.);
#6179=FACE_BOUND('',#5750,.T.);
#6180=FACE_BOUND('',#5751,.T.);
#6181=FACE_BOUND('',#5752,.T.);
#6182=FACE_BOUND('',#5753,.T.);
#6183=FACE_BOUND('',#5754,.T.);
#6184=FACE_BOUND('',#5755,.T.);
#6185=FACE_BOUND('',#5756,.T.);
#6186=FACE_BOUND('',#5757,.T.);
#6187=FACE_BOUND('',#5758,.T.);
#6188=FACE_BOUND('',#5759,.T.);
#6189=FACE_BOUND('',#5760,.T.);
#6190=FACE_BOUND('',#5761,.T.);
#6191=FACE_BOUND('',#5762,.T.);
#6192=FACE_BOUND('',#5763,.T.);
#6193=FACE_BOUND('',#5764,.T.);
#6194=FACE_BOUND('',#5765,.T.);
#6195=FACE_BOUND('',#5766,.T.);
#6196=FACE_BOUND('',#5767,.T.);
#6197=FACE_BOUND('',#5768,.T.);
#6198=FACE_BOUND('',#5769,.T.);
#6199=FACE_BOUND('',#5770,.T.);
#6200=FACE_BOUND('',#5771,.T.);
#6201=FACE_BOUND('',#5772,.T.);
#6202=FACE_BOUND('',#5773,.T.);
#6203=FACE_BOUND('',#5774,.T.);
#6204=FACE_BOUND('',#5775,.T.);
#6205=FACE_BOUND('',#5776,.T.);
#6206=FACE_BOUND('',#5777,.T.);
#6207=FACE_BOUND('',#5778,.T.);
#6208=FACE_BOUND('',#5779,.T.);
#6209=FACE_BOUND('',#5780,.T.);
#6210=FACE_BOUND('',#5781,.T.);
#6211=FACE_BOUND('',#5782,.T.);
#6212=FACE_BOUND('',#5783,.T.);
#6213=FACE_BOUND('',#5784,.T.);
#6214=FACE_BOUND('',#5785,.T.);
#6215=FACE_BOUND('',#5786,.T.);
#6216=FACE_BOUND('',#5787,.T.);
#6217=FACE_BOUND('',#5788,.T.);
#6218=FACE_BOUND('',#5789,.T.);
#6219=FACE_BOUND('',#5790,.T.);
#6220=FACE_BOUND('',#5791,.T.);
#6221=FACE_BOUND('',#5792,.T.);
#6222=FACE_BOUND('',#5793,.T.);
#6223=FACE_BOUND('',#5794,.T.);
#6224=FACE_BOUND('',#5795,.T.);
#6225=FACE_BOUND('',#5796,.T.);
#6226=FACE_BOUND('',#5797,.T.);
#6227=FACE_BOUND('',#5798,.T.);
#6228=FACE_BOUND('',#5799,.T.);
#6229=FACE_BOUND('',#5800,.T.);
#6230=FACE_BOUND('',#5801,.T.);
#6231=FACE_BOUND('',#5802,.T.);
#6232=FACE_BOUND('',#5803,.T.);
#6233=FACE_BOUND('',#5804,.T.);
#6234=FACE_BOUND('',#5805,.T.);
#6235=FACE_BOUND('',#5806,.T.);
#6236=FACE_BOUND('',#5807,.T.);
#6237=FACE_BOUND('',#5808,.T.);
#6238=FACE_BOUND('',#5809,.T.);
#6239=FACE_BOUND('',#5810,.T.);
#6240=FACE_BOUND('',#5811,.T.);
#6241=FACE_BOUND('',#5812,.T.);
#6242=FACE_BOUND('',#5813,.T.);
#6243=FACE_BOUND('',#5814,.T.);
#6244=FACE_BOUND('',#5815,.T.);
#6245=FACE_BOUND('',#5816,.T.);
#6246=FACE_BOUND('',#5817,.T.);
#6247=FACE_BOUND('',#5818,.T.);
#6248=FACE_BOUND('',#5819,.T.);
#6249=FACE_BOUND('',#5820,.T.);
#6250=FACE_BOUND('',#5821,.T.);
#6251=FACE_BOUND('',#5822,.T.);
#6252=FACE_BOUND('',#5823,.T.);
#6253=FACE_BOUND('',#5824,.T.);
#6254=FACE_BOUND('',#5825,.T.);
#6255=FACE_BOUND('',#5826,.T.);
#6256=FACE_BOUND('',#5827,.T.);
#6257=FACE_BOUND('',#5828,.T.);
#6258=FACE_BOUND('',#5829,.T.);
#6259=FACE_BOUND('',#5830,.T.);
#6260=FACE_BOUND('',#5831,.T.);
#6261=FACE_BOUND('',#5832,.T.);
#6262=FACE_BOUND('',#5833,.T.);
#6263=FACE_BOUND('',#5834,.T.);
#6264=FACE_BOUND('',#5835,.T.);
#6265=FACE_BOUND('',#5836,.T.);
#6266=FACE_BOUND('',#5837,.T.);
#6267=FACE_BOUND('',#5838,.T.);
#6268=FACE_BOUND('',#5839,.T.);
#6269=FACE_BOUND('',#5840,.T.);
#6270=FACE_BOUND('',#5841,.T.);
#6271=FACE_BOUND('',#5842,.T.);
#6272=FACE_BOUND('',#5843,.T.);
#6273=FACE_BOUND('',#5844,.T.);
#6274=FACE_BOUND('',#5845,.T.);
#6275=FACE_BOUND('',#5846,.T.);
#6276=FACE_BOUND('',#5847,.T.);
#6277=FACE_BOUND('',#5848,.T.);
#6278=FACE_BOUND('',#5849,.T.);
#6279=FACE_BOUND('',#5850,.T.);
#6280=FACE_BOUND('',#5851,.T.);
#6281=FACE_BOUND('',#5852,.T.);
#6282=FACE_BOUND('',#5853,.T.);
#6283=CYLINDRICAL_SURFACE('',#7122,3.0559236084608);
#6284=CYLINDRICAL_SURFACE('',#7131,42.7972875292305);
#6285=CYLINDRICAL_SURFACE('',#7135,41.2972875292305);
#6286=CYLINDRICAL_SURFACE('',#7144,1.);
#6287=CYLINDRICAL_SURFACE('',#7146,422.434052773662);
#6288=CYLINDRICAL_SURFACE('',#7161,41.2972875292273);
#6289=CYLINDRICAL_SURFACE('',#7173,15.0100087046701);
#6290=CYLINDRICAL_SURFACE('',#7186,2.);
#6291=CYLINDRICAL_SURFACE('',#7187,2.);
#6292=CYLINDRICAL_SURFACE('',#7190,17.0294141389769);
#6293=CYLINDRICAL_SURFACE('',#7193,21.648991264817);
#6294=CYLINDRICAL_SURFACE('',#7196,32.9578977914194);
#6295=CYLINDRICAL_SURFACE('',#7199,43.388149203137);
#6296=CYLINDRICAL_SURFACE('',#7209,15.0294141389769);
#6297=CYLINDRICAL_SURFACE('',#7218,2.);
#6298=CYLINDRICAL_SURFACE('',#7219,2.);
#6299=CYLINDRICAL_SURFACE('',#7222,43.9639598514726);
#6300=CYLINDRICAL_SURFACE('',#7226,41.2972875292273);
#6301=CYLINDRICAL_SURFACE('',#7235,42.7972875292305);
#6302=CYLINDRICAL_SURFACE('',#7243,15.0100087046701);
#6303=CYLINDRICAL_SURFACE('',#7273,12.07107);
#6304=CYLINDRICAL_SURFACE('',#7276,12.07107);
#6305=CYLINDRICAL_SURFACE('',#7278,12.07107);
#6306=CYLINDRICAL_SURFACE('',#7280,12.07107);
#6307=CYLINDRICAL_SURFACE('',#7296,6.45257805815239);
#6308=CYLINDRICAL_SURFACE('',#7298,6.6531299752162);
#6309=CYLINDRICAL_SURFACE('',#7302,3.29903213049619);
#6310=CYLINDRICAL_SURFACE('',#7304,3.72750252890847);
#6311=CYLINDRICAL_SURFACE('',#7307,6.15581788585821);
#6312=CYLINDRICAL_SURFACE('',#7311,3.29903213049558);
#6313=CYLINDRICAL_SURFACE('',#7313,3.62843007849547);
#6314=CYLINDRICAL_SURFACE('',#7317,6.39794719625798);
#6315=CYLINDRICAL_SURFACE('',#7379,8.14230446255192);
#6316=CYLINDRICAL_SURFACE('',#7381,7.13451392728869);
#6317=CYLINDRICAL_SURFACE('',#7386,8.45996892203376);
#6318=CYLINDRICAL_SURFACE('',#7402,9.93105108693058);
#6319=CYLINDRICAL_SURFACE('',#7404,6.23797328737404);
#6320=CYLINDRICAL_SURFACE('',#7406,3.82184897145849);
#6321=CYLINDRICAL_SURFACE('',#7408,3.10684959970267);
#6322=CYLINDRICAL_SURFACE('',#7410,8.28900454292214);
#6323=CYLINDRICAL_SURFACE('',#7415,1.79717393453377);
#6324=CYLINDRICAL_SURFACE('',#7417,3.32321316335525);
#6325=CYLINDRICAL_SURFACE('',#7419,2.31224849126264);
#6326=CYLINDRICAL_SURFACE('',#7421,23.8259043112091);
#6327=CYLINDRICAL_SURFACE('',#7431,15.0294141389769);
#6328=CYLINDRICAL_SURFACE('',#7453,12.0710678118655);
#6329=CYLINDRICAL_SURFACE('',#7454,12.0710678118655);
#6330=CYLINDRICAL_SURFACE('',#7455,12.0710678118655);
#6331=CYLINDRICAL_SURFACE('',#7456,12.0710678118655);
#6332=CYLINDRICAL_SURFACE('',#7464,41.6304830103991);
#6333=CYLINDRICAL_SURFACE('',#7468,35.1304830103991);
#6334=CYLINDRICAL_SURFACE('',#7488,42.7972875292156);
#6335=CYLINDRICAL_SURFACE('',#7494,15.0100087046701);
#6336=CYLINDRICAL_SURFACE('',#7497,17.0100087046701);
#6337=CYLINDRICAL_SURFACE('',#7503,17.0100087046701);
#6338=CYLINDRICAL_SURFACE('',#7506,18.9256968010234);
#6339=CYLINDRICAL_SURFACE('',#7509,15.6885053856696);
#6340=CYLINDRICAL_SURFACE('',#7512,22.4337291963816);
#6341=CYLINDRICAL_SURFACE('',#7518,15.0294141389769);
#6342=CYLINDRICAL_SURFACE('',#7521,17.0294141389769);
#6343=CYLINDRICAL_SURFACE('',#7528,43.9639598514726);
#6344=CYLINDRICAL_SURFACE('',#7532,41.2972875292328);
#6345=CYLINDRICAL_SURFACE('',#7536,42.4639598514725);
#6346=CYLINDRICAL_SURFACE('',#7540,41.297287529229);
#6347=CYLINDRICAL_SURFACE('',#7547,1.);
#6348=CYLINDRICAL_SURFACE('',#7549,41.297287529229);
#6349=CYLINDRICAL_SURFACE('',#7558,41.2972875292328);
#6350=CYLINDRICAL_SURFACE('',#7568,15.0100087046701);
#6351=CYLINDRICAL_SURFACE('',#7578,42.7972875292156);
#6352=CYLINDRICAL_SURFACE('',#7590,15.0294141389769);
#6353=CYLINDRICAL_SURFACE('',#7599,3.02956517909682);
#6354=CYLINDRICAL_SURFACE('',#7606,41.6304830103991);
#6355=CYLINDRICAL_SURFACE('',#7610,35.1304830103991);
#6356=ADVANCED_FACE('',(#5854,#5855),#6283,.T.);
#6357=ADVANCED_FACE('',(#5856),#1579,.F.);
#6358=ADVANCED_FACE('',(#5857),#1580,.T.);
#6359=ADVANCED_FACE('',(#5858),#1581,.T.);
#6360=ADVANCED_FACE('',(#5859),#1582,.F.);
#6361=ADVANCED_FACE('',(#5860),#1583,.T.);
#6362=ADVANCED_FACE('',(#5861),#6284,.T.);
#6363=ADVANCED_FACE('',(#5862),#1584,.T.);
#6364=ADVANCED_FACE('',(#5863),#6285,.F.);
#6365=ADVANCED_FACE('',(#5864),#1585,.F.);
#6366=ADVANCED_FACE('',(#5865),#1586,.T.);
#6367=ADVANCED_FACE('',(#5866),#1587,.T.);
#6368=ADVANCED_FACE('',(#5867),#1588,.F.);
#6369=ADVANCED_FACE('',(#5868),#6286,.T.);
#6370=ADVANCED_FACE('',(#5869),#200,.T.);
#6371=ADVANCED_FACE('',(#5870),#6287,.T.);
#6372=ADVANCED_FACE('',(#5871),#1589,.F.);
#6373=ADVANCED_FACE('',(#5872),#201,.T.);
#6374=ADVANCED_FACE('',(#5873),#202,.T.);
#6375=ADVANCED_FACE('',(#5874),#203,.T.);
#6376=ADVANCED_FACE('',(#5875),#204,.T.);
#6377=ADVANCED_FACE('',(#5876),#205,.F.);
#6378=ADVANCED_FACE('',(#5877),#206,.T.);
#6379=ADVANCED_FACE('',(#5878),#1590,.T.);
#6380=ADVANCED_FACE('',(#5879),#1591,.F.);
#6381=ADVANCED_FACE('',(#5880),#1592,.T.);
#6382=ADVANCED_FACE('',(#5881),#1593,.T.);
#6383=ADVANCED_FACE('',(#5882),#1594,.T.);
#6384=ADVANCED_FACE('',(#5883),#1595,.T.);
#6385=ADVANCED_FACE('',(#5884),#1596,.F.);
#6386=ADVANCED_FACE('',(#5885),#1597,.T.);
#6387=ADVANCED_FACE('',(#5886),#1598,.T.);
#6388=ADVANCED_FACE('',(#5887),#6288,.F.);
#6389=ADVANCED_FACE('',(#5888),#1599,.F.);
#6390=ADVANCED_FACE('',(#5889),#1600,.T.);
#6391=ADVANCED_FACE('',(#5890),#1601,.F.);
#6392=ADVANCED_FACE('',(#5891),#207,.T.);
#6393=ADVANCED_FACE('',(#5892),#208,.T.);
#6394=ADVANCED_FACE('',(#5893),#1602,.T.);
#6395=ADVANCED_FACE('',(#5894),#209,.F.);
#6396=ADVANCED_FACE('',(#5895),#1603,.F.);
#6397=ADVANCED_FACE('',(#5896),#210,.T.);
#6398=ADVANCED_FACE('',(#5897),#211,.T.);
#6399=ADVANCED_FACE('',(#5898),#212,.T.);
#6400=ADVANCED_FACE('',(#5899),#213,.F.);
#6401=ADVANCED_FACE('',(#5900),#214,.T.);
#6402=ADVANCED_FACE('',(#5901),#215,.T.);
#6403=ADVANCED_FACE('',(#5902),#216,.T.);
#6404=ADVANCED_FACE('',(#5903),#217,.T.);
#6405=ADVANCED_FACE('',(#5904),#218,.T.);
#6406=ADVANCED_FACE('',(#5905),#219,.T.);
#6407=ADVANCED_FACE('',(#5906),#220,.T.);
#6408=ADVANCED_FACE('',(#5907),#1604,.T.);
#6409=ADVANCED_FACE('',(#5908),#1605,.F.);
#6410=ADVANCED_FACE('',(#5909,#5910),#6289,.T.);
#6411=ADVANCED_FACE('',(#5911),#1606,.T.);
#6412=ADVANCED_FACE('',(#5912),#1607,.F.);
#6413=ADVANCED_FACE('',(#5913),#1608,.F.);
#6414=ADVANCED_FACE('',(#5914),#1609,.T.);
#6415=ADVANCED_FACE('',(#5915),#6290,.T.);
#6416=ADVANCED_FACE('',(#5916),#6291,.T.);
#6417=ADVANCED_FACE('',(#5917),#16,.T.);
#6418=ADVANCED_FACE('',(#5918),#6292,.F.);
#6419=ADVANCED_FACE('',(#5919),#6293,.T.);
#6420=ADVANCED_FACE('',(#5920),#6294,.T.);
#6421=ADVANCED_FACE('',(#5921),#6295,.F.);
#6422=ADVANCED_FACE('',(#5922),#1610,.F.);
#6423=ADVANCED_FACE('',(#5923),#1611,.T.);
#6424=ADVANCED_FACE('',(#5924),#1612,.T.);
#6425=ADVANCED_FACE('',(#5925,#5926),#6296,.T.);
#6426=ADVANCED_FACE('',(#5927),#1613,.F.);
#6427=ADVANCED_FACE('',(#5928),#1614,.T.);
#6428=ADVANCED_FACE('',(#5929),#1615,.T.);
#6429=ADVANCED_FACE('',(#5930),#6297,.T.);
#6430=ADVANCED_FACE('',(#5931),#6298,.T.);
#6431=ADVANCED_FACE('',(#5932),#17,.T.);
#6432=ADVANCED_FACE('',(#5933),#6299,.F.);
#6433=ADVANCED_FACE('',(#5934),#1616,.F.);
#6434=ADVANCED_FACE('',(#5935),#6300,.T.);
#6435=ADVANCED_FACE('',(#5936),#1617,.T.);
#6436=ADVANCED_FACE('',(#5937),#1618,.T.);
#6437=ADVANCED_FACE('',(#5938),#1619,.F.);
#6438=ADVANCED_FACE('',(#5939),#1620,.T.);
#6439=ADVANCED_FACE('',(#5940),#1621,.T.);
#6440=ADVANCED_FACE('',(#5941),#6301,.F.);
#6441=ADVANCED_FACE('',(#5942),#1622,.F.);
#6442=ADVANCED_FACE('',(#5943),#1623,.T.);
#6443=ADVANCED_FACE('',(#5944),#1624,.F.);
#6444=ADVANCED_FACE('',(#5945),#1625,.F.);
#6445=ADVANCED_FACE('',(#5946),#6302,.T.);
#6446=ADVANCED_FACE('',(#5947),#1626,.T.);
#6447=ADVANCED_FACE('',(#5948),#1627,.F.);
#6448=ADVANCED_FACE('',(#5949),#18,.T.);
#6449=ADVANCED_FACE('',(#5950,#5951,#5952,#5953,#5954,#5955,#5956,#5957,
#5958,#5959,#5960,#5961,#5962,#5963,#5964,#5965,#5966),#1628,.T.);
#6450=ADVANCED_FACE('',(#5967),#1629,.F.);
#6451=ADVANCED_FACE('',(#5968),#6303,.T.);
#6452=ADVANCED_FACE('',(#5969),#6304,.T.);
#6453=ADVANCED_FACE('',(#5970),#6305,.T.);
#6454=ADVANCED_FACE('',(#5971),#6306,.T.);
#6455=ADVANCED_FACE('',(#5972),#1630,.T.);
#6456=ADVANCED_FACE('',(#5973),#1631,.T.);
#6457=ADVANCED_FACE('',(#5974),#1632,.T.);
#6458=ADVANCED_FACE('',(#5975),#1633,.T.);
#6459=ADVANCED_FACE('',(#5976),#1634,.T.);
#6460=ADVANCED_FACE('',(#5977),#1635,.T.);
#6461=ADVANCED_FACE('',(#5978),#1636,.T.);
#6462=ADVANCED_FACE('',(#5979),#1637,.T.);
#6463=ADVANCED_FACE('',(#5980),#1638,.T.);
#6464=ADVANCED_FACE('',(#5981),#1639,.T.);
#6465=ADVANCED_FACE('',(#5982),#1640,.T.);
#6466=ADVANCED_FACE('',(#5983),#1641,.T.);
#6467=ADVANCED_FACE('',(#5984),#1642,.T.);
#6468=ADVANCED_FACE('',(#5985),#1643,.T.);
#6469=ADVANCED_FACE('',(#5986),#1644,.F.);
#6470=ADVANCED_FACE('',(#5987),#6307,.F.);
#6471=ADVANCED_FACE('',(#5988),#221,.T.);
#6472=ADVANCED_FACE('',(#5989),#222,.T.);
#6473=ADVANCED_FACE('',(#5990),#223,.T.);
#6474=ADVANCED_FACE('',(#5991),#224,.T.);
#6475=ADVANCED_FACE('',(#5992),#225,.T.);
#6476=ADVANCED_FACE('',(#5993),#226,.T.);
#6477=ADVANCED_FACE('',(#5994),#6308,.F.);
#6478=ADVANCED_FACE('',(#5995),#1645,.F.);
#6479=ADVANCED_FACE('',(#5996),#1646,.T.);
#6480=ADVANCED_FACE('',(#5997),#6309,.T.);
#6481=ADVANCED_FACE('',(#5998),#227,.T.);
#6482=ADVANCED_FACE('',(#5999),#228,.T.);
#6483=ADVANCED_FACE('',(#6000),#229,.T.);
#6484=ADVANCED_FACE('',(#6001),#230,.T.);
#6485=ADVANCED_FACE('',(#6002),#231,.T.);
#6486=ADVANCED_FACE('',(#6003),#232,.T.);
#6487=ADVANCED_FACE('',(#6004),#6310,.T.);
#6488=ADVANCED_FACE('',(#6005),#1647,.T.);
#6489=ADVANCED_FACE('',(#6006),#6311,.F.);
#6490=ADVANCED_FACE('',(#6007),#1648,.F.);
#6491=ADVANCED_FACE('',(#6008),#1649,.T.);
#6492=ADVANCED_FACE('',(#6009),#6312,.T.);
#6493=ADVANCED_FACE('',(#6010),#233,.T.);
#6494=ADVANCED_FACE('',(#6011),#234,.T.);
#6495=ADVANCED_FACE('',(#6012),#235,.T.);
#6496=ADVANCED_FACE('',(#6013),#236,.T.);
#6497=ADVANCED_FACE('',(#6014),#237,.T.);
#6498=ADVANCED_FACE('',(#6015),#238,.T.);
#6499=ADVANCED_FACE('',(#6016),#6313,.T.);
#6500=ADVANCED_FACE('',(#6017),#1650,.T.);
#6501=ADVANCED_FACE('',(#6018),#1651,.F.);
#6502=ADVANCED_FACE('',(#6019),#6314,.F.);
#6503=ADVANCED_FACE('',(#6020),#239,.T.);
#6504=ADVANCED_FACE('',(#6021),#240,.T.);
#6505=ADVANCED_FACE('',(#6022),#241,.T.);
#6506=ADVANCED_FACE('',(#6023),#242,.T.);
#6507=ADVANCED_FACE('',(#6024),#243,.T.);
#6508=ADVANCED_FACE('',(#6025),#244,.T.);
#6509=ADVANCED_FACE('',(#6026),#1652,.T.);
#6510=ADVANCED_FACE('',(#6027),#1653,.T.);
#6511=ADVANCED_FACE('',(#6028),#1654,.T.);
#6512=ADVANCED_FACE('',(#6029),#1655,.T.);
#6513=ADVANCED_FACE('',(#6030),#1656,.T.);
#6514=ADVANCED_FACE('',(#6031),#1657,.T.);
#6515=ADVANCED_FACE('',(#6032),#1658,.T.);
#6516=ADVANCED_FACE('',(#6033),#1659,.T.);
#6517=ADVANCED_FACE('',(#6034),#1660,.T.);
#6518=ADVANCED_FACE('',(#6035),#1661,.T.);
#6519=ADVANCED_FACE('',(#6036),#1662,.T.);
#6520=ADVANCED_FACE('',(#6037),#1663,.T.);
#6521=ADVANCED_FACE('',(#6038),#1664,.T.);
#6522=ADVANCED_FACE('',(#6039),#1665,.T.);
#6523=ADVANCED_FACE('',(#6040),#1666,.T.);
#6524=ADVANCED_FACE('',(#6041),#1667,.T.);
#6525=ADVANCED_FACE('',(#6042),#1668,.T.);
#6526=ADVANCED_FACE('',(#6043),#1669,.T.);
#6527=ADVANCED_FACE('',(#6044),#1670,.T.);
#6528=ADVANCED_FACE('',(#6045),#1671,.T.);
#6529=ADVANCED_FACE('',(#6046),#1672,.T.);
#6530=ADVANCED_FACE('',(#6047),#1673,.T.);
#6531=ADVANCED_FACE('',(#6048),#1674,.T.);
#6532=ADVANCED_FACE('',(#6049),#1675,.T.);
#6533=ADVANCED_FACE('',(#6050),#1676,.T.);
#6534=ADVANCED_FACE('',(#6051),#1677,.T.);
#6535=ADVANCED_FACE('',(#6052),#1678,.T.);
#6536=ADVANCED_FACE('',(#6053),#1679,.T.);
#6537=ADVANCED_FACE('',(#6054),#1680,.T.);
#6538=ADVANCED_FACE('',(#6055),#1681,.T.);
#6539=ADVANCED_FACE('',(#6056),#1682,.T.);
#6540=ADVANCED_FACE('',(#6057),#1683,.T.);
#6541=ADVANCED_FACE('',(#6058),#1684,.T.);
#6542=ADVANCED_FACE('',(#6059),#1685,.T.);
#6543=ADVANCED_FACE('',(#6060),#1686,.T.);
#6544=ADVANCED_FACE('',(#6061),#1687,.T.);
#6545=ADVANCED_FACE('',(#6062),#1688,.T.);
#6546=ADVANCED_FACE('',(#6063),#1689,.T.);
#6547=ADVANCED_FACE('',(#6064),#1690,.T.);
#6548=ADVANCED_FACE('',(#6065),#1691,.T.);
#6549=ADVANCED_FACE('',(#6066),#1692,.T.);
#6550=ADVANCED_FACE('',(#6067),#1693,.T.);
#6551=ADVANCED_FACE('',(#6068),#1694,.T.);
#6552=ADVANCED_FACE('',(#6069),#1695,.T.);
#6553=ADVANCED_FACE('',(#6070),#1696,.T.);
#6554=ADVANCED_FACE('',(#6071),#1697,.T.);
#6555=ADVANCED_FACE('',(#6072),#1698,.T.);
#6556=ADVANCED_FACE('',(#6073),#1699,.T.);
#6557=ADVANCED_FACE('',(#6074),#1700,.T.);
#6558=ADVANCED_FACE('',(#6075),#1701,.T.);
#6559=ADVANCED_FACE('',(#6076),#1702,.T.);
#6560=ADVANCED_FACE('',(#6077),#1703,.T.);
#6561=ADVANCED_FACE('',(#6078),#1704,.T.);
#6562=ADVANCED_FACE('',(#6079),#1705,.T.);
#6563=ADVANCED_FACE('',(#6080),#1706,.T.);
#6564=ADVANCED_FACE('',(#6081),#1707,.T.);
#6565=ADVANCED_FACE('',(#6082),#1708,.T.);
#6566=ADVANCED_FACE('',(#6083),#1709,.T.);
#6567=ADVANCED_FACE('',(#6084),#1710,.T.);
#6568=ADVANCED_FACE('',(#6085),#1711,.T.);
#6569=ADVANCED_FACE('',(#6086),#245,.T.);
#6570=ADVANCED_FACE('',(#6087),#246,.T.);
#6571=ADVANCED_FACE('',(#6088),#247,.T.);
#6572=ADVANCED_FACE('',(#6089),#248,.T.);
#6573=ADVANCED_FACE('',(#6090),#249,.T.);
#6574=ADVANCED_FACE('',(#6091),#250,.T.);
#6575=ADVANCED_FACE('',(#6092),#6315,.F.);
#6576=ADVANCED_FACE('',(#6093),#6316,.F.);
#6577=ADVANCED_FACE('',(#6094),#251,.T.);
#6578=ADVANCED_FACE('',(#6095),#252,.T.);
#6579=ADVANCED_FACE('',(#6096),#1712,.T.);
#6580=ADVANCED_FACE('',(#6097),#1713,.T.);
#6581=ADVANCED_FACE('',(#6098),#1714,.T.);
#6582=ADVANCED_FACE('',(#6099),#253,.T.);
#6583=ADVANCED_FACE('',(#6100),#254,.T.);
#6584=ADVANCED_FACE('',(#6101),#255,.T.);
#6585=ADVANCED_FACE('',(#6102),#6317,.T.);
#6586=ADVANCED_FACE('',(#6103),#256,.T.);
#6587=ADVANCED_FACE('',(#6104),#257,.T.);
#6588=ADVANCED_FACE('',(#6105),#1715,.T.);
#6589=ADVANCED_FACE('',(#6106),#1716,.T.);
#6590=ADVANCED_FACE('',(#6107),#1717,.T.);
#6591=ADVANCED_FACE('',(#6108),#1718,.T.);
#6592=ADVANCED_FACE('',(#6109),#1719,.T.);
#6593=ADVANCED_FACE('',(#6110),#1720,.T.);
#6594=ADVANCED_FACE('',(#6111),#1721,.T.);
#6595=ADVANCED_FACE('',(#6112),#1722,.T.);
#6596=ADVANCED_FACE('',(#6113),#1723,.T.);
#6597=ADVANCED_FACE('',(#6114),#1724,.T.);
#6598=ADVANCED_FACE('',(#6115),#1725,.T.);
#6599=ADVANCED_FACE('',(#6116),#1726,.T.);
#6600=ADVANCED_FACE('',(#6117),#1727,.T.);
#6601=ADVANCED_FACE('',(#6118),#1728,.T.);
#6602=ADVANCED_FACE('',(#6119),#6318,.F.);
#6603=ADVANCED_FACE('',(#6120),#258,.T.);
#6604=ADVANCED_FACE('',(#6121),#6319,.F.);
#6605=ADVANCED_FACE('',(#6122),#259,.T.);
#6606=ADVANCED_FACE('',(#6123),#260,.T.);
#6607=ADVANCED_FACE('',(#6124),#261,.T.);
#6608=ADVANCED_FACE('',(#6125),#262,.T.);
#6609=ADVANCED_FACE('',(#6126),#263,.T.);
#6610=ADVANCED_FACE('',(#6127),#6320,.F.);
#6611=ADVANCED_FACE('',(#6128),#264,.T.);
#6612=ADVANCED_FACE('',(#6129),#265,.T.);
#6613=ADVANCED_FACE('',(#6130),#6321,.F.);
#6614=ADVANCED_FACE('',(#6131),#266,.T.);
#6615=ADVANCED_FACE('',(#6132),#267,.T.);
#6616=ADVANCED_FACE('',(#6133),#268,.T.);
#6617=ADVANCED_FACE('',(#6134),#269,.T.);
#6618=ADVANCED_FACE('',(#6135),#270,.T.);
#6619=ADVANCED_FACE('',(#6136),#6322,.F.);
#6620=ADVANCED_FACE('',(#6137),#1729,.T.);
#6621=ADVANCED_FACE('',(#6138),#1730,.T.);
#6622=ADVANCED_FACE('',(#6139),#1731,.T.);
#6623=ADVANCED_FACE('',(#6140),#271,.T.);
#6624=ADVANCED_FACE('',(#6141),#272,.T.);
#6625=ADVANCED_FACE('',(#6142),#6323,.T.);
#6626=ADVANCED_FACE('',(#6143),#6324,.T.);
#6627=ADVANCED_FACE('',(#6144),#273,.T.);
#6628=ADVANCED_FACE('',(#6145),#274,.T.);
#6629=ADVANCED_FACE('',(#6146),#6325,.T.);
#6630=ADVANCED_FACE('',(#6147),#6326,.T.);
#6631=ADVANCED_FACE('',(#6148),#1732,.T.);
#6632=ADVANCED_FACE('',(#6149),#1733,.T.);
#6633=ADVANCED_FACE('',(#6150),#1734,.T.);
#6634=ADVANCED_FACE('',(#6151),#275,.T.);
#6635=ADVANCED_FACE('',(#6152),#276,.T.);
#6636=ADVANCED_FACE('',(#6153),#277,.T.);
#6637=ADVANCED_FACE('',(#6154),#278,.T.);
#6638=ADVANCED_FACE('',(#6155),#1735,.T.);
#6639=ADVANCED_FACE('',(#6156),#1736,.T.);
#6640=ADVANCED_FACE('',(#6157),#1737,.T.);
#6641=ADVANCED_FACE('',(#6158),#1738,.T.);
#6642=ADVANCED_FACE('',(#6159),#6327,.T.);
#6643=ADVANCED_FACE('',(#6160),#1739,.T.);
#6644=ADVANCED_FACE('',(#6161),#1740,.F.);
#6645=ADVANCED_FACE('',(#6162),#19,.T.);
#6646=ADVANCED_FACE('',(#6163),#1741,.T.);
#6647=ADVANCED_FACE('',(#6164),#1742,.F.);
#6648=ADVANCED_FACE('',(#6165),#1743,.F.);
#6649=ADVANCED_FACE('',(#6166),#1744,.T.);
#6650=ADVANCED_FACE('',(#6167),#1745,.T.);
#6651=ADVANCED_FACE('',(#6168),#1746,.F.);
#6652=ADVANCED_FACE('',(#6169),#6328,.T.);
#6653=ADVANCED_FACE('',(#6170),#6329,.T.);
#6654=ADVANCED_FACE('',(#6171),#6330,.T.);
#6655=ADVANCED_FACE('',(#6172),#6331,.T.);
#6656=ADVANCED_FACE('',(#6173),#1747,.T.);
#6657=ADVANCED_FACE('',(#6174),#279,.F.);
#6658=ADVANCED_FACE('',(#6175),#1748,.T.);
#6659=ADVANCED_FACE('',(#6176),#280,.T.);
#6660=ADVANCED_FACE('',(#6177),#1749,.T.);
#6661=ADVANCED_FACE('',(#6178),#1750,.F.);
#6662=ADVANCED_FACE('',(#6179),#1751,.T.);
#6663=ADVANCED_FACE('',(#6180),#6332,.T.);
#6664=ADVANCED_FACE('',(#6181),#1752,.T.);
#6665=ADVANCED_FACE('',(#6182),#6333,.F.);
#6666=ADVANCED_FACE('',(#6183),#1753,.T.);
#6667=ADVANCED_FACE('',(#6184),#1754,.F.);
#6668=ADVANCED_FACE('',(#6185),#1755,.T.);
#6669=ADVANCED_FACE('',(#6186),#1756,.F.);
#6670=ADVANCED_FACE('',(#6187),#1757,.F.);
#6671=ADVANCED_FACE('',(#6188),#1758,.T.);
#6672=ADVANCED_FACE('',(#6189),#1759,.T.);
#6673=ADVANCED_FACE('',(#6190),#1760,.F.);
#6674=ADVANCED_FACE('',(#6191,#6192),#281,.F.);
#6675=ADVANCED_FACE('',(#6193),#1761,.T.);
#6676=ADVANCED_FACE('',(#6194),#1762,.F.);
#6677=ADVANCED_FACE('',(#6195),#1763,.T.);
#6678=ADVANCED_FACE('',(#6196),#1764,.F.);
#6679=ADVANCED_FACE('',(#6197),#6334,.F.);
#6680=ADVANCED_FACE('',(#6198),#1765,.F.);
#6681=ADVANCED_FACE('',(#6199),#1766,.T.);
#6682=ADVANCED_FACE('',(#6200,#6201),#6335,.F.);
#6683=ADVANCED_FACE('',(#6202,#6203),#6336,.T.);
#6684=ADVANCED_FACE('',(#6204,#6205),#1767,.T.);
#6685=ADVANCED_FACE('',(#6206,#6207),#1768,.F.);
#6686=ADVANCED_FACE('',(#6208),#6337,.F.);
#6687=ADVANCED_FACE('',(#6209),#6338,.T.);
#6688=ADVANCED_FACE('',(#6210),#6339,.T.);
#6689=ADVANCED_FACE('',(#6211),#6340,.F.);
#6690=ADVANCED_FACE('',(#6212),#1769,.F.);
#6691=ADVANCED_FACE('',(#6213),#1770,.T.);
#6692=ADVANCED_FACE('',(#6214,#6215),#6341,.F.);
#6693=ADVANCED_FACE('',(#6216,#6217),#6342,.T.);
#6694=ADVANCED_FACE('',(#6218,#6219),#1771,.T.);
#6695=ADVANCED_FACE('',(#6220,#6221),#1772,.F.);
#6696=ADVANCED_FACE('',(#6222),#1773,.T.);
#6697=ADVANCED_FACE('',(#6223),#6343,.T.);
#6698=ADVANCED_FACE('',(#6224),#1774,.F.);
#6699=ADVANCED_FACE('',(#6225),#6344,.T.);
#6700=ADVANCED_FACE('',(#6226),#1775,.T.);
#6701=ADVANCED_FACE('',(#6227),#6345,.F.);
#6702=ADVANCED_FACE('',(#6228),#1776,.F.);
#6703=ADVANCED_FACE('',(#6229),#6346,.T.);
#6704=ADVANCED_FACE('',(#6230),#1777,.T.);
#6705=ADVANCED_FACE('',(#6231),#1778,.F.);
#6706=ADVANCED_FACE('',(#6232),#6347,.T.);
#6707=ADVANCED_FACE('',(#6233),#6348,.F.);
#6708=ADVANCED_FACE('',(#6234),#1779,.F.);
#6709=ADVANCED_FACE('',(#6235),#1780,.F.);
#6710=ADVANCED_FACE('',(#6236),#1781,.T.);
#6711=ADVANCED_FACE('',(#6237),#1782,.T.);
#6712=ADVANCED_FACE('',(#6238),#1783,.F.);
#6713=ADVANCED_FACE('',(#6239),#6349,.F.);
#6714=ADVANCED_FACE('',(#6240),#1784,.F.);
#6715=ADVANCED_FACE('',(#6241),#1785,.F.);
#6716=ADVANCED_FACE('',(#6242),#1786,.F.);
#6717=ADVANCED_FACE('',(#6243),#1787,.T.);
#6718=ADVANCED_FACE('',(#6244),#1788,.T.);
#6719=ADVANCED_FACE('',(#6245),#1789,.F.);
#6720=ADVANCED_FACE('',(#6246),#6350,.T.);
#6721=ADVANCED_FACE('',(#6247),#1790,.T.);
#6722=ADVANCED_FACE('',(#6248),#1791,.T.);
#6723=ADVANCED_FACE('',(#6249),#1792,.F.);
#6724=ADVANCED_FACE('',(#6250),#20,.T.);
#6725=ADVANCED_FACE('',(#6251),#1793,.T.);
#6726=ADVANCED_FACE('',(#6252),#6351,.F.);
#6727=ADVANCED_FACE('',(#6253),#1794,.F.);
#6728=ADVANCED_FACE('',(#6254),#1795,.T.);
#6729=ADVANCED_FACE('',(#6255),#1796,.F.);
#6730=ADVANCED_FACE('',(#6256),#1797,.F.);
#6731=ADVANCED_FACE('',(#6257),#282,.T.);
#6732=ADVANCED_FACE('',(#6258),#1798,.F.);
#6733=ADVANCED_FACE('',(#6259),#283,.F.);
#6734=ADVANCED_FACE('',(#6260),#1799,.F.);
#6735=ADVANCED_FACE('',(#6261),#1800,.T.);
#6736=ADVANCED_FACE('',(#6262),#6352,.T.);
#6737=ADVANCED_FACE('',(#6263),#1801,.F.);
#6738=ADVANCED_FACE('',(#6264),#1802,.T.);
#6739=ADVANCED_FACE('',(#6265),#1803,.F.);
#6740=ADVANCED_FACE('',(#6266),#21,.T.);
#6741=ADVANCED_FACE('',(#6267,#6268),#6353,.T.);
#6742=ADVANCED_FACE('',(#6269),#1804,.F.);
#6743=ADVANCED_FACE('',(#6270),#1805,.T.);
#6744=ADVANCED_FACE('',(#6271),#1806,.F.);
#6745=ADVANCED_FACE('',(#6272),#6354,.T.);
#6746=ADVANCED_FACE('',(#6273),#1807,.F.);
#6747=ADVANCED_FACE('',(#6274),#6355,.F.);
#6748=ADVANCED_FACE('',(#6275),#1808,.F.);
#6749=ADVANCED_FACE('',(#6276),#1809,.T.);
#6750=ADVANCED_FACE('',(#6277),#1810,.F.);
#6751=ADVANCED_FACE('',(#6278),#1811,.T.);
#6752=ADVANCED_FACE('',(#6279),#1812,.T.);
#6753=ADVANCED_FACE('',(#6280),#1813,.F.);
#6754=ADVANCED_FACE('',(#6281),#1814,.F.);
#6755=ADVANCED_FACE('',(#6282),#1815,.T.);
#6756=CLOSED_SHELL('',(#6356,#6357,#6358));
#6757=CLOSED_SHELL('',(#6359,#6360,#6361,#6362,#6363,#6364,#6365,#6366,
#6367,#6368,#6369));
#6758=CLOSED_SHELL('',(#6370,#6371,#6372,#6373,#6374,#6375,#6376,#6377,
#6378,#6379,#6380));
#6759=CLOSED_SHELL('',(#6381,#6382,#6383,#6384,#6385,#6386));
#6760=CLOSED_SHELL('',(#6387,#6388,#6389,#6390,#6391));
#6761=CLOSED_SHELL('',(#6392,#6393,#6394,#6395,#6396,#6397,#6398,#6399,
#6400,#6401,#6402,#6403,#6404,#6405,#6406,#6407,#6408,#6409));
#6762=CLOSED_SHELL('',(#6410,#6411,#6412,#6413,#6414,#6415,#6416,#6417));
#6763=CLOSED_SHELL('',(#6418,#6419,#6420,#6421,#6422,#6423));
#6764=CLOSED_SHELL('',(#6424,#6425,#6426,#6427,#6428,#6429,#6430,#6431));
#6765=CLOSED_SHELL('',(#6432,#6433,#6434,#6435,#6436,#6437));
#6766=CLOSED_SHELL('',(#6438,#6439,#6440,#6441,#6442,#6443));
#6767=CLOSED_SHELL('',(#6444,#6445,#6446,#6447,#6448));
#6768=CLOSED_SHELL('',(#6449,#6450,#6451,#6452,#6453,#6454,#6455,#6456,
#6457,#6458,#6459,#6460,#6461,#6462,#6463,#6464,#6465,#6466,#6467,#6468,
#6469,#6470,#6471,#6472,#6473,#6474,#6475,#6476,#6477,#6478,#6479,#6480,
#6481,#6482,#6483,#6484,#6485,#6486,#6487,#6488,#6489,#6490,#6491,#6492,
#6493,#6494,#6495,#6496,#6497,#6498,#6499,#6500,#6501,#6502,#6503,#6504,
#6505,#6506,#6507,#6508,#6509,#6510,#6511,#6512,#6513,#6514,#6515,#6516,
#6517,#6518,#6519,#6520,#6521,#6522,#6523,#6524,#6525,#6526,#6527,#6528,
#6529,#6530,#6531,#6532,#6533,#6534,#6535,#6536,#6537,#6538,#6539,#6540,
#6541,#6542,#6543,#6544,#6545,#6546,#6547,#6548,#6549,#6550,#6551,#6552,
#6553,#6554,#6555,#6556,#6557,#6558,#6559,#6560,#6561,#6562,#6563,#6564,
#6565,#6566,#6567,#6568,#6569,#6570,#6571,#6572,#6573,#6574,#6575,#6576,
#6577,#6578,#6579,#6580,#6581,#6582,#6583,#6584,#6585,#6586,#6587,#6588,
#6589,#6590,#6591,#6592,#6593,#6594,#6595,#6596,#6597,#6598,#6599,#6600,
#6601,#6602,#6603,#6604,#6605,#6606,#6607,#6608,#6609,#6610,#6611,#6612,
#6613,#6614,#6615,#6616,#6617,#6618,#6619,#6620,#6621,#6622,#6623,#6624,
#6625,#6626,#6627,#6628,#6629,#6630,#6631,#6632,#6633,#6634,#6635,#6636,
#6637,#6638,#6639,#6640));
#6769=CLOSED_SHELL('',(#6641,#6642,#6643,#6644,#6645));
#6770=CLOSED_SHELL('',(#6646,#6647,#6648,#6649,#6650,#6651,#6652,#6653,
#6654,#6655));
#6771=CLOSED_SHELL('',(#6656,#6657,#6658,#6659,#6660,#6661));
#6772=CLOSED_SHELL('',(#6662,#6663,#6664,#6665,#6666,#6667));
#6773=CLOSED_SHELL('',(#6668,#6669,#6670,#6671,#6672,#6673));
#6774=CLOSED_SHELL('',(#6674,#6675,#6676));
#6775=CLOSED_SHELL('',(#6677,#6678,#6679,#6680,#6681));
#6776=CLOSED_SHELL('',(#6682,#6683,#6684,#6685));
#6777=CLOSED_SHELL('',(#6686,#6687,#6688,#6689,#6690,#6691));
#6778=CLOSED_SHELL('',(#6692,#6693,#6694,#6695));
#6779=CLOSED_SHELL('',(#6696,#6697,#6698,#6699,#6700,#6701,#6702,#6703,
#6704,#6705,#6706));
#6780=CLOSED_SHELL('',(#6707,#6708,#6709,#6710,#6711,#6712));
#6781=CLOSED_SHELL('',(#6713,#6714,#6715,#6716,#6717,#6718,#6719));
#6782=CLOSED_SHELL('',(#6720,#6721,#6722,#6723,#6724));
#6783=CLOSED_SHELL('',(#6725,#6726,#6727,#6728,#6729));
#6784=CLOSED_SHELL('',(#6730,#6731,#6732,#6733,#6734,#6735));
#6785=CLOSED_SHELL('',(#6736,#6737,#6738,#6739,#6740));
#6786=CLOSED_SHELL('',(#6741,#6742,#6743));
#6787=CLOSED_SHELL('',(#6744,#6745,#6746,#6747,#6748,#6749));
#6788=CLOSED_SHELL('',(#6750,#6751,#6752,#6753,#6754,#6755));
#6789=STYLED_ITEM('',(#6822),#7022);
#6790=STYLED_ITEM('',(#6823),#7023);
#6791=STYLED_ITEM('',(#6824),#7024);
#6792=STYLED_ITEM('',(#6825),#7025);
#6793=STYLED_ITEM('',(#6826),#7026);
#6794=STYLED_ITEM('',(#6827),#7027);
#6795=STYLED_ITEM('',(#6828),#7028);
#6796=STYLED_ITEM('',(#6829),#7029);
#6797=STYLED_ITEM('',(#6830),#7030);
#6798=STYLED_ITEM('',(#6831),#7031);
#6799=STYLED_ITEM('',(#6832),#7032);
#6800=STYLED_ITEM('',(#6833),#7033);
#6801=STYLED_ITEM('',(#6834),#7034);
#6802=STYLED_ITEM('',(#6835),#7035);
#6803=STYLED_ITEM('',(#6836),#7036);
#6804=STYLED_ITEM('',(#6837),#7037);
#6805=STYLED_ITEM('',(#6838),#7038);
#6806=STYLED_ITEM('',(#6839),#7039);
#6807=STYLED_ITEM('',(#6840),#7040);
#6808=STYLED_ITEM('',(#6841),#7041);
#6809=STYLED_ITEM('',(#6842),#7042);
#6810=STYLED_ITEM('',(#6843),#7043);
#6811=STYLED_ITEM('',(#6844),#7044);
#6812=STYLED_ITEM('',(#6845),#7045);
#6813=STYLED_ITEM('',(#6846),#7046);
#6814=STYLED_ITEM('',(#6847),#7047);
#6815=STYLED_ITEM('',(#6848),#7048);
#6816=STYLED_ITEM('',(#6849),#7049);
#6817=STYLED_ITEM('',(#6850),#7050);
#6818=STYLED_ITEM('',(#6851),#7051);
#6819=STYLED_ITEM('',(#6852),#7052);
#6820=STYLED_ITEM('',(#6853),#7053);
#6821=STYLED_ITEM('',(#6854),#7054);
#6822=PRESENTATION_STYLE_ASSIGNMENT((#6855));
#6823=PRESENTATION_STYLE_ASSIGNMENT((#6856));
#6824=PRESENTATION_STYLE_ASSIGNMENT((#6857));
#6825=PRESENTATION_STYLE_ASSIGNMENT((#6858));
#6826=PRESENTATION_STYLE_ASSIGNMENT((#6859));
#6827=PRESENTATION_STYLE_ASSIGNMENT((#6860));
#6828=PRESENTATION_STYLE_ASSIGNMENT((#6861));
#6829=PRESENTATION_STYLE_ASSIGNMENT((#6862));
#6830=PRESENTATION_STYLE_ASSIGNMENT((#6863));
#6831=PRESENTATION_STYLE_ASSIGNMENT((#6864));
#6832=PRESENTATION_STYLE_ASSIGNMENT((#6865));
#6833=PRESENTATION_STYLE_ASSIGNMENT((#6866));
#6834=PRESENTATION_STYLE_ASSIGNMENT((#6867));
#6835=PRESENTATION_STYLE_ASSIGNMENT((#6868));
#6836=PRESENTATION_STYLE_ASSIGNMENT((#6869));
#6837=PRESENTATION_STYLE_ASSIGNMENT((#6870));
#6838=PRESENTATION_STYLE_ASSIGNMENT((#6871));
#6839=PRESENTATION_STYLE_ASSIGNMENT((#6872));
#6840=PRESENTATION_STYLE_ASSIGNMENT((#6873));
#6841=PRESENTATION_STYLE_ASSIGNMENT((#6874));
#6842=PRESENTATION_STYLE_ASSIGNMENT((#6875));
#6843=PRESENTATION_STYLE_ASSIGNMENT((#6876));
#6844=PRESENTATION_STYLE_ASSIGNMENT((#6877));
#6845=PRESENTATION_STYLE_ASSIGNMENT((#6878));
#6846=PRESENTATION_STYLE_ASSIGNMENT((#6879));
#6847=PRESENTATION_STYLE_ASSIGNMENT((#6880));
#6848=PRESENTATION_STYLE_ASSIGNMENT((#6881));
#6849=PRESENTATION_STYLE_ASSIGNMENT((#6882));
#6850=PRESENTATION_STYLE_ASSIGNMENT((#6883));
#6851=PRESENTATION_STYLE_ASSIGNMENT((#6884));
#6852=PRESENTATION_STYLE_ASSIGNMENT((#6885));
#6853=PRESENTATION_STYLE_ASSIGNMENT((#6886));
#6854=PRESENTATION_STYLE_ASSIGNMENT((#6887));
#6855=SURFACE_STYLE_USAGE(.BOTH.,#6888);
#6856=SURFACE_STYLE_USAGE(.BOTH.,#6889);
#6857=SURFACE_STYLE_USAGE(.BOTH.,#6890);
#6858=SURFACE_STYLE_USAGE(.BOTH.,#6891);
#6859=SURFACE_STYLE_USAGE(.BOTH.,#6892);
#6860=SURFACE_STYLE_USAGE(.BOTH.,#6893);
#6861=SURFACE_STYLE_USAGE(.BOTH.,#6894);
#6862=SURFACE_STYLE_USAGE(.BOTH.,#6895);
#6863=SURFACE_STYLE_USAGE(.BOTH.,#6896);
#6864=SURFACE_STYLE_USAGE(.BOTH.,#6897);
#6865=SURFACE_STYLE_USAGE(.BOTH.,#6898);
#6866=SURFACE_STYLE_USAGE(.BOTH.,#6899);
#6867=SURFACE_STYLE_USAGE(.BOTH.,#6900);
#6868=SURFACE_STYLE_USAGE(.BOTH.,#6901);
#6869=SURFACE_STYLE_USAGE(.BOTH.,#6902);
#6870=SURFACE_STYLE_USAGE(.BOTH.,#6903);
#6871=SURFACE_STYLE_USAGE(.BOTH.,#6904);
#6872=SURFACE_STYLE_USAGE(.BOTH.,#6905);
#6873=SURFACE_STYLE_USAGE(.BOTH.,#6906);
#6874=SURFACE_STYLE_USAGE(.BOTH.,#6907);
#6875=SURFACE_STYLE_USAGE(.BOTH.,#6908);
#6876=SURFACE_STYLE_USAGE(.BOTH.,#6909);
#6877=SURFACE_STYLE_USAGE(.BOTH.,#6910);
#6878=SURFACE_STYLE_USAGE(.BOTH.,#6911);
#6879=SURFACE_STYLE_USAGE(.BOTH.,#6912);
#6880=SURFACE_STYLE_USAGE(.BOTH.,#6913);
#6881=SURFACE_STYLE_USAGE(.BOTH.,#6914);
#6882=SURFACE_STYLE_USAGE(.BOTH.,#6915);
#6883=SURFACE_STYLE_USAGE(.BOTH.,#6916);
#6884=SURFACE_STYLE_USAGE(.BOTH.,#6917);
#6885=SURFACE_STYLE_USAGE(.BOTH.,#6918);
#6886=SURFACE_STYLE_USAGE(.BOTH.,#6919);
#6887=SURFACE_STYLE_USAGE(.BOTH.,#6920);
#6888=SURFACE_SIDE_STYLE('',(#6921));
#6889=SURFACE_SIDE_STYLE('',(#6922));
#6890=SURFACE_SIDE_STYLE('',(#6923));
#6891=SURFACE_SIDE_STYLE('',(#6924));
#6892=SURFACE_SIDE_STYLE('',(#6925));
#6893=SURFACE_SIDE_STYLE('',(#6926));
#6894=SURFACE_SIDE_STYLE('',(#6927));
#6895=SURFACE_SIDE_STYLE('',(#6928));
#6896=SURFACE_SIDE_STYLE('',(#6929));
#6897=SURFACE_SIDE_STYLE('',(#6930));
#6898=SURFACE_SIDE_STYLE('',(#6931));
#6899=SURFACE_SIDE_STYLE('',(#6932));
#6900=SURFACE_SIDE_STYLE('',(#6933));
#6901=SURFACE_SIDE_STYLE('',(#6934));
#6902=SURFACE_SIDE_STYLE('',(#6935));
#6903=SURFACE_SIDE_STYLE('',(#6936));
#6904=SURFACE_SIDE_STYLE('',(#6937));
#6905=SURFACE_SIDE_STYLE('',(#6938));
#6906=SURFACE_SIDE_STYLE('',(#6939));
#6907=SURFACE_SIDE_STYLE('',(#6940));
#6908=SURFACE_SIDE_STYLE('',(#6941));
#6909=SURFACE_SIDE_STYLE('',(#6942));
#6910=SURFACE_SIDE_STYLE('',(#6943));
#6911=SURFACE_SIDE_STYLE('',(#6944));
#6912=SURFACE_SIDE_STYLE('',(#6945));
#6913=SURFACE_SIDE_STYLE('',(#6946));
#6914=SURFACE_SIDE_STYLE('',(#6947));
#6915=SURFACE_SIDE_STYLE('',(#6948));
#6916=SURFACE_SIDE_STYLE('',(#6949));
#6917=SURFACE_SIDE_STYLE('',(#6950));
#6918=SURFACE_SIDE_STYLE('',(#6951));
#6919=SURFACE_SIDE_STYLE('',(#6952));
#6920=SURFACE_SIDE_STYLE('',(#6953));
#6921=SURFACE_STYLE_FILL_AREA(#6954);
#6922=SURFACE_STYLE_FILL_AREA(#6955);
#6923=SURFACE_STYLE_FILL_AREA(#6956);
#6924=SURFACE_STYLE_FILL_AREA(#6957);
#6925=SURFACE_STYLE_FILL_AREA(#6958);
#6926=SURFACE_STYLE_FILL_AREA(#6959);
#6927=SURFACE_STYLE_FILL_AREA(#6960);
#6928=SURFACE_STYLE_FILL_AREA(#6961);
#6929=SURFACE_STYLE_FILL_AREA(#6962);
#6930=SURFACE_STYLE_FILL_AREA(#6963);
#6931=SURFACE_STYLE_FILL_AREA(#6964);
#6932=SURFACE_STYLE_FILL_AREA(#6965);
#6933=SURFACE_STYLE_FILL_AREA(#6966);
#6934=SURFACE_STYLE_FILL_AREA(#6967);
#6935=SURFACE_STYLE_FILL_AREA(#6968);
#6936=SURFACE_STYLE_FILL_AREA(#6969);
#6937=SURFACE_STYLE_FILL_AREA(#6970);
#6938=SURFACE_STYLE_FILL_AREA(#6971);
#6939=SURFACE_STYLE_FILL_AREA(#6972);
#6940=SURFACE_STYLE_FILL_AREA(#6973);
#6941=SURFACE_STYLE_FILL_AREA(#6974);
#6942=SURFACE_STYLE_FILL_AREA(#6975);
#6943=SURFACE_STYLE_FILL_AREA(#6976);
#6944=SURFACE_STYLE_FILL_AREA(#6977);
#6945=SURFACE_STYLE_FILL_AREA(#6978);
#6946=SURFACE_STYLE_FILL_AREA(#6979);
#6947=SURFACE_STYLE_FILL_AREA(#6980);
#6948=SURFACE_STYLE_FILL_AREA(#6981);
#6949=SURFACE_STYLE_FILL_AREA(#6982);
#6950=SURFACE_STYLE_FILL_AREA(#6983);
#6951=SURFACE_STYLE_FILL_AREA(#6984);
#6952=SURFACE_STYLE_FILL_AREA(#6985);
#6953=SURFACE_STYLE_FILL_AREA(#6986);
#6954=FILL_AREA_STYLE('',(#6987));
#6955=FILL_AREA_STYLE('',(#6988));
#6956=FILL_AREA_STYLE('',(#6989));
#6957=FILL_AREA_STYLE('',(#6990));
#6958=FILL_AREA_STYLE('',(#6991));
#6959=FILL_AREA_STYLE('',(#6992));
#6960=FILL_AREA_STYLE('',(#6993));
#6961=FILL_AREA_STYLE('',(#6994));
#6962=FILL_AREA_STYLE('',(#6995));
#6963=FILL_AREA_STYLE('',(#6996));
#6964=FILL_AREA_STYLE('',(#6997));
#6965=FILL_AREA_STYLE('',(#6998));
#6966=FILL_AREA_STYLE('',(#6999));
#6967=FILL_AREA_STYLE('',(#7000));
#6968=FILL_AREA_STYLE('',(#7001));
#6969=FILL_AREA_STYLE('',(#7002));
#6970=FILL_AREA_STYLE('',(#7003));
#6971=FILL_AREA_STYLE('',(#7004));
#6972=FILL_AREA_STYLE('',(#7005));
#6973=FILL_AREA_STYLE('',(#7006));
#6974=FILL_AREA_STYLE('',(#7007));
#6975=FILL_AREA_STYLE('',(#7008));
#6976=FILL_AREA_STYLE('',(#7009));
#6977=FILL_AREA_STYLE('',(#7010));
#6978=FILL_AREA_STYLE('',(#7011));
#6979=FILL_AREA_STYLE('',(#7012));
#6980=FILL_AREA_STYLE('',(#7013));
#6981=FILL_AREA_STYLE('',(#7014));
#6982=FILL_AREA_STYLE('',(#7015));
#6983=FILL_AREA_STYLE('',(#7016));
#6984=FILL_AREA_STYLE('',(#7017));
#6985=FILL_AREA_STYLE('',(#7018));
#6986=FILL_AREA_STYLE('',(#7019));
#6987=FILL_AREA_STYLE_COLOUR('',#7020);
#6988=FILL_AREA_STYLE_COLOUR('',#1510);
#6989=FILL_AREA_STYLE_COLOUR('',#7020);
#6990=FILL_AREA_STYLE_COLOUR('',#7020);
#6991=FILL_AREA_STYLE_COLOUR('',#1511);
#6992=FILL_AREA_STYLE_COLOUR('',#7020);
#6993=FILL_AREA_STYLE_COLOUR('',#1511);
#6994=FILL_AREA_STYLE_COLOUR('',#1510);
#6995=FILL_AREA_STYLE_COLOUR('',#1511);
#6996=FILL_AREA_STYLE_COLOUR('',#1511);
#6997=FILL_AREA_STYLE_COLOUR('',#1511);
#6998=FILL_AREA_STYLE_COLOUR('',#1511);
#6999=FILL_AREA_STYLE_COLOUR('',#1512);
#7000=FILL_AREA_STYLE_COLOUR('',#1511);
#7001=FILL_AREA_STYLE_COLOUR('',#7021);
#7002=FILL_AREA_STYLE_COLOUR('',#1512);
#7003=FILL_AREA_STYLE_COLOUR('',#1512);
#7004=FILL_AREA_STYLE_COLOUR('',#1512);
#7005=FILL_AREA_STYLE_COLOUR('',#7021);
#7006=FILL_AREA_STYLE_COLOUR('',#1511);
#7007=FILL_AREA_STYLE_COLOUR('',#1510);
#7008=FILL_AREA_STYLE_COLOUR('',#1510);
#7009=FILL_AREA_STYLE_COLOUR('',#1510);
#7010=FILL_AREA_STYLE_COLOUR('',#1510);
#7011=FILL_AREA_STYLE_COLOUR('',#1510);
#7012=FILL_AREA_STYLE_COLOUR('',#1510);
#7013=FILL_AREA_STYLE_COLOUR('',#1511);
#7014=FILL_AREA_STYLE_COLOUR('',#1510);
#7015=FILL_AREA_STYLE_COLOUR('',#1512);
#7016=FILL_AREA_STYLE_COLOUR('',#1511);
#7017=FILL_AREA_STYLE_COLOUR('',#7020);
#7018=FILL_AREA_STYLE_COLOUR('',#1512);
#7019=FILL_AREA_STYLE_COLOUR('',#1512);
#7020=DRAUGHTING_PRE_DEFINED_COLOUR('white');
#7021=DRAUGHTING_PRE_DEFINED_COLOUR('red');
#7022=MANIFOLD_SOLID_BREP('Part 24',#6756);
#7023=MANIFOLD_SOLID_BREP('Part 11',#6757);
#7024=MANIFOLD_SOLID_BREP('Part 20',#6758);
#7025=MANIFOLD_SOLID_BREP('Part 25',#6759);
#7026=MANIFOLD_SOLID_BREP('Part 12',#6760);
#7027=MANIFOLD_SOLID_BREP('Part 21',#6761);
#7028=MANIFOLD_SOLID_BREP('Part 1',#6762);
#7029=MANIFOLD_SOLID_BREP('Part 18',#6763);
#7030=MANIFOLD_SOLID_BREP('Part 2',#6764);
#7031=MANIFOLD_SOLID_BREP('Part 3',#6765);
#7032=MANIFOLD_SOLID_BREP('Part 4',#6766);
#7033=MANIFOLD_SOLID_BREP('Part 16',#6767);
#7034=MANIFOLD_SOLID_BREP('Part 27',#6768);
#7035=MANIFOLD_SOLID_BREP('Part 17',#6769);
#7036=MANIFOLD_SOLID_BREP('Part 26',#6770);
#7037=MANIFOLD_SOLID_BREP('Part 30',#6771);
#7038=MANIFOLD_SOLID_BREP('Part 28',#6772);
#7039=MANIFOLD_SOLID_BREP('Part 31',#6773);
#7040=MANIFOLD_SOLID_BREP('Part 22',#6774);
#7041=MANIFOLD_SOLID_BREP('Part 13',#6775);
#7042=MANIFOLD_SOLID_BREP('Part 5',#6776);
#7043=MANIFOLD_SOLID_BREP('Part 19',#6777);
#7044=MANIFOLD_SOLID_BREP('Part 6',#6778);
#7045=MANIFOLD_SOLID_BREP('Part 7',#6779);
#7046=MANIFOLD_SOLID_BREP('Part 8',#6780);
#7047=MANIFOLD_SOLID_BREP('Part 9',#6781);
#7048=MANIFOLD_SOLID_BREP('Part 14',#6782);
#7049=MANIFOLD_SOLID_BREP('Part 10',#6783);
#7050=MANIFOLD_SOLID_BREP('Part 32',#6784);
#7051=MANIFOLD_SOLID_BREP('Part 15',#6785);
#7052=MANIFOLD_SOLID_BREP('Part 23',#6786);
#7053=MANIFOLD_SOLID_BREP('Part 29',#6787);
#7054=MANIFOLD_SOLID_BREP('Part 33',#6788);
#7055=SHAPE_DEFINITION_REPRESENTATION(#12673,#7088);
#7056=SHAPE_DEFINITION_REPRESENTATION(#12674,#7089);
#7057=SHAPE_DEFINITION_REPRESENTATION(#12675,#7090);
#7058=SHAPE_DEFINITION_REPRESENTATION(#12676,#7091);
#7059=SHAPE_DEFINITION_REPRESENTATION(#12677,#7092);
#7060=SHAPE_DEFINITION_REPRESENTATION(#12678,#7093);
#7061=SHAPE_DEFINITION_REPRESENTATION(#12679,#7094);
#7062=SHAPE_DEFINITION_REPRESENTATION(#12680,#7095);
#7063=SHAPE_DEFINITION_REPRESENTATION(#12681,#7096);
#7064=SHAPE_DEFINITION_REPRESENTATION(#12682,#7097);
#7065=SHAPE_DEFINITION_REPRESENTATION(#12683,#7098);
#7066=SHAPE_DEFINITION_REPRESENTATION(#12684,#7099);
#7067=SHAPE_DEFINITION_REPRESENTATION(#12685,#7100);
#7068=SHAPE_DEFINITION_REPRESENTATION(#12686,#7101);
#7069=SHAPE_DEFINITION_REPRESENTATION(#12687,#7102);
#7070=SHAPE_DEFINITION_REPRESENTATION(#12688,#7103);
#7071=SHAPE_DEFINITION_REPRESENTATION(#12689,#7104);
#7072=SHAPE_DEFINITION_REPRESENTATION(#12690,#7105);
#7073=SHAPE_DEFINITION_REPRESENTATION(#12691,#7106);
#7074=SHAPE_DEFINITION_REPRESENTATION(#12692,#7107);
#7075=SHAPE_DEFINITION_REPRESENTATION(#12693,#7108);
#7076=SHAPE_DEFINITION_REPRESENTATION(#12694,#7109);
#7077=SHAPE_DEFINITION_REPRESENTATION(#12695,#7110);
#7078=SHAPE_DEFINITION_REPRESENTATION(#12696,#7111);
#7079=SHAPE_DEFINITION_REPRESENTATION(#12697,#7112);
#7080=SHAPE_DEFINITION_REPRESENTATION(#12698,#7113);
#7081=SHAPE_DEFINITION_REPRESENTATION(#12699,#7114);
#7082=SHAPE_DEFINITION_REPRESENTATION(#12700,#7115);
#7083=SHAPE_DEFINITION_REPRESENTATION(#12701,#7116);
#7084=SHAPE_DEFINITION_REPRESENTATION(#12702,#7117);
#7085=SHAPE_DEFINITION_REPRESENTATION(#12703,#7118);
#7086=SHAPE_DEFINITION_REPRESENTATION(#12704,#7119);
#7087=SHAPE_DEFINITION_REPRESENTATION(#12705,#7120);
#7088=SHAPE_REPRESENTATION('Part 24',(#7121),#12508);
#7089=SHAPE_REPRESENTATION('Part 11',(#7127),#12509);
#7090=SHAPE_REPRESENTATION('Part 20',(#7145),#12510);
#7091=SHAPE_REPRESENTATION('Part 25',(#7152),#12511);
#7092=SHAPE_REPRESENTATION('Part 12',(#7159),#12512);
#7093=SHAPE_REPRESENTATION('Part 21',(#7167),#12513);
#7094=SHAPE_REPRESENTATION('Part 1',(#7172),#12514);
#7095=SHAPE_REPRESENTATION('Part 18',(#7189),#12515);
#7096=SHAPE_REPRESENTATION('Part 2',(#7204),#12516);
#7097=SHAPE_REPRESENTATION('Part 3',(#7221),#12517);
#7098=SHAPE_REPRESENTATION('Part 4',(#7232),#12518);
#7099=SHAPE_REPRESENTATION('Part 16',(#7241),#12519);
#7100=SHAPE_REPRESENTATION('Part 27',(#7250),#12520);
#7101=SHAPE_REPRESENTATION('Part 17',(#7429),#12521);
#7102=SHAPE_REPRESENTATION('Part 26',(#7438),#12522);
#7103=SHAPE_REPRESENTATION('Part 30',(#7457),#12523);
#7104=SHAPE_REPRESENTATION('Part 28',(#7462),#12524);
#7105=SHAPE_REPRESENTATION('Part 31',(#7473),#12525);
#7106=SHAPE_REPRESENTATION('Part 22',(#7480),#12526);
#7107=SHAPE_REPRESENTATION('Part 13',(#7485),#12527);
#7108=SHAPE_REPRESENTATION('Part 5',(#7493),#12528);
#7109=SHAPE_REPRESENTATION('Part 19',(#7502),#12529);
#7110=SHAPE_REPRESENTATION('Part 6',(#7517),#12530);
#7111=SHAPE_REPRESENTATION('Part 7',(#7526),#12531);
#7112=SHAPE_REPRESENTATION('Part 8',(#7548),#12532);
#7113=SHAPE_REPRESENTATION('Part 9',(#7557),#12533);
#7114=SHAPE_REPRESENTATION('Part 14',(#7567),#12534);
#7115=SHAPE_REPRESENTATION('Part 10',(#7576),#12535);
#7116=SHAPE_REPRESENTATION('Part 32',(#7584),#12536);
#7117=SHAPE_REPRESENTATION('Part 15',(#7589),#12537);
#7118=SHAPE_REPRESENTATION('Part 23',(#7598),#12538);
#7119=SHAPE_REPRESENTATION('Part 29',(#7604),#12539);
#7120=SHAPE_REPRESENTATION('Part 33',(#7615),#12540);
#7121=AXIS2_PLACEMENT_3D('',#9237,#7622,#7623);
#7122=AXIS2_PLACEMENT_3D('',#9238,#7624,#7625);
#7123=AXIS2_PLACEMENT_3D('',#9239,#7626,#7627);
#7124=AXIS2_PLACEMENT_3D('',#9241,#7628,#7629);
#7125=AXIS2_PLACEMENT_3D('',#9243,#7630,#7631);
#7126=AXIS2_PLACEMENT_3D('',#9244,#7632,#7633);
#7127=AXIS2_PLACEMENT_3D('',#9245,#7634,#7635);
#7128=AXIS2_PLACEMENT_3D('',#9246,#7636,#7637);
#7129=AXIS2_PLACEMENT_3D('',#9255,#7642,#7643);
#7130=AXIS2_PLACEMENT_3D('',#9261,#7647,#7648);
#7131=AXIS2_PLACEMENT_3D('',#9267,#7652,#7653);
#7132=AXIS2_PLACEMENT_3D('',#9268,#7654,#7655);
#7133=AXIS2_PLACEMENT_3D('',#9272,#7657,#7658);
#7134=AXIS2_PLACEMENT_3D('',#9273,#7659,#7660);
#7135=AXIS2_PLACEMENT_3D('',#9279,#7664,#7665);
#7136=AXIS2_PLACEMENT_3D('',#9280,#7666,#7667);
#7137=AXIS2_PLACEMENT_3D('',#9284,#7669,#7670);
#7138=AXIS2_PLACEMENT_3D('',#9285,#7671,#7672);
#7139=AXIS2_PLACEMENT_3D('',#9291,#7676,#7677);
#7140=AXIS2_PLACEMENT_3D('',#9297,#7681,#7682);
#7141=AXIS2_PLACEMENT_3D('',#9298,#7683,#7684);
#7142=AXIS2_PLACEMENT_3D('',#9299,#7685,#7686);
#7143=AXIS2_PLACEMENT_3D('',#9300,#7687,#7688);
#7144=AXIS2_PLACEMENT_3D('',#9301,#7689,#7690);
#7145=AXIS2_PLACEMENT_3D('',#9302,#7691,#7692);
#7146=AXIS2_PLACEMENT_3D('',#9323,#7695,#7696);
#7147=AXIS2_PLACEMENT_3D('',#9324,#7697,#7698);
#7148=AXIS2_PLACEMENT_3D('',#9328,#7700,#7701);
#7149=AXIS2_PLACEMENT_3D('',#9329,#7702,#7703);
#7150=AXIS2_PLACEMENT_3D('',#9434,#7712,#7713);
#7151=AXIS2_PLACEMENT_3D('',#9435,#7714,#7715);
#7152=AXIS2_PLACEMENT_3D('',#9436,#7716,#7717);
#7153=AXIS2_PLACEMENT_3D('',#9437,#7718,#7719);
#7154=AXIS2_PLACEMENT_3D('',#9446,#7724,#7725);
#7155=AXIS2_PLACEMENT_3D('',#9452,#7729,#7730);
#7156=AXIS2_PLACEMENT_3D('',#9458,#7734,#7735);
#7157=AXIS2_PLACEMENT_3D('',#9461,#7738,#7739);
#7158=AXIS2_PLACEMENT_3D('',#9462,#7740,#7741);
#7159=AXIS2_PLACEMENT_3D('',#9463,#7742,#7743);
#7160=AXIS2_PLACEMENT_3D('',#9464,#7744,#7745);
#7161=AXIS2_PLACEMENT_3D('',#9473,#7750,#7751);
#7162=AXIS2_PLACEMENT_3D('',#9474,#7752,#7753);
#7163=AXIS2_PLACEMENT_3D('',#9478,#7755,#7756);
#7164=AXIS2_PLACEMENT_3D('',#9479,#7757,#7758);
#7165=AXIS2_PLACEMENT_3D('',#9482,#7761,#7762);
#7166=AXIS2_PLACEMENT_3D('',#9483,#7763,#7764);
#7167=AXIS2_PLACEMENT_3D('',#9484,#7765,#7766);
#7168=AXIS2_PLACEMENT_3D('',#9522,#7770,#7771);
#7169=AXIS2_PLACEMENT_3D('',#9545,#7776,#7777);
#7170=AXIS2_PLACEMENT_3D('',#9781,#7791,#7792);
#7171=AXIS2_PLACEMENT_3D('',#9782,#7793,#7794);
#7172=AXIS2_PLACEMENT_3D('',#9783,#7795,#7796);
#7173=AXIS2_PLACEMENT_3D('',#9784,#7797,#7798);
#7174=AXIS2_PLACEMENT_3D('',#9785,#7799,#7800);
#7175=AXIS2_PLACEMENT_3D('',#9790,#7802,#7803);
#7176=AXIS2_PLACEMENT_3D('',#9793,#7805,#7806);
#7177=AXIS2_PLACEMENT_3D('',#9795,#7807,#7808);
#7178=AXIS2_PLACEMENT_3D('',#9799,#7810,#7811);
#7179=AXIS2_PLACEMENT_3D('',#9801,#7812,#7813);
#7180=AXIS2_PLACEMENT_3D('',#9803,#7814,#7815);
#7181=AXIS2_PLACEMENT_3D('',#9804,#7816,#7817);
#7182=AXIS2_PLACEMENT_3D('',#9805,#7818,#7819);
#7183=AXIS2_PLACEMENT_3D('',#9811,#7823,#7824);
#7184=AXIS2_PLACEMENT_3D('',#9812,#7825,#7826);
#7185=AXIS2_PLACEMENT_3D('',#9813,#7827,#7828);
#7186=AXIS2_PLACEMENT_3D('',#9814,#7829,#7830);
#7187=AXIS2_PLACEMENT_3D('',#9821,#7831,#7832);
#7188=AXIS2_PLACEMENT_3D('',#9828,#7833,#7834);
#7189=AXIS2_PLACEMENT_3D('',#9829,#7835,#7836);
#7190=AXIS2_PLACEMENT_3D('',#9830,#7837,#7838);
#7191=AXIS2_PLACEMENT_3D('',#9831,#7839,#7840);
#7192=AXIS2_PLACEMENT_3D('',#9836,#7842,#7843);
#7193=AXIS2_PLACEMENT_3D('',#9839,#7845,#7846);
#7194=AXIS2_PLACEMENT_3D('',#9840,#7847,#7848);
#7195=AXIS2_PLACEMENT_3D('',#9842,#7849,#7850);
#7196=AXIS2_PLACEMENT_3D('',#9845,#7852,#7853);
#7197=AXIS2_PLACEMENT_3D('',#9846,#7854,#7855);
#7198=AXIS2_PLACEMENT_3D('',#9848,#7856,#7857);
#7199=AXIS2_PLACEMENT_3D('',#9851,#7859,#7860);
#7200=AXIS2_PLACEMENT_3D('',#9852,#7861,#7862);
#7201=AXIS2_PLACEMENT_3D('',#9853,#7863,#7864);
#7202=AXIS2_PLACEMENT_3D('',#9854,#7865,#7866);
#7203=AXIS2_PLACEMENT_3D('',#9855,#7867,#7868);
#7204=AXIS2_PLACEMENT_3D('',#9856,#7869,#7870);
#7205=AXIS2_PLACEMENT_3D('',#9857,#7871,#7872);
#7206=AXIS2_PLACEMENT_3D('',#9861,#7874,#7875);
#7207=AXIS2_PLACEMENT_3D('',#9863,#7876,#7877);
#7208=AXIS2_PLACEMENT_3D('',#9865,#7878,#7879);
#7209=AXIS2_PLACEMENT_3D('',#9866,#7880,#7881);
#7210=AXIS2_PLACEMENT_3D('',#9867,#7882,#7883);
#7211=AXIS2_PLACEMENT_3D('',#9872,#7885,#7886);
#7212=AXIS2_PLACEMENT_3D('',#9875,#7888,#7889);
#7213=AXIS2_PLACEMENT_3D('',#9877,#7890,#7891);
#7214=AXIS2_PLACEMENT_3D('',#9878,#7892,#7893);
#7215=AXIS2_PLACEMENT_3D('',#9884,#7897,#7898);
#7216=AXIS2_PLACEMENT_3D('',#9885,#7899,#7900);
#7217=AXIS2_PLACEMENT_3D('',#9886,#7901,#7902);
#7218=AXIS2_PLACEMENT_3D('',#9887,#7903,#7904);
#7219=AXIS2_PLACEMENT_3D('',#9894,#7905,#7906);
#7220=AXIS2_PLACEMENT_3D('',#9901,#7907,#7908);
#7221=AXIS2_PLACEMENT_3D('',#9902,#7909,#7910);
#7222=AXIS2_PLACEMENT_3D('',#9903,#7911,#7912);
#7223=AXIS2_PLACEMENT_3D('',#9904,#7913,#7914);
#7224=AXIS2_PLACEMENT_3D('',#9909,#7916,#7917);
#7225=AXIS2_PLACEMENT_3D('',#9912,#7919,#7920);
#7226=AXIS2_PLACEMENT_3D('',#9918,#7924,#7925);
#7227=AXIS2_PLACEMENT_3D('',#9919,#7926,#7927);
#7228=AXIS2_PLACEMENT_3D('',#9923,#7929,#7930);
#7229=AXIS2_PLACEMENT_3D('',#9924,#7931,#7932);
#7230=AXIS2_PLACEMENT_3D('',#9927,#7935,#7936);
#7231=AXIS2_PLACEMENT_3D('',#9928,#7937,#7938);
#7232=AXIS2_PLACEMENT_3D('',#9929,#7939,#7940);
#7233=AXIS2_PLACEMENT_3D('',#9930,#7941,#7942);
#7234=AXIS2_PLACEMENT_3D('',#9939,#7947,#7948);
#7235=AXIS2_PLACEMENT_3D('',#9945,#7952,#7953);
#7236=AXIS2_PLACEMENT_3D('',#9946,#7954,#7955);
#7237=AXIS2_PLACEMENT_3D('',#9950,#7957,#7958);
#7238=AXIS2_PLACEMENT_3D('',#9951,#7959,#7960);
#7239=AXIS2_PLACEMENT_3D('',#9954,#7963,#7964);
#7240=AXIS2_PLACEMENT_3D('',#9955,#7965,#7966);
#7241=AXIS2_PLACEMENT_3D('',#9956,#7967,#7968);
#7242=AXIS2_PLACEMENT_3D('',#9957,#7969,#7970);
#7243=AXIS2_PLACEMENT_3D('',#9978,#7975,#7976);
#7244=AXIS2_PLACEMENT_3D('',#9979,#7977,#7978);
#7245=AXIS2_PLACEMENT_3D('',#9980,#7979,#7980);
#7246=AXIS2_PLACEMENT_3D('',#9981,#7981,#7982);
#7247=AXIS2_PLACEMENT_3D('',#9982,#7983,#7984);
#7248=AXIS2_PLACEMENT_3D('',#9983,#7985,#7986);
#7249=AXIS2_PLACEMENT_3D('',#9984,#7987,#7988);
#7250=AXIS2_PLACEMENT_3D('',#9985,#7989,#7990);
#7251=AXIS2_PLACEMENT_3D('',#9986,#7991,#7992);
#7252=AXIS2_PLACEMENT_3D('',#10022,#8010,#8011);
#7253=AXIS2_PLACEMENT_3D('',#10048,#8012,#8013);
#7254=AXIS2_PLACEMENT_3D('',#10054,#8016,#8017);
#7255=AXIS2_PLACEMENT_3D('',#10080,#8018,#8019);
#7256=AXIS2_PLACEMENT_3D('',#10084,#8021,#8022);
#7257=AXIS2_PLACEMENT_3D('',#10110,#8023,#8024);
#7258=AXIS2_PLACEMENT_3D('',#10116,#8027,#8028);
#7259=AXIS2_PLACEMENT_3D('',#10142,#8029,#8030);
#7260=AXIS2_PLACEMENT_3D('',#10264,#8085,#8086);
#7261=AXIS2_PLACEMENT_3D('',#10292,#8090,#8091);
#7262=AXIS2_PLACEMENT_3D('',#10294,#8092,#8093);
#7263=AXIS2_PLACEMENT_3D('',#10331,#8102,#8103);
#7264=AXIS2_PLACEMENT_3D('',#10362,#8110,#8111);
#7265=AXIS2_PLACEMENT_3D('',#10364,#8112,#8113);
#7266=AXIS2_PLACEMENT_3D('',#10374,#8114,#8115);
#7267=AXIS2_PLACEMENT_3D('',#10376,#8116,#8117);
#7268=AXIS2_PLACEMENT_3D('',#10392,#8121,#8122);
#7269=AXIS2_PLACEMENT_3D('',#10414,#8123,#8124);
#7270=AXIS2_PLACEMENT_3D('',#10424,#8125,#8126);
#7271=AXIS2_PLACEMENT_3D('',#10446,#8127,#8128);
#7272=AXIS2_PLACEMENT_3D('',#10451,#8129,#8130);
#7273=AXIS2_PLACEMENT_3D('',#10460,#8135,#8136);
#7274=AXIS2_PLACEMENT_3D('',#10461,#8137,#8138);
#7275=AXIS2_PLACEMENT_3D('',#10462,#8139,#8140);
#7276=AXIS2_PLACEMENT_3D('',#10463,#8141,#8142);
#7277=AXIS2_PLACEMENT_3D('',#10464,#8143,#8144);
#7278=AXIS2_PLACEMENT_3D('',#10465,#8145,#8146);
#7279=AXIS2_PLACEMENT_3D('',#10466,#8147,#8148);
#7280=AXIS2_PLACEMENT_3D('',#10467,#8149,#8150);
#7281=AXIS2_PLACEMENT_3D('',#10468,#8151,#8152);
#7282=AXIS2_PLACEMENT_3D('',#10474,#8156,#8157);
#7283=AXIS2_PLACEMENT_3D('',#10478,#8160,#8161);
#7284=AXIS2_PLACEMENT_3D('',#10482,#8164,#8165);
#7285=AXIS2_PLACEMENT_3D('',#10486,#8168,#8169);
#7286=AXIS2_PLACEMENT_3D('',#10490,#8172,#8173);
#7287=AXIS2_PLACEMENT_3D('',#10494,#8176,#8177);
#7288=AXIS2_PLACEMENT_3D('',#10496,#8179,#8180);
#7289=AXIS2_PLACEMENT_3D('',#10497,#8181,#8182);
#7290=AXIS2_PLACEMENT_3D('',#10503,#8186,#8187);
#7291=AXIS2_PLACEMENT_3D('',#10507,#8190,#8191);
#7292=AXIS2_PLACEMENT_3D('',#10511,#8194,#8195);
#7293=AXIS2_PLACEMENT_3D('',#10513,#8197,#8198);
#7294=AXIS2_PLACEMENT_3D('',#10514,#8199,#8200);
#7295=AXIS2_PLACEMENT_3D('',#10520,#8204,#8205);
#7296=AXIS2_PLACEMENT_3D('',#10524,#8208,#8209);
#7297=AXIS2_PLACEMENT_3D('',#10527,#8211,#8212);
#7298=AXIS2_PLACEMENT_3D('',#10606,#8219,#8220);
#7299=AXIS2_PLACEMENT_3D('',#10609,#8222,#8223);
#7300=AXIS2_PLACEMENT_3D('',#10610,#8224,#8225);
#7301=AXIS2_PLACEMENT_3D('',#10614,#8228,#8229);
#7302=AXIS2_PLACEMENT_3D('',#10618,#8232,#8233);
#7303=AXIS2_PLACEMENT_3D('',#10621,#8235,#8236);
#7304=AXIS2_PLACEMENT_3D('',#10700,#8243,#8244);
#7305=AXIS2_PLACEMENT_3D('',#10701,#8245,#8246);
#7306=AXIS2_PLACEMENT_3D('',#10702,#8247,#8248);
#7307=AXIS2_PLACEMENT_3D('',#10703,#8249,#8250);
#7308=AXIS2_PLACEMENT_3D('',#10706,#8252,#8253);
#7309=AXIS2_PLACEMENT_3D('',#10709,#8255,#8256);
#7310=AXIS2_PLACEMENT_3D('',#10713,#8259,#8260);
#7311=AXIS2_PLACEMENT_3D('',#10717,#8263,#8264);
#7312=AXIS2_PLACEMENT_3D('',#10720,#8266,#8267);
#7313=AXIS2_PLACEMENT_3D('',#10799,#8274,#8275);
#7314=AXIS2_PLACEMENT_3D('',#10802,#8277,#8278);
#7315=AXIS2_PLACEMENT_3D('',#10803,#8279,#8280);
#7316=AXIS2_PLACEMENT_3D('',#10807,#8283,#8284);
#7317=AXIS2_PLACEMENT_3D('',#10811,#8287,#8288);
#7318=AXIS2_PLACEMENT_3D('',#10814,#8290,#8291);
#7319=AXIS2_PLACEMENT_3D('',#10891,#8297,#8298);
#7320=AXIS2_PLACEMENT_3D('',#10892,#8299,#8300);
#7321=AXIS2_PLACEMENT_3D('',#10898,#8304,#8305);
#7322=AXIS2_PLACEMENT_3D('',#10902,#8308,#8309);
#7323=AXIS2_PLACEMENT_3D('',#10906,#8312,#8313);
#7324=AXIS2_PLACEMENT_3D('',#10910,#8316,#8317);
#7325=AXIS2_PLACEMENT_3D('',#10914,#8320,#8321);
#7326=AXIS2_PLACEMENT_3D('',#10918,#8324,#8325);
#7327=AXIS2_PLACEMENT_3D('',#10922,#8328,#8329);
#7328=AXIS2_PLACEMENT_3D('',#10924,#8331,#8332);
#7329=AXIS2_PLACEMENT_3D('',#10925,#8333,#8334);
#7330=AXIS2_PLACEMENT_3D('',#10931,#8338,#8339);
#7331=AXIS2_PLACEMENT_3D('',#10935,#8342,#8343);
#7332=AXIS2_PLACEMENT_3D('',#10939,#8346,#8347);
#7333=AXIS2_PLACEMENT_3D('',#10943,#8350,#8351);
#7334=AXIS2_PLACEMENT_3D('',#10947,#8354,#8355);
#7335=AXIS2_PLACEMENT_3D('',#10951,#8358,#8359);
#7336=AXIS2_PLACEMENT_3D('',#10953,#8361,#8362);
#7337=AXIS2_PLACEMENT_3D('',#10954,#8363,#8364);
#7338=AXIS2_PLACEMENT_3D('',#10960,#8368,#8369);
#7339=AXIS2_PLACEMENT_3D('',#10964,#8372,#8373);
#7340=AXIS2_PLACEMENT_3D('',#10968,#8376,#8377);
#7341=AXIS2_PLACEMENT_3D('',#10970,#8379,#8380);
#7342=AXIS2_PLACEMENT_3D('',#10971,#8381,#8382);
#7343=AXIS2_PLACEMENT_3D('',#10977,#8386,#8387);
#7344=AXIS2_PLACEMENT_3D('',#10981,#8390,#8391);
#7345=AXIS2_PLACEMENT_3D('',#10985,#8394,#8395);
#7346=AXIS2_PLACEMENT_3D('',#10987,#8397,#8398);
#7347=AXIS2_PLACEMENT_3D('',#10988,#8399,#8400);
#7348=AXIS2_PLACEMENT_3D('',#10994,#8404,#8405);
#7349=AXIS2_PLACEMENT_3D('',#10998,#8408,#8409);
#7350=AXIS2_PLACEMENT_3D('',#11002,#8412,#8413);
#7351=AXIS2_PLACEMENT_3D('',#11006,#8416,#8417);
#7352=AXIS2_PLACEMENT_3D('',#11010,#8420,#8421);
#7353=AXIS2_PLACEMENT_3D('',#11014,#8424,#8425);
#7354=AXIS2_PLACEMENT_3D('',#11016,#8427,#8428);
#7355=AXIS2_PLACEMENT_3D('',#11017,#8429,#8430);
#7356=AXIS2_PLACEMENT_3D('',#11023,#8434,#8435);
#7357=AXIS2_PLACEMENT_3D('',#11027,#8438,#8439);
#7358=AXIS2_PLACEMENT_3D('',#11031,#8442,#8443);
#7359=AXIS2_PLACEMENT_3D('',#11033,#8445,#8446);
#7360=AXIS2_PLACEMENT_3D('',#11034,#8447,#8448);
#7361=AXIS2_PLACEMENT_3D('',#11040,#8452,#8453);
#7362=AXIS2_PLACEMENT_3D('',#11044,#8456,#8457);
#7363=AXIS2_PLACEMENT_3D('',#11048,#8460,#8461);
#7364=AXIS2_PLACEMENT_3D('',#11052,#8464,#8465);
#7365=AXIS2_PLACEMENT_3D('',#11056,#8468,#8469);
#7366=AXIS2_PLACEMENT_3D('',#11060,#8472,#8473);
#7367=AXIS2_PLACEMENT_3D('',#11064,#8476,#8477);
#7368=AXIS2_PLACEMENT_3D('',#11066,#8479,#8480);
#7369=AXIS2_PLACEMENT_3D('',#11067,#8481,#8482);
#7370=AXIS2_PLACEMENT_3D('',#11073,#8486,#8487);
#7371=AXIS2_PLACEMENT_3D('',#11077,#8490,#8491);
#7372=AXIS2_PLACEMENT_3D('',#11081,#8494,#8495);
#7373=AXIS2_PLACEMENT_3D('',#11085,#8498,#8499);
#7374=AXIS2_PLACEMENT_3D('',#11089,#8502,#8503);
#7375=AXIS2_PLACEMENT_3D('',#11093,#8506,#8507);
#7376=AXIS2_PLACEMENT_3D('',#11097,#8510,#8511);
#7377=AXIS2_PLACEMENT_3D('',#11099,#8513,#8514);
#7378=AXIS2_PLACEMENT_3D('',#11100,#8515,#8516);
#7379=AXIS2_PLACEMENT_3D('',#11184,#8526,#8527);
#7380=AXIS2_PLACEMENT_3D('',#11187,#8529,#8530);
#7381=AXIS2_PLACEMENT_3D('',#11188,#8531,#8532);
#7382=AXIS2_PLACEMENT_3D('',#11191,#8534,#8535);
#7383=AXIS2_PLACEMENT_3D('',#11218,#8538,#8539);
#7384=AXIS2_PLACEMENT_3D('',#11222,#8542,#8543);
#7385=AXIS2_PLACEMENT_3D('',#11226,#8546,#8547);
#7386=AXIS2_PLACEMENT_3D('',#11269,#8553,#8554);
#7387=AXIS2_PLACEMENT_3D('',#11272,#8556,#8557);
#7388=AXIS2_PLACEMENT_3D('',#11299,#8560,#8561);
#7389=AXIS2_PLACEMENT_3D('',#11303,#8564,#8565);
#7390=AXIS2_PLACEMENT_3D('',#11305,#8567,#8568);
#7391=AXIS2_PLACEMENT_3D('',#11306,#8569,#8570);
#7392=AXIS2_PLACEMENT_3D('',#11312,#8574,#8575);
#7393=AXIS2_PLACEMENT_3D('',#11316,#8578,#8579);
#7394=AXIS2_PLACEMENT_3D('',#11320,#8582,#8583);
#7395=AXIS2_PLACEMENT_3D('',#11322,#8585,#8586);
#7396=AXIS2_PLACEMENT_3D('',#11323,#8587,#8588);
#7397=AXIS2_PLACEMENT_3D('',#11329,#8592,#8593);
#7398=AXIS2_PLACEMENT_3D('',#11333,#8596,#8597);
#7399=AXIS2_PLACEMENT_3D('',#11337,#8600,#8601);
#7400=AXIS2_PLACEMENT_3D('',#11339,#8603,#8604);
#7401=AXIS2_PLACEMENT_3D('',#11340,#8605,#8606);
#7402=AXIS2_PLACEMENT_3D('',#11346,#8610,#8611);
#7403=AXIS2_PLACEMENT_3D('',#11349,#8613,#8614);
#7404=AXIS2_PLACEMENT_3D('',#11363,#8616,#8617);
#7405=AXIS2_PLACEMENT_3D('',#11366,#8619,#8620);
#7406=AXIS2_PLACEMENT_3D('',#11432,#8626,#8627);
#7407=AXIS2_PLACEMENT_3D('',#11435,#8629,#8630);
#7408=AXIS2_PLACEMENT_3D('',#11462,#8633,#8634);
#7409=AXIS2_PLACEMENT_3D('',#11465,#8636,#8637);
#7410=AXIS2_PLACEMENT_3D('',#11531,#8643,#8644);
#7411=AXIS2_PLACEMENT_3D('',#11534,#8646,#8647);
#7412=AXIS2_PLACEMENT_3D('',#11535,#8648,#8649);
#7413=AXIS2_PLACEMENT_3D('',#11539,#8652,#8653);
#7414=AXIS2_PLACEMENT_3D('',#11543,#8656,#8657);
#7415=AXIS2_PLACEMENT_3D('',#11573,#8662,#8663);
#7416=AXIS2_PLACEMENT_3D('',#11576,#8665,#8666);
#7417=AXIS2_PLACEMENT_3D('',#11577,#8667,#8668);
#7418=AXIS2_PLACEMENT_3D('',#11580,#8670,#8671);
#7419=AXIS2_PLACEMENT_3D('',#11607,#8674,#8675);
#7420=AXIS2_PLACEMENT_3D('',#11610,#8677,#8678);
#7421=AXIS2_PLACEMENT_3D('',#11611,#8679,#8680);
#7422=AXIS2_PLACEMENT_3D('',#11614,#8682,#8683);
#7423=AXIS2_PLACEMENT_3D('',#11615,#8684,#8685);
#7424=AXIS2_PLACEMENT_3D('',#11619,#8688,#8689);
#7425=AXIS2_PLACEMENT_3D('',#11623,#8692,#8693);
#7426=AXIS2_PLACEMENT_3D('',#11679,#8700,#8701);
#7427=AXIS2_PLACEMENT_3D('',#11683,#8704,#8705);
#7428=AXIS2_PLACEMENT_3D('',#11685,#8707,#8708);
#7429=AXIS2_PLACEMENT_3D('',#11686,#8709,#8710);
#7430=AXIS2_PLACEMENT_3D('',#11687,#8711,#8712);
#7431=AXIS2_PLACEMENT_3D('',#11708,#8717,#8718);
#7432=AXIS2_PLACEMENT_3D('',#11709,#8719,#8720);
#7433=AXIS2_PLACEMENT_3D('',#11710,#8721,#8722);
#7434=AXIS2_PLACEMENT_3D('',#11711,#8723,#8724);
#7435=AXIS2_PLACEMENT_3D('',#11712,#8725,#8726);
#7436=AXIS2_PLACEMENT_3D('',#11713,#8727,#8728);
#7437=AXIS2_PLACEMENT_3D('',#11714,#8729,#8730);
#7438=AXIS2_PLACEMENT_3D('',#11715,#8731,#8732);
#7439=AXIS2_PLACEMENT_3D('',#11716,#8733,#8734);
#7440=AXIS2_PLACEMENT_3D('',#11725,#8739,#8740);
#7441=AXIS2_PLACEMENT_3D('',#11734,#8745,#8746);
#7442=AXIS2_PLACEMENT_3D('',#11743,#8751,#8752);
#7443=AXIS2_PLACEMENT_3D('',#11752,#8757,#8758);
#7444=AXIS2_PLACEMENT_3D('',#11753,#8759,#8760);
#7445=AXIS2_PLACEMENT_3D('',#11754,#8761,#8762);
#7446=AXIS2_PLACEMENT_3D('',#11755,#8763,#8764);
#7447=AXIS2_PLACEMENT_3D('',#11756,#8765,#8766);
#7448=AXIS2_PLACEMENT_3D('',#11757,#8767,#8768);
#7449=AXIS2_PLACEMENT_3D('',#11758,#8769,#8770);
#7450=AXIS2_PLACEMENT_3D('',#11759,#8771,#8772);
#7451=AXIS2_PLACEMENT_3D('',#11760,#8773,#8774);
#7452=AXIS2_PLACEMENT_3D('',#11761,#8775,#8776);
#7453=AXIS2_PLACEMENT_3D('',#11762,#8777,#8778);
#7454=AXIS2_PLACEMENT_3D('',#11763,#8779,#8780);
#7455=AXIS2_PLACEMENT_3D('',#11764,#8781,#8782);
#7456=AXIS2_PLACEMENT_3D('',#11765,#8783,#8784);
#7457=AXIS2_PLACEMENT_3D('',#11766,#8785,#8786);
#7458=AXIS2_PLACEMENT_3D('',#11767,#8787,#8788);
#7459=AXIS2_PLACEMENT_3D('',#11883,#8794,#8795);
#7460=AXIS2_PLACEMENT_3D('',#11903,#8799,#8800);
#7461=AXIS2_PLACEMENT_3D('',#11904,#8801,#8802);
#7462=AXIS2_PLACEMENT_3D('',#11905,#8803,#8804);
#7463=AXIS2_PLACEMENT_3D('',#11906,#8805,#8806);
#7464=AXIS2_PLACEMENT_3D('',#11915,#8811,#8812);
#7465=AXIS2_PLACEMENT_3D('',#11916,#8813,#8814);
#7466=AXIS2_PLACEMENT_3D('',#11920,#8816,#8817);
#7467=AXIS2_PLACEMENT_3D('',#11921,#8818,#8819);
#7468=AXIS2_PLACEMENT_3D('',#11927,#8823,#8824);
#7469=AXIS2_PLACEMENT_3D('',#11928,#8825,#8826);
#7470=AXIS2_PLACEMENT_3D('',#11929,#8827,#8828);
#7471=AXIS2_PLACEMENT_3D('',#11930,#8829,#8830);
#7472=AXIS2_PLACEMENT_3D('',#11931,#8831,#8832);
#7473=AXIS2_PLACEMENT_3D('',#11932,#8833,#8834);
#7474=AXIS2_PLACEMENT_3D('',#11933,#8835,#8836);
#7475=AXIS2_PLACEMENT_3D('',#11942,#8841,#8842);
#7476=AXIS2_PLACEMENT_3D('',#11948,#8846,#8847);
#7477=AXIS2_PLACEMENT_3D('',#11954,#8851,#8852);
#7478=AXIS2_PLACEMENT_3D('',#11957,#8855,#8856);
#7479=AXIS2_PLACEMENT_3D('',#11958,#8857,#8858);
#7480=AXIS2_PLACEMENT_3D('',#11959,#8859,#8860);
#7481=AXIS2_PLACEMENT_3D('',#11998,#8861,#8862);
#7482=AXIS2_PLACEMENT_3D('',#12000,#8863,#8864);
#7483=AXIS2_PLACEMENT_3D('',#12002,#8865,#8866);
#7484=AXIS2_PLACEMENT_3D('',#12003,#8867,#8868);
#7485=AXIS2_PLACEMENT_3D('',#12004,#8869,#8870);
#7486=AXIS2_PLACEMENT_3D('',#12005,#8871,#8872);
#7487=AXIS2_PLACEMENT_3D('',#12014,#8877,#8878);
#7488=AXIS2_PLACEMENT_3D('',#12020,#8882,#8883);
#7489=AXIS2_PLACEMENT_3D('',#12021,#8884,#8885);
#7490=AXIS2_PLACEMENT_3D('',#12022,#8886,#8887);
#7491=AXIS2_PLACEMENT_3D('',#12023,#8888,#8889);
#7492=AXIS2_PLACEMENT_3D('',#12024,#8890,#8891);
#7493=AXIS2_PLACEMENT_3D('',#12025,#8892,#8893);
#7494=AXIS2_PLACEMENT_3D('',#12026,#8894,#8895);
#7495=AXIS2_PLACEMENT_3D('',#12027,#8896,#8897);
#7496=AXIS2_PLACEMENT_3D('',#12029,#8898,#8899);
#7497=AXIS2_PLACEMENT_3D('',#12031,#8900,#8901);
#7498=AXIS2_PLACEMENT_3D('',#12032,#8902,#8903);
#7499=AXIS2_PLACEMENT_3D('',#12034,#8904,#8905);
#7500=AXIS2_PLACEMENT_3D('',#12036,#8906,#8907);
#7501=AXIS2_PLACEMENT_3D('',#12037,#8908,#8909);
#7502=AXIS2_PLACEMENT_3D('',#12038,#8910,#8911);
#7503=AXIS2_PLACEMENT_3D('',#12039,#8912,#8913);
#7504=AXIS2_PLACEMENT_3D('',#12040,#8914,#8915);
#7505=AXIS2_PLACEMENT_3D('',#12045,#8917,#8918);
#7506=AXIS2_PLACEMENT_3D('',#12048,#8920,#8921);
#7507=AXIS2_PLACEMENT_3D('',#12049,#8922,#8923);
#7508=AXIS2_PLACEMENT_3D('',#12051,#8924,#8925);
#7509=AXIS2_PLACEMENT_3D('',#12054,#8927,#8928);
#7510=AXIS2_PLACEMENT_3D('',#12055,#8929,#8930);
#7511=AXIS2_PLACEMENT_3D('',#12057,#8931,#8932);
#7512=AXIS2_PLACEMENT_3D('',#12060,#8934,#8935);
#7513=AXIS2_PLACEMENT_3D('',#12061,#8936,#8937);
#7514=AXIS2_PLACEMENT_3D('',#12062,#8938,#8939);
#7515=AXIS2_PLACEMENT_3D('',#12063,#8940,#8941);
#7516=AXIS2_PLACEMENT_3D('',#12064,#8942,#8943);
#7517=AXIS2_PLACEMENT_3D('',#12065,#8944,#8945);
#7518=AXIS2_PLACEMENT_3D('',#12066,#8946,#8947);
#7519=AXIS2_PLACEMENT_3D('',#12067,#8948,#8949);
#7520=AXIS2_PLACEMENT_3D('',#12069,#8950,#8951);
#7521=AXIS2_PLACEMENT_3D('',#12071,#8952,#8953);
#7522=AXIS2_PLACEMENT_3D('',#12072,#8954,#8955);
#7523=AXIS2_PLACEMENT_3D('',#12074,#8956,#8957);
#7524=AXIS2_PLACEMENT_3D('',#12076,#8958,#8959);
#7525=AXIS2_PLACEMENT_3D('',#12077,#8960,#8961);
#7526=AXIS2_PLACEMENT_3D('',#12078,#8962,#8963);
#7527=AXIS2_PLACEMENT_3D('',#12079,#8964,#8965);
#7528=AXIS2_PLACEMENT_3D('',#12088,#8970,#8971);
#7529=AXIS2_PLACEMENT_3D('',#12089,#8972,#8973);
#7530=AXIS2_PLACEMENT_3D('',#12093,#8975,#8976);
#7531=AXIS2_PLACEMENT_3D('',#12094,#8977,#8978);
#7532=AXIS2_PLACEMENT_3D('',#12100,#8982,#8983);
#7533=AXIS2_PLACEMENT_3D('',#12101,#8984,#8985);
#7534=AXIS2_PLACEMENT_3D('',#12105,#8987,#8988);
#7535=AXIS2_PLACEMENT_3D('',#12106,#8989,#8990);
#7536=AXIS2_PLACEMENT_3D('',#12112,#8994,#8995);
#7537=AXIS2_PLACEMENT_3D('',#12113,#8996,#8997);
#7538=AXIS2_PLACEMENT_3D('',#12118,#8999,#9000);
#7539=AXIS2_PLACEMENT_3D('',#12121,#9002,#9003);
#7540=AXIS2_PLACEMENT_3D('',#12127,#9007,#9008);
#7541=AXIS2_PLACEMENT_3D('',#12128,#9009,#9010);
#7542=AXIS2_PLACEMENT_3D('',#12129,#9011,#9012);
#7543=AXIS2_PLACEMENT_3D('',#12130,#9013,#9014);
#7544=AXIS2_PLACEMENT_3D('',#12131,#9015,#9016);
#7545=AXIS2_PLACEMENT_3D('',#12132,#9017,#9018);
#7546=AXIS2_PLACEMENT_3D('',#12133,#9019,#9020);
#7547=AXIS2_PLACEMENT_3D('',#12134,#9021,#9022);
#7548=AXIS2_PLACEMENT_3D('',#12135,#9023,#9024);
#7549=AXIS2_PLACEMENT_3D('',#12136,#9025,#9026);
#7550=AXIS2_PLACEMENT_3D('',#12137,#9027,#9028);
#7551=AXIS2_PLACEMENT_3D('',#12142,#9030,#9031);
#7552=AXIS2_PLACEMENT_3D('',#12145,#9033,#9034);
#7553=AXIS2_PLACEMENT_3D('',#12151,#9038,#9039);
#7554=AXIS2_PLACEMENT_3D('',#12157,#9043,#9044);
#7555=AXIS2_PLACEMENT_3D('',#12160,#9047,#9048);
#7556=AXIS2_PLACEMENT_3D('',#12161,#9049,#9050);
#7557=AXIS2_PLACEMENT_3D('',#12162,#9051,#9052);
#7558=AXIS2_PLACEMENT_3D('',#12163,#9053,#9054);
#7559=AXIS2_PLACEMENT_3D('',#12164,#9055,#9056);
#7560=AXIS2_PLACEMENT_3D('',#12169,#9058,#9059);
#7561=AXIS2_PLACEMENT_3D('',#12172,#9061,#9062);
#7562=AXIS2_PLACEMENT_3D('',#12178,#9066,#9067);
#7563=AXIS2_PLACEMENT_3D('',#12184,#9071,#9072);
#7564=AXIS2_PLACEMENT_3D('',#12190,#9076,#9077);
#7565=AXIS2_PLACEMENT_3D('',#12193,#9080,#9081);
#7566=AXIS2_PLACEMENT_3D('',#12194,#9082,#9083);
#7567=AXIS2_PLACEMENT_3D('',#12195,#9084,#9085);
#7568=AXIS2_PLACEMENT_3D('',#12196,#9086,#9087);
#7569=AXIS2_PLACEMENT_3D('',#12200,#9089,#9090);
#7570=AXIS2_PLACEMENT_3D('',#12204,#9092,#9093);
#7571=AXIS2_PLACEMENT_3D('',#12205,#9094,#9095);
#7572=AXIS2_PLACEMENT_3D('',#12220,#9098,#9099);
#7573=AXIS2_PLACEMENT_3D('',#12221,#9100,#9101);
#7574=AXIS2_PLACEMENT_3D('',#12222,#9102,#9103);
#7575=AXIS2_PLACEMENT_3D('',#12223,#9104,#9105);
#7576=AXIS2_PLACEMENT_3D('',#12224,#9106,#9107);
#7577=AXIS2_PLACEMENT_3D('',#12225,#9108,#9109);
#7578=AXIS2_PLACEMENT_3D('',#12234,#9114,#9115);
#7579=AXIS2_PLACEMENT_3D('',#12235,#9116,#9117);
#7580=AXIS2_PLACEMENT_3D('',#12239,#9119,#9120);
#7581=AXIS2_PLACEMENT_3D('',#12240,#9121,#9122);
#7582=AXIS2_PLACEMENT_3D('',#12243,#9125,#9126);
#7583=AXIS2_PLACEMENT_3D('',#12244,#9127,#9128);
#7584=AXIS2_PLACEMENT_3D('',#12245,#9129,#9130);
#7585=AXIS2_PLACEMENT_3D('',#12246,#9131,#9132);
#7586=AXIS2_PLACEMENT_3D('',#12362,#9138,#9139);
#7587=AXIS2_PLACEMENT_3D('',#12382,#9143,#9144);
#7588=AXIS2_PLACEMENT_3D('',#12383,#9145,#9146);
#7589=AXIS2_PLACEMENT_3D('',#12384,#9147,#9148);
#7590=AXIS2_PLACEMENT_3D('',#12385,#9149,#9150);
#7591=AXIS2_PLACEMENT_3D('',#12389,#9152,#9153);
#7592=AXIS2_PLACEMENT_3D('',#12393,#9155,#9156);
#7593=AXIS2_PLACEMENT_3D('',#12394,#9157,#9158);
#7594=AXIS2_PLACEMENT_3D('',#12409,#9161,#9162);
#7595=AXIS2_PLACEMENT_3D('',#12410,#9163,#9164);
#7596=AXIS2_PLACEMENT_3D('',#12411,#9165,#9166);
#7597=AXIS2_PLACEMENT_3D('',#12412,#9167,#9168);
#7598=AXIS2_PLACEMENT_3D('',#12413,#9169,#9170);
#7599=AXIS2_PLACEMENT_3D('',#12414,#9171,#9172);
#7600=AXIS2_PLACEMENT_3D('',#12415,#9173,#9174);
#7601=AXIS2_PLACEMENT_3D('',#12417,#9175,#9176);
#7602=AXIS2_PLACEMENT_3D('',#12419,#9177,#9178);
#7603=AXIS2_PLACEMENT_3D('',#12420,#9179,#9180);
#7604=AXIS2_PLACEMENT_3D('',#12421,#9181,#9182);
#7605=AXIS2_PLACEMENT_3D('',#12422,#9183,#9184);
#7606=AXIS2_PLACEMENT_3D('',#12431,#9189,#9190);
#7607=AXIS2_PLACEMENT_3D('',#12432,#9191,#9192);
#7608=AXIS2_PLACEMENT_3D('',#12434,#9193,#9194);
#7609=AXIS2_PLACEMENT_3D('',#12437,#9196,#9197);
#7610=AXIS2_PLACEMENT_3D('',#12443,#9201,#9202);
#7611=AXIS2_PLACEMENT_3D('',#12444,#9203,#9204);
#7612=AXIS2_PLACEMENT_3D('',#12445,#9205,#9206);
#7613=AXIS2_PLACEMENT_3D('',#12446,#9207,#9208);
#7614=AXIS2_PLACEMENT_3D('',#12447,#9209,#9210);
#7615=AXIS2_PLACEMENT_3D('',#12448,#9211,#9212);
#7616=AXIS2_PLACEMENT_3D('',#12449,#9213,#9214);
#7617=AXIS2_PLACEMENT_3D('',#12458,#9219,#9220);
#7618=AXIS2_PLACEMENT_3D('',#12464,#9224,#9225);
#7619=AXIS2_PLACEMENT_3D('',#12470,#9229,#9230);
#7620=AXIS2_PLACEMENT_3D('',#12473,#9233,#9234);
#7621=AXIS2_PLACEMENT_3D('',#12474,#9235,#9236);
#7622=DIRECTION('',(0.,0.,1.));
#7623=DIRECTION('',(1.,0.,0.));
#7624=DIRECTION('',(0.,0.,1.));
#7625=DIRECTION('',(0.,-1.,0.));
#7626=DIRECTION('',(0.,0.,1.));
#7627=DIRECTION('',(0.,-1.,0.));
#7628=DIRECTION('',(0.,0.,1.));
#7629=DIRECTION('',(0.,-1.,0.));
#7630=DIRECTION('',(0.,0.,1.));
#7631=DIRECTION('',(1.,0.,0.));
#7632=DIRECTION('',(0.,0.,1.));
#7633=DIRECTION('',(1.,0.,0.));
#7634=DIRECTION('',(0.,0.,1.));
#7635=DIRECTION('',(1.,0.,0.));
#7636=DIRECTION('',(-0.866661293388921,0.49889698590134,0.));
#7637=DIRECTION('',(0.49889698590134,0.866661293388921,0.));
#7638=DIRECTION('',(0.49889698590134,0.866661293388921,0.));
#7639=DIRECTION('',(0.,0.,-1.));
#7640=DIRECTION('',(0.49889698590134,0.866661293388921,0.));
#7641=DIRECTION('',(0.,0.,-1.));
#7642=DIRECTION('',(0.,1.,0.));
#7643=DIRECTION('',(1.,0.,0.));
#7644=DIRECTION('',(1.,0.,0.));
#7645=DIRECTION('',(0.,0.,-1.));
#7646=DIRECTION('',(1.,0.,0.));
#7647=DIRECTION('',(-0.866941836619786,0.498409321660734,0.));
#7648=DIRECTION('',(0.498409321660734,0.866941836619786,0.));
#7649=DIRECTION('',(0.498409321660734,0.866941836619786,0.));
#7650=DIRECTION('',(0.,0.,-1.));
#7651=DIRECTION('',(0.498409321660734,0.866941836619786,0.));
#7652=DIRECTION('',(0.,0.,-1.));
#7653=DIRECTION('',(0.,1.,0.));
#7654=DIRECTION('',(0.,0.,1.));
#7655=DIRECTION('',(0.,-1.,0.));
#7656=DIRECTION('',(0.,0.,-1.));
#7657=DIRECTION('',(0.,0.,1.));
#7658=DIRECTION('',(0.,-1.,0.));
#7659=DIRECTION('',(-0.866661293388921,0.498896985901341,0.));
#7660=DIRECTION('',(0.498896985901341,0.866661293388921,0.));
#7661=DIRECTION('',(0.498896985901341,0.866661293388921,0.));
#7662=DIRECTION('',(0.,0.,-1.));
#7663=DIRECTION('',(0.498896985901341,0.866661293388921,0.));
#7664=DIRECTION('',(0.,0.,-1.));
#7665=DIRECTION('',(0.,1.,0.));
#7666=DIRECTION('',(0.,0.,1.));
#7667=DIRECTION('',(0.,-1.,0.));
#7668=DIRECTION('',(0.,0.,-1.));
#7669=DIRECTION('',(0.,0.,1.));
#7670=DIRECTION('',(0.,-1.,0.));
#7671=DIRECTION('',(-0.866941836619786,0.498409321660734,0.));
#7672=DIRECTION('',(0.498409321660734,0.866941836619786,0.));
#7673=DIRECTION('',(0.498409321660734,0.866941836619786,0.));
#7674=DIRECTION('',(0.,0.,-1.));
#7675=DIRECTION('',(0.498409321660734,0.866941836619786,0.));
#7676=DIRECTION('',(0.,1.,0.));
#7677=DIRECTION('',(1.,0.,0.));
#7678=DIRECTION('',(1.,0.,0.));
#7679=DIRECTION('',(0.,0.,-1.));
#7680=DIRECTION('',(1.,0.,0.));
#7681=DIRECTION('',(0.,0.,1.));
#7682=DIRECTION('',(1.,0.,0.));
#7683=DIRECTION('',(0.,0.,1.));
#7684=DIRECTION('',(0.,-1.,0.));
#7685=DIRECTION('',(0.,0.,1.));
#7686=DIRECTION('',(1.,0.,0.));
#7687=DIRECTION('',(0.,0.,1.));
#7688=DIRECTION('',(0.,-1.,0.));
#7689=DIRECTION('',(0.,0.,1.));
#7690=DIRECTION('',(0.,-1.,0.));
#7691=DIRECTION('',(0.,0.,1.));
#7692=DIRECTION('',(1.,0.,0.));
#7693=DIRECTION('',(0.,0.,-1.));
#7694=DIRECTION('',(0.,0.,-1.));
#7695=DIRECTION('',(0.,0.,-1.));
#7696=DIRECTION('',(0.,1.,0.));
#7697=DIRECTION('',(0.,0.,1.));
#7698=DIRECTION('',(0.,-1.,0.));
#7699=DIRECTION('',(0.,0.,-1.));
#7700=DIRECTION('',(0.,0.,1.));
#7701=DIRECTION('',(0.,-1.,0.));
#7702=DIRECTION('',(0.,1.,0.));
#7703=DIRECTION('',(1.,0.,0.));
#7704=DIRECTION('',(1.,0.,0.));
#7705=DIRECTION('',(0.,0.,-1.));
#7706=DIRECTION('',(1.,0.,0.));
#7707=DIRECTION('',(0.,0.,-1.));
#7708=DIRECTION('',(0.,0.,-1.));
#7709=DIRECTION('',(0.,0.,-1.));
#7710=DIRECTION('',(0.,0.,-1.));
#7711=DIRECTION('',(0.,0.,-1.));
#7712=DIRECTION('',(0.,0.,1.));
#7713=DIRECTION('',(1.,0.,0.));
#7714=DIRECTION('',(0.,0.,1.));
#7715=DIRECTION('',(1.,0.,0.));
#7716=DIRECTION('',(0.,0.,1.));
#7717=DIRECTION('',(1.,0.,0.));
#7718=DIRECTION('',(-0.745937642912349,0.666015790268046,0.));
#7719=DIRECTION('',(0.666015790268046,0.745937642912349,0.));
#7720=DIRECTION('',(-0.666015790268046,-0.745937642912349,0.));
#7721=DIRECTION('',(0.,0.,1.));
#7722=DIRECTION('',(-0.666015790268046,-0.745937642912349,0.));
#7723=DIRECTION('',(0.,0.,1.));
#7724=DIRECTION('',(-0.52549316046001,-0.850797824579818,0.));
#7725=DIRECTION('',(-0.850797824579818,0.52549316046001,0.));
#7726=DIRECTION('',(0.850797824579818,-0.52549316046001,0.));
#7727=DIRECTION('',(0.850797824579818,-0.52549316046001,0.));
#7728=DIRECTION('',(0.,0.,1.));
#7729=DIRECTION('',(0.676509376382401,-0.736434018542527,0.));
#7730=DIRECTION('',(-0.736434018542527,-0.676509376382401,0.));
#7731=DIRECTION('',(0.736434018542527,0.676509376382401,0.));
#7732=DIRECTION('',(0.736434018542527,0.676509376382401,0.));
#7733=DIRECTION('',(0.,0.,1.));
#7734=DIRECTION('',(0.179555683232189,0.983747811493892,0.));
#7735=DIRECTION('',(0.983747811493892,-0.179555683232189,0.));
#7736=DIRECTION('',(-0.983747811493892,0.179555683232189,0.));
#7737=DIRECTION('',(-0.983747811493892,0.179555683232189,0.));
#7738=DIRECTION('',(0.,0.,1.));
#7739=DIRECTION('',(1.,0.,0.));
#7740=DIRECTION('',(0.,0.,1.));
#7741=DIRECTION('',(1.,0.,0.));
#7742=DIRECTION('',(0.,0.,1.));
#7743=DIRECTION('',(1.,0.,0.));
#7744=DIRECTION('',(0.,1.,0.));
#7745=DIRECTION('',(1.,0.,0.));
#7746=DIRECTION('',(1.,0.,0.));
#7747=DIRECTION('',(0.,0.,-1.));
#7748=DIRECTION('',(1.,0.,0.));
#7749=DIRECTION('',(0.,0.,-1.));
#7750=DIRECTION('',(0.,0.,-1.));
#7751=DIRECTION('',(0.,1.,0.));
#7752=DIRECTION('',(0.,0.,1.));
#7753=DIRECTION('',(0.,-1.,0.));
#7754=DIRECTION('',(0.,0.,-1.));
#7755=DIRECTION('',(0.,0.,1.));
#7756=DIRECTION('',(0.,-1.,0.));
#7757=DIRECTION('',(-0.86666129338892,0.498896985901342,0.));
#7758=DIRECTION('',(0.498896985901342,0.86666129338892,0.));
#7759=DIRECTION('',(0.498896985901342,0.86666129338892,0.));
#7760=DIRECTION('',(0.498896985901342,0.86666129338892,0.));
#7761=DIRECTION('',(0.,0.,1.));
#7762=DIRECTION('',(1.,0.,0.));
#7763=DIRECTION('',(0.,0.,1.));
#7764=DIRECTION('',(1.,0.,0.));
#7765=DIRECTION('',(0.,0.,1.));
#7766=DIRECTION('',(1.,0.,0.));
#7767=DIRECTION('',(0.,0.,-1.));
#7768=DIRECTION('',(0.,0.,-1.));
#7769=DIRECTION('',(0.,0.,-1.));
#7770=DIRECTION('',(0.,-1.,0.));
#7771=DIRECTION('',(-1.,0.,0.));
#7772=DIRECTION('',(-1.,0.,0.));
#7773=DIRECTION('',(0.,0.,-1.));
#7774=DIRECTION('',(-1.,0.,0.));
#7775=DIRECTION('',(0.,0.,-1.));
#7776=DIRECTION('',(-0.48368621792173,0.87524147673232,0.));
#7777=DIRECTION('',(0.87524147673232,0.48368621792173,0.));
#7778=DIRECTION('',(0.875241476732321,0.48368621792173,0.));
#7779=DIRECTION('',(0.,0.,-1.));
#7780=DIRECTION('',(0.875241476732321,0.48368621792173,0.));
#7781=DIRECTION('',(0.,0.,-1.));
#7782=DIRECTION('',(0.,0.,-1.));
#7783=DIRECTION('',(0.,0.,-1.));
#7784=DIRECTION('',(0.,0.,-1.));
#7785=DIRECTION('',(0.,0.,-1.));
#7786=DIRECTION('',(0.,0.,-1.));
#7787=DIRECTION('',(0.,0.,-1.));
#7788=DIRECTION('',(0.,0.,-1.));
#7789=DIRECTION('',(0.,0.,-1.));
#7790=DIRECTION('',(0.,0.,-1.));
#7791=DIRECTION('',(0.,0.,1.));
#7792=DIRECTION('',(1.,0.,0.));
#7793=DIRECTION('',(0.,0.,1.));
#7794=DIRECTION('',(1.,0.,0.));
#7795=DIRECTION('',(0.,0.,1.));
#7796=DIRECTION('',(1.,0.,0.));
#7797=DIRECTION('',(0.,0.,-1.));
#7798=DIRECTION('',(0.,1.,0.));
#7799=DIRECTION('',(0.,0.,1.));
#7800=DIRECTION('',(0.,-1.,0.));
#7801=DIRECTION('',(0.,0.,-1.));
#7802=DIRECTION('',(0.,0.,1.));
#7803=DIRECTION('',(0.,-1.,0.));
#7804=DIRECTION('',(0.,0.,-1.));
#7805=DIRECTION('',(0.,0.,1.));
#7806=DIRECTION('',(0.,-1.,0.));
#7807=DIRECTION('',(0.,0.,1.));
#7808=DIRECTION('',(1.,0.,0.));
#7809=DIRECTION('',(-1.,2.4357857289739E-17,0.));
#7810=DIRECTION('',(0.,0.,1.));
#7811=DIRECTION('',(0.,-1.,0.));
#7812=DIRECTION('',(0.,0.,1.));
#7813=DIRECTION('',(0.,-1.,0.));
#7814=DIRECTION('',(0.,0.,1.));
#7815=DIRECTION('',(0.,-1.,0.));
#7816=DIRECTION('',(0.,0.,1.));
#7817=DIRECTION('',(1.,0.,0.));
#7818=DIRECTION('',(-2.4357857289739E-17,-1.,0.));
#7819=DIRECTION('',(-1.,2.4357857289739E-17,0.));
#7820=DIRECTION('',(-1.,2.4357857289739E-17,0.));
#7821=DIRECTION('',(0.,0.,-1.));
#7822=DIRECTION('',(0.,0.,-1.));
#7823=DIRECTION('',(0.,0.,1.));
#7824=DIRECTION('',(1.,0.,0.));
#7825=DIRECTION('',(0.,0.,1.));
#7826=DIRECTION('',(0.,-1.,0.));
#7827=DIRECTION('',(0.,0.,1.));
#7828=DIRECTION('',(0.,-1.,0.));
#7829=DIRECTION('',(0.,0.,-1.));
#7830=DIRECTION('',(0.,1.,0.));
#7831=DIRECTION('',(0.,0.,-1.));
#7832=DIRECTION('',(0.,1.,0.));
#7833=DIRECTION('',(0.,0.,1.));
#7834=DIRECTION('',(0.,-1.,0.));
#7835=DIRECTION('',(0.,0.,1.));
#7836=DIRECTION('',(1.,0.,0.));
#7837=DIRECTION('',(0.,0.,1.));
#7838=DIRECTION('',(0.,-1.,0.));
#7839=DIRECTION('',(0.,0.,1.));
#7840=DIRECTION('',(0.,-1.,0.));
#7841=DIRECTION('',(0.,0.,1.));
#7842=DIRECTION('',(0.,0.,1.));
#7843=DIRECTION('',(0.,-1.,0.));
#7844=DIRECTION('',(0.,0.,1.));
#7845=DIRECTION('',(0.,0.,1.));
#7846=DIRECTION('',(0.,-1.,0.));
#7847=DIRECTION('',(0.,0.,1.));
#7848=DIRECTION('',(0.,-1.,0.));
#7849=DIRECTION('',(0.,0.,1.));
#7850=DIRECTION('',(0.,-1.,0.));
#7851=DIRECTION('',(0.,0.,1.));
#7852=DIRECTION('',(0.,0.,1.));
#7853=DIRECTION('',(0.,-1.,0.));
#7854=DIRECTION('',(0.,0.,1.));
#7855=DIRECTION('',(0.,-1.,0.));
#7856=DIRECTION('',(0.,0.,1.));
#7857=DIRECTION('',(0.,-1.,0.));
#7858=DIRECTION('',(0.,0.,1.));
#7859=DIRECTION('',(0.,0.,1.));
#7860=DIRECTION('',(0.,-1.,0.));
#7861=DIRECTION('',(0.,0.,1.));
#7862=DIRECTION('',(0.,-1.,0.));
#7863=DIRECTION('',(0.,0.,1.));
#7864=DIRECTION('',(0.,-1.,0.));
#7865=DIRECTION('',(0.,0.,1.));
#7866=DIRECTION('',(1.,0.,0.));
#7867=DIRECTION('',(0.,0.,1.));
#7868=DIRECTION('',(1.,0.,0.));
#7869=DIRECTION('',(0.,0.,1.));
#7870=DIRECTION('',(1.,0.,0.));
#7871=DIRECTION('',(0.,0.,1.));
#7872=DIRECTION('',(1.,0.,0.));
#7873=DIRECTION('',(1.,-4.71767442960102E-17,0.));
#7874=DIRECTION('',(0.,0.,1.));
#7875=DIRECTION('',(0.,-1.,0.));
#7876=DIRECTION('',(0.,0.,1.));
#7877=DIRECTION('',(0.,-1.,0.));
#7878=DIRECTION('',(0.,0.,1.));
#7879=DIRECTION('',(0.,-1.,0.));
#7880=DIRECTION('',(0.,0.,-1.));
#7881=DIRECTION('',(0.,1.,0.));
#7882=DIRECTION('',(0.,0.,1.));
#7883=DIRECTION('',(0.,-1.,0.));
#7884=DIRECTION('',(0.,0.,-1.));
#7885=DIRECTION('',(0.,0.,1.));
#7886=DIRECTION('',(0.,-1.,0.));
#7887=DIRECTION('',(0.,0.,-1.));
#7888=DIRECTION('',(0.,0.,1.));
#7889=DIRECTION('',(0.,-1.,0.));
#7890=DIRECTION('',(0.,0.,1.));
#7891=DIRECTION('',(1.,0.,0.));
#7892=DIRECTION('',(4.71767442960102E-17,1.,0.));
#7893=DIRECTION('',(1.,-4.71767442960102E-17,0.));
#7894=DIRECTION('',(1.,-4.71767442960102E-17,0.));
#7895=DIRECTION('',(0.,0.,1.));
#7896=DIRECTION('',(0.,0.,1.));
#7897=DIRECTION('',(0.,0.,1.));
#7898=DIRECTION('',(1.,0.,0.));
#7899=DIRECTION('',(0.,0.,1.));
#7900=DIRECTION('',(0.,-1.,0.));
#7901=DIRECTION('',(0.,0.,1.));
#7902=DIRECTION('',(0.,-1.,0.));
#7903=DIRECTION('',(0.,0.,-1.));
#7904=DIRECTION('',(0.,1.,0.));
#7905=DIRECTION('',(0.,0.,-1.));
#7906=DIRECTION('',(0.,1.,0.));
#7907=DIRECTION('',(0.,0.,1.));
#7908=DIRECTION('',(0.,-1.,0.));
#7909=DIRECTION('',(0.,0.,1.));
#7910=DIRECTION('',(1.,0.,0.));
#7911=DIRECTION('',(0.,0.,-1.));
#7912=DIRECTION('',(0.,1.,0.));
#7913=DIRECTION('',(0.,0.,1.));
#7914=DIRECTION('',(0.,-1.,0.));
#7915=DIRECTION('',(0.,0.,-1.));
#7916=DIRECTION('',(0.,0.,1.));
#7917=DIRECTION('',(0.,-1.,0.));
#7918=DIRECTION('',(0.,0.,-1.));
#7919=DIRECTION('',(-0.866661293388921,0.498896985901341,0.));
#7920=DIRECTION('',(0.498896985901341,0.866661293388921,0.));
#7921=DIRECTION('',(0.498896985901341,0.866661293388921,0.));
#7922=DIRECTION('',(0.,0.,-1.));
#7923=DIRECTION('',(0.498896985901341,0.866661293388921,0.));
#7924=DIRECTION('',(0.,0.,-1.));
#7925=DIRECTION('',(0.,1.,0.));
#7926=DIRECTION('',(0.,0.,1.));
#7927=DIRECTION('',(0.,-1.,0.));
#7928=DIRECTION('',(0.,0.,-1.));
#7929=DIRECTION('',(0.,0.,1.));
#7930=DIRECTION('',(0.,-1.,0.));
#7931=DIRECTION('',(0.,1.,0.));
#7932=DIRECTION('',(1.,0.,0.));
#7933=DIRECTION('',(1.,0.,0.));
#7934=DIRECTION('',(1.,0.,0.));
#7935=DIRECTION('',(0.,0.,1.));
#7936=DIRECTION('',(1.,0.,0.));
#7937=DIRECTION('',(0.,0.,1.));
#7938=DIRECTION('',(1.,0.,0.));
#7939=DIRECTION('',(0.,0.,1.));
#7940=DIRECTION('',(1.,0.,0.));
#7941=DIRECTION('',(0.,1.,0.));
#7942=DIRECTION('',(1.,0.,0.));
#7943=DIRECTION('',(1.,0.,0.));
#7944=DIRECTION('',(0.,0.,-1.));
#7945=DIRECTION('',(1.,0.,0.));
#7946=DIRECTION('',(0.,0.,-1.));
#7947=DIRECTION('',(-0.866661293388921,0.498896985901341,0.));
#7948=DIRECTION('',(0.498896985901341,0.866661293388921,0.));
#7949=DIRECTION('',(0.498896985901341,0.866661293388921,0.));
#7950=DIRECTION('',(0.,0.,-1.));
#7951=DIRECTION('',(0.498896985901341,0.866661293388921,0.));
#7952=DIRECTION('',(0.,0.,-1.));
#7953=DIRECTION('',(0.,1.,0.));
#7954=DIRECTION('',(0.,0.,1.));
#7955=DIRECTION('',(0.,-1.,0.));
#7956=DIRECTION('',(0.,0.,-1.));
#7957=DIRECTION('',(0.,0.,1.));
#7958=DIRECTION('',(0.,-1.,0.));
#7959=DIRECTION('',(-0.866941836619786,0.498409321660734,0.));
#7960=DIRECTION('',(0.498409321660734,0.866941836619786,0.));
#7961=DIRECTION('',(0.498409321660734,0.866941836619786,0.));
#7962=DIRECTION('',(0.498409321660734,0.866941836619786,0.));
#7963=DIRECTION('',(0.,0.,1.));
#7964=DIRECTION('',(1.,0.,0.));
#7965=DIRECTION('',(0.,0.,1.));
#7966=DIRECTION('',(1.,0.,0.));
#7967=DIRECTION('',(0.,0.,1.));
#7968=DIRECTION('',(1.,0.,0.));
#7969=DIRECTION('',(-2.4357857289739E-17,-1.,0.));
#7970=DIRECTION('',(-1.,2.4357857289739E-17,0.));
#7971=DIRECTION('',(-1.,2.4357857289739E-17,0.));
#7972=DIRECTION('',(0.,0.,-1.));
#7973=DIRECTION('',(-1.,2.4357857289739E-17,0.));
#7974=DIRECTION('',(0.,0.,-1.));
#7975=DIRECTION('',(0.,0.,-1.));
#7976=DIRECTION('',(0.,1.,0.));
#7977=DIRECTION('',(0.,0.,1.));
#7978=DIRECTION('',(0.,-1.,0.));
#7979=DIRECTION('',(0.,0.,1.));
#7980=DIRECTION('',(0.,-1.,0.));
#7981=DIRECTION('',(0.,0.,1.));
#7982=DIRECTION('',(1.,0.,0.));
#7983=DIRECTION('',(0.,0.,1.));
#7984=DIRECTION('',(0.,-1.,0.));
#7985=DIRECTION('',(0.,0.,1.));
#7986=DIRECTION('',(1.,0.,0.));
#7987=DIRECTION('',(0.,0.,1.));
#7988=DIRECTION('',(0.,-1.,0.));
#7989=DIRECTION('',(0.,0.,1.));
#7990=DIRECTION('',(1.,0.,0.));
#7991=DIRECTION('',(0.,0.,1.));
#7992=DIRECTION('',(1.,0.,0.));
#7993=DIRECTION('',(-1.98254111540206E-16,1.,0.));
#7994=DIRECTION('',(-1.,-9.50166845106583E-17,0.));
#7995=DIRECTION('',(-3.96508223080414E-16,1.,0.));
#7996=DIRECTION('',(-1.,-1.26688912680878E-16,0.));
#7997=DIRECTION('',(-1.,0.,0.));
#7998=DIRECTION('',(-0.327054115890723,0.945005611242038,0.));
#7999=DIRECTION('',(-0.329984761804029,-0.943986258892119,0.));
#8000=DIRECTION('',(-1.,0.,0.));
#8001=DIRECTION('',(0.330715938967003,0.943730346928175,0.));
#8002=DIRECTION('',(1.,0.,0.));
#8003=DIRECTION('',(0.328520624941273,-0.944496796706159,0.));
#8004=DIRECTION('',(-1.,0.,0.));
#8005=DIRECTION('',(0.,1.,0.));
#8006=DIRECTION('',(1.,0.,0.));
#8007=DIRECTION('',(0.,-1.,0.));
#8008=DIRECTION('',(-1.,0.,0.));
#8009=DIRECTION('',(0.,-1.,0.));
#8010=DIRECTION('',(0.,0.,1.));
#8011=DIRECTION('',(1.,0.,0.));
#8012=DIRECTION('',(0.,0.,1.));
#8013=DIRECTION('',(1.,0.,0.));
#8014=DIRECTION('',(0.,-1.,0.));
#8015=DIRECTION('',(1.,0.,0.));
#8016=DIRECTION('',(0.,0.,1.));
#8017=DIRECTION('',(1.,0.,0.));
#8018=DIRECTION('',(0.,0.,1.));
#8019=DIRECTION('',(1.,0.,0.));
#8020=DIRECTION('',(-1.,0.,0.));
#8021=DIRECTION('',(0.,0.,1.));
#8022=DIRECTION('',(1.,0.,0.));
#8023=DIRECTION('',(0.,0.,1.));
#8024=DIRECTION('',(1.,0.,0.));
#8025=DIRECTION('',(1.,0.,0.));
#8026=DIRECTION('',(0.,1.,0.));
#8027=DIRECTION('',(0.,0.,1.));
#8028=DIRECTION('',(1.,0.,0.));
#8029=DIRECTION('',(0.,0.,1.));
#8030=DIRECTION('',(1.,0.,0.));
#8031=DIRECTION('',(0.,1.,0.));
#8032=DIRECTION('',(-1.,0.,0.));
#8033=DIRECTION('',(0.,-1.,0.));
#8034=DIRECTION('',(-1.,0.,0.));
#8035=DIRECTION('',(0.,1.,0.));
#8036=DIRECTION('',(-1.,0.,0.));
#8037=DIRECTION('',(0.,1.,0.));
#8038=DIRECTION('',(1.,0.,0.));
#8039=DIRECTION('',(0.,-1.,0.));
#8040=DIRECTION('',(1.,0.,0.));
#8041=DIRECTION('',(0.,-1.,0.));
#8042=DIRECTION('',(-1.,0.,0.));
#8043=DIRECTION('',(-0.494420378153918,0.869222922883501,0.));
#8044=DIRECTION('',(0.,1.,0.));
#8045=DIRECTION('',(0.493462337455642,-0.869767165115363,0.));
#8046=DIRECTION('',(0.,1.,0.));
#8047=DIRECTION('',(0.,-1.,0.));
#8048=DIRECTION('',(-1.,0.,0.));
#8049=DIRECTION('',(0.,1.,0.));
#8050=DIRECTION('',(1.,0.,0.));
#8051=DIRECTION('',(0.,-1.,0.));
#8052=DIRECTION('',(-1.,0.,0.));
#8053=DIRECTION('',(0.,1.,0.));
#8054=DIRECTION('',(1.,0.,0.));
#8055=DIRECTION('',(1.,0.,0.));
#8056=DIRECTION('',(0.,-1.,0.));
#8057=DIRECTION('',(-1.,0.,0.));
#8058=DIRECTION('',(-0.494420378153918,0.869222922883501,0.));
#8059=DIRECTION('',(0.,1.,0.));
#8060=DIRECTION('',(0.493462337455642,-0.869767165115363,0.));
#8061=DIRECTION('',(0.,1.,0.));
#8062=DIRECTION('',(1.,0.,0.));
#8063=DIRECTION('',(0.,-1.,0.));
#8064=DIRECTION('',(-1.,0.,0.));
#8065=DIRECTION('',(0.,1.,0.));
#8066=DIRECTION('',(0.,-1.,0.));
#8067=DIRECTION('',(-1.,0.,0.));
#8068=DIRECTION('',(0.,1.,0.));
#8069=DIRECTION('',(-0.373199863388556,-0.927750969801036,0.));
#8070=DIRECTION('',(-1.,0.,0.));
#8071=DIRECTION('',(0.,1.,0.));
#8072=DIRECTION('',(0.397715622299734,0.917508737712473,0.));
#8073=DIRECTION('',(1.,0.,0.));
#8074=DIRECTION('',(0.,-1.,0.));
#8075=DIRECTION('',(-1.,0.,0.));
#8076=DIRECTION('',(0.,1.,0.));
#8077=DIRECTION('',(1.,0.,0.));
#8078=DIRECTION('',(0.398973765574323,-0.916962340766209,0.));
#8079=DIRECTION('',(0.,-1.,0.));
#8080=DIRECTION('',(-1.,0.,0.));
#8081=DIRECTION('',(-0.375066966246849,0.926997718891683,0.));
#8082=DIRECTION('',(-1.,0.,0.));
#8083=DIRECTION('',(0.,1.,0.));
#8084=DIRECTION('',(1.,0.,0.));
#8085=DIRECTION('',(0.,0.,1.));
#8086=DIRECTION('',(1.,0.,0.));
#8087=DIRECTION('',(-1.,0.,0.));
#8088=DIRECTION('',(0.,1.,0.));
#8089=DIRECTION('',(1.,0.,0.));
#8090=DIRECTION('',(0.,0.,1.));
#8091=DIRECTION('',(1.,0.,0.));
#8092=DIRECTION('',(0.,0.,1.));
#8093=DIRECTION('',(1.,0.,0.));
#8094=DIRECTION('',(1.,0.,0.));
#8095=DIRECTION('',(0.336218720762067,-0.941783930532433,0.));
#8096=DIRECTION('',(-1.,0.,0.));
#8097=DIRECTION('',(0.326277963269673,0.945273870729851,0.));
#8098=DIRECTION('',(0.,-1.,0.));
#8099=DIRECTION('',(-1.,0.,0.));
#8100=DIRECTION('',(0.,1.,0.));
#8101=DIRECTION('',(1.,0.,0.));
#8102=DIRECTION('',(0.,0.,1.));
#8103=DIRECTION('',(1.,0.,0.));
#8104=DIRECTION('',(-1.,0.,0.));
#8105=DIRECTION('',(0.,1.,0.));
#8106=DIRECTION('',(1.,0.,0.));
#8107=DIRECTION('',(-1.,0.,0.));
#8108=DIRECTION('',(0.,1.,0.));
#8109=DIRECTION('',(1.,0.,0.));
#8110=DIRECTION('',(0.,0.,1.));
#8111=DIRECTION('',(1.,0.,0.));
#8112=DIRECTION('',(0.,0.,1.));
#8113=DIRECTION('',(1.,0.,0.));
#8114=DIRECTION('',(0.,0.,1.));
#8115=DIRECTION('',(1.,0.,0.));
#8116=DIRECTION('',(0.,0.,1.));
#8117=DIRECTION('',(1.,0.,0.));
#8118=DIRECTION('',(-1.,0.,0.));
#8119=DIRECTION('',(0.,1.,0.));
#8120=DIRECTION('',(1.,0.,0.));
#8121=DIRECTION('',(0.,0.,1.));
#8122=DIRECTION('',(1.,0.,0.));
#8123=DIRECTION('',(0.,0.,1.));
#8124=DIRECTION('',(1.,0.,0.));
#8125=DIRECTION('',(0.,0.,1.));
#8126=DIRECTION('',(1.,0.,0.));
#8127=DIRECTION('',(0.,0.,1.));
#8128=DIRECTION('',(1.,0.,0.));
#8129=DIRECTION('',(0.,0.,1.));
#8130=DIRECTION('',(1.,0.,0.));
#8131=DIRECTION('',(-3.96508223080414E-16,1.,0.));
#8132=DIRECTION('',(1.,9.50166845106583E-17,0.));
#8133=DIRECTION('',(1.98254111540206E-16,-1.,0.));
#8134=DIRECTION('',(-1.,-1.26688912680878E-16,0.));
#8135=DIRECTION('',(1.98254111540206E-16,-1.,0.));
#8136=DIRECTION('',(-1.,-1.98254111540206E-16,0.));
#8137=DIRECTION('',(0.707106781186548,-0.707106781186547,0.));
#8138=DIRECTION('',(0.707106781186548,0.707106781186548,0.));
#8139=DIRECTION('',(-0.707106781186547,-0.707106781186548,0.));
#8140=DIRECTION('',(-0.707106781186548,0.707106781186547,0.));
#8141=DIRECTION('',(-1.,-1.26688912680878E-16,0.));
#8142=DIRECTION('',(-1.26688912680878E-16,1.,0.));
#8143=DIRECTION('',(-0.707106781186548,0.707106781186547,0.));
#8144=DIRECTION('',(-0.707106781186547,-0.707106781186548,0.));
#8145=DIRECTION('',(1.,9.50166845106583E-17,0.));
#8146=DIRECTION('',(9.50166845106583E-17,-1.,0.));
#8147=DIRECTION('',(0.707106781186547,0.707106781186548,0.));
#8148=DIRECTION('',(0.707106781186548,-0.707106781186547,0.));
#8149=DIRECTION('',(-3.96508223080414E-16,1.,0.));
#8150=DIRECTION('',(1.,3.96508223080414E-16,0.));
#8151=DIRECTION('',(0.945005611242038,0.327054115890723,0.));
#8152=DIRECTION('',(0.327054115890723,-0.945005611242038,0.));
#8153=DIRECTION('',(0.,0.,1.));
#8154=DIRECTION('',(-0.327054115890723,0.945005611242038,0.));
#8155=DIRECTION('',(0.,0.,1.));
#8156=DIRECTION('',(0.,1.,0.));
#8157=DIRECTION('',(1.,0.,0.));
#8158=DIRECTION('',(0.,0.,1.));
#8159=DIRECTION('',(-1.,0.,0.));
#8160=DIRECTION('',(-0.944496796706159,-0.328520624941273,0.));
#8161=DIRECTION('',(-0.328520624941273,0.944496796706159,0.));
#8162=DIRECTION('',(0.,0.,1.));
#8163=DIRECTION('',(0.328520624941273,-0.944496796706159,0.));
#8164=DIRECTION('',(0.,-1.,0.));
#8165=DIRECTION('',(-1.,0.,0.));
#8166=DIRECTION('',(0.,0.,1.));
#8167=DIRECTION('',(1.,0.,0.));
#8168=DIRECTION('',(0.943730346928175,-0.330715938967003,0.));
#8169=DIRECTION('',(-0.330715938967003,-0.943730346928175,0.));
#8170=DIRECTION('',(0.,0.,1.));
#8171=DIRECTION('',(0.330715938967003,0.943730346928175,0.));
#8172=DIRECTION('',(0.,1.,0.));
#8173=DIRECTION('',(1.,0.,0.));
#8174=DIRECTION('',(0.,0.,1.));
#8175=DIRECTION('',(-1.,0.,0.));
#8176=DIRECTION('',(-0.943986258892119,0.329984761804029,0.));
#8177=DIRECTION('',(0.329984761804029,0.943986258892119,0.));
#8178=DIRECTION('',(-0.329984761804029,-0.943986258892119,0.));
#8179=DIRECTION('',(0.,0.,1.));
#8180=DIRECTION('',(1.,0.,0.));
#8181=DIRECTION('',(1.,0.,0.));
#8182=DIRECTION('',(0.,-1.,0.));
#8183=DIRECTION('',(0.,0.,1.));
#8184=DIRECTION('',(0.,1.,0.));
#8185=DIRECTION('',(0.,0.,1.));
#8186=DIRECTION('',(0.,1.,0.));
#8187=DIRECTION('',(1.,0.,0.));
#8188=DIRECTION('',(0.,0.,1.));
#8189=DIRECTION('',(-1.,0.,0.));
#8190=DIRECTION('',(-1.,0.,0.));
#8191=DIRECTION('',(0.,1.,0.));
#8192=DIRECTION('',(0.,0.,1.));
#8193=DIRECTION('',(0.,-1.,0.));
#8194=DIRECTION('',(0.,-1.,0.));
#8195=DIRECTION('',(-1.,0.,0.));
#8196=DIRECTION('',(1.,0.,0.));
#8197=DIRECTION('',(0.,0.,1.));
#8198=DIRECTION('',(1.,0.,0.));
#8199=DIRECTION('',(-1.,0.,0.));
#8200=DIRECTION('',(0.,1.,0.));
#8201=DIRECTION('',(0.,0.,1.));
#8202=DIRECTION('',(0.,-1.,0.));
#8203=DIRECTION('',(0.,0.,1.));
#8204=DIRECTION('',(0.,1.,0.));
#8205=DIRECTION('',(1.,0.,0.));
#8206=DIRECTION('',(0.,0.,1.));
#8207=DIRECTION('',(-1.,0.,0.));
#8208=DIRECTION('',(0.,0.,1.));
#8209=DIRECTION('',(-0.352795766725912,0.935700351063457,0.));
#8210=DIRECTION('',(0.,0.,1.));
#8211=DIRECTION('',(0.,0.,1.));
#8212=DIRECTION('',(1.,0.,0.));
#8213=DIRECTION('',(0.,0.,1.));
#8214=DIRECTION('',(0.,0.,1.));
#8215=DIRECTION('',(0.,0.,1.));
#8216=DIRECTION('',(0.,0.,1.));
#8217=DIRECTION('',(0.,0.,1.));
#8218=DIRECTION('',(0.,0.,1.));
#8219=DIRECTION('',(0.,0.,1.));
#8220=DIRECTION('',(-0.312324444268307,-0.949975495216847,0.));
#8221=DIRECTION('',(0.,0.,1.));
#8222=DIRECTION('',(0.,0.,1.));
#8223=DIRECTION('',(1.,0.,0.));
#8224=DIRECTION('',(0.,-1.,0.));
#8225=DIRECTION('',(-1.,0.,0.));
#8226=DIRECTION('',(0.,0.,1.));
#8227=DIRECTION('',(1.,0.,0.));
#8228=DIRECTION('',(-1.,0.,0.));
#8229=DIRECTION('',(0.,1.,0.));
#8230=DIRECTION('',(0.,0.,1.));
#8231=DIRECTION('',(0.,-1.,0.));
#8232=DIRECTION('',(0.,0.,1.));
#8233=DIRECTION('',(-0.306452352108821,-0.951885999417457,0.));
#8234=DIRECTION('',(0.,0.,1.));
#8235=DIRECTION('',(0.,0.,1.));
#8236=DIRECTION('',(1.,0.,0.));
#8237=DIRECTION('',(0.,0.,1.));
#8238=DIRECTION('',(0.,0.,1.));
#8239=DIRECTION('',(0.,0.,1.));
#8240=DIRECTION('',(0.,0.,1.));
#8241=DIRECTION('',(0.,0.,1.));
#8242=DIRECTION('',(0.,0.,1.));
#8243=DIRECTION('',(0.,0.,1.));
#8244=DIRECTION('',(-0.31129434714918,0.950313542696812,0.));
#8245=DIRECTION('',(0.,0.,1.));
#8246=DIRECTION('',(1.,0.,0.));
#8247=DIRECTION('',(0.,0.,1.));
#8248=DIRECTION('',(1.,0.,0.));
#8249=DIRECTION('',(0.,0.,1.));
#8250=DIRECTION('',(0.359977511829362,0.93296098041512,0.));
#8251=DIRECTION('',(0.,0.,1.));
#8252=DIRECTION('',(0.,0.,1.));
#8253=DIRECTION('',(1.,0.,0.));
#8254=DIRECTION('',(0.,0.,1.));
#8255=DIRECTION('',(0.,1.,0.));
#8256=DIRECTION('',(1.,0.,0.));
#8257=DIRECTION('',(0.,0.,1.));
#8258=DIRECTION('',(-1.,0.,0.));
#8259=DIRECTION('',(1.,0.,0.));
#8260=DIRECTION('',(0.,-1.,0.));
#8261=DIRECTION('',(0.,0.,1.));
#8262=DIRECTION('',(0.,1.,0.));
#8263=DIRECTION('',(0.,0.,1.));
#8264=DIRECTION('',(0.306452352108875,0.95188599941744,0.));
#8265=DIRECTION('',(0.,0.,1.));
#8266=DIRECTION('',(0.,0.,1.));
#8267=DIRECTION('',(1.,0.,0.));
#8268=DIRECTION('',(0.,0.,1.));
#8269=DIRECTION('',(0.,0.,1.));
#8270=DIRECTION('',(0.,0.,1.));
#8271=DIRECTION('',(0.,0.,1.));
#8272=DIRECTION('',(0.,0.,1.));
#8273=DIRECTION('',(0.,0.,1.));
#8274=DIRECTION('',(0.,0.,1.));
#8275=DIRECTION('',(0.316916029110352,-0.948453599546613,0.));
#8276=DIRECTION('',(0.,0.,1.));
#8277=DIRECTION('',(0.,0.,1.));
#8278=DIRECTION('',(1.,0.,0.));
#8279=DIRECTION('',(1.,0.,0.));
#8280=DIRECTION('',(0.,-1.,0.));
#8281=DIRECTION('',(0.,0.,1.));
#8282=DIRECTION('',(0.,1.,0.));
#8283=DIRECTION('',(0.,-1.,0.));
#8284=DIRECTION('',(-1.,0.,0.));
#8285=DIRECTION('',(0.,0.,1.));
#8286=DIRECTION('',(1.,0.,0.));
#8287=DIRECTION('',(0.,0.,1.));
#8288=DIRECTION('',(0.314425028423804,-0.949282308642002,0.));
#8289=DIRECTION('',(0.,0.,1.));
#8290=DIRECTION('',(0.,0.,1.));
#8291=DIRECTION('',(1.,0.,0.));
#8292=DIRECTION('',(0.,0.,1.));
#8293=DIRECTION('',(0.,0.,1.));
#8294=DIRECTION('',(0.,0.,1.));
#8295=DIRECTION('',(0.,0.,1.));
#8296=DIRECTION('',(0.,0.,1.));
#8297=DIRECTION('',(0.,0.,1.));
#8298=DIRECTION('',(1.,0.,0.));
#8299=DIRECTION('',(-1.,0.,0.));
#8300=DIRECTION('',(0.,1.,0.));
#8301=DIRECTION('',(0.,0.,1.));
#8302=DIRECTION('',(0.,-1.,0.));
#8303=DIRECTION('',(0.,0.,1.));
#8304=DIRECTION('',(0.,1.,0.));
#8305=DIRECTION('',(1.,0.,0.));
#8306=DIRECTION('',(0.,0.,1.));
#8307=DIRECTION('',(-1.,0.,0.));
#8308=DIRECTION('',(-1.,0.,0.));
#8309=DIRECTION('',(0.,1.,0.));
#8310=DIRECTION('',(0.,0.,1.));
#8311=DIRECTION('',(0.,-1.,0.));
#8312=DIRECTION('',(0.,-1.,0.));
#8313=DIRECTION('',(-1.,0.,0.));
#8314=DIRECTION('',(0.,0.,1.));
#8315=DIRECTION('',(1.,0.,0.));
#8316=DIRECTION('',(1.,0.,0.));
#8317=DIRECTION('',(0.,-1.,0.));
#8318=DIRECTION('',(0.,0.,1.));
#8319=DIRECTION('',(0.,1.,0.));
#8320=DIRECTION('',(0.,1.,0.));
#8321=DIRECTION('',(1.,0.,0.));
#8322=DIRECTION('',(0.,0.,1.));
#8323=DIRECTION('',(-1.,0.,0.));
#8324=DIRECTION('',(1.,0.,0.));
#8325=DIRECTION('',(0.,-1.,0.));
#8326=DIRECTION('',(0.,0.,1.));
#8327=DIRECTION('',(0.,1.,0.));
#8328=DIRECTION('',(0.,1.,0.));
#8329=DIRECTION('',(1.,0.,0.));
#8330=DIRECTION('',(-1.,0.,0.));
#8331=DIRECTION('',(0.,0.,1.));
#8332=DIRECTION('',(1.,0.,0.));
#8333=DIRECTION('',(-1.,0.,0.));
#8334=DIRECTION('',(0.,1.,0.));
#8335=DIRECTION('',(0.,0.,1.));
#8336=DIRECTION('',(0.,-1.,0.));
#8337=DIRECTION('',(0.,0.,1.));
#8338=DIRECTION('',(0.,-1.,0.));
#8339=DIRECTION('',(-1.,0.,0.));
#8340=DIRECTION('',(0.,0.,1.));
#8341=DIRECTION('',(1.,0.,0.));
#8342=DIRECTION('',(1.,0.,0.));
#8343=DIRECTION('',(0.,-1.,0.));
#8344=DIRECTION('',(0.,0.,1.));
#8345=DIRECTION('',(0.,1.,0.));
#8346=DIRECTION('',(-0.869767165115363,-0.493462337455641,0.));
#8347=DIRECTION('',(-0.493462337455642,0.869767165115363,0.));
#8348=DIRECTION('',(0.,0.,1.));
#8349=DIRECTION('',(0.493462337455642,-0.869767165115363,0.));
#8350=DIRECTION('',(1.,0.,0.));
#8351=DIRECTION('',(0.,-1.,0.));
#8352=DIRECTION('',(0.,0.,1.));
#8353=DIRECTION('',(0.,1.,0.));
#8354=DIRECTION('',(0.869222922883501,0.494420378153918,0.));
#8355=DIRECTION('',(0.494420378153918,-0.869222922883501,0.));
#8356=DIRECTION('',(0.,0.,1.));
#8357=DIRECTION('',(-0.494420378153918,0.869222922883501,0.));
#8358=DIRECTION('',(0.,1.,0.));
#8359=DIRECTION('',(1.,0.,0.));
#8360=DIRECTION('',(-1.,0.,0.));
#8361=DIRECTION('',(0.,0.,1.));
#8362=DIRECTION('',(1.,0.,0.));
#8363=DIRECTION('',(0.,1.,0.));
#8364=DIRECTION('',(1.,0.,0.));
#8365=DIRECTION('',(0.,0.,1.));
#8366=DIRECTION('',(-1.,0.,0.));
#8367=DIRECTION('',(0.,0.,1.));
#8368=DIRECTION('',(-1.,0.,0.));
#8369=DIRECTION('',(0.,1.,0.));
#8370=DIRECTION('',(0.,0.,1.));
#8371=DIRECTION('',(0.,-1.,0.));
#8372=DIRECTION('',(0.,-1.,0.));
#8373=DIRECTION('',(-1.,0.,0.));
#8374=DIRECTION('',(0.,0.,1.));
#8375=DIRECTION('',(1.,0.,0.));
#8376=DIRECTION('',(1.,0.,0.));
#8377=DIRECTION('',(0.,-1.,0.));
#8378=DIRECTION('',(0.,1.,0.));
#8379=DIRECTION('',(0.,0.,1.));
#8380=DIRECTION('',(1.,0.,0.));
#8381=DIRECTION('',(0.,1.,0.));
#8382=DIRECTION('',(1.,0.,0.));
#8383=DIRECTION('',(0.,0.,1.));
#8384=DIRECTION('',(-1.,0.,0.));
#8385=DIRECTION('',(0.,0.,1.));
#8386=DIRECTION('',(-1.,0.,0.));
#8387=DIRECTION('',(0.,1.,0.));
#8388=DIRECTION('',(0.,0.,1.));
#8389=DIRECTION('',(0.,-1.,0.));
#8390=DIRECTION('',(0.,-1.,0.));
#8391=DIRECTION('',(-1.,0.,0.));
#8392=DIRECTION('',(0.,0.,1.));
#8393=DIRECTION('',(1.,0.,0.));
#8394=DIRECTION('',(1.,0.,0.));
#8395=DIRECTION('',(0.,-1.,0.));
#8396=DIRECTION('',(0.,1.,0.));
#8397=DIRECTION('',(0.,0.,1.));
#8398=DIRECTION('',(1.,0.,0.));
#8399=DIRECTION('',(-1.,0.,0.));
#8400=DIRECTION('',(0.,1.,0.));
#8401=DIRECTION('',(0.,0.,1.));
#8402=DIRECTION('',(0.,-1.,0.));
#8403=DIRECTION('',(0.,0.,1.));
#8404=DIRECTION('',(0.,-1.,0.));
#8405=DIRECTION('',(-1.,0.,0.));
#8406=DIRECTION('',(0.,0.,1.));
#8407=DIRECTION('',(1.,0.,0.));
#8408=DIRECTION('',(1.,0.,0.));
#8409=DIRECTION('',(0.,-1.,0.));
#8410=DIRECTION('',(0.,0.,1.));
#8411=DIRECTION('',(0.,1.,0.));
#8412=DIRECTION('',(-0.869767165115363,-0.493462337455641,0.));
#8413=DIRECTION('',(-0.493462337455642,0.869767165115363,0.));
#8414=DIRECTION('',(0.,0.,1.));
#8415=DIRECTION('',(0.493462337455642,-0.869767165115363,0.));
#8416=DIRECTION('',(1.,0.,0.));
#8417=DIRECTION('',(0.,-1.,0.));
#8418=DIRECTION('',(0.,0.,1.));
#8419=DIRECTION('',(0.,1.,0.));
#8420=DIRECTION('',(0.869222922883501,0.494420378153918,0.));
#8421=DIRECTION('',(0.494420378153918,-0.869222922883501,0.));
#8422=DIRECTION('',(0.,0.,1.));
#8423=DIRECTION('',(-0.494420378153918,0.869222922883501,0.));
#8424=DIRECTION('',(0.,1.,0.));
#8425=DIRECTION('',(1.,0.,0.));
#8426=DIRECTION('',(-1.,0.,0.));
#8427=DIRECTION('',(0.,0.,1.));
#8428=DIRECTION('',(1.,0.,0.));
#8429=DIRECTION('',(-1.,0.,0.));
#8430=DIRECTION('',(0.,1.,0.));
#8431=DIRECTION('',(0.,0.,1.));
#8432=DIRECTION('',(0.,-1.,0.));
#8433=DIRECTION('',(0.,0.,1.));
#8434=DIRECTION('',(0.,-1.,0.));
#8435=DIRECTION('',(-1.,0.,0.));
#8436=DIRECTION('',(0.,0.,1.));
#8437=DIRECTION('',(1.,0.,0.));
#8438=DIRECTION('',(1.,0.,0.));
#8439=DIRECTION('',(0.,-1.,0.));
#8440=DIRECTION('',(0.,0.,1.));
#8441=DIRECTION('',(0.,1.,0.));
#8442=DIRECTION('',(0.,1.,0.));
#8443=DIRECTION('',(1.,0.,0.));
#8444=DIRECTION('',(-1.,0.,0.));
#8445=DIRECTION('',(0.,0.,1.));
#8446=DIRECTION('',(1.,0.,0.));
#8447=DIRECTION('',(0.,1.,0.));
#8448=DIRECTION('',(1.,0.,0.));
#8449=DIRECTION('',(0.,0.,1.));
#8450=DIRECTION('',(-1.,0.,0.));
#8451=DIRECTION('',(0.,0.,1.));
#8452=DIRECTION('',(-1.,0.,0.));
#8453=DIRECTION('',(0.,1.,0.));
#8454=DIRECTION('',(0.,0.,1.));
#8455=DIRECTION('',(0.,-1.,0.));
#8456=DIRECTION('',(0.,-1.,0.));
#8457=DIRECTION('',(-1.,0.,0.));
#8458=DIRECTION('',(0.,0.,1.));
#8459=DIRECTION('',(1.,0.,0.));
#8460=DIRECTION('',(0.917508737712473,-0.397715622299734,0.));
#8461=DIRECTION('',(-0.397715622299734,-0.917508737712473,0.));
#8462=DIRECTION('',(0.,0.,1.));
#8463=DIRECTION('',(0.397715622299734,0.917508737712473,0.));
#8464=DIRECTION('',(1.,0.,0.));
#8465=DIRECTION('',(0.,-1.,0.));
#8466=DIRECTION('',(0.,0.,1.));
#8467=DIRECTION('',(0.,1.,0.));
#8468=DIRECTION('',(0.,1.,0.));
#8469=DIRECTION('',(1.,0.,0.));
#8470=DIRECTION('',(0.,0.,1.));
#8471=DIRECTION('',(-1.,0.,0.));
#8472=DIRECTION('',(-0.927750969801037,0.373199863388556,0.));
#8473=DIRECTION('',(0.373199863388556,0.927750969801037,0.));
#8474=DIRECTION('',(0.,0.,1.));
#8475=DIRECTION('',(-0.373199863388556,-0.927750969801036,0.));
#8476=DIRECTION('',(1.,0.,0.));
#8477=DIRECTION('',(0.,-1.,0.));
#8478=DIRECTION('',(0.,1.,0.));
#8479=DIRECTION('',(0.,0.,1.));
#8480=DIRECTION('',(1.,0.,0.));
#8481=DIRECTION('',(0.,1.,0.));
#8482=DIRECTION('',(1.,0.,0.));
#8483=DIRECTION('',(0.,0.,1.));
#8484=DIRECTION('',(-1.,0.,0.));
#8485=DIRECTION('',(0.,0.,1.));
#8486=DIRECTION('',(-1.,0.,0.));
#8487=DIRECTION('',(0.,1.,0.));
#8488=DIRECTION('',(0.,0.,1.));
#8489=DIRECTION('',(0.,-1.,0.));
#8490=DIRECTION('',(0.926997718891683,0.375066966246849,0.));
#8491=DIRECTION('',(0.375066966246849,-0.926997718891684,0.));
#8492=DIRECTION('',(0.,0.,1.));
#8493=DIRECTION('',(-0.375066966246849,0.926997718891683,0.));
#8494=DIRECTION('',(0.,1.,0.));
#8495=DIRECTION('',(1.,0.,0.));
#8496=DIRECTION('',(0.,0.,1.));
#8497=DIRECTION('',(-1.,0.,0.));
#8498=DIRECTION('',(-1.,0.,0.));
#8499=DIRECTION('',(0.,1.,0.));
#8500=DIRECTION('',(0.,0.,1.));
#8501=DIRECTION('',(0.,-1.,0.));
#8502=DIRECTION('',(-0.916962340766209,-0.398973765574323,0.));
#8503=DIRECTION('',(-0.398973765574323,0.916962340766209,0.));
#8504=DIRECTION('',(0.,0.,1.));
#8505=DIRECTION('',(0.398973765574323,-0.916962340766209,0.));
#8506=DIRECTION('',(0.,-1.,0.));
#8507=DIRECTION('',(-1.,0.,0.));
#8508=DIRECTION('',(0.,0.,1.));
#8509=DIRECTION('',(1.,0.,0.));
#8510=DIRECTION('',(1.,0.,0.));
#8511=DIRECTION('',(0.,-1.,0.));
#8512=DIRECTION('',(0.,1.,0.));
#8513=DIRECTION('',(0.,0.,1.));
#8514=DIRECTION('',(1.,0.,0.));
#8515=DIRECTION('',(0.,1.,0.));
#8516=DIRECTION('',(1.,0.,0.));
#8517=DIRECTION('',(0.,0.,1.));
#8518=DIRECTION('',(-1.,0.,0.));
#8519=DIRECTION('',(0.,0.,1.));
#8520=DIRECTION('',(0.,0.,1.));
#8521=DIRECTION('',(0.,0.,1.));
#8522=DIRECTION('',(0.,0.,1.));
#8523=DIRECTION('',(0.,0.,1.));
#8524=DIRECTION('',(0.,0.,1.));
#8525=DIRECTION('',(0.,0.,1.));
#8526=DIRECTION('',(0.,0.,1.));
#8527=DIRECTION('',(0.984358760698918,0.176175566510486,0.));
#8528=DIRECTION('',(0.,0.,1.));
#8529=DIRECTION('',(0.,0.,1.));
#8530=DIRECTION('',(1.,0.,0.));
#8531=DIRECTION('',(0.,0.,1.));
#8532=DIRECTION('',(0.848882436305153,0.528581695987127,0.));
#8533=DIRECTION('',(0.,0.,1.));
#8534=DIRECTION('',(0.,0.,1.));
#8535=DIRECTION('',(1.,0.,0.));
#8536=DIRECTION('',(0.,0.,1.));
#8537=DIRECTION('',(0.,0.,1.));
#8538=DIRECTION('',(0.,-1.,0.));
#8539=DIRECTION('',(-1.,0.,0.));
#8540=DIRECTION('',(0.,0.,1.));
#8541=DIRECTION('',(1.,0.,0.));
#8542=DIRECTION('',(1.,0.,0.));
#8543=DIRECTION('',(0.,-1.,0.));
#8544=DIRECTION('',(0.,0.,1.));
#8545=DIRECTION('',(0.,1.,0.));
#8546=DIRECTION('',(0.,1.,0.));
#8547=DIRECTION('',(1.,0.,0.));
#8548=DIRECTION('',(0.,0.,1.));
#8549=DIRECTION('',(-1.,0.,0.));
#8550=DIRECTION('',(0.,0.,1.));
#8551=DIRECTION('',(0.,0.,1.));
#8552=DIRECTION('',(0.,0.,1.));
#8553=DIRECTION('',(0.,0.,1.));
#8554=DIRECTION('',(0.99284156337249,0.119438812954879,0.));
#8555=DIRECTION('',(0.,0.,1.));
#8556=DIRECTION('',(0.,0.,1.));
#8557=DIRECTION('',(1.,0.,0.));
#8558=DIRECTION('',(0.,0.,1.));
#8559=DIRECTION('',(0.,0.,1.));
#8560=DIRECTION('',(0.,-1.,0.));
#8561=DIRECTION('',(-1.,0.,0.));
#8562=DIRECTION('',(0.,0.,1.));
#8563=DIRECTION('',(1.,0.,0.));
#8564=DIRECTION('',(1.,0.,0.));
#8565=DIRECTION('',(0.,-1.,0.));
#8566=DIRECTION('',(0.,1.,0.));
#8567=DIRECTION('',(0.,0.,1.));
#8568=DIRECTION('',(1.,0.,0.));
#8569=DIRECTION('',(-0.941783930532433,-0.336218720762067,0.));
#8570=DIRECTION('',(-0.336218720762067,0.941783930532433,0.));
#8571=DIRECTION('',(0.,0.,1.));
#8572=DIRECTION('',(0.336218720762067,-0.941783930532433,0.));
#8573=DIRECTION('',(0.,0.,1.));
#8574=DIRECTION('',(0.,-1.,0.));
#8575=DIRECTION('',(-1.,0.,0.));
#8576=DIRECTION('',(0.,0.,1.));
#8577=DIRECTION('',(1.,0.,0.));
#8578=DIRECTION('',(0.94527387072985,-0.326277963269673,0.));
#8579=DIRECTION('',(-0.326277963269673,-0.945273870729851,0.));
#8580=DIRECTION('',(0.,0.,1.));
#8581=DIRECTION('',(0.326277963269673,0.945273870729851,0.));
#8582=DIRECTION('',(0.,1.,0.));
#8583=DIRECTION('',(1.,0.,0.));
#8584=DIRECTION('',(-1.,0.,0.));
#8585=DIRECTION('',(0.,0.,1.));
#8586=DIRECTION('',(1.,0.,0.));
#8587=DIRECTION('',(0.,1.,0.));
#8588=DIRECTION('',(1.,0.,0.));
#8589=DIRECTION('',(0.,0.,1.));
#8590=DIRECTION('',(-1.,0.,0.));
#8591=DIRECTION('',(0.,0.,1.));
#8592=DIRECTION('',(-1.,0.,0.));
#8593=DIRECTION('',(0.,1.,0.));
#8594=DIRECTION('',(0.,0.,1.));
#8595=DIRECTION('',(0.,-1.,0.));
#8596=DIRECTION('',(0.,-1.,0.));
#8597=DIRECTION('',(-1.,0.,0.));
#8598=DIRECTION('',(0.,0.,1.));
#8599=DIRECTION('',(1.,0.,0.));
#8600=DIRECTION('',(1.,0.,0.));
#8601=DIRECTION('',(0.,-1.,0.));
#8602=DIRECTION('',(0.,1.,0.));
#8603=DIRECTION('',(0.,0.,1.));
#8604=DIRECTION('',(1.,0.,0.));
#8605=DIRECTION('',(0.,1.,0.));
#8606=DIRECTION('',(1.,0.,0.));
#8607=DIRECTION('',(0.,0.,1.));
#8608=DIRECTION('',(-1.,0.,0.));
#8609=DIRECTION('',(0.,0.,1.));
#8610=DIRECTION('',(0.,0.,1.));
#8611=DIRECTION('',(0.0559205727256164,-0.998435220505586,0.));
#8612=DIRECTION('',(0.,0.,1.));
#8613=DIRECTION('',(0.,0.,1.));
#8614=DIRECTION('',(1.,0.,0.));
#8615=DIRECTION('',(0.,0.,1.));
#8616=DIRECTION('',(0.,0.,1.));
#8617=DIRECTION('',(0.37009901542407,-0.9289923136292,0.));
#8618=DIRECTION('',(0.,0.,1.));
#8619=DIRECTION('',(0.,0.,1.));
#8620=DIRECTION('',(1.,0.,0.));
#8621=DIRECTION('',(0.,0.,1.));
#8622=DIRECTION('',(0.,0.,1.));
#8623=DIRECTION('',(0.,0.,1.));
#8624=DIRECTION('',(0.,0.,1.));
#8625=DIRECTION('',(0.,0.,1.));
#8626=DIRECTION('',(0.,0.,1.));
#8627=DIRECTION('',(0.571949380336967,0.820288916377735,0.));
#8628=DIRECTION('',(0.,0.,1.));
#8629=DIRECTION('',(0.,0.,1.));
#8630=DIRECTION('',(1.,0.,0.));
#8631=DIRECTION('',(0.,0.,1.));
#8632=DIRECTION('',(0.,0.,1.));
#8633=DIRECTION('',(0.,0.,1.));
#8634=DIRECTION('',(0.673693284645128,-0.739011067727716,0.));
#8635=DIRECTION('',(0.,0.,1.));
#8636=DIRECTION('',(0.,0.,1.));
#8637=DIRECTION('',(1.,0.,0.));
#8638=DIRECTION('',(0.,0.,1.));
#8639=DIRECTION('',(0.,0.,1.));
#8640=DIRECTION('',(0.,0.,1.));
#8641=DIRECTION('',(0.,0.,1.));
#8642=DIRECTION('',(0.,0.,1.));
#8643=DIRECTION('',(0.,0.,1.));
#8644=DIRECTION('',(0.120270432306107,0.992741166222547,0.));
#8645=DIRECTION('',(0.,0.,1.));
#8646=DIRECTION('',(0.,0.,1.));
#8647=DIRECTION('',(1.,0.,0.));
#8648=DIRECTION('',(0.,-1.,0.));
#8649=DIRECTION('',(-1.,0.,0.));
#8650=DIRECTION('',(0.,0.,1.));
#8651=DIRECTION('',(1.,0.,0.));
#8652=DIRECTION('',(1.,0.,0.));
#8653=DIRECTION('',(0.,-1.,0.));
#8654=DIRECTION('',(0.,0.,1.));
#8655=DIRECTION('',(0.,1.,0.));
#8656=DIRECTION('',(0.,1.,0.));
#8657=DIRECTION('',(1.,0.,0.));
#8658=DIRECTION('',(0.,0.,1.));
#8659=DIRECTION('',(-1.,0.,0.));
#8660=DIRECTION('',(0.,0.,1.));
#8661=DIRECTION('',(0.,0.,1.));
#8662=DIRECTION('',(0.,0.,1.));
#8663=DIRECTION('',(0.87315318923958,0.487445902763322,0.));
#8664=DIRECTION('',(0.,0.,1.));
#8665=DIRECTION('',(0.,0.,1.));
#8666=DIRECTION('',(1.,0.,0.));
#8667=DIRECTION('',(0.,0.,1.));
#8668=DIRECTION('',(0.991438866641545,0.13057171865503,0.));
#8669=DIRECTION('',(0.,0.,1.));
#8670=DIRECTION('',(0.,0.,1.));
#8671=DIRECTION('',(1.,0.,0.));
#8672=DIRECTION('',(0.,0.,1.));
#8673=DIRECTION('',(0.,0.,1.));
#8674=DIRECTION('',(0.,0.,1.));
#8675=DIRECTION('',(0.248171741752701,-0.968716050551156,0.));
#8676=DIRECTION('',(0.,0.,1.));
#8677=DIRECTION('',(0.,0.,1.));
#8678=DIRECTION('',(1.,0.,0.));
#8679=DIRECTION('',(0.,0.,1.));
#8680=DIRECTION('',(0.0211716599580495,-0.999775855286884,0.));
#8681=DIRECTION('',(0.,0.,1.));
#8682=DIRECTION('',(0.,0.,1.));
#8683=DIRECTION('',(1.,0.,0.));
#8684=DIRECTION('',(0.,-1.,0.));
#8685=DIRECTION('',(-1.,0.,0.));
#8686=DIRECTION('',(0.,0.,1.));
#8687=DIRECTION('',(1.,0.,0.));
#8688=DIRECTION('',(1.,0.,0.));
#8689=DIRECTION('',(0.,-1.,0.));
#8690=DIRECTION('',(0.,0.,1.));
#8691=DIRECTION('',(0.,1.,0.));
#8692=DIRECTION('',(0.,1.,0.));
#8693=DIRECTION('',(1.,0.,0.));
#8694=DIRECTION('',(0.,0.,1.));
#8695=DIRECTION('',(-1.,0.,0.));
#8696=DIRECTION('',(0.,0.,1.));
#8697=DIRECTION('',(0.,0.,1.));
#8698=DIRECTION('',(0.,0.,1.));
#8699=DIRECTION('',(0.,0.,1.));
#8700=DIRECTION('',(0.,-1.,0.));
#8701=DIRECTION('',(-1.,0.,0.));
#8702=DIRECTION('',(0.,0.,1.));
#8703=DIRECTION('',(1.,0.,0.));
#8704=DIRECTION('',(1.,0.,0.));
#8705=DIRECTION('',(0.,-1.,0.));
#8706=DIRECTION('',(0.,1.,0.));
#8707=DIRECTION('',(0.,0.,1.));
#8708=DIRECTION('',(1.,0.,0.));
#8709=DIRECTION('',(0.,0.,1.));
#8710=DIRECTION('',(1.,0.,0.));
#8711=DIRECTION('',(4.71767442960102E-17,1.,0.));
#8712=DIRECTION('',(1.,-4.71767442960102E-17,0.));
#8713=DIRECTION('',(1.,-4.71767442960102E-17,0.));
#8714=DIRECTION('',(0.,0.,-1.));
#8715=DIRECTION('',(1.,-4.71767442960102E-17,0.));
#8716=DIRECTION('',(0.,0.,-1.));
#8717=DIRECTION('',(0.,0.,-1.));
#8718=DIRECTION('',(0.,1.,0.));
#8719=DIRECTION('',(0.,0.,1.));
#8720=DIRECTION('',(0.,-1.,0.));
#8721=DIRECTION('',(0.,0.,1.));
#8722=DIRECTION('',(0.,-1.,0.));
#8723=DIRECTION('',(0.,0.,1.));
#8724=DIRECTION('',(1.,0.,0.));
#8725=DIRECTION('',(0.,0.,1.));
#8726=DIRECTION('',(0.,-1.,0.));
#8727=DIRECTION('',(0.,0.,1.));
#8728=DIRECTION('',(1.,0.,0.));
#8729=DIRECTION('',(0.,0.,1.));
#8730=DIRECTION('',(0.,-1.,0.));
#8731=DIRECTION('',(0.,0.,1.));
#8732=DIRECTION('',(1.,0.,0.));
#8733=DIRECTION('',(1.,0.,0.));
#8734=DIRECTION('',(0.,-1.,0.));
#8735=DIRECTION('',(0.,-1.,0.));
#8736=DIRECTION('',(0.,0.,-1.));
#8737=DIRECTION('',(0.,-1.,0.));
#8738=DIRECTION('',(0.,0.,-1.));
#8739=DIRECTION('',(0.,-1.,0.));
#8740=DIRECTION('',(-1.,0.,0.));
#8741=DIRECTION('',(-1.,0.,0.));
#8742=DIRECTION('',(0.,0.,-1.));
#8743=DIRECTION('',(-1.,0.,0.));
#8744=DIRECTION('',(0.,0.,-1.));
#8745=DIRECTION('',(1.,0.,0.));
#8746=DIRECTION('',(0.,-1.,0.));
#8747=DIRECTION('',(0.,-1.,0.));
#8748=DIRECTION('',(0.,0.,-1.));
#8749=DIRECTION('',(0.,-1.,0.));
#8750=DIRECTION('',(0.,0.,-1.));
#8751=DIRECTION('',(0.,-1.,0.));
#8752=DIRECTION('',(-1.,0.,0.));
#8753=DIRECTION('',(-1.,0.,0.));
#8754=DIRECTION('',(0.,0.,-1.));
#8755=DIRECTION('',(-1.,0.,0.));
#8756=DIRECTION('',(0.,0.,-1.));
#8757=DIRECTION('',(0.,0.,1.));
#8758=DIRECTION('',(1.,0.,0.));
#8759=DIRECTION('',(0.,0.,1.));
#8760=DIRECTION('',(0.,-1.,0.));
#8761=DIRECTION('',(0.,0.,1.));
#8762=DIRECTION('',(0.,-1.,0.));
#8763=DIRECTION('',(0.,0.,1.));
#8764=DIRECTION('',(0.,-1.,0.));
#8765=DIRECTION('',(0.,0.,1.));
#8766=DIRECTION('',(0.,-1.,0.));
#8767=DIRECTION('',(0.,0.,1.));
#8768=DIRECTION('',(1.,0.,0.));
#8769=DIRECTION('',(0.,0.,1.));
#8770=DIRECTION('',(0.,-1.,0.));
#8771=DIRECTION('',(0.,0.,1.));
#8772=DIRECTION('',(0.,-1.,0.));
#8773=DIRECTION('',(0.,0.,1.));
#8774=DIRECTION('',(0.,-1.,0.));
#8775=DIRECTION('',(0.,0.,1.));
#8776=DIRECTION('',(0.,-1.,0.));
#8777=DIRECTION('',(0.,0.,1.));
#8778=DIRECTION('',(0.,-1.,0.));
#8779=DIRECTION('',(0.,0.,-1.));
#8780=DIRECTION('',(0.,1.,0.));
#8781=DIRECTION('',(0.,0.,1.));
#8782=DIRECTION('',(0.,-1.,0.));
#8783=DIRECTION('',(0.,0.,-1.));
#8784=DIRECTION('',(0.,1.,0.));
#8785=DIRECTION('',(0.,0.,1.));
#8786=DIRECTION('',(1.,0.,0.));
#8787=DIRECTION('',(0.,0.98942685940346,-0.145032720070353));
#8788=DIRECTION('',(0.,0.145032720070353,0.98942685940346));
#8789=DIRECTION('',(0.,-0.145032720070353,-0.98942685940346));
#8790=DIRECTION('',(-1.,0.,0.));
#8791=DIRECTION('',(0.,-0.145032720070353,-0.98942685940346));
#8792=DIRECTION('',(-1.,0.,0.));
#8793=DIRECTION('',(-1.,0.,0.));
#8794=DIRECTION('',(0.,0.443370889437096,-0.896338247761278));
#8795=DIRECTION('',(0.,0.896338247761278,0.443370889437096));
#8796=DIRECTION('',(0.,-0.896338247761278,-0.443370889437096));
#8797=DIRECTION('',(-1.,0.,0.));
#8798=DIRECTION('',(0.,-0.896338247761278,-0.443370889437096));
#8799=DIRECTION('',(1.,0.,0.));
#8800=DIRECTION('',(0.,0.,-1.));
#8801=DIRECTION('',(1.,0.,0.));
#8802=DIRECTION('',(0.,0.,-1.));
#8803=DIRECTION('',(0.,0.,1.));
#8804=DIRECTION('',(1.,0.,0.));
#8805=DIRECTION('',(0.,0.983912143389909,-0.17865299910686));
#8806=DIRECTION('',(0.,0.17865299910686,0.983912143389909));
#8807=DIRECTION('',(0.,-0.17865299910686,-0.983912143389909));
#8808=DIRECTION('',(-1.,0.,0.));
#8809=DIRECTION('',(0.,-0.17865299910686,-0.983912143389909));
#8810=DIRECTION('',(-1.,0.,0.));
#8811=DIRECTION('',(-1.,0.,0.));
#8812=DIRECTION('',(0.,1.,0.));
#8813=DIRECTION('',(1.,0.,0.));
#8814=DIRECTION('',(0.,-1.,0.));
#8815=DIRECTION('',(-1.,0.,0.));
#8816=DIRECTION('',(1.,0.,0.));
#8817=DIRECTION('',(0.,-1.,0.));
#8818=DIRECTION('',(0.,0.982236071794543,0.187649405183242));
#8819=DIRECTION('',(0.,-0.187649405183242,0.982236071794543));
#8820=DIRECTION('',(0.,0.187649405183242,-0.982236071794543));
#8821=DIRECTION('',(-1.,0.,0.));
#8822=DIRECTION('',(0.,0.187649405183242,-0.982236071794543));
#8823=DIRECTION('',(-1.,0.,0.));
#8824=DIRECTION('',(0.,1.,0.));
#8825=DIRECTION('',(1.,0.,0.));
#8826=DIRECTION('',(0.,-1.,0.));
#8827=DIRECTION('',(1.,0.,0.));
#8828=DIRECTION('',(0.,-1.,0.));
#8829=DIRECTION('',(1.,0.,0.));
#8830=DIRECTION('',(0.,0.,-1.));
#8831=DIRECTION('',(1.,0.,0.));
#8832=DIRECTION('',(0.,0.,-1.));
#8833=DIRECTION('',(0.,0.,1.));
#8834=DIRECTION('',(1.,0.,0.));
#8835=DIRECTION('',(0.,1.,0.));
#8836=DIRECTION('',(1.,0.,0.));
#8837=DIRECTION('',(0.,0.,-1.));
#8838=DIRECTION('',(-1.,0.,0.));
#8839=DIRECTION('',(0.,0.,-1.));
#8840=DIRECTION('',(-1.,0.,0.));
#8841=DIRECTION('',(0.,0.,-1.));
#8842=DIRECTION('',(0.,1.,0.));
#8843=DIRECTION('',(0.,-1.,0.));
#8844=DIRECTION('',(-1.,0.,0.));
#8845=DIRECTION('',(0.,-1.,0.));
#8846=DIRECTION('',(0.,1.,0.));
#8847=DIRECTION('',(1.,0.,0.));
#8848=DIRECTION('',(0.,0.,-1.));
#8849=DIRECTION('',(-1.,0.,0.));
#8850=DIRECTION('',(0.,0.,-1.));
#8851=DIRECTION('',(0.,0.,-1.));
#8852=DIRECTION('',(0.,1.,0.));
#8853=DIRECTION('',(0.,-1.,0.));
#8854=DIRECTION('',(0.,-1.,0.));
#8855=DIRECTION('',(1.,0.,0.));
#8856=DIRECTION('',(0.,0.,-1.));
#8857=DIRECTION('',(1.,0.,0.));
#8858=DIRECTION('',(0.,0.,-1.));
#8859=DIRECTION('',(0.,0.,1.));
#8860=DIRECTION('',(1.,0.,0.));
#8861=DIRECTION('',(0.,0.,1.));
#8862=DIRECTION('',(1.,0.,0.));
#8863=DIRECTION('',(0.,0.,1.));
#8864=DIRECTION('',(1.,0.,0.));
#8865=DIRECTION('',(0.,0.,1.));
#8866=DIRECTION('',(1.,0.,0.));
#8867=DIRECTION('',(0.,0.,1.));
#8868=DIRECTION('',(1.,0.,0.));
#8869=DIRECTION('',(0.,0.,1.));
#8870=DIRECTION('',(1.,0.,0.));
#8871=DIRECTION('',(0.,1.,0.));
#8872=DIRECTION('',(1.,0.,0.));
#8873=DIRECTION('',(0.,0.,-1.));
#8874=DIRECTION('',(1.,0.,0.));
#8875=DIRECTION('',(0.,0.,-1.));
#8876=DIRECTION('',(1.,0.,0.));
#8877=DIRECTION('',(-0.866661293388921,0.498896985901341,0.));
#8878=DIRECTION('',(0.498896985901341,0.866661293388921,0.));
#8879=DIRECTION('',(0.498896985901341,0.866661293388921,0.));
#8880=DIRECTION('',(0.,0.,-1.));
#8881=DIRECTION('',(0.498896985901341,0.866661293388921,0.));
#8882=DIRECTION('',(0.,0.,-1.));
#8883=DIRECTION('',(0.,1.,0.));
#8884=DIRECTION('',(0.,0.,1.));
#8885=DIRECTION('',(0.,-1.,0.));
#8886=DIRECTION('',(0.,0.,1.));
#8887=DIRECTION('',(0.,-1.,0.));
#8888=DIRECTION('',(0.,0.,1.));
#8889=DIRECTION('',(1.,0.,0.));
#8890=DIRECTION('',(0.,0.,1.));
#8891=DIRECTION('',(1.,0.,0.));
#8892=DIRECTION('',(0.,0.,1.));
#8893=DIRECTION('',(1.,0.,0.));
#8894=DIRECTION('',(0.,0.,-1.));
#8895=DIRECTION('',(0.,1.,0.));
#8896=DIRECTION('',(0.,0.,1.));
#8897=DIRECTION('',(0.,-1.,0.));
#8898=DIRECTION('',(0.,0.,1.));
#8899=DIRECTION('',(0.,-1.,0.));
#8900=DIRECTION('',(0.,0.,-1.));
#8901=DIRECTION('',(0.,1.,0.));
#8902=DIRECTION('',(0.,0.,1.));
#8903=DIRECTION('',(0.,-1.,0.));
#8904=DIRECTION('',(0.,0.,1.));
#8905=DIRECTION('',(0.,-1.,0.));
#8906=DIRECTION('',(0.,0.,1.));
#8907=DIRECTION('',(1.,0.,0.));
#8908=DIRECTION('',(0.,0.,1.));
#8909=DIRECTION('',(1.,0.,0.));
#8910=DIRECTION('',(0.,0.,1.));
#8911=DIRECTION('',(1.,0.,0.));
#8912=DIRECTION('',(0.,0.,1.));
#8913=DIRECTION('',(0.,-1.,0.));
#8914=DIRECTION('',(0.,0.,1.));
#8915=DIRECTION('',(0.,-1.,0.));
#8916=DIRECTION('',(0.,0.,1.));
#8917=DIRECTION('',(0.,0.,1.));
#8918=DIRECTION('',(0.,-1.,0.));
#8919=DIRECTION('',(0.,0.,1.));
#8920=DIRECTION('',(0.,0.,1.));
#8921=DIRECTION('',(0.,-1.,0.));
#8922=DIRECTION('',(0.,0.,1.));
#8923=DIRECTION('',(0.,-1.,0.));
#8924=DIRECTION('',(0.,0.,1.));
#8925=DIRECTION('',(0.,-1.,0.));
#8926=DIRECTION('',(0.,0.,1.));
#8927=DIRECTION('',(0.,0.,1.));
#8928=DIRECTION('',(0.,-1.,0.));
#8929=DIRECTION('',(0.,0.,1.));
#8930=DIRECTION('',(0.,-1.,0.));
#8931=DIRECTION('',(0.,0.,1.));
#8932=DIRECTION('',(0.,-1.,0.));
#8933=DIRECTION('',(0.,0.,1.));
#8934=DIRECTION('',(0.,0.,1.));
#8935=DIRECTION('',(0.,-1.,0.));
#8936=DIRECTION('',(0.,0.,1.));
#8937=DIRECTION('',(0.,-1.,0.));
#8938=DIRECTION('',(0.,0.,1.));
#8939=DIRECTION('',(0.,-1.,0.));
#8940=DIRECTION('',(0.,0.,1.));
#8941=DIRECTION('',(1.,0.,0.));
#8942=DIRECTION('',(0.,0.,1.));
#8943=DIRECTION('',(1.,0.,0.));
#8944=DIRECTION('',(0.,0.,1.));
#8945=DIRECTION('',(1.,0.,0.));
#8946=DIRECTION('',(0.,0.,-1.));
#8947=DIRECTION('',(0.,1.,0.));
#8948=DIRECTION('',(0.,0.,1.));
#8949=DIRECTION('',(0.,-1.,0.));
#8950=DIRECTION('',(0.,0.,1.));
#8951=DIRECTION('',(0.,-1.,0.));
#8952=DIRECTION('',(0.,0.,-1.));
#8953=DIRECTION('',(0.,1.,0.));
#8954=DIRECTION('',(0.,0.,1.));
#8955=DIRECTION('',(0.,-1.,0.));
#8956=DIRECTION('',(0.,0.,1.));
#8957=DIRECTION('',(0.,-1.,0.));
#8958=DIRECTION('',(0.,0.,1.));
#8959=DIRECTION('',(1.,0.,0.));
#8960=DIRECTION('',(0.,0.,1.));
#8961=DIRECTION('',(1.,0.,0.));
#8962=DIRECTION('',(0.,0.,1.));
#8963=DIRECTION('',(1.,0.,0.));
#8964=DIRECTION('',(-0.866661293388921,0.498896985901341,0.));
#8965=DIRECTION('',(0.498896985901341,0.866661293388921,0.));
#8966=DIRECTION('',(0.498896985901341,0.866661293388921,0.));
#8967=DIRECTION('',(0.,0.,-1.));
#8968=DIRECTION('',(0.498896985901341,0.866661293388921,0.));
#8969=DIRECTION('',(0.,0.,-1.));
#8970=DIRECTION('',(0.,0.,-1.));
#8971=DIRECTION('',(0.,1.,0.));
#8972=DIRECTION('',(0.,0.,1.));
#8973=DIRECTION('',(0.,-1.,0.));
#8974=DIRECTION('',(0.,0.,-1.));
#8975=DIRECTION('',(0.,0.,1.));
#8976=DIRECTION('',(0.,-1.,0.));
#8977=DIRECTION('',(0.,1.,0.));
#8978=DIRECTION('',(1.,0.,0.));
#8979=DIRECTION('',(1.,0.,0.));
#8980=DIRECTION('',(0.,0.,-1.));
#8981=DIRECTION('',(1.,0.,0.));
#8982=DIRECTION('',(0.,0.,-1.));
#8983=DIRECTION('',(0.,1.,0.));
#8984=DIRECTION('',(0.,0.,1.));
#8985=DIRECTION('',(0.,-1.,0.));
#8986=DIRECTION('',(0.,0.,-1.));
#8987=DIRECTION('',(0.,0.,1.));
#8988=DIRECTION('',(0.,-1.,0.));
#8989=DIRECTION('',(0.,1.,0.));
#8990=DIRECTION('',(1.,0.,0.));
#8991=DIRECTION('',(1.,0.,0.));
#8992=DIRECTION('',(0.,0.,-1.));
#8993=DIRECTION('',(1.,0.,0.));
#8994=DIRECTION('',(0.,0.,-1.));
#8995=DIRECTION('',(0.,1.,0.));
#8996=DIRECTION('',(0.,0.,1.));
#8997=DIRECTION('',(0.,-1.,0.));
#8998=DIRECTION('',(0.,0.,-1.));
#8999=DIRECTION('',(0.,0.,1.));
#9000=DIRECTION('',(0.,-1.,0.));
#9001=DIRECTION('',(0.,0.,-1.));
#9002=DIRECTION('',(-0.866661293388921,0.498896985901341,0.));
#9003=DIRECTION('',(0.498896985901341,0.866661293388921,0.));
#9004=DIRECTION('',(0.498896985901341,0.866661293388921,0.));
#9005=DIRECTION('',(0.,0.,-1.));
#9006=DIRECTION('',(0.498896985901341,0.866661293388921,0.));
#9007=DIRECTION('',(0.,0.,-1.));
#9008=DIRECTION('',(0.,1.,0.));
#9009=DIRECTION('',(0.,0.,1.));
#9010=DIRECTION('',(0.,-1.,0.));
#9011=DIRECTION('',(0.,0.,1.));
#9012=DIRECTION('',(0.,-1.,0.));
#9013=DIRECTION('',(0.,0.,1.));
#9014=DIRECTION('',(1.,0.,0.));
#9015=DIRECTION('',(0.,0.,1.));
#9016=DIRECTION('',(0.,-1.,0.));
#9017=DIRECTION('',(0.,0.,1.));
#9018=DIRECTION('',(1.,0.,0.));
#9019=DIRECTION('',(0.,0.,1.));
#9020=DIRECTION('',(0.,-1.,0.));
#9021=DIRECTION('',(0.,0.,-1.));
#9022=DIRECTION('',(0.,1.,0.));
#9023=DIRECTION('',(0.,0.,1.));
#9024=DIRECTION('',(1.,0.,0.));
#9025=DIRECTION('',(0.,0.,-1.));
#9026=DIRECTION('',(0.,1.,0.));
#9027=DIRECTION('',(0.,0.,1.));
#9028=DIRECTION('',(0.,-1.,0.));
#9029=DIRECTION('',(0.,0.,-1.));
#9030=DIRECTION('',(0.,0.,1.));
#9031=DIRECTION('',(0.,-1.,0.));
#9032=DIRECTION('',(0.,0.,-1.));
#9033=DIRECTION('',(-0.866661293388921,0.498896985901341,0.));
#9034=DIRECTION('',(0.498896985901341,0.866661293388921,0.));
#9035=DIRECTION('',(0.498896985901341,0.866661293388921,0.));
#9036=DIRECTION('',(0.,0.,-1.));
#9037=DIRECTION('',(0.498896985901341,0.866661293388921,0.));
#9038=DIRECTION('',(-0.505410703574634,-0.862878914281832,0.));
#9039=DIRECTION('',(-0.862878914281832,0.505410703574634,0.));
#9040=DIRECTION('',(-0.862878914281832,0.505410703574634,0.));
#9041=DIRECTION('',(0.,0.,-1.));
#9042=DIRECTION('',(-0.862878914281832,0.505410703574634,0.));
#9043=DIRECTION('',(-0.86666129338892,0.498896985901342,0.));
#9044=DIRECTION('',(0.498896985901342,0.86666129338892,0.));
#9045=DIRECTION('',(0.498896985901342,0.86666129338892,0.));
#9046=DIRECTION('',(0.498896985901342,0.86666129338892,0.));
#9047=DIRECTION('',(0.,0.,1.));
#9048=DIRECTION('',(1.,0.,0.));
#9049=DIRECTION('',(0.,0.,1.));
#9050=DIRECTION('',(1.,0.,0.));
#9051=DIRECTION('',(0.,0.,1.));
#9052=DIRECTION('',(1.,0.,0.));
#9053=DIRECTION('',(0.,0.,-1.));
#9054=DIRECTION('',(0.,1.,0.));
#9055=DIRECTION('',(0.,0.,1.));
#9056=DIRECTION('',(0.,-1.,0.));
#9057=DIRECTION('',(0.,0.,-1.));
#9058=DIRECTION('',(0.,0.,1.));
#9059=DIRECTION('',(0.,-1.,0.));
#9060=DIRECTION('',(0.,0.,-1.));
#9061=DIRECTION('',(0.,1.,0.));
#9062=DIRECTION('',(1.,0.,0.));
#9063=DIRECTION('',(1.,0.,0.));
#9064=DIRECTION('',(0.,0.,-1.));
#9065=DIRECTION('',(1.,0.,0.));
#9066=DIRECTION('',(0.,1.,0.));
#9067=DIRECTION('',(1.,0.,0.));
#9068=DIRECTION('',(1.,0.,0.));
#9069=DIRECTION('',(0.,0.,-1.));
#9070=DIRECTION('',(1.,0.,0.));
#9071=DIRECTION('',(-0.866661293388921,0.49889698590134,0.));
#9072=DIRECTION('',(0.49889698590134,0.866661293388921,0.));
#9073=DIRECTION('',(0.49889698590134,0.866661293388921,0.));
#9074=DIRECTION('',(0.,0.,-1.));
#9075=DIRECTION('',(0.49889698590134,0.866661293388921,0.));
#9076=DIRECTION('',(0.,1.,0.));
#9077=DIRECTION('',(1.,0.,0.));
#9078=DIRECTION('',(1.,0.,0.));
#9079=DIRECTION('',(1.,0.,0.));
#9080=DIRECTION('',(0.,0.,1.));
#9081=DIRECTION('',(1.,0.,0.));
#9082=DIRECTION('',(0.,0.,1.));
#9083=DIRECTION('',(1.,0.,0.));
#9084=DIRECTION('',(0.,0.,1.));
#9085=DIRECTION('',(1.,0.,0.));
#9086=DIRECTION('',(0.,0.,-1.));
#9087=DIRECTION('',(0.,1.,0.));
#9088=DIRECTION('',(0.,0.,-1.));
#9089=DIRECTION('',(0.,0.,1.));
#9090=DIRECTION('',(0.,-1.,0.));
#9091=DIRECTION('',(0.,0.,-1.));
#9092=DIRECTION('',(0.,0.,1.));
#9093=DIRECTION('',(0.,-1.,0.));
#9094=DIRECTION('',(-2.4357857289739E-17,-1.,0.));
#9095=DIRECTION('',(-1.,2.4357857289739E-17,0.));
#9096=DIRECTION('',(-1.,2.4357857289739E-17,0.));
#9097=DIRECTION('',(-1.,2.4357857289739E-17,0.));
#9098=DIRECTION('',(0.,0.,1.));
#9099=DIRECTION('',(1.,0.,0.));
#9100=DIRECTION('',(0.,0.,1.));
#9101=DIRECTION('',(0.,-1.,0.));
#9102=DIRECTION('',(0.,0.,1.));
#9103=DIRECTION('',(1.,0.,0.));
#9104=DIRECTION('',(0.,0.,1.));
#9105=DIRECTION('',(0.,-1.,0.));
#9106=DIRECTION('',(0.,0.,1.));
#9107=DIRECTION('',(1.,0.,0.));
#9108=DIRECTION('',(0.,1.,0.));
#9109=DIRECTION('',(1.,0.,0.));
#9110=DIRECTION('',(1.,0.,0.));
#9111=DIRECTION('',(0.,0.,-1.));
#9112=DIRECTION('',(1.,0.,0.));
#9113=DIRECTION('',(0.,0.,-1.));
#9114=DIRECTION('',(0.,0.,-1.));
#9115=DIRECTION('',(0.,1.,0.));
#9116=DIRECTION('',(0.,0.,1.));
#9117=DIRECTION('',(0.,-1.,0.));
#9118=DIRECTION('',(0.,0.,-1.));
#9119=DIRECTION('',(0.,0.,1.));
#9120=DIRECTION('',(0.,-1.,0.));
#9121=DIRECTION('',(-0.866661293388921,0.498896985901341,0.));
#9122=DIRECTION('',(0.498896985901341,0.866661293388921,0.));
#9123=DIRECTION('',(0.498896985901341,0.866661293388921,0.));
#9124=DIRECTION('',(0.498896985901341,0.866661293388921,0.));
#9125=DIRECTION('',(0.,0.,1.));
#9126=DIRECTION('',(1.,0.,0.));
#9127=DIRECTION('',(0.,0.,1.));
#9128=DIRECTION('',(1.,0.,0.));
#9129=DIRECTION('',(0.,0.,1.));
#9130=DIRECTION('',(1.,0.,0.));
#9131=DIRECTION('',(0.,-0.98942685940346,0.145032720070353));
#9132=DIRECTION('',(0.,-0.145032720070353,-0.98942685940346));
#9133=DIRECTION('',(0.,-0.145032720070353,-0.98942685940346));
#9134=DIRECTION('',(1.,0.,0.));
#9135=DIRECTION('',(0.,-0.145032720070353,-0.98942685940346));
#9136=DIRECTION('',(1.,0.,0.));
#9137=DIRECTION('',(1.,0.,0.));
#9138=DIRECTION('',(0.,-0.443370889437096,0.896338247761278));
#9139=DIRECTION('',(0.,-0.896338247761278,-0.443370889437096));
#9140=DIRECTION('',(0.,-0.896338247761278,-0.443370889437096));
#9141=DIRECTION('',(0.,-0.896338247761278,-0.443370889437096));
#9142=DIRECTION('',(1.,0.,0.));
#9143=DIRECTION('',(1.,0.,0.));
#9144=DIRECTION('',(0.,0.,-1.));
#9145=DIRECTION('',(1.,0.,0.));
#9146=DIRECTION('',(0.,0.,-1.));
#9147=DIRECTION('',(0.,0.,1.));
#9148=DIRECTION('',(1.,0.,0.));
#9149=DIRECTION('',(0.,0.,-1.));
#9150=DIRECTION('',(0.,1.,0.));
#9151=DIRECTION('',(0.,0.,-1.));
#9152=DIRECTION('',(0.,0.,1.));
#9153=DIRECTION('',(0.,-1.,0.));
#9154=DIRECTION('',(0.,0.,-1.));
#9155=DIRECTION('',(0.,0.,1.));
#9156=DIRECTION('',(0.,-1.,0.));
#9157=DIRECTION('',(4.71767442960102E-17,1.,0.));
#9158=DIRECTION('',(1.,-4.71767442960102E-17,0.));
#9159=DIRECTION('',(1.,-4.71767442960102E-17,0.));
#9160=DIRECTION('',(1.,-4.71767442960102E-17,0.));
#9161=DIRECTION('',(0.,0.,1.));
#9162=DIRECTION('',(1.,0.,0.));
#9163=DIRECTION('',(0.,0.,1.));
#9164=DIRECTION('',(0.,-1.,0.));
#9165=DIRECTION('',(0.,0.,1.));
#9166=DIRECTION('',(1.,0.,0.));
#9167=DIRECTION('',(0.,0.,1.));
#9168=DIRECTION('',(0.,-1.,0.));
#9169=DIRECTION('',(0.,0.,1.));
#9170=DIRECTION('',(1.,0.,0.));
#9171=DIRECTION('',(0.,0.,1.));
#9172=DIRECTION('',(0.,-1.,0.));
#9173=DIRECTION('',(0.,0.,1.));
#9174=DIRECTION('',(0.,-1.,0.));
#9175=DIRECTION('',(0.,0.,1.));
#9176=DIRECTION('',(0.,-1.,0.));
#9177=DIRECTION('',(0.,0.,1.));
#9178=DIRECTION('',(1.,0.,0.));
#9179=DIRECTION('',(0.,0.,1.));
#9180=DIRECTION('',(1.,0.,0.));
#9181=DIRECTION('',(0.,0.,1.));
#9182=DIRECTION('',(1.,0.,0.));
#9183=DIRECTION('',(0.,-0.983912143389909,0.17865299910686));
#9184=DIRECTION('',(0.,-0.17865299910686,-0.983912143389909));
#9185=DIRECTION('',(0.,-0.17865299910686,-0.983912143389909));
#9186=DIRECTION('',(1.,0.,0.));
#9187=DIRECTION('',(0.,-0.17865299910686,-0.983912143389909));
#9188=DIRECTION('',(1.,0.,0.));
#9189=DIRECTION('',(1.,0.,0.));
#9190=DIRECTION('',(0.,-1.,0.));
#9191=DIRECTION('',(1.,0.,0.));
#9192=DIRECTION('',(0.,-1.,0.));
#9193=DIRECTION('',(1.,0.,0.));
#9194=DIRECTION('',(0.,-1.,0.));
#9195=DIRECTION('',(1.,0.,0.));
#9196=DIRECTION('',(0.,-0.982236071794543,-0.187649405183242));
#9197=DIRECTION('',(0.,0.187649405183242,-0.982236071794543));
#9198=DIRECTION('',(0.,0.187649405183242,-0.982236071794543));
#9199=DIRECTION('',(0.,0.187649405183242,-0.982236071794543));
#9200=DIRECTION('',(1.,0.,0.));
#9201=DIRECTION('',(1.,0.,0.));
#9202=DIRECTION('',(0.,-1.,0.));
#9203=DIRECTION('',(1.,0.,0.));
#9204=DIRECTION('',(0.,-1.,0.));
#9205=DIRECTION('',(1.,0.,0.));
#9206=DIRECTION('',(0.,-1.,0.));
#9207=DIRECTION('',(1.,0.,0.));
#9208=DIRECTION('',(0.,0.,-1.));
#9209=DIRECTION('',(1.,0.,0.));
#9210=DIRECTION('',(0.,0.,-1.));
#9211=DIRECTION('',(0.,0.,1.));
#9212=DIRECTION('',(1.,0.,0.));
#9213=DIRECTION('',(0.,-1.,0.));
#9214=DIRECTION('',(-1.,0.,0.));
#9215=DIRECTION('',(0.,0.,-1.));
#9216=DIRECTION('',(1.,0.,0.));
#9217=DIRECTION('',(0.,0.,-1.));
#9218=DIRECTION('',(1.,0.,0.));
#9219=DIRECTION('',(0.,0.,1.));
#9220=DIRECTION('',(0.,-1.,0.));
#9221=DIRECTION('',(0.,-1.,0.));
#9222=DIRECTION('',(0.,-1.,0.));
#9223=DIRECTION('',(1.,0.,0.));
#9224=DIRECTION('',(0.,-1.,0.));
#9225=DIRECTION('',(-1.,0.,0.));
#9226=DIRECTION('',(0.,0.,-1.));
#9227=DIRECTION('',(0.,0.,-1.));
#9228=DIRECTION('',(1.,0.,0.));
#9229=DIRECTION('',(0.,0.,1.));
#9230=DIRECTION('',(0.,-1.,0.));
#9231=DIRECTION('',(0.,-1.,0.));
#9232=DIRECTION('',(0.,-1.,0.));
#9233=DIRECTION('',(1.,0.,0.));
#9234=DIRECTION('',(0.,0.,-1.));
#9235=DIRECTION('',(1.,0.,0.));
#9236=DIRECTION('',(0.,0.,-1.));
#9237=CARTESIAN_POINT('',(0.,0.,0.));
#9238=CARTESIAN_POINT('',(139.845475554466,14.7256273776293,3.3));
#9239=CARTESIAN_POINT('',(139.845475554466,14.7256273776293,3.3));
#9240=CARTESIAN_POINT('',(139.845475554466,11.6697037691685,3.3));
#9241=CARTESIAN_POINT('',(139.845475554466,14.7256273776293,26.5));
#9242=CARTESIAN_POINT('',(139.845475554466,11.6697037691685,26.5));
#9243=CARTESIAN_POINT('',(105.810994204755,12.8467787289992,3.3));
#9244=CARTESIAN_POINT('',(105.810994204755,12.8467787289992,26.5));
#9245=CARTESIAN_POINT('',(0.,0.,0.));
#9246=CARTESIAN_POINT('',(-28.777121925427,43.1802965402603,5.));
#9247=CARTESIAN_POINT('',(-28.777121925427,43.1802965402603,0.));
#9248=CARTESIAN_POINT('',(-29.2088623784508,42.4302965402603,0.));
#9249=CARTESIAN_POINT('',(-28.3453814724031,43.9302965402603,0.));
#9250=CARTESIAN_POINT('',(-29.2088623784508,42.4302965402603,5.));
#9251=CARTESIAN_POINT('',(-29.2088623784508,42.4302965402603,5.));
#9252=CARTESIAN_POINT('',(-28.777121925427,43.1802965402603,5.));
#9253=CARTESIAN_POINT('',(-28.3453814724031,43.9302965402603,5.));
#9254=CARTESIAN_POINT('',(-28.3453814724031,43.9302965402603,5.));
#9255=CARTESIAN_POINT('',(-8.32246158607434,42.4302965402603,5.));
#9256=CARTESIAN_POINT('',(-8.32246158607434,42.4302965402603,0.));
#9257=CARTESIAN_POINT('',(12.5639392063024,42.4302965402603,0.));
#9258=CARTESIAN_POINT('',(12.5639392063024,42.4302965402603,5.));
#9259=CARTESIAN_POINT('',(12.5639392063024,42.4302965402603,5.));
#9260=CARTESIAN_POINT('',(-8.32246158607434,42.4302965402603,5.));
#9261=CARTESIAN_POINT('',(1.71989621594563,23.5679796896875,5.));
#9262=CARTESIAN_POINT('',(1.71989621594563,23.5679796896875,0.));
#9263=CARTESIAN_POINT('',(-9.1241467744112,4.70566283911467,0.));
#9264=CARTESIAN_POINT('',(-9.1241467744112,4.70566283911467,5.));
#9265=CARTESIAN_POINT('',(-9.1241467744112,4.70566283911467,5.));
#9266=CARTESIAN_POINT('',(1.71989621594563,23.5679796896875,5.));
#9267=CARTESIAN_POINT('',(-51.9193501566812,5.12802208167005,5.));
#9268=CARTESIAN_POINT('',(-51.9193501566812,5.12802208167005,0.));
#9269=CARTESIAN_POINT('',(-29.6452872509626,41.6721589784654,0.));
#9270=CARTESIAN_POINT('',(-29.6452872509626,41.6721589784654,5.));
#9271=CARTESIAN_POINT('',(-29.6452872509626,41.6721589784654,5.));
#9272=CARTESIAN_POINT('',(-51.9193501566812,5.12802208167005,5.));
#9273=CARTESIAN_POINT('',(-30.0195817647517,41.0219514675044,5.));
#9274=CARTESIAN_POINT('',(-30.0195817647517,41.0219514675044,0.));
#9275=CARTESIAN_POINT('',(-30.3938762785408,40.3717439565434,0.));
#9276=CARTESIAN_POINT('',(-30.3938762785408,40.3717439565434,5.));
#9277=CARTESIAN_POINT('',(-30.3938762785408,40.3717439565434,5.));
#9278=CARTESIAN_POINT('',(-30.0195817647517,41.0219514675044,5.));
#9279=CARTESIAN_POINT('',(-51.9193501566812,5.12802208167006,5.));
#9280=CARTESIAN_POINT('',(-51.9193501566812,5.12802208167006,0.));
#9281=CARTESIAN_POINT('',(-11.2387315564848,-1.9820572130558,0.));
#9282=CARTESIAN_POINT('',(-11.2387315564848,-1.9820572130558,5.));
#9283=CARTESIAN_POINT('',(-11.2387315564848,-1.9820572130558,5.));
#9284=CARTESIAN_POINT('',(-51.9193501566812,5.12802208167006,5.));
#9285=CARTESIAN_POINT('',(1.95889262281397,20.9741196636022,5.));
#9286=CARTESIAN_POINT('',(1.95889262281397,20.9741196636022,0.));
#9287=CARTESIAN_POINT('',(14.295073574859,42.4318872185996,0.));
#9288=CARTESIAN_POINT('',(14.295073574859,42.4318872185996,5.));
#9289=CARTESIAN_POINT('',(14.295073574859,42.4318872185996,5.));
#9290=CARTESIAN_POINT('',(1.95889262281397,20.9741196636022,5.));
#9291=CARTESIAN_POINT('',(-6.59443233514517,43.9302965402603,5.));
#9292=CARTESIAN_POINT('',(-6.59443233514517,43.9302965402603,5.));
#9293=CARTESIAN_POINT('',(13.4281317382392,43.9302965402603,5.));
#9294=CARTESIAN_POINT('',(13.4281317382392,43.9302965402603,1.7347234759768E-15));
#9295=CARTESIAN_POINT('',(13.4281317382392,43.9302965402603,0.));
#9296=CARTESIAN_POINT('',(-6.59443233514517,43.9302965402603,0.));
#9297=CARTESIAN_POINT('',(-36.7223675757876,15.7313098154283,5.));
#9298=CARTESIAN_POINT('',(13.4281317382392,42.9302965402603,5.));
#9299=CARTESIAN_POINT('',(-36.7223675757876,15.7313098154283,0.));
#9300=CARTESIAN_POINT('',(13.4281317382392,42.9302965402603,0.));
#9301=CARTESIAN_POINT('',(13.4281317382392,42.9302965402603,5.));
#9302=CARTESIAN_POINT('',(0.,0.,0.));
#9303=CARTESIAN_POINT('',(61.3147243857383,31.7660495638847,26.5));
#9304=CARTESIAN_POINT('',(61.3147243857383,31.7660495638847,21.5));
#9305=CARTESIAN_POINT('',(63.2224505146344,33.5842420657476,26.5));
#9306=CARTESIAN_POINT('',(63.2224505146344,33.5842420657476,21.5));
#9307=CARTESIAN_POINT('',(65.6364411115646,34.897681325674,26.5));
#9308=CARTESIAN_POINT('',(65.6364411115646,34.897681325674,21.5));
#9309=CARTESIAN_POINT('',(68.5566961765289,35.7063673436641,26.5));
#9310=CARTESIAN_POINT('',(68.5566961765289,35.7063673436641,21.5));
#9311=CARTESIAN_POINT('',(61.3147243857383,31.7660495638847,21.5));
#9312=CARTESIAN_POINT('',(64.1763135790825,34.493338316679,21.5));
#9313=CARTESIAN_POINT('',(68.5566961765289,35.7063673436641,21.5));
#9314=CARTESIAN_POINT('',(61.3147243857383,31.7660495638847,21.5));
#9315=CARTESIAN_POINT('',(68.5566961765289,35.7063673436641,21.5));
#9316=CARTESIAN_POINT('',(61.3147243857383,31.7660495638847,26.5));
#9317=CARTESIAN_POINT('',(61.3147243857383,31.7660495638847,26.5));
#9318=CARTESIAN_POINT('',(61.3147243857383,31.7660495638847,26.5));
#9319=CARTESIAN_POINT('',(64.1763135790825,34.493338316679,26.5));
#9320=CARTESIAN_POINT('',(68.5566961765289,35.7063673436641,26.5));
#9321=CARTESIAN_POINT('',(68.5566961765289,35.7063673436641,26.5));
#9322=CARTESIAN_POINT('',(68.5566961765289,35.7063673436641,26.5));
#9323=CARTESIAN_POINT('',(361.259056241244,-265.696429970149,26.5));
#9324=CARTESIAN_POINT('',(361.259056241244,-265.696429970149,21.5));
#9325=CARTESIAN_POINT('',(32.5679332017899,-0.34256326034665,21.5));
#9326=CARTESIAN_POINT('',(32.5679332017899,-0.34256326034665,26.5));
#9327=CARTESIAN_POINT('',(32.5679332017899,-0.34256326034665,26.5));
#9328=CARTESIAN_POINT('',(361.259056241244,-265.696429970149,26.5));
#9329=CARTESIAN_POINT('',(34.9838975816966,-0.34256326034665,26.5));
#9330=CARTESIAN_POINT('',(34.9838975816966,-0.34256326034665,21.5));
#9331=CARTESIAN_POINT('',(37.3998619616032,-0.34256326034665,21.5));
#9332=CARTESIAN_POINT('',(37.3998619616032,-0.34256326034665,26.5));
#9333=CARTESIAN_POINT('',(37.3998619616032,-0.34256326034665,26.5));
#9334=CARTESIAN_POINT('',(34.9838975816966,-0.34256326034665,26.5));
#9335=CARTESIAN_POINT('',(47.9441769421101,10.1879956200719,26.5));
#9336=CARTESIAN_POINT('',(47.9441769421101,10.1879956200719,21.5));
#9337=CARTESIAN_POINT('',(45.8444443841775,8.39257116119067,26.5));
#9338=CARTESIAN_POINT('',(45.8444443841775,8.39257116119067,21.5));
#9339=CARTESIAN_POINT('',(42.3296727240086,4.88238486771782,26.5));
#9340=CARTESIAN_POINT('',(42.3296727240086,4.88238486771782,21.5));
#9341=CARTESIAN_POINT('',(37.3998619616032,-0.34256326034665,26.5));
#9342=CARTESIAN_POINT('',(37.3998619616032,-0.34256326034665,21.5));
#9343=CARTESIAN_POINT('',(47.9441769421101,10.1879956200719,21.5));
#9344=CARTESIAN_POINT('',(44.7945781052113,7.49485893175006,21.5));
#9345=CARTESIAN_POINT('',(37.3998619616032,-0.34256326034665,21.5));
#9346=CARTESIAN_POINT('',(47.9441769421101,10.1879956200719,21.5));
#9347=CARTESIAN_POINT('',(47.9441769421101,10.1879956200719,26.5));
#9348=CARTESIAN_POINT('',(47.9441769421101,10.1879956200719,26.5));
#9349=CARTESIAN_POINT('',(47.9441769421101,10.1879956200719,26.5));
#9350=CARTESIAN_POINT('',(44.7945781052113,7.49485893175006,26.5));
#9351=CARTESIAN_POINT('',(37.3998619616032,-0.34256326034665,26.5));
#9352=CARTESIAN_POINT('',(59.8938800394535,20.4998757690192,26.5));
#9353=CARTESIAN_POINT('',(59.8938800394535,20.4998757690192,21.5));
#9354=CARTESIAN_POINT('',(56.8720164398352,18.1912537664175,26.5));
#9355=CARTESIAN_POINT('',(56.8720164398352,18.1912537664175,21.5));
#9356=CARTESIAN_POINT('',(52.8887820740541,14.7539603834351,26.5));
#9357=CARTESIAN_POINT('',(52.8887820740541,14.7539603834351,21.5));
#9358=CARTESIAN_POINT('',(47.9441769421101,10.1879956200719,26.5));
#9359=CARTESIAN_POINT('',(47.9441769421101,10.1879956200719,21.5));
#9360=CARTESIAN_POINT('',(59.8938800394535,20.4998757690192,21.5));
#9361=CARTESIAN_POINT('',(55.3610846400261,17.0369427651167,21.5));
#9362=CARTESIAN_POINT('',(47.9441769421101,10.1879956200719,21.5));
#9363=CARTESIAN_POINT('',(59.8938800394535,20.4998757690192,21.5));
#9364=CARTESIAN_POINT('',(59.8938800394535,20.4998757690192,26.5));
#9365=CARTESIAN_POINT('',(59.8938800394535,20.4998757690192,26.5));
#9366=CARTESIAN_POINT('',(59.8938800394535,20.4998757690192,26.5));
#9367=CARTESIAN_POINT('',(55.3610846400261,17.0369427651167,26.5));
#9368=CARTESIAN_POINT('',(47.9441769421101,10.1879956200719,26.5));
#9369=CARTESIAN_POINT('',(70.6892609596252,28.354438021779,26.5));
#9370=CARTESIAN_POINT('',(70.6892609596252,28.354438021779,21.5));
#9371=CARTESIAN_POINT('',(67.4326568841934,26.3630294551452,26.5));
#9372=CARTESIAN_POINT('',(67.4326568841934,26.3630294551452,21.5));
#9373=CARTESIAN_POINT('',(63.8341965774695,23.7448420375586,26.5));
#9374=CARTESIAN_POINT('',(63.8341965774695,23.7448420375586,21.5));
#9375=CARTESIAN_POINT('',(59.8938800394535,20.4998757690192,26.5));
#9376=CARTESIAN_POINT('',(59.8938800394535,20.4998757690192,21.5));
#9377=CARTESIAN_POINT('',(70.6892609596252,28.354438021779,21.5));
#9378=CARTESIAN_POINT('',(65.8043548464775,25.3673251718283,21.5));
#9379=CARTESIAN_POINT('',(59.8938800394535,20.4998757690192,21.5));
#9380=CARTESIAN_POINT('',(70.6892609596252,28.354438021779,21.5));
#9381=CARTESIAN_POINT('',(70.6892609596252,28.354438021779,26.5));
#9382=CARTESIAN_POINT('',(70.6892609596252,28.354438021779,26.5));
#9383=CARTESIAN_POINT('',(70.6892609596252,28.354438021779,26.5));
#9384=CARTESIAN_POINT('',(65.8043548464775,25.3673251718283,26.5));
#9385=CARTESIAN_POINT('',(59.8938800394535,20.4998757690192,26.5));
#9386=CARTESIAN_POINT('',(85.6289714574814,37.4341886490583,26.5));
#9387=CARTESIAN_POINT('',(85.6289714574814,37.4341886490583,21.5));
#9388=CARTESIAN_POINT('',(79.6449283758799,34.181559458375,26.5));
#9389=CARTESIAN_POINT('',(79.6449283758799,34.181559458375,21.5));
#9390=CARTESIAN_POINT('',(74.6650248765945,31.1549759159486,26.5));
#9391=CARTESIAN_POINT('',(74.6650248765945,31.1549759159486,21.5));
#9392=CARTESIAN_POINT('',(70.6892609596252,28.354438021779,26.5));
#9393=CARTESIAN_POINT('',(70.6892609596252,28.354438021779,21.5));
#9394=CARTESIAN_POINT('',(85.6289714574814,37.4341886490583,21.5));
#9395=CARTESIAN_POINT('',(76.6529068350792,32.5552448630333,21.5));
#9396=CARTESIAN_POINT('',(70.6892609596252,28.354438021779,21.5));
#9397=CARTESIAN_POINT('',(85.6289714574814,37.4341886490583,21.5));
#9398=CARTESIAN_POINT('',(85.6289714574814,37.4341886490583,26.5));
#9399=CARTESIAN_POINT('',(85.6289714574814,37.4341886490583,26.5));
#9400=CARTESIAN_POINT('',(85.6289714574814,37.4341886490583,26.5));
#9401=CARTESIAN_POINT('',(76.6529068350792,32.5552448630333,26.5));
#9402=CARTESIAN_POINT('',(70.6892609596252,28.354438021779,26.5));
#9403=CARTESIAN_POINT('',(85.6289714574814,37.4341886490583,26.5));
#9404=CARTESIAN_POINT('',(85.6289714574814,37.4341886490583,21.5));
#9405=CARTESIAN_POINT('',(81.4216583967209,37.4341886490583,26.5));
#9406=CARTESIAN_POINT('',(81.4216583967209,37.4341886490583,21.5));
#9407=CARTESIAN_POINT('',(79.1419446468353,37.3933960994085,26.5));
#9408=CARTESIAN_POINT('',(79.1419446468353,37.3933960994085,21.5));
#9409=CARTESIAN_POINT('',(78.7898302078247,37.3118110001087,26.5));
#9410=CARTESIAN_POINT('',(78.7898302078247,37.3118110001087,21.5));
#9411=CARTESIAN_POINT('',(85.6289714574814,37.4341886490583,21.5));
#9412=CARTESIAN_POINT('',(79.3180018663406,37.4341886490583,21.5));
#9413=CARTESIAN_POINT('',(78.7898302078247,37.3118110001087,21.5));
#9414=CARTESIAN_POINT('',(78.7898302078247,37.3118110001087,21.5));
#9415=CARTESIAN_POINT('',(78.7898302078247,37.3118110001087,26.5));
#9416=CARTESIAN_POINT('',(78.7898302078247,37.3118110001087,26.5));
#9417=CARTESIAN_POINT('',(85.6289714574814,37.4341886490583,26.5));
#9418=CARTESIAN_POINT('',(79.3180018663406,37.4341886490583,26.5));
#9419=CARTESIAN_POINT('',(78.7898302078247,37.3118110001087,26.5));
#9420=CARTESIAN_POINT('',(68.5566961765289,35.7063673436641,26.5));
#9421=CARTESIAN_POINT('',(68.5566961765289,35.7063673436641,21.5));
#9422=CARTESIAN_POINT('',(70.6383188565572,36.3053965071837,26.5));
#9423=CARTESIAN_POINT('',(70.6383188565572,36.3053965071837,21.5));
#9424=CARTESIAN_POINT('',(74.0493635336558,36.8405443926652,26.5));
#9425=CARTESIAN_POINT('',(74.0493635336558,36.8405443926652,21.5));
#9426=CARTESIAN_POINT('',(78.7898302078247,37.3118110001087,26.5));
#9427=CARTESIAN_POINT('',(78.7898302078247,37.3118110001087,21.5));
#9428=CARTESIAN_POINT('',(68.5566961765289,35.7063673436641,21.5));
#9429=CARTESIAN_POINT('',(71.6791301965714,36.6049110889435,21.5));
#9430=CARTESIAN_POINT('',(78.7898302078247,37.3118110001087,21.5));
#9431=CARTESIAN_POINT('',(68.5566961765289,35.7063673436641,26.5));
#9432=CARTESIAN_POINT('',(71.6791301965714,36.6049110889435,26.5));
#9433=CARTESIAN_POINT('',(78.7898302078247,37.3118110001087,26.5));
#9434=CARTESIAN_POINT('',(101.825311702366,17.5018139416352,26.5));
#9435=CARTESIAN_POINT('',(101.825311702366,17.5018139416352,21.5));
#9436=CARTESIAN_POINT('',(0.,0.,0.));
#9437=CARTESIAN_POINT('',(48.7297885119915,17.1185261569917,3.3));
#9438=CARTESIAN_POINT('',(48.7297885119915,17.1185261569917,26.5));
#9439=CARTESIAN_POINT('',(54.3168149888516,23.3759954571724,26.5));
#9440=CARTESIAN_POINT('',(43.1427620351315,10.861056856811,26.5));
#9441=CARTESIAN_POINT('',(54.3168149888516,23.3759954571724,3.3));
#9442=CARTESIAN_POINT('',(54.3168149888516,23.3759954571724,3.3));
#9443=CARTESIAN_POINT('',(48.7297885119915,17.1185261569917,3.3));
#9444=CARTESIAN_POINT('',(43.1427620351315,10.861056856811,3.3));
#9445=CARTESIAN_POINT('',(43.1427620351315,10.861056856811,3.3));
#9446=CARTESIAN_POINT('',(44.4091539829969,10.0788730196655,3.3));
#9447=CARTESIAN_POINT('',(44.4091539829969,10.0788730196655,26.5));
#9448=CARTESIAN_POINT('',(45.6755459308624,9.29668918251991,26.5));
#9449=CARTESIAN_POINT('',(44.4091539829969,10.0788730196655,3.3));
#9450=CARTESIAN_POINT('',(45.6755459308624,9.29668918251991,3.3));
#9451=CARTESIAN_POINT('',(45.6755459308624,9.29668918251991,3.3));
#9452=CARTESIAN_POINT('',(52.784712985158,15.8273736014962,3.3));
#9453=CARTESIAN_POINT('',(52.784712985158,15.8273736014962,26.5));
#9454=CARTESIAN_POINT('',(59.8938800394535,22.3580580204726,26.5));
#9455=CARTESIAN_POINT('',(52.784712985158,15.8273736014962,3.3));
#9456=CARTESIAN_POINT('',(59.8938800394535,22.3580580204726,3.3));
#9457=CARTESIAN_POINT('',(59.8938800394535,22.3580580204726,3.3));
#9458=CARTESIAN_POINT('',(57.1053475141525,22.8670267388224,3.3));
#9459=CARTESIAN_POINT('',(57.1053475141525,22.8670267388224,26.5));
#9460=CARTESIAN_POINT('',(57.1053475141525,22.8670267388224,3.3));
#9461=CARTESIAN_POINT('',(105.810994204755,12.8467787289992,3.3));
#9462=CARTESIAN_POINT('',(105.810994204755,12.8467787289992,26.5));
#9463=CARTESIAN_POINT('',(0.,0.,0.));
#9464=CARTESIAN_POINT('',(-32.5693851106362,42.4302965402603,11.5));
#9465=CARTESIAN_POINT('',(-32.5693851106362,42.4302965402603,0.));
#9466=CARTESIAN_POINT('',(-34.1991278813276,42.4302965402603,0.));
#9467=CARTESIAN_POINT('',(-30.9396423399449,42.4302965402603,0.));
#9468=CARTESIAN_POINT('',(-34.1991278813276,42.4302965402603,11.5));
#9469=CARTESIAN_POINT('',(-34.1991278813276,42.4302965402603,11.5));
#9470=CARTESIAN_POINT('',(-32.5693851106362,42.4302965402603,11.5));
#9471=CARTESIAN_POINT('',(-30.9396423399449,42.4302965402603,11.5));
#9472=CARTESIAN_POINT('',(-30.9396423399449,42.4302965402603,11.5));
#9473=CARTESIAN_POINT('',(-51.9193501566796,5.12802208167284,11.5));
#9474=CARTESIAN_POINT('',(-51.9193501566796,5.12802208167284,0.));
#9475=CARTESIAN_POINT('',(-31.6880265471925,41.1302373229587,0.));
#9476=CARTESIAN_POINT('',(-31.6880265471925,41.1302373229587,11.5));
#9477=CARTESIAN_POINT('',(-31.6880265471925,41.1302373229587,11.5));
#9478=CARTESIAN_POINT('',(-51.9193501566796,5.12802208167284,11.5));
#9479=CARTESIAN_POINT('',(-31.3138344435686,41.7802669316095,11.5));
#9480=CARTESIAN_POINT('',(-31.3138344435686,41.7802669316095,0.));
#9481=CARTESIAN_POINT('',(-31.3138344435686,41.7802669316095,11.5));
#9482=CARTESIAN_POINT('',(-36.7223675757876,15.7313098154283,11.5));
#9483=CARTESIAN_POINT('',(-36.7223675757876,15.7313098154283,0.));
#9484=CARTESIAN_POINT('',(0.,0.,0.));
#9485=CARTESIAN_POINT('',(67.6900669932365,22.3580580204726,26.5));
#9486=CARTESIAN_POINT('',(67.6900669932365,22.3580580204726,21.5));
#9487=CARTESIAN_POINT('',(69.7333241502444,24.0421959509452,26.5));
#9488=CARTESIAN_POINT('',(69.7333241502444,24.0421959509452,21.5));
#9489=CARTESIAN_POINT('',(72.196215391159,25.1264938463767,26.5));
#9490=CARTESIAN_POINT('',(72.196215391159,25.1264938463767,21.5));
#9491=CARTESIAN_POINT('',(75.0787407159805,25.6109517067671,26.5));
#9492=CARTESIAN_POINT('',(75.0787407159805,25.6109517067671,21.5));
#9493=CARTESIAN_POINT('',(67.6900669932365,22.3580580204726,21.5));
#9494=CARTESIAN_POINT('',(70.7549527287483,24.8842649161816,21.5));
#9495=CARTESIAN_POINT('',(75.0787407159805,25.6109517067671,21.5));
#9496=CARTESIAN_POINT('',(67.6900669932365,22.3580580204726,21.5));
#9497=CARTESIAN_POINT('',(75.0787407159805,25.6109517067671,21.5));
#9498=CARTESIAN_POINT('',(67.6900669932365,22.3580580204726,26.5));
#9499=CARTESIAN_POINT('',(67.6900669932365,22.3580580204726,26.5));
#9500=CARTESIAN_POINT('',(67.6900669932365,22.3580580204726,26.5));
#9501=CARTESIAN_POINT('',(70.7549527287483,24.8842649161816,26.5));
#9502=CARTESIAN_POINT('',(75.0787407159805,25.6109517067671,26.5));
#9503=CARTESIAN_POINT('',(75.0787407159805,25.6109517067671,26.5));
#9504=CARTESIAN_POINT('',(75.0787407159805,25.6109517067671,26.5));
#9505=CARTESIAN_POINT('',(40.5392982065678,-0.34256326034665,26.5));
#9506=CARTESIAN_POINT('',(40.5392982065678,-0.34256326034665,21.5));
#9507=CARTESIAN_POINT('',(49.3141921857992,8.03561741486192,26.5));
#9508=CARTESIAN_POINT('',(49.3141921857992,8.03561741486192,21.5));
#9509=CARTESIAN_POINT('',(58.3644484480222,15.602491175135,26.5));
#9510=CARTESIAN_POINT('',(58.3644484480222,15.602491175135,21.5));
#9511=CARTESIAN_POINT('',(67.6900669932365,22.3580580204726,26.5));
#9512=CARTESIAN_POINT('',(67.6900669932365,22.3580580204726,21.5));
#9513=CARTESIAN_POINT('',(40.5392982065678,-0.34256326034665,21.5));
#9514=CARTESIAN_POINT('',(53.701639175415,12.2247077524662,21.5));
#9515=CARTESIAN_POINT('',(67.6900669932365,22.3580580204726,21.5));
#9516=CARTESIAN_POINT('',(40.5392982065678,-0.34256326034665,21.5));
#9517=CARTESIAN_POINT('',(40.5392982065678,-0.34256326034665,26.5));
#9518=CARTESIAN_POINT('',(40.5392982065678,-0.34256326034665,26.5));
#9519=CARTESIAN_POINT('',(40.5392982065678,-0.34256326034665,26.5));
#9520=CARTESIAN_POINT('',(53.701639175415,12.2247077524662,26.5));
#9521=CARTESIAN_POINT('',(67.6900669932365,22.3580580204726,26.5));
#9522=CARTESIAN_POINT('',(42.200094088912,-0.34256326034665,26.5));
#9523=CARTESIAN_POINT('',(42.200094088912,-0.34256326034665,21.5));
#9524=CARTESIAN_POINT('',(43.8608899712562,-0.34256326034665,21.5));
#9525=CARTESIAN_POINT('',(43.8608899712562,-0.34256326034665,26.5));
#9526=CARTESIAN_POINT('',(43.8608899712562,-0.34256326034665,26.5));
#9527=CARTESIAN_POINT('',(42.200094088912,-0.34256326034665,26.5));
#9528=CARTESIAN_POINT('',(43.8608899712562,-0.342563260346649,26.5));
#9529=CARTESIAN_POINT('',(43.8608899712562,-0.342563260346649,21.5));
#9530=CARTESIAN_POINT('',(45.2321867148081,-0.342563260346649,26.5));
#9531=CARTESIAN_POINT('',(45.2321867148081,-0.342563260346649,21.5));
#9532=CARTESIAN_POINT('',(46.6284168263276,0.084692903328688,26.5));
#9533=CARTESIAN_POINT('',(46.6284168263276,0.084692903328688,21.5));
#9534=CARTESIAN_POINT('',(48.0495803058147,0.939205230679363,26.5));
#9535=CARTESIAN_POINT('',(48.0495803058147,0.939205230679363,21.5));
#9536=CARTESIAN_POINT('',(43.8608899712562,-0.342563260346649,21.5));
#9537=CARTESIAN_POINT('',(45.9178350865841,-0.34256326034665,21.5));
#9538=CARTESIAN_POINT('',(48.0495803058147,0.939205230679363,21.5));
#9539=CARTESIAN_POINT('',(48.0495803058147,0.939205230679363,21.5));
#9540=CARTESIAN_POINT('',(48.0495803058147,0.939205230679363,26.5));
#9541=CARTESIAN_POINT('',(48.0495803058147,0.939205230679363,26.5));
#9542=CARTESIAN_POINT('',(43.8608899712562,-0.342563260346649,26.5));
#9543=CARTESIAN_POINT('',(45.9178350865841,-0.34256326034665,26.5));
#9544=CARTESIAN_POINT('',(48.0495803058147,0.939205230679363,26.5));
#9545=CARTESIAN_POINT('',(49.4707431644201,1.72458493034355,26.5));
#9546=CARTESIAN_POINT('',(49.4707431644201,1.72458493034355,21.5));
#9547=CARTESIAN_POINT('',(50.8919060230255,2.50996463000775,21.5));
#9548=CARTESIAN_POINT('',(50.8919060230255,2.50996463000775,26.5));
#9549=CARTESIAN_POINT('',(50.8919060230255,2.50996463000775,26.5));
#9550=CARTESIAN_POINT('',(49.4707431644201,1.72458493034355,26.5));
#9551=CARTESIAN_POINT('',(56.5765537321568,6.28726556897163,26.5));
#9552=CARTESIAN_POINT('',(56.5765537321568,6.28726556897163,21.5));
#9553=CARTESIAN_POINT('',(54.4323436915875,4.91596820453803,26.5));
#9554=CARTESIAN_POINT('',(54.4323436915875,4.91596820453803,21.5));
#9555=CARTESIAN_POINT('',(52.537461121877,3.65686789155007,26.5));
#9556=CARTESIAN_POINT('',(52.537461121877,3.65686789155007,21.5));
#9557=CARTESIAN_POINT('',(50.8919060230255,2.50996463000775,26.5));
#9558=CARTESIAN_POINT('',(50.8919060230255,2.50996463000775,21.5));
#9559=CARTESIAN_POINT('',(56.5765537321568,6.28726556897163,21.5));
#9560=CARTESIAN_POINT('',(53.3602386713028,4.23031952232123,21.5));
#9561=CARTESIAN_POINT('',(50.8919060230255,2.50996463000775,21.5));
#9562=CARTESIAN_POINT('',(56.5765537321568,6.28726556897163,21.5));
#9563=CARTESIAN_POINT('',(56.5765537321568,6.28726556897163,26.5));
#9564=CARTESIAN_POINT('',(56.5765537321568,6.28726556897163,26.5));
#9565=CARTESIAN_POINT('',(56.5765537321568,6.28726556897163,26.5));
#9566=CARTESIAN_POINT('',(53.3602386713028,4.23031952232123,26.5));
#9567=CARTESIAN_POINT('',(50.8919060230255,2.50996463000775,26.5));
#9568=CARTESIAN_POINT('',(64.582385122776,10.8824176713824,26.5));
#9569=CARTESIAN_POINT('',(64.582385122776,10.8824176713824,21.5));
#9570=CARTESIAN_POINT('',(61.7135018110275,9.51440477122863,26.5));
#9571=CARTESIAN_POINT('',(61.7135018110275,9.51440477122863,21.5));
#9572=CARTESIAN_POINT('',(59.0448913474878,7.98268740375836,26.5));
#9573=CARTESIAN_POINT('',(59.0448913474878,7.98268740375836,21.5));
#9574=CARTESIAN_POINT('',(56.5765537321568,6.28726556897163,26.5));
#9575=CARTESIAN_POINT('',(56.5765537321568,6.28726556897163,21.5));
#9576=CARTESIAN_POINT('',(64.582385122776,10.8824176713824,21.5));
#9577=CARTESIAN_POINT('',(60.2790601551533,8.83039832115173,21.5));
#9578=CARTESIAN_POINT('',(56.5765537321568,6.28726556897163,21.5));
#9579=CARTESIAN_POINT('',(64.582385122776,10.8824176713824,21.5));
#9580=CARTESIAN_POINT('',(64.582385122776,10.8824176713824,26.5));
#9581=CARTESIAN_POINT('',(64.582385122776,10.8824176713824,26.5));
#9582=CARTESIAN_POINT('',(64.582385122776,10.8824176713824,26.5));
#9583=CARTESIAN_POINT('',(60.2790601551533,8.83039832115173,26.5));
#9584=CARTESIAN_POINT('',(56.5765537321568,6.28726556897163,26.5));
#9585=CARTESIAN_POINT('',(74.4877234101296,14.4606912508607,26.5));
#9586=CARTESIAN_POINT('',(74.4877234101296,14.4606912508607,21.5));
#9587=CARTESIAN_POINT('',(71.2205742796262,13.8146712755164,26.5));
#9588=CARTESIAN_POINT('',(71.2205742796262,13.8146712755164,21.5));
#9589=CARTESIAN_POINT('',(67.9187948505083,12.6219134156903,26.5));
#9590=CARTESIAN_POINT('',(67.9187948505083,12.6219134156903,21.5));
#9591=CARTESIAN_POINT('',(64.582385122776,10.8824176713824,26.5));
#9592=CARTESIAN_POINT('',(64.582385122776,10.8824176713824,21.5));
#9593=CARTESIAN_POINT('',(74.4877234101296,14.4606912508607,21.5));
#9594=CARTESIAN_POINT('',(69.5869997143745,13.4916612878442,21.5));
#9595=CARTESIAN_POINT('',(64.582385122776,10.8824176713824,21.5));
#9596=CARTESIAN_POINT('',(74.4877234101296,14.4606912508607,21.5));
#9597=CARTESIAN_POINT('',(74.4877234101296,14.4606912508607,26.5));
#9598=CARTESIAN_POINT('',(74.4877234101296,14.4606912508607,26.5));
#9599=CARTESIAN_POINT('',(74.4877234101296,14.4606912508607,26.5));
#9600=CARTESIAN_POINT('',(69.5869997143745,13.4916612878442,26.5));
#9601=CARTESIAN_POINT('',(64.582385122776,10.8824176713824,26.5));
#9602=CARTESIAN_POINT('',(74.4877234101296,14.4606912508607,26.5));
#9603=CARTESIAN_POINT('',(74.4877234101296,14.4606912508607,21.5));
#9604=CARTESIAN_POINT('',(78.5528446237247,15.3712794805567,26.5));
#9605=CARTESIAN_POINT('',(78.5528446237247,15.3712794805567,21.5));
#9606=CARTESIAN_POINT('',(83.008219798406,15.4688423499465,26.5));
#9607=CARTESIAN_POINT('',(83.008219798406,15.4688423499465,21.5));
#9608=CARTESIAN_POINT('',(87.8538489341736,14.7533798590302,26.5));
#9609=CARTESIAN_POINT('',(87.8538489341736,14.7533798590302,21.5));
#9610=CARTESIAN_POINT('',(74.4877234101296,14.4606912508607,21.5));
#9611=CARTESIAN_POINT('',(80.5854052305222,15.8265735954046,21.5));
#9612=CARTESIAN_POINT('',(87.8538489341736,14.7533798590302,21.5));
#9613=CARTESIAN_POINT('',(87.8538489341736,14.7533798590302,21.5));
#9614=CARTESIAN_POINT('',(87.8538489341736,14.7533798590302,26.5));
#9615=CARTESIAN_POINT('',(87.8538489341736,14.7533798590302,26.5));
#9616=CARTESIAN_POINT('',(74.4877234101296,14.4606912508607,26.5));
#9617=CARTESIAN_POINT('',(80.5854052305222,15.8265735954046,26.5));
#9618=CARTESIAN_POINT('',(87.8538489341736,14.7533798590302,26.5));
#9619=CARTESIAN_POINT('',(100.773006677628,11.110857129097,26.5));
#9620=CARTESIAN_POINT('',(100.773006677628,11.110857129097,21.5));
#9621=CARTESIAN_POINT('',(96.3229238986969,12.8887860725323,26.5));
#9622=CARTESIAN_POINT('',(96.3229238986969,12.8887860725323,21.5));
#9623=CARTESIAN_POINT('',(92.0165379842123,14.1029603158434,26.5));
#9624=CARTESIAN_POINT('',(92.0165379842123,14.1029603158434,21.5));
#9625=CARTESIAN_POINT('',(87.8538489341736,14.7533798590302,26.5));
#9626=CARTESIAN_POINT('',(87.8538489341736,14.7533798590302,21.5));
#9627=CARTESIAN_POINT('',(100.773006677628,11.110857129097,21.5));
#9628=CARTESIAN_POINT('',(94.0978825092316,13.77775054425,21.5));
#9629=CARTESIAN_POINT('',(87.8538489341736,14.7533798590302,21.5));
#9630=CARTESIAN_POINT('',(100.773006677628,11.110857129097,21.5));
#9631=CARTESIAN_POINT('',(100.773006677628,11.110857129097,26.5));
#9632=CARTESIAN_POINT('',(100.773006677628,11.110857129097,26.5));
#9633=CARTESIAN_POINT('',(100.773006677628,11.110857129097,26.5));
#9634=CARTESIAN_POINT('',(94.0978825092316,13.77775054425,26.5));
#9635=CARTESIAN_POINT('',(87.8538489341736,14.7533798590302,26.5));
#9636=CARTESIAN_POINT('',(119.936317205429,2.60853744111955,26.5));
#9637=CARTESIAN_POINT('',(119.936317205429,2.60853744111955,21.5));
#9638=CARTESIAN_POINT('',(110.57503024737,7.16568087227642,26.5));
#9639=CARTESIAN_POINT('',(110.57503024737,7.16568087227642,21.5));
#9640=CARTESIAN_POINT('',(104.187260071437,9.99978743493557,26.5));
#9641=CARTESIAN_POINT('',(104.187260071437,9.99978743493557,21.5));
#9642=CARTESIAN_POINT('',(100.773006677628,11.110857129097,26.5));
#9643=CARTESIAN_POINT('',(100.773006677628,11.110857129097,21.5));
#9644=CARTESIAN_POINT('',(119.936317205429,2.60853744111955,21.5));
#9645=CARTESIAN_POINT('',(105.894386768341,9.44425258785486,21.5));
#9646=CARTESIAN_POINT('',(100.773006677628,11.110857129097,21.5));
#9647=CARTESIAN_POINT('',(119.936317205429,2.60853744111955,21.5));
#9648=CARTESIAN_POINT('',(119.936317205429,2.60853744111955,26.5));
#9649=CARTESIAN_POINT('',(119.936317205429,2.60853744111955,26.5));
#9650=CARTESIAN_POINT('',(119.936317205429,2.60853744111955,26.5));
#9651=CARTESIAN_POINT('',(105.894386768341,9.44425258785486,26.5));
#9652=CARTESIAN_POINT('',(100.773006677628,11.110857129097,26.5));
#9653=CARTESIAN_POINT('',(137.573167681694,1.61871442105621,26.5));
#9654=CARTESIAN_POINT('',(137.573167681694,1.61871442105621,21.5));
#9655=CARTESIAN_POINT('',(131.634230415026,-1.08080237017324,26.5));
#9656=CARTESIAN_POINT('',(131.634230415026,-1.08080237017324,21.5));
#9657=CARTESIAN_POINT('',(125.755280256271,-0.750861363485457,26.5));
#9658=CARTESIAN_POINT('',(125.755280256271,-0.750861363485457,21.5));
#9659=CARTESIAN_POINT('',(119.936317205429,2.60853744111955,26.5));
#9660=CARTESIAN_POINT('',(119.936317205429,2.60853744111955,21.5));
#9661=CARTESIAN_POINT('',(137.573167681694,1.61871442105621,21.5));
#9662=CARTESIAN_POINT('',(128.664761781692,-2.43056076578796,21.5));
#9663=CARTESIAN_POINT('',(119.936317205429,2.60853744111955,21.5));
#9664=CARTESIAN_POINT('',(137.573167681694,1.61871442105621,21.5));
#9665=CARTESIAN_POINT('',(137.573167681694,1.61871442105621,26.5));
#9666=CARTESIAN_POINT('',(137.573167681694,1.61871442105621,26.5));
#9667=CARTESIAN_POINT('',(137.573167681694,1.61871442105621,26.5));
#9668=CARTESIAN_POINT('',(128.664761781692,-2.43056076578796,26.5));
#9669=CARTESIAN_POINT('',(119.936317205429,2.60853744111955,26.5));
#9670=CARTESIAN_POINT('',(171.082690202942,18.5458126943558,26.5));
#9671=CARTESIAN_POINT('',(171.082690202942,18.5458126943558,21.5));
#9672=CARTESIAN_POINT('',(158.821200279312,11.1003951945653,26.5));
#9673=CARTESIAN_POINT('',(158.821200279312,11.1003951945653,21.5));
#9674=CARTESIAN_POINT('',(147.651359438896,5.45802910346538,26.5));
#9675=CARTESIAN_POINT('',(147.651359438896,5.45802910346538,21.5));
#9676=CARTESIAN_POINT('',(137.573167681694,1.61871442105621,26.5));
#9677=CARTESIAN_POINT('',(137.573167681694,1.61871442105621,21.5));
#9678=CARTESIAN_POINT('',(171.082690202942,18.5458126943558,21.5));
#9679=CARTESIAN_POINT('',(152.690455317498,7.37768644466996,21.5));
#9680=CARTESIAN_POINT('',(137.573167681694,1.61871442105621,21.5));
#9681=CARTESIAN_POINT('',(171.082690202942,18.5458126943558,21.5));
#9682=CARTESIAN_POINT('',(171.082690202942,18.5458126943558,26.5));
#9683=CARTESIAN_POINT('',(171.082690202942,18.5458126943558,26.5));
#9684=CARTESIAN_POINT('',(171.082690202942,18.5458126943558,26.5));
#9685=CARTESIAN_POINT('',(152.690455317498,7.37768644466996,26.5));
#9686=CARTESIAN_POINT('',(137.573167681694,1.61871442105621,26.5));
#9687=CARTESIAN_POINT('',(118.172951042652,27.3261740803719,26.5));
#9688=CARTESIAN_POINT('',(118.172951042652,27.3261740803719,21.5));
#9689=CARTESIAN_POINT('',(140.944662193457,24.7652617593606,26.5));
#9690=CARTESIAN_POINT('',(140.944662193457,24.7652617593606,21.5));
#9691=CARTESIAN_POINT('',(158.581241913554,21.8384746306886,26.5));
#9692=CARTESIAN_POINT('',(158.581241913554,21.8384746306886,21.5));
#9693=CARTESIAN_POINT('',(171.082690202942,18.5458126943558,26.5));
#9694=CARTESIAN_POINT('',(171.082690202942,18.5458126943558,21.5));
#9695=CARTESIAN_POINT('',(118.172951042652,27.3261740803719,21.5));
#9696=CARTESIAN_POINT('',(152.33051776886,23.484805598855,21.5));
#9697=CARTESIAN_POINT('',(171.082690202942,18.5458126943558,21.5));
#9698=CARTESIAN_POINT('',(118.172951042652,27.3261740803719,21.5));
#9699=CARTESIAN_POINT('',(118.172951042652,27.3261740803719,26.5));
#9700=CARTESIAN_POINT('',(118.172951042652,27.3261740803719,26.5));
#9701=CARTESIAN_POINT('',(118.172951042652,27.3261740803719,26.5));
#9702=CARTESIAN_POINT('',(152.33051776886,23.484805598855,26.5));
#9703=CARTESIAN_POINT('',(171.082690202942,18.5458126943558,26.5));
#9704=CARTESIAN_POINT('',(92.4280509352684,27.8146099299192,26.5));
#9705=CARTESIAN_POINT('',(92.4280509352684,27.8146099299192,21.5));
#9706=CARTESIAN_POINT('',(93.5957073234022,27.8436263324693,26.5));
#9707=CARTESIAN_POINT('',(93.5957073234022,27.8436263324693,21.5));
#9708=CARTESIAN_POINT('',(95.3457445789652,27.8869400545187,26.5));
#9709=CARTESIAN_POINT('',(95.3457445789652,27.8869400545187,21.5));
#9710=CARTESIAN_POINT('',(97.6825090799737,27.9442900902164,26.5));
#9711=CARTESIAN_POINT('',(97.6825090799737,27.9442900902164,21.5));
#9712=CARTESIAN_POINT('',(99.3879698316697,27.9853496286717,26.5));
#9713=CARTESIAN_POINT('',(99.3879698316697,27.9853496286717,21.5));
#9714=CARTESIAN_POINT('',(100.666081507708,28.0151684084474,26.5));
#9715=CARTESIAN_POINT('',(100.666081507708,28.0151684084474,21.5));
#9716=CARTESIAN_POINT('',(101.529841889057,28.0344195924266,26.5));
#9717=CARTESIAN_POINT('',(101.529841889057,28.0344195924266,21.5));
#9718=CARTESIAN_POINT('',(102.160416289463,28.0476403869654,26.5));
#9719=CARTESIAN_POINT('',(102.160416289463,28.0476403869654,21.5));
#9720=CARTESIAN_POINT('',(102.803757019376,28.0600552552875,26.5));
#9721=CARTESIAN_POINT('',(102.803757019376,28.0600552552875,21.5));
#9722=CARTESIAN_POINT('',(103.36978648651,28.0690673240247,26.5));
#9723=CARTESIAN_POINT('',(103.36978648651,28.0690673240247,21.5));
#9724=CARTESIAN_POINT('',(103.865637883912,28.074232318684,26.5));
#9725=CARTESIAN_POINT('',(103.865637883912,28.074232318684,21.5));
#9726=CARTESIAN_POINT('',(104.261006117854,28.0755484456657,26.5));
#9727=CARTESIAN_POINT('',(104.261006117854,28.0755484456657,21.5));
#9728=CARTESIAN_POINT('',(104.603797837698,28.0738252551068,26.5));
#9729=CARTESIAN_POINT('',(104.603797837698,28.0738252551068,21.5));
#9730=CARTESIAN_POINT('',(104.924410877747,28.0692581290121,26.5));
#9731=CARTESIAN_POINT('',(104.924410877747,28.0692581290121,21.5));
#9732=CARTESIAN_POINT('',(105.247342251645,28.0616158403786,26.5));
#9733=CARTESIAN_POINT('',(105.247342251645,28.0616158403786,21.5));
#9734=CARTESIAN_POINT('',(105.5974461999,28.0501933173055,26.5));
#9735=CARTESIAN_POINT('',(105.5974461999,28.0501933173055,21.5));
#9736=CARTESIAN_POINT('',(106.006301596746,28.0336193469959,26.5));
#9737=CARTESIAN_POINT('',(106.006301596746,28.0336193469959,21.5));
#9738=CARTESIAN_POINT('',(106.524443720252,28.0092167252822,26.5));
#9739=CARTESIAN_POINT('',(106.524443720252,28.0092167252822,21.5));
#9740=CARTESIAN_POINT('',(107.120685252278,27.9781538884118,26.5));
#9741=CARTESIAN_POINT('',(107.120685252278,27.9781538884118,21.5));
#9742=CARTESIAN_POINT('',(107.801686809336,27.9406134127915,26.5));
#9743=CARTESIAN_POINT('',(107.801686809336,27.9406134127915,21.5));
#9744=CARTESIAN_POINT('',(108.470784338333,27.9027350604327,26.5));
#9745=CARTESIAN_POINT('',(108.470784338333,27.9027350604327,21.5));
#9746=CARTESIAN_POINT('',(109.38905954827,27.8496748477013,26.5));
#9747=CARTESIAN_POINT('',(109.38905954827,27.8496748477013,21.5));
#9748=CARTESIAN_POINT('',(110.749875706927,27.7697899595523,26.5));
#9749=CARTESIAN_POINT('',(110.749875706927,27.7697899595523,21.5));
#9750=CARTESIAN_POINT('',(112.567637511627,27.6618873494479,26.5));
#9751=CARTESIAN_POINT('',(112.567637511627,27.6618873494479,21.5));
#9752=CARTESIAN_POINT('',(115.059942956717,27.5129195225835,26.5));
#9753=CARTESIAN_POINT('',(115.059942956717,27.5129195225835,21.5));
#9754=CARTESIAN_POINT('',(116.927023045719,27.400981343817,26.5));
#9755=CARTESIAN_POINT('',(116.927023045719,27.400981343817,21.5));
#9756=CARTESIAN_POINT('',(118.172951042652,27.3261740803719,26.5));
#9757=CARTESIAN_POINT('',(118.172951042652,27.3261740803719,21.5));
#9758=CARTESIAN_POINT('',(92.4280509352684,27.8146099299192,21.5));
#9759=CARTESIAN_POINT('',(104.883052408695,28.1241182237864,21.5));
#9760=CARTESIAN_POINT('',(118.172951042652,27.3261740803719,21.5));
#9761=CARTESIAN_POINT('',(92.4280509352684,27.8146099299192,21.5));
#9762=CARTESIAN_POINT('',(92.4280509352684,27.8146099299192,26.5));
#9763=CARTESIAN_POINT('',(92.4280509352684,27.8146099299192,26.5));
#9764=CARTESIAN_POINT('',(92.4280509352684,27.8146099299192,26.5));
#9765=CARTESIAN_POINT('',(104.883052408695,28.1241182237864,26.5));
#9766=CARTESIAN_POINT('',(118.172951042652,27.3261740803719,26.5));
#9767=CARTESIAN_POINT('',(75.0787407159805,25.6109517067671,26.5));
#9768=CARTESIAN_POINT('',(75.0787407159805,25.6109517067671,21.5));
#9769=CARTESIAN_POINT('',(79.9149771531423,26.440325503548,26.5));
#9770=CARTESIAN_POINT('',(79.9149771531423,26.440325503548,21.5));
#9771=CARTESIAN_POINT('',(85.6980805595716,27.1748782445987,26.5));
#9772=CARTESIAN_POINT('',(85.6980805595716,27.1748782445987,21.5));
#9773=CARTESIAN_POINT('',(92.4280509352684,27.8146099299192,26.5));
#9774=CARTESIAN_POINT('',(92.4280509352684,27.8146099299192,21.5));
#9775=CARTESIAN_POINT('',(75.0787407159805,25.6109517067671,21.5));
#9776=CARTESIAN_POINT('',(82.3330953717232,26.8550124019384,21.5));
#9777=CARTESIAN_POINT('',(92.4280509352684,27.8146099299192,21.5));
#9778=CARTESIAN_POINT('',(75.0787407159805,25.6109517067671,26.5));
#9779=CARTESIAN_POINT('',(82.3330953717232,26.8550124019384,26.5));
#9780=CARTESIAN_POINT('',(92.4280509352684,27.8146099299192,26.5));
#9781=CARTESIAN_POINT('',(101.825311702366,17.5018139416352,26.5));
#9782=CARTESIAN_POINT('',(101.825311702366,17.5018139416352,21.5));
#9783=CARTESIAN_POINT('',(0.,0.,0.));
#9784=CARTESIAN_POINT('',(-71.5912432490177,4.72239710001712,11.5));
#9785=CARTESIAN_POINT('',(-71.5912432490177,4.72239710001712,9.5));
#9786=CARTESIAN_POINT('',(-82.9763199232099,-5.05923826616972,9.5));
#9787=CARTESIAN_POINT('',(-60.2061665748256,-5.05923826616972,9.5));
#9788=CARTESIAN_POINT('',(-60.2061665748256,-5.05923826616972,11.5));
#9789=CARTESIAN_POINT('',(-60.2061665748256,-5.05923826616972,21.5));
#9790=CARTESIAN_POINT('',(-71.5912432490177,4.72239710001712,21.5));
#9791=CARTESIAN_POINT('',(-82.9763199232099,-5.05923826616972,21.5));
#9792=CARTESIAN_POINT('',(-82.9763199232099,-5.05923826616972,11.5));
#9793=CARTESIAN_POINT('',(-71.5912432490177,4.72239710001712,0.));
#9794=CARTESIAN_POINT('',(-71.5912432490177,-10.287611604653,0.));
#9795=CARTESIAN_POINT('',(-36.7223675757876,15.7313098154283,11.5));
#9796=CARTESIAN_POINT('',(-71.5914241651772,-1.75588987262169,11.5));
#9797=CARTESIAN_POINT('',(-61.7231645857128,-1.75588987262169,11.5));
#9798=CARTESIAN_POINT('',(-81.4593219123227,-1.75588987262169,11.5));
#9799=CARTESIAN_POINT('',(-61.7231645857128,-3.7558898726217,11.5));
#9800=CARTESIAN_POINT('',(-60.5402744078129,-2.14319931736071,11.5));
#9801=CARTESIAN_POINT('',(-71.5912432490177,4.72239710001712,11.5));
#9802=CARTESIAN_POINT('',(-82.6422120902226,-2.14319931736071,11.5));
#9803=CARTESIAN_POINT('',(-81.4593219123227,-3.75588987262169,11.5));
#9804=CARTESIAN_POINT('',(-36.7223675757876,15.7313098154283,0.));
#9805=CARTESIAN_POINT('',(-71.5914241651772,-1.75588987262169,21.5));
#9806=CARTESIAN_POINT('',(-71.5914241651772,-1.75588987262169,21.5));
#9807=CARTESIAN_POINT('',(-61.7231645857128,-1.75588987262169,21.5));
#9808=CARTESIAN_POINT('',(-81.4593219123227,-1.75588987262169,21.5));
#9809=CARTESIAN_POINT('',(-61.7231645857128,-1.75588987262169,21.5));
#9810=CARTESIAN_POINT('',(-81.4593219123227,-1.75588987262169,21.5));
#9811=CARTESIAN_POINT('',(-49.784227824863,4.63236444764169,21.5));
#9812=CARTESIAN_POINT('',(-61.7231645857128,-3.7558898726217,21.5));
#9813=CARTESIAN_POINT('',(-81.4593219123227,-3.75588987262169,21.5));
#9814=CARTESIAN_POINT('',(-61.7231645857128,-3.7558898726217,11.5));
#9815=CARTESIAN_POINT('',(-60.5402744078129,-2.14319931736071,11.5));
#9816=CARTESIAN_POINT('',(-60.2715572981907,-2.34030026060667,11.5));
#9817=CARTESIAN_POINT('',(-59.8580711598555,-2.85834574849892,11.3297111476752));
#9818=CARTESIAN_POINT('',(-59.6102715916185,-3.98118448653158,10.6228236089274));
#9819=CARTESIAN_POINT('',(-59.8938113982666,-4.6956806910225,9.94623812378454));
#9820=CARTESIAN_POINT('',(-60.2061665748256,-5.05923826616972,9.5));
#9821=CARTESIAN_POINT('',(-81.4593219123227,-3.75588987262169,11.5));
#9822=CARTESIAN_POINT('',(-82.6422120902226,-2.14319931736071,11.5));
#9823=CARTESIAN_POINT('',(-82.9109291998448,-2.34030026060667,11.5));
#9824=CARTESIAN_POINT('',(-83.3244153381795,-2.85834574849945,11.329711147676));
#9825=CARTESIAN_POINT('',(-83.5722149064193,-3.98118448652885,10.6228236089235));
#9826=CARTESIAN_POINT('',(-83.2886750997589,-4.69568069103418,9.94623812380106));
#9827=CARTESIAN_POINT('',(-82.9763199232099,-5.05923826616972,9.5));
#9828=CARTESIAN_POINT('',(-71.5912432490177,4.72239710001712,9.5));
#9829=CARTESIAN_POINT('',(0.,0.,0.));
#9830=CARTESIAN_POINT('',(-27.9966178350151,4.5617372295731,-0.1));
#9831=CARTESIAN_POINT('',(-27.9966178350151,4.5617372295731,5.));
#9832=CARTESIAN_POINT('',(-17.7038638122943,-9.00514010253809,5.));
#9833=CARTESIAN_POINT('',(-11.3887562379772,8.32735525194664,5.));
#9834=CARTESIAN_POINT('',(-11.3887562379772,8.32735525194664,-0.1));
#9835=CARTESIAN_POINT('',(-11.3887562379772,8.32735525194664,-0.1));
#9836=CARTESIAN_POINT('',(-27.9966178350151,4.5617372295731,-0.1));
#9837=CARTESIAN_POINT('',(-17.7038638122943,-9.00514010253809,-0.1));
#9838=CARTESIAN_POINT('',(-17.7038638122943,-9.00514010253809,-0.1));
#9839=CARTESIAN_POINT('',(-30.007147804571,8.80800183788085,-0.1));
#9840=CARTESIAN_POINT('',(-30.007147804571,8.80800183788085,5.));
#9841=CARTESIAN_POINT('',(-11.2387315564848,-1.9820572130558,5.));
#9842=CARTESIAN_POINT('',(-30.007147804571,8.80800183788085,-0.1));
#9843=CARTESIAN_POINT('',(-11.2387315564848,-1.9820572130558,-0.1));
#9844=CARTESIAN_POINT('',(-11.2387315564848,-1.9820572130558,-0.1));
#9845=CARTESIAN_POINT('',(-43.1081928393241,6.41797042804478,-0.1));
#9846=CARTESIAN_POINT('',(-43.1081928393241,6.41797042804478,5.));
#9847=CARTESIAN_POINT('',(-14.9840796981146,23.6010227427558,5.));
#9848=CARTESIAN_POINT('',(-43.1081928393241,6.41797042804478,-0.1));
#9849=CARTESIAN_POINT('',(-14.9840796981146,23.6010227427558,-0.1));
#9850=CARTESIAN_POINT('',(-14.9840796981146,23.6010227427558,-0.1));
#9851=CARTESIAN_POINT('',(-54.7240560442188,6.18649514983054,-0.1));
#9852=CARTESIAN_POINT('',(-54.7240560442188,6.18649514983054,5.));
#9853=CARTESIAN_POINT('',(-54.7240560442188,6.18649514983054,-0.1));
#9854=CARTESIAN_POINT('',(-27.5881635109483,5.56667291667594,-0.1));
#9855=CARTESIAN_POINT('',(-27.5881635109483,5.56667291667594,5.));
#9856=CARTESIAN_POINT('',(0.,0.,0.));
#9857=CARTESIAN_POINT('',(-36.7223675757876,15.7313098154283,11.5));
#9858=CARTESIAN_POINT('',(-39.3355609723856,-1.75588987262169,11.5));
#9859=CARTESIAN_POINT('',(-38.025711123733,-1.75588987262169,11.5));
#9860=CARTESIAN_POINT('',(-17.9675245462972,-1.75588987262169,11.5));
#9861=CARTESIAN_POINT('',(-17.9675245462972,-3.7558898726217,11.5));
#9862=CARTESIAN_POINT('',(-16.8126965013586,-2.12298687898631,11.5));
#9863=CARTESIAN_POINT('',(-27.9966178350151,4.5617372295731,11.5));
#9864=CARTESIAN_POINT('',(-39.1805391686716,-2.12298687898631,11.5));
#9865=CARTESIAN_POINT('',(-38.025711123733,-3.75588987262169,11.5));
#9866=CARTESIAN_POINT('',(-27.9966178350151,4.5617372295731,11.5));
#9867=CARTESIAN_POINT('',(-27.9966178350151,4.5617372295731,9.5));
#9868=CARTESIAN_POINT('',(-39.5651653435074,-5.03263601231388,9.5));
#9869=CARTESIAN_POINT('',(-16.4280703265228,-5.03263601231388,9.5));
#9870=CARTESIAN_POINT('',(-16.4280703265228,-5.03263601231388,11.5));
#9871=CARTESIAN_POINT('',(-16.4280703265228,-5.03263601231388,21.5));
#9872=CARTESIAN_POINT('',(-27.9966178350151,4.56173722957313,21.5));
#9873=CARTESIAN_POINT('',(-39.5651653435074,-5.03263601231388,21.5));
#9874=CARTESIAN_POINT('',(-39.5651653435074,-5.03263601231388,11.5));
#9875=CARTESIAN_POINT('',(-27.9966178350151,4.5617372295731,0.));
#9876=CARTESIAN_POINT('',(-27.9966178350151,-10.4676769094038,0.));
#9877=CARTESIAN_POINT('',(-36.7223675757876,15.7313098154283,0.));
#9878=CARTESIAN_POINT('',(-39.3355609723856,-1.75588987262169,21.5));
#9879=CARTESIAN_POINT('',(-39.3355609723856,-1.75588987262169,21.5));
#9880=CARTESIAN_POINT('',(-38.025711123733,-1.75588987262169,21.5));
#9881=CARTESIAN_POINT('',(-17.9675245462972,-1.75588987262169,21.5));
#9882=CARTESIAN_POINT('',(-17.9675245462972,-1.75588987262169,11.5));
#9883=CARTESIAN_POINT('',(-38.025711123733,-1.75588987262169,21.5));
#9884=CARTESIAN_POINT('',(-49.784227824863,4.63236444764169,21.5));
#9885=CARTESIAN_POINT('',(-17.9675245462972,-3.7558898726217,21.5));
#9886=CARTESIAN_POINT('',(-38.025711123733,-3.75588987262169,21.5));
#9887=CARTESIAN_POINT('',(-17.9675245462972,-3.7558898726217,11.5));
#9888=CARTESIAN_POINT('',(-16.8126965013586,-2.12298687898631,11.5));
#9889=CARTESIAN_POINT('',(-16.5406245769384,-2.31540265003056,11.5));
#9890=CARTESIAN_POINT('',(-16.1182575320227,-2.82619151279221,11.3297203167989));
#9891=CARTESIAN_POINT('',(-15.851059683814,-3.94449185835347,10.6228325643463));
#9892=CARTESIAN_POINT('',(-16.1221193416243,-4.66373140386952,9.9462403964644));
#9893=CARTESIAN_POINT('',(-16.4280703265228,-5.03263601231388,9.5));
#9894=CARTESIAN_POINT('',(-38.025711123733,-3.75588987262169,11.5));
#9895=CARTESIAN_POINT('',(-39.1805391686716,-2.12298687898631,11.5));
#9896=CARTESIAN_POINT('',(-39.4526110930917,-2.31540265003055,11.5));
#9897=CARTESIAN_POINT('',(-39.874978138007,-2.82619151279284,11.3297203167998));
#9898=CARTESIAN_POINT('',(-40.1421759862189,-3.94449185835012,10.6228325643416));
#9899=CARTESIAN_POINT('',(-39.8711163283936,-4.66373140388414,9.94624039648479));
#9900=CARTESIAN_POINT('',(-39.5651653435074,-5.03263601231388,9.5));
#9901=CARTESIAN_POINT('',(-27.9966178350151,4.5617372295731,9.5));
#9902=CARTESIAN_POINT('',(0.,0.,0.));
#9903=CARTESIAN_POINT('',(-96.6192184133224,4.45445438251689,11.5));
#9904=CARTESIAN_POINT('',(-96.6192184133224,4.45445438251689,0.));
#9905=CARTESIAN_POINT('',(-52.6559762656689,4.70566283911467,0.));
#9906=CARTESIAN_POINT('',(-74.4682550430298,42.4302965402603,0.));
#9907=CARTESIAN_POINT('',(-52.6559762656689,4.70566283911467,11.5));
#9908=CARTESIAN_POINT('',(-52.6559762656689,4.70566283911467,11.5));
#9909=CARTESIAN_POINT('',(-96.6192184133224,4.45445438251689,11.5));
#9910=CARTESIAN_POINT('',(-74.4682550430298,42.4302965402603,11.5));
#9911=CARTESIAN_POINT('',(-74.4682550430298,42.4302965402603,11.5));
#9912=CARTESIAN_POINT('',(-42.1720014064306,22.9179500810367,11.5));
#9913=CARTESIAN_POINT('',(-42.1720014064306,22.9179500810367,0.));
#9914=CARTESIAN_POINT('',(-31.6880265471925,41.1302373229587,0.));
#9915=CARTESIAN_POINT('',(-31.6880265471925,41.1302373229587,11.5));
#9916=CARTESIAN_POINT('',(-31.6880265471925,41.1302373229587,11.5));
#9917=CARTESIAN_POINT('',(-42.1720014064306,22.9179500810367,11.5));
#9918=CARTESIAN_POINT('',(-51.9193501566796,5.12802208167284,11.5));
#9919=CARTESIAN_POINT('',(-51.9193501566796,5.12802208167284,0.));
#9920=CARTESIAN_POINT('',(-34.1991278813276,42.4302965402603,0.));
#9921=CARTESIAN_POINT('',(-34.1991278813276,42.4302965402603,11.5));
#9922=CARTESIAN_POINT('',(-34.1991278813276,42.4302965402603,11.5));
#9923=CARTESIAN_POINT('',(-51.9193501566796,5.12802208167284,11.5));
#9924=CARTESIAN_POINT('',(-54.3336914621787,42.4302965402603,11.5));
#9925=CARTESIAN_POINT('',(-54.3336914621787,42.4302965402603,0.));
#9926=CARTESIAN_POINT('',(-54.3336914621787,42.4302965402603,11.5));
#9927=CARTESIAN_POINT('',(-36.7223675757876,15.7313098154283,11.5));
#9928=CARTESIAN_POINT('',(-36.7223675757876,15.7313098154283,0.));
#9929=CARTESIAN_POINT('',(0.,0.,0.));
#9930=CARTESIAN_POINT('',(-8.32246158607434,42.4302965402603,11.5));
#9931=CARTESIAN_POINT('',(-8.32246158607434,42.4302965402603,0.));
#9932=CARTESIAN_POINT('',(-29.2088623784508,42.4302965402603,0.));
#9933=CARTESIAN_POINT('',(12.5639392063024,42.4302965402603,0.));
#9934=CARTESIAN_POINT('',(-29.2088623784508,42.4302965402603,11.5));
#9935=CARTESIAN_POINT('',(-29.2088623784508,42.4302965402603,11.5));
#9936=CARTESIAN_POINT('',(-8.32246158607434,42.4302965402603,11.5));
#9937=CARTESIAN_POINT('',(12.5639392063024,42.4302965402603,11.5));
#9938=CARTESIAN_POINT('',(12.5639392063024,42.4302965402603,11.5));
#9939=CARTESIAN_POINT('',(-29.4270748147067,42.0512277593628,11.5));
#9940=CARTESIAN_POINT('',(-29.4270748147067,42.0512277593628,0.));
#9941=CARTESIAN_POINT('',(-29.6452872509626,41.6721589784654,0.));
#9942=CARTESIAN_POINT('',(-29.6452872509626,41.6721589784654,11.5));
#9943=CARTESIAN_POINT('',(-29.6452872509626,41.6721589784654,11.5));
#9944=CARTESIAN_POINT('',(-29.4270748147067,42.0512277593628,11.5));
#9945=CARTESIAN_POINT('',(-51.9193501566812,5.12802208167005,11.5));
#9946=CARTESIAN_POINT('',(-51.9193501566812,5.12802208167005,0.));
#9947=CARTESIAN_POINT('',(-9.1241467744112,4.70566283911467,0.));
#9948=CARTESIAN_POINT('',(-9.1241467744112,4.70566283911467,11.5));
#9949=CARTESIAN_POINT('',(-9.1241467744112,4.70566283911467,11.5));
#9950=CARTESIAN_POINT('',(-51.9193501566812,5.12802208167005,11.5));
#9951=CARTESIAN_POINT('',(1.71989621594563,23.5679796896875,11.5));
#9952=CARTESIAN_POINT('',(1.71989621594563,23.5679796896875,0.));
#9953=CARTESIAN_POINT('',(1.71989621594563,23.5679796896875,11.5));
#9954=CARTESIAN_POINT('',(-36.7223675757876,15.7313098154283,11.5));
#9955=CARTESIAN_POINT('',(-36.7223675757876,15.7313098154283,0.));
#9956=CARTESIAN_POINT('',(0.,0.,0.));
#9957=CARTESIAN_POINT('',(-71.5914241651772,-1.75588987262169,26.5));
#9958=CARTESIAN_POINT('',(-71.5914241651772,-1.75588987262169,26.5));
#9959=CARTESIAN_POINT('',(-60.3088620998219,-1.75588987262169,26.5));
#9960=CARTESIAN_POINT('',(-82.8736243982136,-1.75588987262169,26.5));
#9961=CARTESIAN_POINT('',(-60.3088620998219,-1.75588987262169,26.5));
#9962=CARTESIAN_POINT('',(-59.7455957127709,-1.75588987262169,26.5));
#9963=CARTESIAN_POINT('',(-58.6204211263868,-1.75588987262169,26.1417500583521));
#9964=CARTESIAN_POINT('',(-58.0512225985752,-1.75588987262169,25.0657743114624));
#9965=CARTESIAN_POINT('',(-58.0512225985752,-1.75588987262169,24.5));
#9966=CARTESIAN_POINT('',(-58.0512225985752,-1.75588987262169,24.5));
#9967=CARTESIAN_POINT('',(-58.0512225985752,-1.75588987262169,26.5));
#9968=CARTESIAN_POINT('',(-58.0512225985752,-1.75588987262169,21.5));
#9969=CARTESIAN_POINT('',(-71.5914241651772,-1.75588987262169,21.5));
#9970=CARTESIAN_POINT('',(-85.1312638994603,-1.75588987262169,21.5));
#9971=CARTESIAN_POINT('',(-85.1312638994603,-1.75588987262169,26.5));
#9972=CARTESIAN_POINT('',(-85.1312638994603,-1.75588987262169,24.5));
#9973=CARTESIAN_POINT('',(-85.1312638994603,-1.75588987262169,24.5));
#9974=CARTESIAN_POINT('',(-85.1312638994603,-1.75588987262169,25.0640893341176));
#9975=CARTESIAN_POINT('',(-84.5666947392143,-1.75588987262169,26.1391262506458));
#9976=CARTESIAN_POINT('',(-83.4359445913319,-1.75588987262169,26.5));
#9977=CARTESIAN_POINT('',(-82.8736243982136,-1.75588987262169,26.5));
#9978=CARTESIAN_POINT('',(-71.5912432490177,4.72239710001712,26.5));
#9979=CARTESIAN_POINT('',(-71.5912432490177,4.72239710001712,24.5));
#9980=CARTESIAN_POINT('',(-71.5912432490177,4.72239710001712,21.5));
#9981=CARTESIAN_POINT('',(-49.784227824863,4.63236444764169,26.5));
#9982=CARTESIAN_POINT('',(-71.5912432490177,4.72239710001712,26.5));
#9983=CARTESIAN_POINT('',(-49.784227824863,4.63236444764169,21.5));
#9984=CARTESIAN_POINT('',(-71.5912432490177,4.72239710001712,24.5));
#9985=CARTESIAN_POINT('',(0.,0.,0.));
#9986=CARTESIAN_POINT('',(-38.0940950206629,-83.7080815434456,10.));
#9987=CARTESIAN_POINT('',(59.3770791595507,-48.7080815434456,10.));
#9988=CARTESIAN_POINT('',(59.3770791595507,-106.637011543446,10.));
#9989=CARTESIAN_POINT('',(59.3770791595507,-60.7791515434456,10.));
#9990=CARTESIAN_POINT('',(-147.636339200876,-60.7791515434457,10.));
#9991=CARTESIAN_POINT('',(-135.565269200876,-60.7791515434457,10.));
#9992=CARTESIAN_POINT('',(-135.565269200876,-83.7080815434457,10.));
#9993=CARTESIAN_POINT('',(-135.565269200876,-106.637011543446,10.));
#9994=CARTESIAN_POINT('',(-38.0940950206629,-106.637011543446,10.));
#9995=CARTESIAN_POINT('',(-77.4764437558675,-90.7674099770619,10.));
#9996=CARTESIAN_POINT('',(-76.106810997088,-90.7674099770619,10.));
#9997=CARTESIAN_POINT('',(-78.8460765146469,-90.7674099770619,10.));
#9998=CARTESIAN_POINT('',(-80.9561945972052,-84.6703351153986,10.));
#9999=CARTESIAN_POINT('',(-83.0663126797634,-78.5732602537353,10.));
#10000=CARTESIAN_POINT('',(-85.1976379792318,-84.6703351153986,10.));
#10001=CARTESIAN_POINT('',(-87.3289632787002,-90.7674099770619,10.));
#10002=CARTESIAN_POINT('',(-88.7091996459347,-90.7674099770619,10.));
#10003=CARTESIAN_POINT('',(-90.0894360131692,-90.7674099770619,10.));
#10004=CARTESIAN_POINT('',(-87.240599874908,-82.6379768281775,10.));
#10005=CARTESIAN_POINT('',(-84.3917637366468,-74.5085436792931,10.));
#10006=CARTESIAN_POINT('',(-83.0769162882185,-74.5085436792931,10.));
#10007=CARTESIAN_POINT('',(-81.7620688397902,-74.5085436792931,10.));
#10008=CARTESIAN_POINT('',(-78.9344399184391,-82.6379768281775,10.));
#10009=CARTESIAN_POINT('',(19.0199277213904,-90.7674099770619,10.));
#10010=CARTESIAN_POINT('',(20.3683532632597,-90.7674099770619,10.));
#10011=CARTESIAN_POINT('',(17.6715021795211,-90.7674099770619,10.));
#10012=CARTESIAN_POINT('',(17.6715021795211,-82.6273732197224,10.));
#10013=CARTESIAN_POINT('',(17.6715021795211,-74.4873364623829,10.));
#10014=CARTESIAN_POINT('',(19.0199277213904,-74.4873364623829,10.));
#10015=CARTESIAN_POINT('',(20.3683532632597,-74.4873364623829,10.));
#10016=CARTESIAN_POINT('',(20.3683532632597,-82.6273732197224,10.));
#10017=CARTESIAN_POINT('',(6.00093836939535,-74.4802673900796,10.));
#10018=CARTESIAN_POINT('',(6.71444010928565,-74.4802673900796,10.));
#10019=CARTESIAN_POINT('',(5.28762714620147,-74.4802673900796,10.));
#10020=CARTESIAN_POINT('',(6.71444010928565,-75.4664029764008,10.));
#10021=CARTESIAN_POINT('',(6.71444010928565,-76.4525409791252,10.));
#10022=CARTESIAN_POINT('',(7.14714201741511,-80.1548459441756,10.));
#10023=CARTESIAN_POINT('',(5.30239291668594,-76.9155627985932,10.));
#10024=CARTESIAN_POINT('',(5.30239291668594,-76.9155627985932,10.));
#10025=CARTESIAN_POINT('',(4.63966738824428,-77.2902236306722,10.));
#10026=CARTESIAN_POINT('',(4.15366866738706,-78.020105345996,10.));
#10027=CARTESIAN_POINT('',(4.15366866738706,-78.020105345996,10.));
#10028=CARTESIAN_POINT('',(4.15366866738706,-78.020105345996,10.));
#10029=CARTESIAN_POINT('',(3.66766994652984,-78.7499870613197,10.));
#10030=CARTESIAN_POINT('',(3.3796052501672,-79.8757368256326,10.));
#10031=CARTESIAN_POINT('',(3.3796052501672,-79.8757368256326,10.));
#10032=CARTESIAN_POINT('',(3.3796052501672,-79.8757368256326,10.));
#10033=CARTESIAN_POINT('',(3.09154055380455,-81.0014865899455,10.));
#10034=CARTESIAN_POINT('',(3.07033333689443,-82.5496134243853,10.));
#10035=CARTESIAN_POINT('',(3.07033333689443,-82.5496134243853,10.));
#10036=CARTESIAN_POINT('',(3.07033333689443,-82.5496134243853,10.));
#10037=CARTESIAN_POINT('',(3.09154055380455,-84.1189474757351,10.));
#10038=CARTESIAN_POINT('',(3.3796052501672,-85.234093631593,10.));
#10039=CARTESIAN_POINT('',(3.3796052501672,-85.234093631593,10.));
#10040=CARTESIAN_POINT('',(3.3796052501672,-85.234093631593,10.));
#10041=CARTESIAN_POINT('',(3.66766994652984,-86.3492397874508,10.));
#10042=CARTESIAN_POINT('',(4.16427227584213,-87.1003287196847,10.));
#10043=CARTESIAN_POINT('',(4.16427227584213,-87.1003287196847,10.));
#10044=CARTESIAN_POINT('',(4.16427227584213,-87.1003287196847,10.));
#10045=CARTESIAN_POINT('',(4.66087460515441,-87.8514176519186,10.));
#10046=CARTESIAN_POINT('',(5.32360013359608,-88.2384493605285,10.));
#10047=CARTESIAN_POINT('',(5.32360013359608,-88.2384493605285,10.));
#10048=CARTESIAN_POINT('',(7.01370321869539,-85.4042199182414,10.));
#10049=CARTESIAN_POINT('',(6.71444010928565,-88.6896505733295,10.));
#10050=CARTESIAN_POINT('',(6.71444010928565,-89.7282563484654,10.));
#10051=CARTESIAN_POINT('',(6.71444010928565,-90.7674099770619,10.));
#10052=CARTESIAN_POINT('',(6.28093676278357,-90.7674099770619,10.));
#10053=CARTESIAN_POINT('',(5.84744532158366,-90.7673468271284,10.));
#10054=CARTESIAN_POINT('',(7.08000420536358,-84.2293201993364,10.));
#10055=CARTESIAN_POINT('',(4.19608310120732,-90.2248586777776,10.));
#10056=CARTESIAN_POINT('',(4.19608310120732,-90.2248586777776,10.));
#10057=CARTESIAN_POINT('',(3.02438436692247,-89.6611001615833,10.));
#10058=CARTESIAN_POINT('',(2.1743284224413,-88.6131101926075,10.));
#10059=CARTESIAN_POINT('',(2.1743284224413,-88.6131101926075,10.));
#10060=CARTESIAN_POINT('',(2.1743284224413,-88.6131101926075,10.));
#10061=CARTESIAN_POINT('',(1.32427247796012,-87.5651202236318,10.));
#10062=CARTESIAN_POINT('',(0.848877365557957,-86.039967874178,10.));
#10063=CARTESIAN_POINT('',(0.848877365557957,-86.039967874178,10.));
#10064=CARTESIAN_POINT('',(0.848877365557957,-86.039967874178,10.));
#10065=CARTESIAN_POINT('',(0.37348225315581,-84.5148155247243,10.));
#10066=CARTESIAN_POINT('',(0.37348225315581,-82.5496134243853,10.));
#10067=CARTESIAN_POINT('',(0.37348225315581,-82.5496134243853,10.));
#10068=CARTESIAN_POINT('',(0.37348225315581,-82.5496134243853,10.));
#10069=CARTESIAN_POINT('',(0.37348225315581,-80.5844113240462,10.));
#10070=CARTESIAN_POINT('',(0.848877365557957,-79.0698625830476,10.));
#10071=CARTESIAN_POINT('',(0.848877365557957,-79.0698625830476,10.));
#10072=CARTESIAN_POINT('',(0.848877365557957,-79.0698625830476,10.));
#10073=CARTESIAN_POINT('',(1.32427247796012,-77.5553138420489,10.));
#10074=CARTESIAN_POINT('',(2.1743284224413,-76.5073238730731,10.));
#10075=CARTESIAN_POINT('',(2.1743284224413,-76.5073238730731,10.));
#10076=CARTESIAN_POINT('',(2.1743284224413,-76.5073238730731,10.));
#10077=CARTESIAN_POINT('',(3.02438436692247,-75.4593339040974,10.));
#10078=CARTESIAN_POINT('',(4.18547949275226,-74.895575387903,10.));
#10079=CARTESIAN_POINT('',(4.18547949275226,-74.895575387903,10.));
#10080=CARTESIAN_POINT('',(7.0021527781874,-80.7008915913807,10.));
#10081=CARTESIAN_POINT('',(8.32758628985039,-74.4802673900796,10.));
#10082=CARTESIAN_POINT('',(9.05709914812349,-74.4802648715158,10.));
#10083=CARTESIAN_POINT('',(7.59807414720787,-74.4802673900796,10.));
#10084=CARTESIAN_POINT('',(7.37433965547502,-80.4016145573288,10.));
#10085=CARTESIAN_POINT('',(10.1058275468311,-74.8849717794479,10.));
#10086=CARTESIAN_POINT('',(10.1058275468311,-74.8849717794479,10.));
#10087=CARTESIAN_POINT('',(11.2669226726609,-75.4593339040974,10.));
#10088=CARTESIAN_POINT('',(12.1169786171421,-76.5073238730731,10.));
#10089=CARTESIAN_POINT('',(12.1169786171421,-76.5073238730731,10.));
#10090=CARTESIAN_POINT('',(12.1169786171421,-76.5073238730731,10.));
#10091=CARTESIAN_POINT('',(12.9670345616233,-77.5553138420489,10.));
#10092=CARTESIAN_POINT('',(13.4530332824805,-79.0698625830476,10.));
#10093=CARTESIAN_POINT('',(13.4530332824805,-79.0698625830476,10.));
#10094=CARTESIAN_POINT('',(13.4530332824805,-79.0698625830476,10.));
#10095=CARTESIAN_POINT('',(13.9390320033377,-80.5844113240462,10.));
#10096=CARTESIAN_POINT('',(13.9390320033377,-82.5496134243853,10.));
#10097=CARTESIAN_POINT('',(13.9390320033377,-82.5496134243853,10.));
#10098=CARTESIAN_POINT('',(13.9390320033377,-82.5496134243853,10.));
#10099=CARTESIAN_POINT('',(13.9390320033377,-84.5148155247243,10.));
#10100=CARTESIAN_POINT('',(13.4530332824805,-86.039967874178,10.));
#10101=CARTESIAN_POINT('',(13.4530332824805,-86.039967874178,10.));
#10102=CARTESIAN_POINT('',(13.4530332824805,-86.039967874178,10.));
#10103=CARTESIAN_POINT('',(12.9670345616233,-87.5651202236318,10.));
#10104=CARTESIAN_POINT('',(12.1169786171421,-88.6131101926075,10.));
#10105=CARTESIAN_POINT('',(12.1169786171421,-88.6131101926075,10.));
#10106=CARTESIAN_POINT('',(12.1169786171421,-88.6131101926075,10.));
#10107=CARTESIAN_POINT('',(11.2669226726609,-89.6611001615833,10.));
#10108=CARTESIAN_POINT('',(10.118198423362,-90.2248586777776,10.));
#10109=CARTESIAN_POINT('',(10.118198423362,-90.2248586777776,10.));
#10110=CARTESIAN_POINT('',(7.31058163472047,-84.4761684218341,10.));
#10111=CARTESIAN_POINT('',(8.47616188676473,-90.7672314617961,10.));
#10112=CARTESIAN_POINT('',(8.03713455424456,-90.7674099770619,10.));
#10113=CARTESIAN_POINT('',(7.59807414720787,-90.7674099770619,10.));
#10114=CARTESIAN_POINT('',(7.59807414720787,-89.7282563484654,10.));
#10115=CARTESIAN_POINT('',(7.59807414720787,-88.6891206675201,10.));
#10116=CARTESIAN_POINT('',(7.17846290348214,-85.0850353135545,10.));
#10117=CARTESIAN_POINT('',(9.01365587595926,-88.2154748755425,10.));
#10118=CARTESIAN_POINT('',(9.01365587595926,-88.2154748755425,10.));
#10119=CARTESIAN_POINT('',(9.67638140440093,-87.8302104350084,10.));
#10120=CARTESIAN_POINT('',(10.1623801252581,-87.0897251112296,10.));
#10121=CARTESIAN_POINT('',(10.1623801252581,-87.0897251112296,10.));
#10122=CARTESIAN_POINT('',(10.1623801252581,-87.0897251112296,10.));
#10123=CARTESIAN_POINT('',(10.6483788461154,-86.3492397874508,10.));
#10124=CARTESIAN_POINT('',(10.9346762744022,-85.234093631593,10.));
#10125=CARTESIAN_POINT('',(10.9346762744022,-85.234093631593,10.));
#10126=CARTESIAN_POINT('',(10.9346762744022,-85.234093631593,10.));
#10127=CARTESIAN_POINT('',(11.220973702689,-84.1189474757351,10.));
#10128=CARTESIAN_POINT('',(11.2421809195991,-82.5496134243853,10.));
#10129=CARTESIAN_POINT('',(11.2421809195991,-82.5496134243853,10.));
#10130=CARTESIAN_POINT('',(11.2421809195991,-82.5496134243853,10.));
#10131=CARTESIAN_POINT('',(11.220973702689,-80.9802793730354,10.));
#10132=CARTESIAN_POINT('',(10.9346762744022,-79.8651332171776,10.));
#10133=CARTESIAN_POINT('',(10.9346762744022,-79.8651332171776,10.));
#10134=CARTESIAN_POINT('',(10.9346762744022,-79.8651332171776,10.));
#10135=CARTESIAN_POINT('',(10.6483788461154,-78.7499870613197,10.));
#10136=CARTESIAN_POINT('',(10.1500092487272,-78.0095017375409,10.));
#10137=CARTESIAN_POINT('',(10.1500092487272,-78.0095017375409,10.));
#10138=CARTESIAN_POINT('',(10.1500092487272,-78.0095017375409,10.));
#10139=CARTESIAN_POINT('',(9.6516396513391,-77.2690164137621,10.));
#10140=CARTESIAN_POINT('',(8.98891412289744,-76.8819847051522,10.));
#10141=CARTESIAN_POINT('',(8.98891412289744,-76.8819847051522,10.));
#10142=CARTESIAN_POINT('',(7.29881103779814,-79.7162141474386,10.));
#10143=CARTESIAN_POINT('',(7.59807414720787,-76.4307834923511,10.));
#10144=CARTESIAN_POINT('',(7.59807414720787,-75.4557993679457,10.));
#10145=CARTESIAN_POINT('',(-4.88414027248139,-76.2970189720476,10.));
#10146=CARTESIAN_POINT('',(-2.4541466681953,-76.2970189720476,10.));
#10147=CARTESIAN_POINT('',(-7.31413387676749,-76.2970189720476,10.));
#10148=CARTESIAN_POINT('',(-7.31413387676749,-83.5322144745548,10.));
#10149=CARTESIAN_POINT('',(-7.31413387676749,-90.7674099770619,10.));
#10150=CARTESIAN_POINT('',(-8.65018854210588,-90.7674099770619,10.));
#10151=CARTESIAN_POINT('',(-9.98624320744428,-90.7674099770619,10.));
#10152=CARTESIAN_POINT('',(-9.98624320744428,-83.5322144745548,10.));
#10153=CARTESIAN_POINT('',(-9.98624320744428,-76.2970189720476,10.));
#10154=CARTESIAN_POINT('',(-12.4162368117304,-76.2970189720476,10.));
#10155=CARTESIAN_POINT('',(-14.8462304160165,-76.2970189720476,10.));
#10156=CARTESIAN_POINT('',(-14.8462304160165,-75.3921777172153,10.));
#10157=CARTESIAN_POINT('',(-14.8462304160165,-74.4873364623829,10.));
#10158=CARTESIAN_POINT('',(-8.65018854210588,-74.4873364623829,10.));
#10159=CARTESIAN_POINT('',(-2.4541466681953,-74.4873364623829,10.));
#10160=CARTESIAN_POINT('',(-2.4541466681953,-75.3921777172153,10.));
#10161=CARTESIAN_POINT('',(28.0983838270034,-74.4873364623829,10.));
#10162=CARTESIAN_POINT('',(26.7517255532099,-74.4873364623829,10.));
#10163=CARTESIAN_POINT('',(29.4450421007968,-74.4873364623829,10.));
#10164=CARTESIAN_POINT('',(29.4450421007968,-82.6273732197224,10.));
#10165=CARTESIAN_POINT('',(29.4450421007968,-90.7674099770619,10.));
#10166=CARTESIAN_POINT('',(28.0983838270034,-90.7674099770619,10.));
#10167=CARTESIAN_POINT('',(26.7517255532099,-90.7674099770619,10.));
#10168=CARTESIAN_POINT('',(24.012460035651,-85.9516044703858,10.));
#10169=CARTESIAN_POINT('',(21.2731945180921,-81.1357989637097,10.));
#10170=CARTESIAN_POINT('',(21.2731945180921,-78.5944674706454,10.));
#10171=CARTESIAN_POINT('',(21.2731945180921,-76.0531359775811,10.));
#10172=CARTESIAN_POINT('',(24.012460035651,-80.8813123607881,10.));
#10173=CARTESIAN_POINT('',(26.7517255532099,-85.7094887439951,10.));
#10174=CARTESIAN_POINT('',(26.7517255532099,-80.098412603189,10.));
#10175=CARTESIAN_POINT('',(-33.8231550144341,-82.6273732197224,10.));
#10176=CARTESIAN_POINT('',(-33.8231550144341,-74.4873364623829,10.));
#10177=CARTESIAN_POINT('',(-33.8231550144341,-90.7674099770619,10.));
#10178=CARTESIAN_POINT('',(-35.1698132882275,-90.7674099770619,10.));
#10179=CARTESIAN_POINT('',(-36.516471562021,-90.7674099770619,10.));
#10180=CARTESIAN_POINT('',(-36.516471562021,-82.6273732197224,10.));
#10181=CARTESIAN_POINT('',(-36.516471562021,-74.4873364623829,10.));
#10182=CARTESIAN_POINT('',(-35.1698132882275,-74.4873364623829,10.));
#10183=CARTESIAN_POINT('',(-69.9425799485426,-82.6273732197224,10.));
#10184=CARTESIAN_POINT('',(-69.9425799485426,-74.4873364623829,10.));
#10185=CARTESIAN_POINT('',(-69.9425799485426,-90.7674099770619,10.));
#10186=CARTESIAN_POINT('',(-71.268031005426,-90.7674099770619,10.));
#10187=CARTESIAN_POINT('',(-72.5934820623093,-90.7674099770619,10.));
#10188=CARTESIAN_POINT('',(-72.5934820623093,-82.6273732197224,10.));
#10189=CARTESIAN_POINT('',(-72.5934820623093,-74.4873364623829,10.));
#10190=CARTESIAN_POINT('',(-71.268031005426,-74.4873364623829,10.));
#10191=CARTESIAN_POINT('',(-19.3315567925096,-74.4873364623829,10.));
#10192=CARTESIAN_POINT('',(-20.6782150663031,-74.4873364623829,10.));
#10193=CARTESIAN_POINT('',(-17.9848985187162,-74.4873364623829,10.));
#10194=CARTESIAN_POINT('',(-17.9848985187162,-82.6273732197224,10.));
#10195=CARTESIAN_POINT('',(-17.9848985187162,-90.7674099770619,10.));
#10196=CARTESIAN_POINT('',(-19.3315567925096,-90.7674099770619,10.));
#10197=CARTESIAN_POINT('',(-20.6782150663031,-90.7674099770619,10.));
#10198=CARTESIAN_POINT('',(-23.417480583862,-85.9516044703858,10.));
#10199=CARTESIAN_POINT('',(-26.1567461014209,-81.1357989637097,10.));
#10200=CARTESIAN_POINT('',(-26.1567461014209,-78.5944674706454,10.));
#10201=CARTESIAN_POINT('',(-26.1567461014209,-76.0531359775811,10.));
#10202=CARTESIAN_POINT('',(-23.417480583862,-80.8813123607881,10.));
#10203=CARTESIAN_POINT('',(-20.6782150663031,-85.7094887439951,10.));
#10204=CARTESIAN_POINT('',(-20.6782150663031,-80.098412603189,10.));
#10205=CARTESIAN_POINT('',(-28.4100128981225,-74.4873364623829,10.));
#10206=CARTESIAN_POINT('',(-29.7584384399918,-74.4873364623829,10.));
#10207=CARTESIAN_POINT('',(-27.0615873562532,-74.4873364623829,10.));
#10208=CARTESIAN_POINT('',(-27.0615873562532,-82.6273732197224,10.));
#10209=CARTESIAN_POINT('',(-27.0615873562532,-90.7674099770619,10.));
#10210=CARTESIAN_POINT('',(-28.4100128981225,-90.7674099770619,10.));
#10211=CARTESIAN_POINT('',(-29.7584384399918,-90.7674099770619,10.));
#10212=CARTESIAN_POINT('',(-29.7584384399918,-82.6273732197224,10.));
#10213=CARTESIAN_POINT('',(-40.6271371064351,-82.6273732197224,10.));
#10214=CARTESIAN_POINT('',(-40.6271371064351,-74.4873364623829,10.));
#10215=CARTESIAN_POINT('',(-40.6271371064351,-90.7674099770619,10.));
#10216=CARTESIAN_POINT('',(-41.9737953802286,-90.7674099770619,10.));
#10217=CARTESIAN_POINT('',(-43.3204536540221,-90.7674099770619,10.));
#10218=CARTESIAN_POINT('',(-43.3204536540221,-85.1669374447109,10.));
#10219=CARTESIAN_POINT('',(-43.3204536540221,-79.5664649123598,10.));
#10220=CARTESIAN_POINT('',(-45.1425070402177,-84.0959729907491,10.));
#10221=CARTESIAN_POINT('',(-46.9645604264133,-88.6254810691384,10.));
#10222=CARTESIAN_POINT('',(-47.3303849181131,-88.6254810691384,10.));
#10223=CARTESIAN_POINT('',(-47.6962094098129,-88.6254810691384,10.));
#10224=CARTESIAN_POINT('',(-47.6962094098129,-86.6037263903724,10.));
#10225=CARTESIAN_POINT('',(-47.6962094098129,-84.5819717116064,10.));
#10226=CARTESIAN_POINT('',(-45.5083315319175,-79.5346540869946,10.));
#10227=CARTESIAN_POINT('',(-43.3204536540221,-74.4873364623829,10.));
#10228=CARTESIAN_POINT('',(-41.9737953802286,-74.4873364623829,10.));
#10229=CARTESIAN_POINT('',(-52.9732718842844,-85.1669374447109,10.));
#10230=CARTESIAN_POINT('',(-52.9732718842844,-79.5664649123599,10.));
#10231=CARTESIAN_POINT('',(-52.9732718842844,-90.7674099770619,10.));
#10232=CARTESIAN_POINT('',(-54.3216974261537,-90.7674099770619,10.));
#10233=CARTESIAN_POINT('',(-55.670122968023,-90.7674099770619,10.));
#10234=CARTESIAN_POINT('',(-55.670122968023,-82.6273732197224,10.));
#10235=CARTESIAN_POINT('',(-55.670122968023,-74.4873364623829,10.));
#10236=CARTESIAN_POINT('',(-54.3216974261537,-74.4873364623829,10.));
#10237=CARTESIAN_POINT('',(-52.9732718842844,-74.4873364623829,10.));
#10238=CARTESIAN_POINT('',(-50.7871612744648,-79.5116796020087,10.));
#10239=CARTESIAN_POINT('',(-48.6010506646452,-84.5360227416344,10.));
#10240=CARTESIAN_POINT('',(-48.6010506646452,-86.5807519053864,10.));
#10241=CARTESIAN_POINT('',(-48.6010506646452,-88.6254810691384,10.));
#10242=CARTESIAN_POINT('',(-48.9545042798141,-88.6254810691384,10.));
#10243=CARTESIAN_POINT('',(-49.307957894983,-88.6254810691384,10.));
#10244=CARTESIAN_POINT('',(-51.1406148896337,-84.0959729907491,10.));
#10245=CARTESIAN_POINT('',(-65.4802280570354,-90.6896501817247,10.));
#10246=CARTESIAN_POINT('',(-66.121746368567,-90.7674099770619,10.));
#10247=CARTESIAN_POINT('',(-66.4292510137639,-90.7674099770619,10.));
#10248=CARTESIAN_POINT('',(-65.4802280570354,-90.6896501817247,10.));
#10249=CARTESIAN_POINT('',(-66.4292510137639,-90.7674099770619,10.));
#10250=CARTESIAN_POINT('',(-67.7334948537371,-90.7674099770619,10.));
#10251=CARTESIAN_POINT('',(-69.0377386937103,-90.7674099770619,10.));
#10252=CARTESIAN_POINT('',(-69.0377386937103,-89.7954125353474,10.));
#10253=CARTESIAN_POINT('',(-69.0377386937103,-88.823415093633,10.));
#10254=CARTESIAN_POINT('',(-68.1753118726982,-88.823415093633,10.));
#10255=CARTESIAN_POINT('',(-67.3128850516861,-88.823415093633,10.));
#10256=CARTESIAN_POINT('',(-67.3128850516861,-88.823415093633,10.));
#10257=CARTESIAN_POINT('',(-64.6195685040992,-88.823415093633,10.));
#10258=CARTESIAN_POINT('',(-63.4266625529042,-87.1003287196847,10.));
#10259=CARTESIAN_POINT('',(-63.4266625529042,-87.1003287196847,10.));
#10260=CARTESIAN_POINT('',(-63.4266625529042,-87.1003287196847,10.));
#10261=CARTESIAN_POINT('',(-62.2337566017092,-85.3772423457364,10.));
#10262=CARTESIAN_POINT('',(-62.2337566017092,-82.1077964054242,10.));
#10263=CARTESIAN_POINT('',(-62.2337566017092,-82.1077964054242,10.));
#10264=CARTESIAN_POINT('',(-70.6937166439597,-82.1064867651897,10.));
#10265=CARTESIAN_POINT('',(-62.4758723280999,-80.0966453351132,10.));
#10266=CARTESIAN_POINT('',(-62.4758723280999,-80.0966453351132,10.));
#10267=CARTESIAN_POINT('',(-62.7179880544906,-79.1034406764886,10.));
#10268=CARTESIAN_POINT('',(-63.4142916763733,-78.2975664339035,10.));
#10269=CARTESIAN_POINT('',(-63.4142916763733,-78.2975664339035,10.));
#10270=CARTESIAN_POINT('',(-63.4142916763733,-78.2975664339035,10.));
#10271=CARTESIAN_POINT('',(-64.110595298256,-77.4916921913185,10.));
#10272=CARTESIAN_POINT('',(-65.303501249451,-76.9933225939304,10.));
#10273=CARTESIAN_POINT('',(-65.303501249451,-76.9933225939304,10.));
#10274=CARTESIAN_POINT('',(-65.303501249451,-76.9933225939304,10.));
#10275=CARTESIAN_POINT('',(-66.496407200646,-76.4949529965422,10.));
#10276=CARTESIAN_POINT('',(-68.3944531141029,-76.4949529965422,10.));
#10277=CARTESIAN_POINT('',(-68.3944531141029,-76.4949529965422,10.));
#10278=CARTESIAN_POINT('',(-68.7160959039066,-76.4949529965422,10.));
#10279=CARTESIAN_POINT('',(-69.0377386937103,-76.4949529965422,10.));
#10280=CARTESIAN_POINT('',(-69.0377386937103,-75.4911447294626,10.));
#10281=CARTESIAN_POINT('',(-69.0377386937103,-74.4873364623829,10.));
#10282=CARTESIAN_POINT('',(-68.3626422887377,-74.4873364623829,10.));
#10283=CARTESIAN_POINT('',(-67.6875458837651,-74.4873364623829,10.));
#10284=CARTESIAN_POINT('',(-67.6875458837651,-74.4873364623829,10.));
#10285=CARTESIAN_POINT('',(-65.6339803796339,-74.4873364623829,10.));
#10286=CARTESIAN_POINT('',(-64.0770172048149,-75.1376911142937,10.));
#10287=CARTESIAN_POINT('',(-64.0770172048149,-75.1376911142937,10.));
#10288=CARTESIAN_POINT('',(-64.0770172048149,-75.1376911142937,10.));
#10289=CARTESIAN_POINT('',(-62.520054029996,-75.7880457662044,10.));
#10290=CARTESIAN_POINT('',(-61.4932712779304,-76.8713810966971,10.));
#10291=CARTESIAN_POINT('',(-61.4932712779304,-76.8713810966971,10.));
#10292=CARTESIAN_POINT('',(-66.6524415061894,-81.8002004834539,10.));
#10293=CARTESIAN_POINT('',(-59.9576143901052,-79.3349900168134,10.));
#10294=CARTESIAN_POINT('',(-67.5908374403769,-82.1695645160757,10.));
#10295=CARTESIAN_POINT('',(-59.4485384373778,-82.1749525947393,10.));
#10296=CARTESIAN_POINT('',(-59.4485421141784,-82.1749525923062,10.));
#10297=CARTESIAN_POINT('',(-59.4485421141784,-84.1825691264655,10.));
#10298=CARTESIAN_POINT('',(-59.8797555246844,-85.608754463672,10.));
#10299=CARTESIAN_POINT('',(-59.8797555246844,-85.608754463672,10.));
#10300=CARTESIAN_POINT('',(-59.8797555246844,-85.608754463672,10.));
#10301=CARTESIAN_POINT('',(-60.3109689351905,-87.0349398008784,10.));
#10302=CARTESIAN_POINT('',(-60.9736944636321,-87.994566366062,10.));
#10303=CARTESIAN_POINT('',(-60.9736944636321,-87.994566366062,10.));
#10304=CARTESIAN_POINT('',(-60.9736944636321,-87.994566366062,10.));
#10305=CARTESIAN_POINT('',(-61.6364199920738,-88.9541929312455,10.));
#10306=CARTESIAN_POINT('',(-62.4652687196448,-89.5073478389848,10.));
#10307=CARTESIAN_POINT('',(-62.4652687196448,-89.5073478389848,10.));
#10308=CARTESIAN_POINT('',(-62.4652687196448,-89.5073478389848,10.));
#10309=CARTESIAN_POINT('',(-63.2941174472159,-90.0605027467241,10.));
#10310=CARTESIAN_POINT('',(-64.0664135963599,-90.3361965665558,10.));
#10311=CARTESIAN_POINT('',(-64.0664135963599,-90.3361965665558,10.));
#10312=CARTESIAN_POINT('',(-64.0664135963599,-90.3361965665558,10.));
#10313=CARTESIAN_POINT('',(-64.8387097455039,-90.6118903863876,10.));
#10314=CARTESIAN_POINT('',(-65.4802280570354,-90.6896501817247,10.));
#10315=CARTESIAN_POINT('',(-83.0875198966735,-85.5963835871411,10.));
#10316=CARTESIAN_POINT('',(-84.5684905442312,-85.5963835871411,10.));
#10317=CARTESIAN_POINT('',(-81.6065492491159,-85.5963835871411,10.));
#10318=CARTESIAN_POINT('',(-81.2866737273881,-86.4923885015942,10.));
#10319=CARTESIAN_POINT('',(-80.9667982056602,-87.3883934160473,10.));
#10320=CARTESIAN_POINT('',(-83.0769162882185,-87.3883934160473,10.));
#10321=CARTESIAN_POINT('',(-85.1870343707767,-87.3883934160473,10.));
#10322=CARTESIAN_POINT('',(-84.877762457504,-86.4923885015942,10.));
#10323=CARTESIAN_POINT('',(-101.534264072338,-82.6273732197224,10.));
#10324=CARTESIAN_POINT('',(-101.534264072338,-74.4873364623829,10.));
#10325=CARTESIAN_POINT('',(-101.534264072338,-90.7674099770619,10.));
#10326=CARTESIAN_POINT('',(-102.859715129221,-90.7674099770619,10.));
#10327=CARTESIAN_POINT('',(-104.185166186104,-90.7674099770619,10.));
#10328=CARTESIAN_POINT('',(-104.185166186104,-82.6273732197224,10.));
#10329=CARTESIAN_POINT('',(-104.185166186104,-74.4873364623829,10.));
#10330=CARTESIAN_POINT('',(-102.859715129221,-74.4873364623829,10.));
#10331=CARTESIAN_POINT('',(-98.4167968290297,-80.8433690994248,10.));
#10332=CARTESIAN_POINT('',(-97.5137291997917,-90.7338318836208,10.));
#10333=CARTESIAN_POINT('',(-98.0668692493769,-90.7678313762261,10.));
#10334=CARTESIAN_POINT('',(-99.3481534625182,-90.7674099770619,10.));
#10335=CARTESIAN_POINT('',(-100.629422817505,-90.7674099770619,10.));
#10336=CARTESIAN_POINT('',(-100.629422817505,-89.7954125353474,10.));
#10337=CARTESIAN_POINT('',(-100.629422817505,-88.823415093633,10.));
#10338=CARTESIAN_POINT('',(-99.4241459897795,-88.823415093633,10.));
#10339=CARTESIAN_POINT('',(-98.2188691620536,-88.823415093633,10.));
#10340=CARTESIAN_POINT('',(-98.2188691620536,-88.823415093633,10.));
#10341=CARTESIAN_POINT('',(-97.0489376958446,-88.823415093633,10.));
#10342=CARTESIAN_POINT('',(-96.3862121674029,-88.0723261613991,10.));
#10343=CARTESIAN_POINT('',(-96.3862121674029,-88.0723261613991,10.));
#10344=CARTESIAN_POINT('',(-96.3862121674029,-88.0723261613991,10.));
#10345=CARTESIAN_POINT('',(-95.7234866389613,-87.3212372291652,10.));
#10346=CARTESIAN_POINT('',(-95.7234866389613,-86.062942359164,10.));
#10347=CARTESIAN_POINT('',(-95.7234866389613,-86.062942359164,10.));
#10348=CARTESIAN_POINT('',(-95.7234866389613,-86.062942359164,10.));
#10349=CARTESIAN_POINT('',(-95.7234866389613,-84.8682691398932,10.));
#10350=CARTESIAN_POINT('',(-96.4091866523889,-84.051791288853,10.));
#10351=CARTESIAN_POINT('',(-96.4091866523889,-84.051791288853,10.));
#10352=CARTESIAN_POINT('',(-96.4091866523889,-84.051791288853,10.));
#10353=CARTESIAN_POINT('',(-97.0948866658165,-83.2353134378129,10.));
#10354=CARTESIAN_POINT('',(-98.4203377226999,-83.2353134378129,10.));
#10355=CARTESIAN_POINT('',(-98.4203377226999,-83.2353134378129,10.));
#10356=CARTESIAN_POINT('',(-99.5248802701026,-83.2353134378129,10.));
#10357=CARTESIAN_POINT('',(-100.629422817505,-83.2353134378129,10.));
#10358=CARTESIAN_POINT('',(-100.629422817505,-82.3393085233598,10.));
#10359=CARTESIAN_POINT('',(-100.629422817505,-81.4433036089066,10.));
#10360=CARTESIAN_POINT('',(-100.099242394752,-81.4433036089066,10.));
#10361=CARTESIAN_POINT('',(-99.5690619632278,-81.4433213069387,10.));
#10362=CARTESIAN_POINT('',(-99.5808699469926,-57.6174376197513,10.));
#10363=CARTESIAN_POINT('',(-98.5740958618773,-81.4219232694782,10.));
#10364=CARTESIAN_POINT('',(-98.6570815791189,-79.1109910975843,10.));
#10365=CARTESIAN_POINT('',(-97.6250670885699,-81.1799806656058,10.));
#10366=CARTESIAN_POINT('',(-97.6250670885699,-81.1799806656058,10.));
#10367=CARTESIAN_POINT('',(-97.1832500696088,-80.9590721561253,10.));
#10368=CARTESIAN_POINT('',(-96.9057889817012,-80.4288917333719,10.));
#10369=CARTESIAN_POINT('',(-96.9057889817012,-80.4288917333719,10.));
#10370=CARTESIAN_POINT('',(-96.9057889817012,-80.4288917333719,10.));
#10371=CARTESIAN_POINT('',(-96.6283278937936,-79.8987113106186,10.));
#10372=CARTESIAN_POINT('',(-96.6283278937936,-78.905506651994,10.));
#10373=CARTESIAN_POINT('',(-96.6283278937936,-78.905506651994,10.));
#10374=CARTESIAN_POINT('',(-99.9509460508979,-78.9320717794203,10.));
#10375=CARTESIAN_POINT('',(-96.7395648529395,-78.0748635036788,10.));
#10376=CARTESIAN_POINT('',(-98.4750912888649,-78.5391948283036,10.));
#10377=CARTESIAN_POINT('',(-97.1814828015329,-77.2902236306722,10.));
#10378=CARTESIAN_POINT('',(-97.1814828015329,-77.2902236306722,10.));
#10379=CARTESIAN_POINT('',(-97.5119619317158,-76.9367700155033,10.));
#10380=CARTESIAN_POINT('',(-98.1305057582614,-76.7158615060228,10.));
#10381=CARTESIAN_POINT('',(-98.1305057582614,-76.7158615060228,10.));
#10382=CARTESIAN_POINT('',(-98.1305057582614,-76.7158615060228,10.));
#10383=CARTESIAN_POINT('',(-98.7490495848069,-76.4949529965422,10.));
#10384=CARTESIAN_POINT('',(-99.7669959964933,-76.4949529965422,10.));
#10385=CARTESIAN_POINT('',(-99.7669959964933,-76.4949529965422,10.));
#10386=CARTESIAN_POINT('',(-100.198209406999,-76.4949529965422,10.));
#10387=CARTESIAN_POINT('',(-100.629422817505,-76.4949529965422,10.));
#10388=CARTESIAN_POINT('',(-100.629422817505,-75.4911447294626,10.));
#10389=CARTESIAN_POINT('',(-100.629422817505,-74.4873364623829,10.));
#10390=CARTESIAN_POINT('',(-100.065664301311,-74.4873364623829,10.));
#10391=CARTESIAN_POINT('',(-99.5019051315978,-74.4875494120931,10.));
#10392=CARTESIAN_POINT('',(-99.4764665663297,-82.7767278717587,10.));
#10393=CARTESIAN_POINT('',(-97.4907547148057,-74.7294521887736,10.));
#10394=CARTESIAN_POINT('',(-97.4907547148057,-74.7294521887736,10.));
#10395=CARTESIAN_POINT('',(-96.5187572730913,-74.9715679151643,10.));
#10396=CARTESIAN_POINT('',(-95.7676683408574,-75.5017483379177,10.));
#10397=CARTESIAN_POINT('',(-95.7676683408574,-75.5017483379177,10.));
#10398=CARTESIAN_POINT('',(-95.7676683408574,-75.5017483379177,10.));
#10399=CARTESIAN_POINT('',(-95.0165794086235,-76.031928760671,10.));
#10400=CARTESIAN_POINT('',(-94.5747623896624,-76.8819847051522,10.));
#10401=CARTESIAN_POINT('',(-94.5747623896624,-76.8819847051522,10.));
#10402=CARTESIAN_POINT('',(-94.5747623896624,-76.8819847051522,10.));
#10403=CARTESIAN_POINT('',(-94.1329453707013,-77.7320406496333,10.));
#10404=CARTESIAN_POINT('',(-94.1329453707013,-78.905506651994,10.));
#10405=CARTESIAN_POINT('',(-94.1329453707013,-78.905506651994,10.));
#10406=CARTESIAN_POINT('',(-94.1329453707013,-78.905506651994,10.));
#10407=CARTESIAN_POINT('',(-94.1329453707013,-79.58767212927,10.));
#10408=CARTESIAN_POINT('',(-94.3538538801818,-80.1514306454644,10.));
#10409=CARTESIAN_POINT('',(-94.3538538801818,-80.1514306454644,10.));
#10410=CARTESIAN_POINT('',(-94.3538538801818,-80.1514306454644,10.));
#10411=CARTESIAN_POINT('',(-94.5747623896624,-80.7151891616587,10.));
#10412=CARTESIAN_POINT('',(-94.9070087879211,-81.1357989637097,10.));
#10413=CARTESIAN_POINT('',(-94.9070087879211,-81.1357989637097,10.));
#10414=CARTESIAN_POINT('',(-97.3566419057692,-79.2241582215121,10.));
#10415=CARTESIAN_POINT('',(-95.6687013286101,-81.8321025855924,10.));
#10416=CARTESIAN_POINT('',(-95.6687013286101,-81.8321025855924,10.));
#10417=CARTESIAN_POINT('',(-96.0981474710403,-82.1077964054242,10.));
#10418=CARTESIAN_POINT('',(-96.4975500561811,-82.1961598092164,10.));
#10419=CARTESIAN_POINT('',(-96.4975500561811,-82.1961598092164,10.));
#10420=CARTESIAN_POINT('',(-96.4975500561811,-82.1961598092164,10.));
#10421=CARTESIAN_POINT('',(-95.9885768503379,-82.2633159960985,10.));
#10422=CARTESIAN_POINT('',(-95.4142147256885,-82.5284062074751,10.));
#10423=CARTESIAN_POINT('',(-95.4142147256885,-82.5284062074751,10.));
#10424=CARTESIAN_POINT('',(-97.0452306314448,-85.983792560799,10.));
#10425=CARTESIAN_POINT('',(-94.3432502717268,-83.279495139709,10.));
#10426=CARTESIAN_POINT('',(-94.3432502717268,-83.279495139709,10.));
#10427=CARTESIAN_POINT('',(-93.8466479424145,-83.7654938605662,10.));
#10428=CARTESIAN_POINT('',(-93.5144015441557,-84.4600302143731,10.));
#10429=CARTESIAN_POINT('',(-93.5144015441557,-84.4600302143731,10.));
#10430=CARTESIAN_POINT('',(-93.5144015441557,-84.4600302143731,10.));
#10431=CARTESIAN_POINT('',(-93.182155145897,-85.15456656818,10.));
#10432=CARTESIAN_POINT('',(-93.182155145897,-86.062942359164,10.));
#10433=CARTESIAN_POINT('',(-93.182155145897,-86.062942359164,10.));
#10434=CARTESIAN_POINT('',(-93.182155145897,-86.062942359164,10.));
#10435=CARTESIAN_POINT('',(-93.182155145897,-87.1657176384909,10.));
#10436=CARTESIAN_POINT('',(-93.5144015441557,-87.9609882726209,10.));
#10437=CARTESIAN_POINT('',(-93.5144015441557,-87.9609882726209,10.));
#10438=CARTESIAN_POINT('',(-93.5144015441557,-87.9609882726209,10.));
#10439=CARTESIAN_POINT('',(-93.8466479424145,-88.7562589067509,10.));
#10440=CARTESIAN_POINT('',(-94.3432502717268,-89.2758357210492,10.));
#10441=CARTESIAN_POINT('',(-94.3432502717268,-89.2758357210492,10.));
#10442=CARTESIAN_POINT('',(-94.3432502717268,-89.2758357210492,10.));
#10443=CARTESIAN_POINT('',(-94.8398526010391,-89.7954125353474,10.));
#10444=CARTESIAN_POINT('',(-95.4248183341436,-90.0940808401652,10.));
#10445=CARTESIAN_POINT('',(-95.4248183341436,-90.0940808401652,10.));
#10446=CARTESIAN_POINT('',(-98.307859174538,-84.5614634424848,10.));
#10447=CARTESIAN_POINT('',(-96.5523353665323,-90.5465014675813,10.));
#10448=CARTESIAN_POINT('',(-96.5523353665323,-90.5465014675813,10.));
#10449=CARTESIAN_POINT('',(-97.0948866658165,-90.7002537901798,10.));
#10450=CARTESIAN_POINT('',(-97.5137291997917,-90.7338318836208,10.));
#10451=CARTESIAN_POINT('',(-38.0940950206629,-83.7080815434456,0.));
#10452=CARTESIAN_POINT('',(-147.457342190898,-83.7080815434456,0.));
#10453=CARTESIAN_POINT('',(-147.457342190898,-118.529084533467,0.));
#10454=CARTESIAN_POINT('',(-147.457342190898,-48.8870785534241,0.));
#10455=CARTESIAN_POINT('',(-38.0940950206629,-48.8870785534241,0.));
#10456=CARTESIAN_POINT('',(71.2691521495722,-48.8870785534241,0.));
#10457=CARTESIAN_POINT('',(71.2691521495722,-83.7080815434456,0.));
#10458=CARTESIAN_POINT('',(71.2691521495722,-118.529084533467,-4.33680868994202E-16));
#10459=CARTESIAN_POINT('',(-38.0940950206629,-118.529084533467,0.));
#10460=CARTESIAN_POINT('',(59.3770791595507,-83.7080815434456,-2.07107));
#10461=CARTESIAN_POINT('',(59.3770791595507,-60.7791515434456,-2.07107));
#10462=CARTESIAN_POINT('',(59.3770791595507,-106.637011543446,-2.07107));
#10463=CARTESIAN_POINT('',(-38.0940950206629,-106.637011543446,-2.07107));
#10464=CARTESIAN_POINT('',(-135.565269200876,-106.637011543446,-2.07107));
#10465=CARTESIAN_POINT('',(-38.0940950206629,-60.7791515434456,-2.07107));
#10466=CARTESIAN_POINT('',(-135.565269200876,-60.7791515434457,-2.07107));
#10467=CARTESIAN_POINT('',(-135.565269200876,-83.7080815434457,-2.07107));
#10468=CARTESIAN_POINT('',(-80.9561945972052,-84.6703351153986,8.5));
#10469=CARTESIAN_POINT('',(-78.8460765146469,-90.7674099770619,8.5));
#10470=CARTESIAN_POINT('',(-78.8460765146469,-90.7674099770619,8.5));
#10471=CARTESIAN_POINT('',(-80.9561945972052,-84.6703351153986,8.5));
#10472=CARTESIAN_POINT('',(-83.0663126797634,-78.5732602537353,8.5));
#10473=CARTESIAN_POINT('',(-83.0663126797634,-78.5732602537353,8.5));
#10474=CARTESIAN_POINT('',(-77.4764437558675,-90.7674099770619,8.5));
#10475=CARTESIAN_POINT('',(-76.106810997088,-90.7674099770619,8.5));
#10476=CARTESIAN_POINT('',(-76.106810997088,-90.7674099770619,8.5));
#10477=CARTESIAN_POINT('',(-77.4764437558675,-90.7674099770619,8.5));
#10478=CARTESIAN_POINT('',(-78.9344399184391,-82.6379768281775,8.5));
#10479=CARTESIAN_POINT('',(-81.7620688397902,-74.5085436792931,8.5));
#10480=CARTESIAN_POINT('',(-81.7620688397902,-74.5085436792931,8.5));
#10481=CARTESIAN_POINT('',(-78.9344399184391,-82.6379768281775,8.5));
#10482=CARTESIAN_POINT('',(-83.0769162882185,-74.5085436792931,8.5));
#10483=CARTESIAN_POINT('',(-84.3917637366468,-74.5085436792931,8.5));
#10484=CARTESIAN_POINT('',(-84.3917637366468,-74.5085436792931,8.5));
#10485=CARTESIAN_POINT('',(-83.0769162882185,-74.5085436792931,8.5));
#10486=CARTESIAN_POINT('',(-87.240599874908,-82.6379768281775,8.5));
#10487=CARTESIAN_POINT('',(-90.0894360131692,-90.7674099770619,8.5));
#10488=CARTESIAN_POINT('',(-90.0894360131692,-90.7674099770619,8.5));
#10489=CARTESIAN_POINT('',(-87.240599874908,-82.6379768281775,8.5));
#10490=CARTESIAN_POINT('',(-88.7091996459347,-90.7674099770619,8.5));
#10491=CARTESIAN_POINT('',(-87.3289632787002,-90.7674099770619,8.5));
#10492=CARTESIAN_POINT('',(-87.3289632787002,-90.7674099770619,8.5));
#10493=CARTESIAN_POINT('',(-88.7091996459347,-90.7674099770619,8.5));
#10494=CARTESIAN_POINT('',(-85.1976379792318,-84.6703351153986,8.5));
#10495=CARTESIAN_POINT('',(-85.1976379792318,-84.6703351153986,8.5));
#10496=CARTESIAN_POINT('',(-38.0940950206629,-83.7080815434456,8.5));
#10497=CARTESIAN_POINT('',(17.6715021795211,-82.6273732197224,8.5));
#10498=CARTESIAN_POINT('',(17.6715021795211,-90.7674099770619,8.5));
#10499=CARTESIAN_POINT('',(17.6715021795211,-90.7674099770619,8.5));
#10500=CARTESIAN_POINT('',(17.6715021795211,-82.6273732197224,8.5));
#10501=CARTESIAN_POINT('',(17.6715021795211,-74.4873364623829,8.5));
#10502=CARTESIAN_POINT('',(17.6715021795211,-74.4873364623829,8.5));
#10503=CARTESIAN_POINT('',(19.0199277213904,-90.7674099770619,8.5));
#10504=CARTESIAN_POINT('',(20.3683532632597,-90.7674099770619,8.5));
#10505=CARTESIAN_POINT('',(20.3683532632597,-90.7674099770619,8.5));
#10506=CARTESIAN_POINT('',(19.0199277213904,-90.7674099770619,8.5));
#10507=CARTESIAN_POINT('',(20.3683532632597,-82.6273732197224,8.5));
#10508=CARTESIAN_POINT('',(20.3683532632597,-74.4873364623829,8.5));
#10509=CARTESIAN_POINT('',(20.3683532632597,-74.4873364623829,8.5));
#10510=CARTESIAN_POINT('',(20.3683532632597,-82.6273732197224,8.5));
#10511=CARTESIAN_POINT('',(19.0199277213904,-74.4873364623829,8.5));
#10512=CARTESIAN_POINT('',(19.0199277213904,-74.4873364623829,8.5));
#10513=CARTESIAN_POINT('',(-38.0940950206629,-83.7080815434456,8.5));
#10514=CARTESIAN_POINT('',(6.71444010928565,-75.4664029764008,8.5));
#10515=CARTESIAN_POINT('',(6.71444010928565,-74.4802673900796,8.5));
#10516=CARTESIAN_POINT('',(6.71444010928565,-74.4802673900796,8.5));
#10517=CARTESIAN_POINT('',(6.71444010928565,-75.4664029764008,8.5));
#10518=CARTESIAN_POINT('',(6.71444010928565,-76.4525409791252,8.5));
#10519=CARTESIAN_POINT('',(6.71444010928565,-76.452538562722,8.5));
#10520=CARTESIAN_POINT('',(6.00093836939535,-74.4802673900796,8.5));
#10521=CARTESIAN_POINT('',(5.28762714620147,-74.4802673900796,8.5));
#10522=CARTESIAN_POINT('',(5.28762714620147,-74.4802673900796,8.5));
#10523=CARTESIAN_POINT('',(6.00093836939535,-74.4802673900796,8.5));
#10524=CARTESIAN_POINT('',(7.0021527781874,-80.7008915913807,8.5));
#10525=CARTESIAN_POINT('',(4.18547949275226,-74.895575387903,8.5));
#10526=CARTESIAN_POINT('',(4.18547949275226,-74.895575387903,8.5));
#10527=CARTESIAN_POINT('',(7.0021527781874,-80.7008915913807,8.5));
#10528=CARTESIAN_POINT('',(2.1743284224413,-76.5073238730731,8.5));
#10529=CARTESIAN_POINT('',(2.1743284224413,-76.5073238730731,10.));
#10530=CARTESIAN_POINT('',(2.74103238542875,-75.808663893756,8.5));
#10531=CARTESIAN_POINT('',(2.74103238542875,-75.808663893756,10.));
#10532=CARTESIAN_POINT('',(3.4114160755324,-75.2714143986993,8.5));
#10533=CARTESIAN_POINT('',(3.4114160755324,-75.2714143986993,10.));
#10534=CARTESIAN_POINT('',(4.18547949275226,-74.895575387903,8.5));
#10535=CARTESIAN_POINT('',(4.18547949275226,-74.895575387903,10.));
#10536=CARTESIAN_POINT('',(2.1743284224413,-76.5073238730731,8.5));
#10537=CARTESIAN_POINT('',(2.1743284224413,-76.5073238730731,8.5));
#10538=CARTESIAN_POINT('',(2.1743284224413,-76.5073238730731,8.5));
#10539=CARTESIAN_POINT('',(3.02438436692247,-75.4593339040974,8.5));
#10540=CARTESIAN_POINT('',(4.18547949275226,-74.895575387903,8.5));
#10541=CARTESIAN_POINT('',(0.848877365557957,-79.0698625830476,8.5));
#10542=CARTESIAN_POINT('',(0.848877365557957,-79.0698625830476,10.));
#10543=CARTESIAN_POINT('',(1.16580744049273,-78.0601634223818,8.5));
#10544=CARTESIAN_POINT('',(1.16580744049273,-78.0601634223818,10.));
#10545=CARTESIAN_POINT('',(1.60762445945384,-77.2059838523903,8.5));
#10546=CARTESIAN_POINT('',(1.60762445945384,-77.2059838523903,10.));
#10547=CARTESIAN_POINT('',(2.1743284224413,-76.5073238730731,8.5));
#10548=CARTESIAN_POINT('',(2.1743284224413,-76.5073238730731,10.));
#10549=CARTESIAN_POINT('',(0.848877365557957,-79.0698625830476,8.5));
#10550=CARTESIAN_POINT('',(0.848877365557957,-79.0698625830476,8.5));
#10551=CARTESIAN_POINT('',(0.848877365557957,-79.0698625830476,8.5));
#10552=CARTESIAN_POINT('',(1.32427247796012,-77.5553138420489,8.5));
#10553=CARTESIAN_POINT('',(2.1743284224413,-76.5073238730731,8.5));
#10554=CARTESIAN_POINT('',(0.37348225315581,-82.5496134243853,8.5));
#10555=CARTESIAN_POINT('',(0.37348225315581,-82.5496134243853,10.));
#10556=CARTESIAN_POINT('',(0.37348225315581,-81.2394786908259,8.5));
#10557=CARTESIAN_POINT('',(0.37348225315581,-81.2394786908259,10.));
#10558=CARTESIAN_POINT('',(0.531947290623192,-80.0795617437133,8.5));
#10559=CARTESIAN_POINT('',(0.531947290623192,-80.0795617437133,10.));
#10560=CARTESIAN_POINT('',(0.848877365557957,-79.0698625830476,8.5));
#10561=CARTESIAN_POINT('',(0.848877365557957,-79.0698625830476,10.));
#10562=CARTESIAN_POINT('',(0.37348225315581,-82.5496134243853,8.5));
#10563=CARTESIAN_POINT('',(0.37348225315581,-82.5496134243853,8.5));
#10564=CARTESIAN_POINT('',(0.37348225315581,-82.5496134243853,8.5));
#10565=CARTESIAN_POINT('',(0.37348225315581,-80.5844113240462,8.5));
#10566=CARTESIAN_POINT('',(0.848877365557957,-79.0698625830476,8.5));
#10567=CARTESIAN_POINT('',(0.848877365557957,-86.039967874178,8.5));
#10568=CARTESIAN_POINT('',(0.848877365557957,-86.039967874178,10.));
#10569=CARTESIAN_POINT('',(0.531947290623192,-85.0231996412089,8.5));
#10570=CARTESIAN_POINT('',(0.531947290623192,-85.0231996412089,10.));
#10571=CARTESIAN_POINT('',(0.37348225315581,-83.8597481579447,8.5));
#10572=CARTESIAN_POINT('',(0.37348225315581,-83.8597481579447,10.));
#10573=CARTESIAN_POINT('',(0.37348225315581,-82.5496134243853,8.5));
#10574=CARTESIAN_POINT('',(0.37348225315581,-82.5496134243853,10.));
#10575=CARTESIAN_POINT('',(0.848877365557957,-86.039967874178,8.5));
#10576=CARTESIAN_POINT('',(0.848877365557957,-86.039967874178,8.5));
#10577=CARTESIAN_POINT('',(0.848877365557957,-86.039967874178,8.5));
#10578=CARTESIAN_POINT('',(0.37348225315581,-84.5148155247243,8.5));
#10579=CARTESIAN_POINT('',(0.37348225315581,-82.5496134243853,8.5));
#10580=CARTESIAN_POINT('',(2.1743284224413,-88.6131101926075,8.5));
#10581=CARTESIAN_POINT('',(2.1743284224413,-88.6131101926075,10.));
#10582=CARTESIAN_POINT('',(1.60762445945384,-87.9144502132904,8.5));
#10583=CARTESIAN_POINT('',(1.60762445945384,-87.9144502132904,10.));
#10584=CARTESIAN_POINT('',(1.16580744049273,-87.0567361071472,8.5));
#10585=CARTESIAN_POINT('',(1.16580744049273,-87.0567361071472,10.));
#10586=CARTESIAN_POINT('',(0.848877365557957,-86.039967874178,8.5));
#10587=CARTESIAN_POINT('',(0.848877365557957,-86.039967874178,10.));
#10588=CARTESIAN_POINT('',(2.1743284224413,-88.6131101926075,8.5));
#10589=CARTESIAN_POINT('',(2.1743284224413,-88.6131101926075,8.5));
#10590=CARTESIAN_POINT('',(2.1743284224413,-88.6131101926075,8.5));
#10591=CARTESIAN_POINT('',(1.32427247796012,-87.5651202236318,8.5));
#10592=CARTESIAN_POINT('',(0.848877365557957,-86.039967874178,8.5));
#10593=CARTESIAN_POINT('',(4.19608310120732,-90.2248586777776,8.5));
#10594=CARTESIAN_POINT('',(4.19608310120732,-90.2248586777776,10.));
#10595=CARTESIAN_POINT('',(3.41495061168409,-89.8490196669814,8.5));
#10596=CARTESIAN_POINT('',(3.41495061168409,-89.8490196669814,10.));
#10597=CARTESIAN_POINT('',(2.74103238542875,-89.3117701719247,8.5));
#10598=CARTESIAN_POINT('',(2.74103238542875,-89.3117701719247,10.));
#10599=CARTESIAN_POINT('',(2.1743284224413,-88.6131101926075,8.5));
#10600=CARTESIAN_POINT('',(2.1743284224413,-88.6131101926075,10.));
#10601=CARTESIAN_POINT('',(4.19608310120732,-90.2248586777776,8.5));
#10602=CARTESIAN_POINT('',(4.19608310120732,-90.2248586777776,8.5));
#10603=CARTESIAN_POINT('',(4.19608310120732,-90.2248586777776,8.5));
#10604=CARTESIAN_POINT('',(3.02438436692247,-89.6611001615833,8.5));
#10605=CARTESIAN_POINT('',(2.1743284224413,-88.6131101926075,8.5));
#10606=CARTESIAN_POINT('',(7.08000420536358,-84.2293201993364,8.5));
#10607=CARTESIAN_POINT('',(5.8474334162815,-90.7674099789621,8.5));
#10608=CARTESIAN_POINT('',(5.84744532175664,-90.767346827161,8.50000025));
#10609=CARTESIAN_POINT('',(7.08000420536358,-84.2293201993364,8.5));
#10610=CARTESIAN_POINT('',(6.28093676278357,-90.7674099770619,8.5));
#10611=CARTESIAN_POINT('',(6.71444010928565,-90.7674099770619,8.5));
#10612=CARTESIAN_POINT('',(6.71444010928565,-90.7674099770619,8.5));
#10613=CARTESIAN_POINT('',(6.28093676278357,-90.7674099770619,8.5));
#10614=CARTESIAN_POINT('',(6.71444010928565,-89.7282563484654,8.5));
#10615=CARTESIAN_POINT('',(6.71444010928565,-88.6896505733295,8.5));
#10616=CARTESIAN_POINT('',(6.71444010928565,-88.6896505733295,8.5));
#10617=CARTESIAN_POINT('',(6.71444010928565,-89.7282563484654,8.5));
#10618=CARTESIAN_POINT('',(7.01370321869539,-85.4042199182414,8.5));
#10619=CARTESIAN_POINT('',(5.32360013359608,-88.2384493605285,8.5));
#10620=CARTESIAN_POINT('',(5.32360013359608,-88.2384493605285,8.5));
#10621=CARTESIAN_POINT('',(7.01370321869539,-85.4042199182414,8.5));
#10622=CARTESIAN_POINT('',(4.16427227584213,-87.1003287196847,8.5));
#10623=CARTESIAN_POINT('',(4.16427227584213,-87.1003287196847,10.));
#10624=CARTESIAN_POINT('',(4.49534049538365,-87.6010546745073,8.5));
#10625=CARTESIAN_POINT('',(4.49534049538365,-87.6010546745073,10.));
#10626=CARTESIAN_POINT('',(4.88178311463497,-87.9804282214552,8.5));
#10627=CARTESIAN_POINT('',(4.88178311463497,-87.9804282214552,10.));
#10628=CARTESIAN_POINT('',(5.32360013359608,-88.2384493605285,8.5));
#10629=CARTESIAN_POINT('',(5.32360013359608,-88.2384493605285,10.));
#10630=CARTESIAN_POINT('',(4.16427227584213,-87.1003287196847,8.5));
#10631=CARTESIAN_POINT('',(4.16427227584213,-87.1003287196847,8.5));
#10632=CARTESIAN_POINT('',(4.16427227584213,-87.1003287196847,8.5));
#10633=CARTESIAN_POINT('',(4.66087460515441,-87.8514176519186,8.5));
#10634=CARTESIAN_POINT('',(5.32360013359608,-88.2384493605285,8.5));
#10635=CARTESIAN_POINT('',(3.3796052501672,-85.234093631593,8.5));
#10636=CARTESIAN_POINT('',(3.3796052501672,-85.234093631593,10.));
#10637=CARTESIAN_POINT('',(3.57164838107563,-85.9775244021649,8.5));
#10638=CARTESIAN_POINT('',(3.57164838107563,-85.9775244021649,10.));
#10639=CARTESIAN_POINT('',(3.8332040563006,-86.5996027648621,8.5));
#10640=CARTESIAN_POINT('',(3.8332040563006,-86.5996027648621,10.));
#10641=CARTESIAN_POINT('',(4.16427227584213,-87.1003287196847,8.5));
#10642=CARTESIAN_POINT('',(4.16427227584213,-87.1003287196847,10.));
#10643=CARTESIAN_POINT('',(3.3796052501672,-85.234093631593,8.5));
#10644=CARTESIAN_POINT('',(3.3796052501672,-85.234093631593,8.5));
#10645=CARTESIAN_POINT('',(3.3796052501672,-85.234093631593,8.5));
#10646=CARTESIAN_POINT('',(3.66766994652984,-86.3492397874508,8.5));
#10647=CARTESIAN_POINT('',(4.16427227584213,-87.1003287196847,8.5));
#10648=CARTESIAN_POINT('',(3.07033333689443,-82.5496134243853,8.5));
#10649=CARTESIAN_POINT('',(3.07033333689443,-82.5496134243853,10.));
#10650=CARTESIAN_POINT('',(3.08447148150118,-83.5958361252852,8.5));
#10651=CARTESIAN_POINT('',(3.08447148150118,-83.5958361252852,10.));
#10652=CARTESIAN_POINT('',(3.18756211925877,-84.4906628610211,8.5));
#10653=CARTESIAN_POINT('',(3.18756211925877,-84.4906628610211,10.));
#10654=CARTESIAN_POINT('',(3.3796052501672,-85.234093631593,8.5));
#10655=CARTESIAN_POINT('',(3.3796052501672,-85.234093631593,10.));
#10656=CARTESIAN_POINT('',(3.07033333689443,-82.5496134243853,8.5));
#10657=CARTESIAN_POINT('',(3.07033333689443,-82.5496134243853,8.5));
#10658=CARTESIAN_POINT('',(3.07033333689443,-82.5496134243853,8.5));
#10659=CARTESIAN_POINT('',(3.09154055380455,-84.1189474757351,8.5));
#10660=CARTESIAN_POINT('',(3.3796052501672,-85.234093631593,8.5));
#10661=CARTESIAN_POINT('',(3.3796052501672,-79.8757368256326,8.5));
#10662=CARTESIAN_POINT('',(3.3796052501672,-79.8757368256326,10.));
#10663=CARTESIAN_POINT('',(3.18756211925877,-80.6262366685079,8.5));
#10664=CARTESIAN_POINT('',(3.18756211925877,-80.6262366685079,10.));
#10665=CARTESIAN_POINT('',(3.08447148150118,-81.5175288680921,8.5));
#10666=CARTESIAN_POINT('',(3.08447148150118,-81.5175288680921,10.));
#10667=CARTESIAN_POINT('',(3.07033333689443,-82.5496134243853,8.5));
#10668=CARTESIAN_POINT('',(3.07033333689443,-82.5496134243853,10.));
#10669=CARTESIAN_POINT('',(3.3796052501672,-79.8757368256326,8.5));
#10670=CARTESIAN_POINT('',(3.3796052501672,-79.8757368256326,8.5));
#10671=CARTESIAN_POINT('',(3.3796052501672,-79.8757368256326,8.5));
#10672=CARTESIAN_POINT('',(3.09154055380455,-81.0014865899455,8.5));
#10673=CARTESIAN_POINT('',(3.07033333689443,-82.5496134243853,8.5));
#10674=CARTESIAN_POINT('',(4.15366866738706,-78.020105345996,8.5));
#10675=CARTESIAN_POINT('',(4.15366866738706,-78.020105345996,10.));
#10676=CARTESIAN_POINT('',(3.82966952014891,-78.5066931562118,8.5));
#10677=CARTESIAN_POINT('',(3.82966952014891,-78.5066931562118,10.));
#10678=CARTESIAN_POINT('',(3.57164838107563,-79.1252369827573,8.5));
#10679=CARTESIAN_POINT('',(3.57164838107563,-79.1252369827573,10.));
#10680=CARTESIAN_POINT('',(3.3796052501672,-79.8757368256326,8.5));
#10681=CARTESIAN_POINT('',(3.3796052501672,-79.8757368256326,10.));
#10682=CARTESIAN_POINT('',(4.15366866738706,-78.020105345996,8.5));
#10683=CARTESIAN_POINT('',(4.15366866738706,-78.020105345996,8.5));
#10684=CARTESIAN_POINT('',(4.15366866738706,-78.020105345996,8.5));
#10685=CARTESIAN_POINT('',(3.66766994652984,-78.7499870613197,8.5));
#10686=CARTESIAN_POINT('',(3.3796052501672,-79.8757368256326,8.5));
#10687=CARTESIAN_POINT('',(5.30239291668594,-76.9155627985932,8.5));
#10688=CARTESIAN_POINT('',(5.30239291668594,-76.9155627985932,10.));
#10689=CARTESIAN_POINT('',(4.86057589772483,-77.1653366866459,8.5));
#10690=CARTESIAN_POINT('',(4.86057589772483,-77.1653366866459,10.));
#10691=CARTESIAN_POINT('',(4.47766781462521,-77.5335175357801,8.5));
#10692=CARTESIAN_POINT('',(4.47766781462521,-77.5335175357801,10.));
#10693=CARTESIAN_POINT('',(4.15366866738706,-78.020105345996,8.5));
#10694=CARTESIAN_POINT('',(4.15366866738706,-78.020105345996,10.));
#10695=CARTESIAN_POINT('',(5.30239291668594,-76.9155627985932,8.5));
#10696=CARTESIAN_POINT('',(5.30239291668594,-76.9155627985932,8.5));
#10697=CARTESIAN_POINT('',(5.30239291668594,-76.9155627985932,8.5));
#10698=CARTESIAN_POINT('',(4.63966738824428,-77.2902236306722,8.5));
#10699=CARTESIAN_POINT('',(4.15366866738706,-78.020105345996,8.5));
#10700=CARTESIAN_POINT('',(7.14714201741511,-80.1548459441756,8.5));
#10701=CARTESIAN_POINT('',(7.14714201741511,-80.1548459441756,8.5));
#10702=CARTESIAN_POINT('',(-38.0940950206629,-83.7080815434456,8.5));
#10703=CARTESIAN_POINT('',(7.37433965547502,-80.4016145573288,8.50000000000009));
#10704=CARTESIAN_POINT('',(9.0570984324929,-74.4802673895739,8.5));
#10705=CARTESIAN_POINT('',(9.05709914812349,-74.4802648716422,8.5));
#10706=CARTESIAN_POINT('',(7.37433965547502,-80.4016145573288,8.5));
#10707=CARTESIAN_POINT('',(10.1058275468311,-74.8849717794479,8.5));
#10708=CARTESIAN_POINT('',(10.1058275468311,-74.8849717794479,8.5));
#10709=CARTESIAN_POINT('',(8.32758628985039,-74.4802673900796,8.5));
#10710=CARTESIAN_POINT('',(7.59807414720787,-74.4802673900796,8.5));
#10711=CARTESIAN_POINT('',(7.59807414720787,-74.4802673900796,8.5));
#10712=CARTESIAN_POINT('',(8.32758628985039,-74.4802673900796,8.5));
#10713=CARTESIAN_POINT('',(7.59807414720787,-75.4557993679457,8.5));
#10714=CARTESIAN_POINT('',(7.59807414720787,-76.4307834923511,8.5));
#10715=CARTESIAN_POINT('',(7.59807414720787,-76.4307834923511,8.5));
#10716=CARTESIAN_POINT('',(7.59807414720787,-75.4557993679457,8.5));
#10717=CARTESIAN_POINT('',(7.29881103779814,-79.7162141474386,8.5));
#10718=CARTESIAN_POINT('',(8.98891412289744,-76.8819847051522,8.5));
#10719=CARTESIAN_POINT('',(8.98891412289744,-76.8819847051522,8.5));
#10720=CARTESIAN_POINT('',(7.29881103779814,-79.7162141474386,8.5));
#10721=CARTESIAN_POINT('',(10.1500092487272,-78.0095017375409,8.5));
#10722=CARTESIAN_POINT('',(10.1500092487272,-78.0095017375409,10.));
#10723=CARTESIAN_POINT('',(9.81776285046848,-77.5158448550217,8.5));
#10724=CARTESIAN_POINT('',(9.81776285046848,-77.5158448550217,10.));
#10725=CARTESIAN_POINT('',(9.43073114185855,-77.1400058442255,8.5));
#10726=CARTESIAN_POINT('',(9.43073114185855,-77.1400058442255,10.));
#10727=CARTESIAN_POINT('',(8.98891412289744,-76.8819847051522,8.5));
#10728=CARTESIAN_POINT('',(8.98891412289744,-76.8819847051522,10.));
#10729=CARTESIAN_POINT('',(10.1500092487272,-78.0095017375409,8.5));
#10730=CARTESIAN_POINT('',(10.1500092487272,-78.0095017375409,8.5));
#10731=CARTESIAN_POINT('',(10.1500092487272,-78.0095017375409,8.5));
#10732=CARTESIAN_POINT('',(9.6516396513391,-77.2690164137621,8.5));
#10733=CARTESIAN_POINT('',(8.98891412289744,-76.8819847051522,8.5));
#10734=CARTESIAN_POINT('',(10.9346762744022,-79.8651332171776,8.5));
#10735=CARTESIAN_POINT('',(10.9346762744022,-79.8651332171776,10.));
#10736=CARTESIAN_POINT('',(10.743811322211,-79.1217024466057,8.5));
#10737=CARTESIAN_POINT('',(10.743811322211,-79.1217024466057,10.));
#10738=CARTESIAN_POINT('',(10.482255646986,-78.5031586200601,8.5));
#10739=CARTESIAN_POINT('',(10.482255646986,-78.5031586200601,10.));
#10740=CARTESIAN_POINT('',(10.1500092487272,-78.0095017375409,8.5));
#10741=CARTESIAN_POINT('',(10.1500092487272,-78.0095017375409,10.));
#10742=CARTESIAN_POINT('',(10.9346762744022,-79.8651332171776,8.5));
#10743=CARTESIAN_POINT('',(10.9346762744022,-79.8651332171776,8.5));
#10744=CARTESIAN_POINT('',(10.9346762744022,-79.8651332171776,8.5));
#10745=CARTESIAN_POINT('',(10.6483788461154,-78.7499870613197,8.5));
#10746=CARTESIAN_POINT('',(10.1500092487272,-78.0095017375409,8.5));
#10747=CARTESIAN_POINT('',(11.2421809195991,-82.5496134243853,8.5));
#10748=CARTESIAN_POINT('',(11.2421809195991,-82.5496134243853,10.));
#10749=CARTESIAN_POINT('',(11.2280427749923,-81.5033907234854,8.5));
#10750=CARTESIAN_POINT('',(11.2280427749923,-81.5033907234854,10.));
#10751=CARTESIAN_POINT('',(11.1255412265934,-80.6085639877495,8.5));
#10752=CARTESIAN_POINT('',(11.1255412265934,-80.6085639877495,10.));
#10753=CARTESIAN_POINT('',(10.9346762744022,-79.8651332171776,8.5));
#10754=CARTESIAN_POINT('',(10.9346762744022,-79.8651332171776,10.));
#10755=CARTESIAN_POINT('',(11.2421809195991,-82.5496134243853,8.5));
#10756=CARTESIAN_POINT('',(11.2421809195991,-82.5496134243853,8.5));
#10757=CARTESIAN_POINT('',(11.2421809195991,-82.5496134243853,8.5));
#10758=CARTESIAN_POINT('',(11.220973702689,-80.9802793730354,8.5));
#10759=CARTESIAN_POINT('',(10.9346762744022,-79.8651332171776,8.5));
#10760=CARTESIAN_POINT('',(10.9346762744022,-85.234093631593,8.5));
#10761=CARTESIAN_POINT('',(10.9346762744022,-85.234093631593,10.));
#10762=CARTESIAN_POINT('',(11.1255412265934,-84.4906628610211,8.5));
#10763=CARTESIAN_POINT('',(11.1255412265934,-84.4906628610211,10.));
#10764=CARTESIAN_POINT('',(11.2280427749923,-83.5958361252852,8.5));
#10765=CARTESIAN_POINT('',(11.2280427749923,-83.5958361252852,10.));
#10766=CARTESIAN_POINT('',(11.2421809195991,-82.5496134243853,8.5));
#10767=CARTESIAN_POINT('',(11.2421809195991,-82.5496134243853,10.));
#10768=CARTESIAN_POINT('',(10.9346762744022,-85.234093631593,8.5));
#10769=CARTESIAN_POINT('',(10.9346762744022,-85.234093631593,8.5));
#10770=CARTESIAN_POINT('',(10.9346762744022,-85.234093631593,8.5));
#10771=CARTESIAN_POINT('',(11.220973702689,-84.1189474757351,8.5));
#10772=CARTESIAN_POINT('',(11.2421809195991,-82.5496134243853,8.5));
#10773=CARTESIAN_POINT('',(10.1623801252581,-87.0897251112296,8.5));
#10774=CARTESIAN_POINT('',(10.1623801252581,-87.0897251112296,10.));
#10775=CARTESIAN_POINT('',(10.4863792724963,-86.5960682287104,8.5));
#10776=CARTESIAN_POINT('',(10.4863792724963,-86.5960682287104,10.));
#10777=CARTESIAN_POINT('',(10.743811322211,-85.9775244021649,8.5));
#10778=CARTESIAN_POINT('',(10.743811322211,-85.9775244021649,10.));
#10779=CARTESIAN_POINT('',(10.9346762744022,-85.234093631593,8.5));
#10780=CARTESIAN_POINT('',(10.9346762744022,-85.234093631593,10.));
#10781=CARTESIAN_POINT('',(10.1623801252581,-87.0897251112296,8.5));
#10782=CARTESIAN_POINT('',(10.1623801252581,-87.0897251112296,8.5));
#10783=CARTESIAN_POINT('',(10.1623801252581,-87.0897251112296,8.5));
#10784=CARTESIAN_POINT('',(10.6483788461154,-86.3492397874508,8.5));
#10785=CARTESIAN_POINT('',(10.9346762744022,-85.234093631593,8.5));
#10786=CARTESIAN_POINT('',(9.01365587595926,-88.2154748755425,8.5));
#10787=CARTESIAN_POINT('',(9.01365587595926,-88.2154748755425,10.));
#10788=CARTESIAN_POINT('',(9.45547289492037,-87.9586319151864,8.5));
#10789=CARTESIAN_POINT('',(9.45547289492037,-87.9586319151864,10.));
#10790=CARTESIAN_POINT('',(9.83838097802,-87.5833819937488,8.5));
#10791=CARTESIAN_POINT('',(9.83838097802,-87.5833819937488,10.));
#10792=CARTESIAN_POINT('',(10.1623801252581,-87.0897251112296,8.5));
#10793=CARTESIAN_POINT('',(10.1623801252581,-87.0897251112296,10.));
#10794=CARTESIAN_POINT('',(9.01365587595926,-88.2154748755425,8.5));
#10795=CARTESIAN_POINT('',(9.01365587595926,-88.2154748755425,8.5));
#10796=CARTESIAN_POINT('',(9.01365587595926,-88.2154748755425,8.5));
#10797=CARTESIAN_POINT('',(9.67638140440093,-87.8302104350084,8.5));
#10798=CARTESIAN_POINT('',(10.1623801252581,-87.0897251112296,8.5));
#10799=CARTESIAN_POINT('',(7.17846290348214,-85.0850353135545,8.5));
#10800=CARTESIAN_POINT('',(7.59807414720787,-88.6891206675201,8.5));
#10801=CARTESIAN_POINT('',(7.59807414720787,-88.6891206675201,8.5));
#10802=CARTESIAN_POINT('',(7.17846290348214,-85.0850353135545,8.5));
#10803=CARTESIAN_POINT('',(7.59807414720787,-89.7282563484654,8.5));
#10804=CARTESIAN_POINT('',(7.59807414720787,-90.7674099770619,8.5));
#10805=CARTESIAN_POINT('',(7.59807414720787,-90.7674099770619,8.5));
#10806=CARTESIAN_POINT('',(7.59807414720787,-89.7282563484654,8.5));
#10807=CARTESIAN_POINT('',(8.03713455424456,-90.7674099770619,8.5));
#10808=CARTESIAN_POINT('',(8.47619496128126,-90.7674099770619,8.5));
#10809=CARTESIAN_POINT('',(8.47616188676474,-90.7672314617961,8.5));
#10810=CARTESIAN_POINT('',(8.03713455424456,-90.7674099770619,8.5));
#10811=CARTESIAN_POINT('',(7.31058163472047,-84.4761684218341,8.5));
#10812=CARTESIAN_POINT('',(10.118198423362,-90.2248586777776,8.5));
#10813=CARTESIAN_POINT('',(10.118198423362,-90.2248586777776,8.5));
#10814=CARTESIAN_POINT('',(7.31058163472047,-84.4761684218341,8.5));
#10815=CARTESIAN_POINT('',(12.1169786171421,-88.6131101926075,8.5));
#10816=CARTESIAN_POINT('',(12.1169786171421,-88.6131101926075,10.));
#10817=CARTESIAN_POINT('',(11.5502746541546,-89.3117701719247,8.5));
#10818=CARTESIAN_POINT('',(11.5502746541546,-89.3117701719247,10.));
#10819=CARTESIAN_POINT('',(10.8840145895613,-89.8490196669814,8.5));
#10820=CARTESIAN_POINT('',(10.8840145895613,-89.8490196669814,10.));
#10821=CARTESIAN_POINT('',(10.118198423362,-90.2248586777776,8.5));
#10822=CARTESIAN_POINT('',(10.118198423362,-90.2248586777776,10.));
#10823=CARTESIAN_POINT('',(12.1169786171421,-88.6131101926075,8.5));
#10824=CARTESIAN_POINT('',(12.1169786171421,-88.6131101926075,8.5));
#10825=CARTESIAN_POINT('',(12.1169786171421,-88.6131101926075,8.5));
#10826=CARTESIAN_POINT('',(11.2669226726609,-89.6611001615833,8.5));
#10827=CARTESIAN_POINT('',(10.118198423362,-90.2248586777776,8.5));
#10828=CARTESIAN_POINT('',(13.4530332824805,-86.039967874178,8.5));
#10829=CARTESIAN_POINT('',(13.4530332824805,-86.039967874178,10.));
#10830=CARTESIAN_POINT('',(13.1290341352423,-87.0567361071472,8.5));
#10831=CARTESIAN_POINT('',(13.1290341352423,-87.0567361071472,10.));
#10832=CARTESIAN_POINT('',(12.6836825801295,-87.9144502132904,8.5));
#10833=CARTESIAN_POINT('',(12.6836825801295,-87.9144502132904,10.));
#10834=CARTESIAN_POINT('',(12.1169786171421,-88.6131101926075,8.5));
#10835=CARTESIAN_POINT('',(12.1169786171421,-88.6131101926075,10.));
#10836=CARTESIAN_POINT('',(13.4530332824805,-86.039967874178,8.5));
#10837=CARTESIAN_POINT('',(13.4530332824805,-86.039967874178,8.5));
#10838=CARTESIAN_POINT('',(13.4530332824805,-86.039967874178,8.5));
#10839=CARTESIAN_POINT('',(12.9670345616233,-87.5651202236318,8.5));
#10840=CARTESIAN_POINT('',(12.1169786171421,-88.6131101926075,8.5));
#10841=CARTESIAN_POINT('',(13.9390320033377,-82.5496134243853,8.5));
#10842=CARTESIAN_POINT('',(13.9390320033377,-82.5496134243853,10.));
#10843=CARTESIAN_POINT('',(13.9390320033377,-83.8597481579447,8.5));
#10844=CARTESIAN_POINT('',(13.9390320033377,-83.8597481579447,10.));
#10845=CARTESIAN_POINT('',(13.7770324297186,-85.0231996412089,8.5));
#10846=CARTESIAN_POINT('',(13.7770324297186,-85.0231996412089,10.));
#10847=CARTESIAN_POINT('',(13.4530332824805,-86.039967874178,8.5));
#10848=CARTESIAN_POINT('',(13.4530332824805,-86.039967874178,10.));
#10849=CARTESIAN_POINT('',(13.9390320033377,-82.5496134243853,8.5));
#10850=CARTESIAN_POINT('',(13.9390320033377,-82.5496134243853,8.5));
#10851=CARTESIAN_POINT('',(13.9390320033377,-82.5496134243853,8.5));
#10852=CARTESIAN_POINT('',(13.9390320033377,-84.5148155247243,8.5));
#10853=CARTESIAN_POINT('',(13.4530332824805,-86.039967874178,8.5));
#10854=CARTESIAN_POINT('',(13.4530332824805,-79.0698625830476,8.5));
#10855=CARTESIAN_POINT('',(13.4530332824805,-79.0698625830476,10.));
#10856=CARTESIAN_POINT('',(13.7770324297186,-80.0795617437133,8.5));
#10857=CARTESIAN_POINT('',(13.7770324297186,-80.0795617437133,10.));
#10858=CARTESIAN_POINT('',(13.9390320033377,-81.2394786908259,8.5));
#10859=CARTESIAN_POINT('',(13.9390320033377,-81.2394786908259,10.));
#10860=CARTESIAN_POINT('',(13.9390320033377,-82.5496134243853,8.5));
#10861=CARTESIAN_POINT('',(13.9390320033377,-82.5496134243853,10.));
#10862=CARTESIAN_POINT('',(13.4530332824805,-79.0698625830476,8.5));
#10863=CARTESIAN_POINT('',(13.4530332824805,-79.0698625830476,8.5));
#10864=CARTESIAN_POINT('',(13.4530332824805,-79.0698625830476,8.5));
#10865=CARTESIAN_POINT('',(13.9390320033377,-80.5844113240462,8.5));
#10866=CARTESIAN_POINT('',(13.9390320033377,-82.5496134243853,8.5));
#10867=CARTESIAN_POINT('',(12.1169786171421,-76.5073238730731,8.5));
#10868=CARTESIAN_POINT('',(12.1169786171421,-76.5073238730731,10.));
#10869=CARTESIAN_POINT('',(12.6836825801295,-77.2059838523903,8.5));
#10870=CARTESIAN_POINT('',(12.6836825801295,-77.2059838523903,10.));
#10871=CARTESIAN_POINT('',(13.1290341352423,-78.0601634223818,8.5));
#10872=CARTESIAN_POINT('',(13.1290341352423,-78.0601634223818,10.));
#10873=CARTESIAN_POINT('',(13.4530332824805,-79.0698625830476,8.5));
#10874=CARTESIAN_POINT('',(13.4530332824805,-79.0698625830476,10.));
#10875=CARTESIAN_POINT('',(12.1169786171421,-76.5073238730731,8.5));
#10876=CARTESIAN_POINT('',(12.1169786171421,-76.5073238730731,8.5));
#10877=CARTESIAN_POINT('',(12.1169786171421,-76.5073238730731,8.5));
#10878=CARTESIAN_POINT('',(12.9670345616233,-77.5553138420489,8.5));
#10879=CARTESIAN_POINT('',(13.4530332824805,-79.0698625830476,8.5));
#10880=CARTESIAN_POINT('',(10.1058275468311,-74.8849717794479,8.5));
#10881=CARTESIAN_POINT('',(10.1058275468311,-74.8849717794479,10.));
#10882=CARTESIAN_POINT('',(10.879890964051,-75.2678798625476,8.5));
#10883=CARTESIAN_POINT('',(10.879890964051,-75.2678798625476,10.));
#10884=CARTESIAN_POINT('',(11.5502746541546,-75.808663893756,8.5));
#10885=CARTESIAN_POINT('',(11.5502746541546,-75.808663893756,10.));
#10886=CARTESIAN_POINT('',(12.1169786171421,-76.5073238730731,8.5));
#10887=CARTESIAN_POINT('',(12.1169786171421,-76.5073238730731,10.));
#10888=CARTESIAN_POINT('',(10.1058275468311,-74.8849717794479,8.5));
#10889=CARTESIAN_POINT('',(11.2669226726609,-75.4593339040974,8.5));
#10890=CARTESIAN_POINT('',(12.1169786171421,-76.5073238730731,8.5));
#10891=CARTESIAN_POINT('',(-38.0940950206629,-83.7080815434456,8.5));
#10892=CARTESIAN_POINT('',(-7.31413387676749,-83.5322144745548,8.5));
#10893=CARTESIAN_POINT('',(-7.31413387676749,-76.2970189720476,8.5));
#10894=CARTESIAN_POINT('',(-7.31413387676749,-76.2970189720476,8.5));
#10895=CARTESIAN_POINT('',(-7.31413387676749,-83.5322144745548,8.5));
#10896=CARTESIAN_POINT('',(-7.31413387676749,-90.7674099770619,8.5));
#10897=CARTESIAN_POINT('',(-7.31413387676749,-90.7674099770619,8.5));
#10898=CARTESIAN_POINT('',(-4.88414027248139,-76.2970189720476,8.5));
#10899=CARTESIAN_POINT('',(-2.4541466681953,-76.2970189720476,8.5));
#10900=CARTESIAN_POINT('',(-2.4541466681953,-76.2970189720476,8.5));
#10901=CARTESIAN_POINT('',(-4.88414027248139,-76.2970189720476,8.5));
#10902=CARTESIAN_POINT('',(-2.4541466681953,-75.3921777172153,8.5));
#10903=CARTESIAN_POINT('',(-2.4541466681953,-74.4873364623829,8.5));
#10904=CARTESIAN_POINT('',(-2.4541466681953,-74.4873364623829,8.5));
#10905=CARTESIAN_POINT('',(-2.4541466681953,-75.3921777172153,8.5));
#10906=CARTESIAN_POINT('',(-8.65018854210588,-74.4873364623829,8.5));
#10907=CARTESIAN_POINT('',(-14.8462304160165,-74.4873364623829,8.5));
#10908=CARTESIAN_POINT('',(-14.8462304160165,-74.4873364623829,8.5));
#10909=CARTESIAN_POINT('',(-8.65018854210588,-74.4873364623829,8.5));
#10910=CARTESIAN_POINT('',(-14.8462304160165,-75.3921777172153,8.5));
#10911=CARTESIAN_POINT('',(-14.8462304160165,-76.2970189720476,8.5));
#10912=CARTESIAN_POINT('',(-14.8462304160165,-76.2970189720476,8.5));
#10913=CARTESIAN_POINT('',(-14.8462304160165,-75.3921777172153,8.5));
#10914=CARTESIAN_POINT('',(-12.4162368117304,-76.2970189720476,8.5));
#10915=CARTESIAN_POINT('',(-9.98624320744428,-76.2970189720476,8.5));
#10916=CARTESIAN_POINT('',(-9.98624320744428,-76.2970189720476,8.5));
#10917=CARTESIAN_POINT('',(-12.4162368117304,-76.2970189720476,8.5));
#10918=CARTESIAN_POINT('',(-9.98624320744428,-83.5322144745548,8.5));
#10919=CARTESIAN_POINT('',(-9.98624320744428,-90.7674099770619,8.5));
#10920=CARTESIAN_POINT('',(-9.98624320744428,-90.7674099770619,8.5));
#10921=CARTESIAN_POINT('',(-9.98624320744428,-83.5322144745548,8.5));
#10922=CARTESIAN_POINT('',(-8.65018854210588,-90.7674099770619,8.5));
#10923=CARTESIAN_POINT('',(-8.65018854210588,-90.7674099770619,8.5));
#10924=CARTESIAN_POINT('',(-38.0940950206629,-83.7080815434456,8.5));
#10925=CARTESIAN_POINT('',(29.4450421007968,-82.6273732197224,8.5));
#10926=CARTESIAN_POINT('',(29.4450421007968,-74.4873364623829,8.5));
#10927=CARTESIAN_POINT('',(29.4450421007968,-74.4873364623829,8.5));
#10928=CARTESIAN_POINT('',(29.4450421007968,-82.6273732197224,8.5));
#10929=CARTESIAN_POINT('',(29.4450421007968,-90.7674099770619,8.5));
#10930=CARTESIAN_POINT('',(29.4450421007968,-90.7674099770619,8.5));
#10931=CARTESIAN_POINT('',(28.0983838270034,-74.4873364623829,8.5));
#10932=CARTESIAN_POINT('',(26.7517255532099,-74.4873364623829,8.5));
#10933=CARTESIAN_POINT('',(26.7517255532099,-74.4873364623829,8.5));
#10934=CARTESIAN_POINT('',(28.0983838270034,-74.4873364623829,8.5));
#10935=CARTESIAN_POINT('',(26.7517255532099,-80.098412603189,8.5));
#10936=CARTESIAN_POINT('',(26.7517255532099,-85.7094887439951,8.5));
#10937=CARTESIAN_POINT('',(26.7517255532099,-85.7094887439951,8.5));
#10938=CARTESIAN_POINT('',(26.7517255532099,-80.098412603189,8.5));
#10939=CARTESIAN_POINT('',(24.012460035651,-80.8813123607881,8.5));
#10940=CARTESIAN_POINT('',(21.2731945180921,-76.0531359775811,8.5));
#10941=CARTESIAN_POINT('',(21.2731945180921,-76.0531359775811,8.5));
#10942=CARTESIAN_POINT('',(24.012460035651,-80.8813123607881,8.5));
#10943=CARTESIAN_POINT('',(21.2731945180921,-78.5944674706454,8.5));
#10944=CARTESIAN_POINT('',(21.2731945180921,-81.1357989637097,8.5));
#10945=CARTESIAN_POINT('',(21.2731945180921,-81.1357989637097,8.5));
#10946=CARTESIAN_POINT('',(21.2731945180921,-78.5944674706454,8.5));
#10947=CARTESIAN_POINT('',(24.012460035651,-85.9516044703858,8.5));
#10948=CARTESIAN_POINT('',(26.7517255532099,-90.7674099770619,8.5));
#10949=CARTESIAN_POINT('',(26.7517255532099,-90.7674099770619,8.5));
#10950=CARTESIAN_POINT('',(24.012460035651,-85.9516044703858,8.5));
#10951=CARTESIAN_POINT('',(28.0983838270034,-90.7674099770619,8.5));
#10952=CARTESIAN_POINT('',(28.0983838270034,-90.7674099770619,8.5));
#10953=CARTESIAN_POINT('',(-38.0940950206629,-83.7080815434456,8.5));
#10954=CARTESIAN_POINT('',(-35.1698132882275,-90.7674099770619,8.5));
#10955=CARTESIAN_POINT('',(-33.8231550144341,-90.7674099770619,8.5));
#10956=CARTESIAN_POINT('',(-33.8231550144341,-90.7674099770619,8.5));
#10957=CARTESIAN_POINT('',(-35.1698132882275,-90.7674099770619,8.5));
#10958=CARTESIAN_POINT('',(-36.516471562021,-90.7674099770619,8.5));
#10959=CARTESIAN_POINT('',(-36.516471562021,-90.7674099770619,8.5));
#10960=CARTESIAN_POINT('',(-33.8231550144341,-82.6273732197224,8.5));
#10961=CARTESIAN_POINT('',(-33.8231550144341,-74.4873364623829,8.5));
#10962=CARTESIAN_POINT('',(-33.8231550144341,-74.4873364623829,8.5));
#10963=CARTESIAN_POINT('',(-33.8231550144341,-82.6273732197224,8.5));
#10964=CARTESIAN_POINT('',(-35.1698132882275,-74.4873364623829,8.5));
#10965=CARTESIAN_POINT('',(-36.516471562021,-74.4873364623829,8.5));
#10966=CARTESIAN_POINT('',(-36.516471562021,-74.4873364623829,8.5));
#10967=CARTESIAN_POINT('',(-35.1698132882275,-74.4873364623829,8.5));
#10968=CARTESIAN_POINT('',(-36.516471562021,-82.6273732197224,8.5));
#10969=CARTESIAN_POINT('',(-36.516471562021,-82.6273732197224,8.5));
#10970=CARTESIAN_POINT('',(-38.0940950206629,-83.7080815434456,8.5));
#10971=CARTESIAN_POINT('',(-71.268031005426,-90.7674099770619,8.5));
#10972=CARTESIAN_POINT('',(-69.9425799485426,-90.7674099770619,8.5));
#10973=CARTESIAN_POINT('',(-69.9425799485426,-90.7674099770619,8.5));
#10974=CARTESIAN_POINT('',(-71.268031005426,-90.7674099770619,8.5));
#10975=CARTESIAN_POINT('',(-72.5934820623093,-90.7674099770619,8.5));
#10976=CARTESIAN_POINT('',(-72.5934820623093,-90.7674099770619,8.5));
#10977=CARTESIAN_POINT('',(-69.9425799485426,-82.6273732197224,8.5));
#10978=CARTESIAN_POINT('',(-69.9425799485426,-74.4873364623829,8.5));
#10979=CARTESIAN_POINT('',(-69.9425799485426,-74.4873364623829,8.5));
#10980=CARTESIAN_POINT('',(-69.9425799485426,-82.6273732197224,8.5));
#10981=CARTESIAN_POINT('',(-71.268031005426,-74.4873364623829,8.5));
#10982=CARTESIAN_POINT('',(-72.5934820623093,-74.4873364623829,8.5));
#10983=CARTESIAN_POINT('',(-72.5934820623093,-74.4873364623829,8.5));
#10984=CARTESIAN_POINT('',(-71.268031005426,-74.4873364623829,8.5));
#10985=CARTESIAN_POINT('',(-72.5934820623093,-82.6273732197224,8.5));
#10986=CARTESIAN_POINT('',(-72.5934820623093,-82.6273732197224,8.5));
#10987=CARTESIAN_POINT('',(-38.0940950206629,-83.7080815434456,8.5));
#10988=CARTESIAN_POINT('',(-17.9848985187162,-82.6273732197224,8.5));
#10989=CARTESIAN_POINT('',(-17.9848985187162,-74.4873364623829,8.5));
#10990=CARTESIAN_POINT('',(-17.9848985187162,-74.4873364623829,8.5));
#10991=CARTESIAN_POINT('',(-17.9848985187162,-82.6273732197224,8.5));
#10992=CARTESIAN_POINT('',(-17.9848985187162,-90.7674099770619,8.5));
#10993=CARTESIAN_POINT('',(-17.9848985187162,-90.7674099770619,8.5));
#10994=CARTESIAN_POINT('',(-19.3315567925096,-74.4873364623829,8.5));
#10995=CARTESIAN_POINT('',(-20.6782150663031,-74.4873364623829,8.5));
#10996=CARTESIAN_POINT('',(-20.6782150663031,-74.4873364623829,8.5));
#10997=CARTESIAN_POINT('',(-19.3315567925096,-74.4873364623829,8.5));
#10998=CARTESIAN_POINT('',(-20.6782150663031,-80.098412603189,8.5));
#10999=CARTESIAN_POINT('',(-20.6782150663031,-85.7094887439951,8.5));
#11000=CARTESIAN_POINT('',(-20.6782150663031,-85.7094887439951,8.5));
#11001=CARTESIAN_POINT('',(-20.6782150663031,-80.098412603189,8.5));
#11002=CARTESIAN_POINT('',(-23.417480583862,-80.8813123607881,8.5));
#11003=CARTESIAN_POINT('',(-26.1567461014209,-76.0531359775811,8.5));
#11004=CARTESIAN_POINT('',(-26.1567461014209,-76.0531359775811,8.5));
#11005=CARTESIAN_POINT('',(-23.417480583862,-80.8813123607881,8.5));
#11006=CARTESIAN_POINT('',(-26.1567461014209,-78.5944674706454,8.5));
#11007=CARTESIAN_POINT('',(-26.1567461014209,-81.1357989637097,8.5));
#11008=CARTESIAN_POINT('',(-26.1567461014209,-81.1357989637097,8.5));
#11009=CARTESIAN_POINT('',(-26.1567461014209,-78.5944674706454,8.5));
#11010=CARTESIAN_POINT('',(-23.417480583862,-85.9516044703858,8.5));
#11011=CARTESIAN_POINT('',(-20.6782150663031,-90.7674099770619,8.5));
#11012=CARTESIAN_POINT('',(-20.6782150663031,-90.7674099770619,8.5));
#11013=CARTESIAN_POINT('',(-23.417480583862,-85.9516044703858,8.5));
#11014=CARTESIAN_POINT('',(-19.3315567925096,-90.7674099770619,8.5));
#11015=CARTESIAN_POINT('',(-19.3315567925096,-90.7674099770619,8.5));
#11016=CARTESIAN_POINT('',(-38.0940950206629,-83.7080815434456,8.5));
#11017=CARTESIAN_POINT('',(-27.0615873562532,-82.6273732197224,8.5));
#11018=CARTESIAN_POINT('',(-27.0615873562532,-74.4873364623829,8.5));
#11019=CARTESIAN_POINT('',(-27.0615873562532,-74.4873364623829,8.5));
#11020=CARTESIAN_POINT('',(-27.0615873562532,-82.6273732197224,8.5));
#11021=CARTESIAN_POINT('',(-27.0615873562532,-90.7674099770619,8.5));
#11022=CARTESIAN_POINT('',(-27.0615873562532,-90.7674099770619,8.5));
#11023=CARTESIAN_POINT('',(-28.4100128981225,-74.4873364623829,8.5));
#11024=CARTESIAN_POINT('',(-29.7584384399918,-74.4873364623829,8.5));
#11025=CARTESIAN_POINT('',(-29.7584384399918,-74.4873364623829,8.5));
#11026=CARTESIAN_POINT('',(-28.4100128981225,-74.4873364623829,8.5));
#11027=CARTESIAN_POINT('',(-29.7584384399918,-82.6273732197224,8.5));
#11028=CARTESIAN_POINT('',(-29.7584384399918,-90.7674099770619,8.5));
#11029=CARTESIAN_POINT('',(-29.7584384399918,-90.7674099770619,8.5));
#11030=CARTESIAN_POINT('',(-29.7584384399918,-82.6273732197224,8.5));
#11031=CARTESIAN_POINT('',(-28.4100128981225,-90.7674099770619,8.5));
#11032=CARTESIAN_POINT('',(-28.4100128981225,-90.7674099770619,8.5));
#11033=CARTESIAN_POINT('',(-38.0940950206629,-83.7080815434456,8.5));
#11034=CARTESIAN_POINT('',(-41.9737953802286,-90.7674099770619,8.5));
#11035=CARTESIAN_POINT('',(-40.6271371064351,-90.7674099770619,8.5));
#11036=CARTESIAN_POINT('',(-40.6271371064351,-90.7674099770619,8.5));
#11037=CARTESIAN_POINT('',(-41.9737953802286,-90.7674099770619,8.5));
#11038=CARTESIAN_POINT('',(-43.3204536540221,-90.7674099770619,8.5));
#11039=CARTESIAN_POINT('',(-43.3204536540221,-90.7674099770619,8.5));
#11040=CARTESIAN_POINT('',(-40.6271371064351,-82.6273732197224,8.5));
#11041=CARTESIAN_POINT('',(-40.6271371064351,-74.4873364623829,8.5));
#11042=CARTESIAN_POINT('',(-40.6271371064351,-74.4873364623829,8.5));
#11043=CARTESIAN_POINT('',(-40.6271371064351,-82.6273732197224,8.5));
#11044=CARTESIAN_POINT('',(-41.9737953802286,-74.4873364623829,8.5));
#11045=CARTESIAN_POINT('',(-43.3204536540221,-74.4873364623829,8.5));
#11046=CARTESIAN_POINT('',(-43.3204536540221,-74.4873364623829,8.5));
#11047=CARTESIAN_POINT('',(-41.9737953802286,-74.4873364623829,8.5));
#11048=CARTESIAN_POINT('',(-45.5083315319175,-79.5346540869946,8.5));
#11049=CARTESIAN_POINT('',(-47.6962094098129,-84.5819717116064,8.5));
#11050=CARTESIAN_POINT('',(-47.6962094098129,-84.5819717116064,8.5));
#11051=CARTESIAN_POINT('',(-45.5083315319175,-79.5346540869946,8.5));
#11052=CARTESIAN_POINT('',(-47.6962094098129,-86.6037263903724,8.5));
#11053=CARTESIAN_POINT('',(-47.6962094098129,-88.6254810691384,8.5));
#11054=CARTESIAN_POINT('',(-47.6962094098129,-88.6254810691384,8.5));
#11055=CARTESIAN_POINT('',(-47.6962094098129,-86.6037263903724,8.5));
#11056=CARTESIAN_POINT('',(-47.3303849181131,-88.6254810691384,8.5));
#11057=CARTESIAN_POINT('',(-46.9645604264133,-88.6254810691384,8.5));
#11058=CARTESIAN_POINT('',(-46.9645604264133,-88.6254810691384,8.5));
#11059=CARTESIAN_POINT('',(-47.3303849181131,-88.6254810691384,8.5));
#11060=CARTESIAN_POINT('',(-45.1425070402177,-84.0959729907491,8.5));
#11061=CARTESIAN_POINT('',(-43.3204536540221,-79.5664649123598,8.5));
#11062=CARTESIAN_POINT('',(-43.3204536540221,-79.5664649123598,8.5));
#11063=CARTESIAN_POINT('',(-45.1425070402177,-84.0959729907491,8.5));
#11064=CARTESIAN_POINT('',(-43.3204536540221,-85.1669374447109,8.5));
#11065=CARTESIAN_POINT('',(-43.3204536540221,-85.1669374447109,8.5));
#11066=CARTESIAN_POINT('',(-38.0940950206629,-83.7080815434456,8.5));
#11067=CARTESIAN_POINT('',(-54.3216974261537,-90.7674099770619,8.5));
#11068=CARTESIAN_POINT('',(-52.9732718842844,-90.7674099770619,8.5));
#11069=CARTESIAN_POINT('',(-52.9732718842844,-90.7674099770619,8.5));
#11070=CARTESIAN_POINT('',(-54.3216974261537,-90.7674099770619,8.5));
#11071=CARTESIAN_POINT('',(-55.670122968023,-90.7674099770619,8.5));
#11072=CARTESIAN_POINT('',(-55.670122968023,-90.7674099770619,8.5));
#11073=CARTESIAN_POINT('',(-52.9732718842844,-85.1669374447109,8.5));
#11074=CARTESIAN_POINT('',(-52.9732718842844,-79.5664649123599,8.5));
#11075=CARTESIAN_POINT('',(-52.9732718842844,-79.5664649123599,8.5));
#11076=CARTESIAN_POINT('',(-52.9732718842844,-85.1669374447109,8.5));
#11077=CARTESIAN_POINT('',(-51.1406148896337,-84.0959729907491,8.5));
#11078=CARTESIAN_POINT('',(-49.307957894983,-88.6254810691384,8.5));
#11079=CARTESIAN_POINT('',(-49.307957894983,-88.6254810691384,8.5));
#11080=CARTESIAN_POINT('',(-51.1406148896337,-84.0959729907491,8.5));
#11081=CARTESIAN_POINT('',(-48.9545042798141,-88.6254810691384,8.5));
#11082=CARTESIAN_POINT('',(-48.6010506646452,-88.6254810691384,8.5));
#11083=CARTESIAN_POINT('',(-48.6010506646452,-88.6254810691384,8.5));
#11084=CARTESIAN_POINT('',(-48.9545042798141,-88.6254810691384,8.5));
#11085=CARTESIAN_POINT('',(-48.6010506646452,-86.5807519053864,8.5));
#11086=CARTESIAN_POINT('',(-48.6010506646452,-84.5360227416344,8.5));
#11087=CARTESIAN_POINT('',(-48.6010506646452,-84.5360227416344,8.5));
#11088=CARTESIAN_POINT('',(-48.6010506646452,-86.5807519053864,8.5));
#11089=CARTESIAN_POINT('',(-50.7871612744648,-79.5116796020087,8.5));
#11090=CARTESIAN_POINT('',(-52.9732718842844,-74.4873364623829,8.5));
#11091=CARTESIAN_POINT('',(-52.9732718842844,-74.4873364623829,8.5));
#11092=CARTESIAN_POINT('',(-50.7871612744648,-79.5116796020087,8.5));
#11093=CARTESIAN_POINT('',(-54.3216974261537,-74.4873364623829,8.5));
#11094=CARTESIAN_POINT('',(-55.670122968023,-74.4873364623829,8.5));
#11095=CARTESIAN_POINT('',(-55.670122968023,-74.4873364623829,8.5));
#11096=CARTESIAN_POINT('',(-54.3216974261537,-74.4873364623829,8.5));
#11097=CARTESIAN_POINT('',(-55.670122968023,-82.6273732197224,8.5));
#11098=CARTESIAN_POINT('',(-55.670122968023,-82.6273732197224,8.5));
#11099=CARTESIAN_POINT('',(-38.0940950206629,-83.7080815434456,8.5));
#11100=CARTESIAN_POINT('',(-67.7334948537371,-90.7674099770619,8.5));
#11101=CARTESIAN_POINT('',(-66.4292510137639,-90.7674099770619,8.5));
#11102=CARTESIAN_POINT('',(-66.4292510137639,-90.7674099770619,8.5));
#11103=CARTESIAN_POINT('',(-67.7334948537371,-90.7674099770619,8.5));
#11104=CARTESIAN_POINT('',(-69.0377386937103,-90.7674099770619,8.5));
#11105=CARTESIAN_POINT('',(-69.0377386937103,-90.7674099770619,8.5));
#11106=CARTESIAN_POINT('',(-65.4802280570354,-90.6896501817247,8.5));
#11107=CARTESIAN_POINT('',(-65.4802280570354,-90.6896501817247,10.));
#11108=CARTESIAN_POINT('',(-65.9079069313898,-90.7414900452828,8.5));
#11109=CARTESIAN_POINT('',(-65.9079069313898,-90.7414900452828,10.));
#11110=CARTESIAN_POINT('',(-66.224247916966,-90.7674099770619,8.5));
#11111=CARTESIAN_POINT('',(-66.224247916966,-90.7674099770619,10.));
#11112=CARTESIAN_POINT('',(-66.4292510137639,-90.7674099770619,8.5));
#11113=CARTESIAN_POINT('',(-66.4292510137639,-90.7674099770619,10.));
#11114=CARTESIAN_POINT('',(-65.4802280570354,-90.6896501817247,8.5));
#11115=CARTESIAN_POINT('',(-65.4802280570354,-90.6896501817247,8.5));
#11116=CARTESIAN_POINT('',(-65.4802280570354,-90.6896501817247,8.5));
#11117=CARTESIAN_POINT('',(-66.121746368567,-90.7674099770619,8.5));
#11118=CARTESIAN_POINT('',(-66.4292510137639,-90.7674099770619,8.5));
#11119=CARTESIAN_POINT('',(-64.0664135963599,-90.3361965665558,8.5));
#11120=CARTESIAN_POINT('',(-64.0664135963599,-90.3361965665558,10.));
#11121=CARTESIAN_POINT('',(-64.5812776957892,-90.5199924464437,8.5));
#11122=CARTESIAN_POINT('',(-64.5812776957892,-90.5199924464437,10.));
#11123=CARTESIAN_POINT('',(-65.0525491826811,-90.6378103181666,8.5));
#11124=CARTESIAN_POINT('',(-65.0525491826811,-90.6378103181666,10.));
#11125=CARTESIAN_POINT('',(-65.4802280570354,-90.6896501817247,8.5));
#11126=CARTESIAN_POINT('',(-65.4802280570354,-90.6896501817247,10.));
#11127=CARTESIAN_POINT('',(-64.0664135963599,-90.3361965665558,8.5));
#11128=CARTESIAN_POINT('',(-64.0664135963599,-90.3361965665558,8.5));
#11129=CARTESIAN_POINT('',(-64.0664135963599,-90.3361965665558,8.5));
#11130=CARTESIAN_POINT('',(-64.8387097455039,-90.6118903863876,8.5));
#11131=CARTESIAN_POINT('',(-65.4802280570354,-90.6896501817247,8.5));
#11132=CARTESIAN_POINT('',(-62.4652687196448,-89.5073478389848,8.5));
#11133=CARTESIAN_POINT('',(-62.4652687196448,-89.5073478389848,10.));
#11134=CARTESIAN_POINT('',(-63.0178345380255,-89.8761177774777,8.5));
#11135=CARTESIAN_POINT('',(-63.0178345380255,-89.8761177774777,10.));
#11136=CARTESIAN_POINT('',(-63.5515494969306,-90.152400686668,8.5));
#11137=CARTESIAN_POINT('',(-63.5515494969306,-90.152400686668,10.));
#11138=CARTESIAN_POINT('',(-64.0664135963599,-90.3361965665558,8.5));
#11139=CARTESIAN_POINT('',(-64.0664135963599,-90.3361965665558,10.));
#11140=CARTESIAN_POINT('',(-62.4652687196448,-89.5073478389848,8.5));
#11141=CARTESIAN_POINT('',(-62.4652687196448,-89.5073478389848,8.5));
#11142=CARTESIAN_POINT('',(-62.4652687196448,-89.5073478389848,8.5));
#11143=CARTESIAN_POINT('',(-63.2941174472159,-90.0605027467241,8.5));
#11144=CARTESIAN_POINT('',(-64.0664135963599,-90.3361965665558,8.5));
#11145=CARTESIAN_POINT('',(-60.9736944636321,-87.994566366062,8.5));
#11146=CARTESIAN_POINT('',(-60.9736944636321,-87.994566366062,10.));
#11147=CARTESIAN_POINT('',(-61.4155114825932,-88.6343174095177,8.5));
#11148=CARTESIAN_POINT('',(-61.4155114825932,-88.6343174095177,10.));
#11149=CARTESIAN_POINT('',(-61.9127029012641,-89.138577900492,8.5));
#11150=CARTESIAN_POINT('',(-61.9127029012641,-89.138577900492,10.));
#11151=CARTESIAN_POINT('',(-62.4652687196448,-89.5073478389848,8.5));
#11152=CARTESIAN_POINT('',(-62.4652687196448,-89.5073478389848,10.));
#11153=CARTESIAN_POINT('',(-60.9736944636321,-87.994566366062,8.5));
#11154=CARTESIAN_POINT('',(-60.9736944636321,-87.994566366062,8.5));
#11155=CARTESIAN_POINT('',(-60.9736944636321,-87.994566366062,8.5));
#11156=CARTESIAN_POINT('',(-61.6364199920738,-88.9541929312455,8.5));
#11157=CARTESIAN_POINT('',(-62.4652687196448,-89.5073478389848,8.5));
#11158=CARTESIAN_POINT('',(-59.8797555246844,-85.608754463672,8.5));
#11159=CARTESIAN_POINT('',(-59.8797555246844,-85.608754463672,10.));
#11160=CARTESIAN_POINT('',(-60.1672311316885,-86.5595446884763,8.5));
#11161=CARTESIAN_POINT('',(-60.1672311316885,-86.5595446884763,10.));
#11162=CARTESIAN_POINT('',(-60.531877444671,-87.3548153226062,8.5));
#11163=CARTESIAN_POINT('',(-60.531877444671,-87.3548153226062,10.));
#11164=CARTESIAN_POINT('',(-60.9736944636321,-87.994566366062,8.5));
#11165=CARTESIAN_POINT('',(-60.9736944636321,-87.994566366062,10.));
#11166=CARTESIAN_POINT('',(-59.8797555246844,-85.608754463672,8.5));
#11167=CARTESIAN_POINT('',(-59.8797555246844,-85.608754463672,8.5));
#11168=CARTESIAN_POINT('',(-59.8797555246844,-85.608754463672,8.5));
#11169=CARTESIAN_POINT('',(-60.3109689351905,-87.0349398008784,8.5));
#11170=CARTESIAN_POINT('',(-60.9736944636321,-87.994566366062,8.5));
#11171=CARTESIAN_POINT('',(-59.4485421141784,-82.1749525923062,8.5));
#11172=CARTESIAN_POINT('',(-59.4485421141784,-82.1749525923062,10.));
#11173=CARTESIAN_POINT('',(-59.4485421141784,-83.5133636150791,8.5));
#11174=CARTESIAN_POINT('',(-59.4485421141784,-83.5133636150791,10.));
#11175=CARTESIAN_POINT('',(-59.5922799176804,-84.6579642388677,8.5));
#11176=CARTESIAN_POINT('',(-59.5922799176804,-84.6579642388677,10.));
#11177=CARTESIAN_POINT('',(-59.8797555246844,-85.608754463672,8.5));
#11178=CARTESIAN_POINT('',(-59.8797555246844,-85.608754463672,10.));
#11179=CARTESIAN_POINT('',(-59.4485421141784,-82.1749525923062,8.5));
#11180=CARTESIAN_POINT('',(-59.4485384373778,-82.1749525947393,8.5));
#11181=CARTESIAN_POINT('',(-59.4485421141784,-82.1749525923062,8.5));
#11182=CARTESIAN_POINT('',(-59.4485421141784,-84.1825691264655,8.5));
#11183=CARTESIAN_POINT('',(-59.8797555246844,-85.608754463672,8.5));
#11184=CARTESIAN_POINT('',(-67.5908374403769,-82.1695645160757,8.5));
#11185=CARTESIAN_POINT('',(-59.9575153200216,-79.3349527944242,8.5));
#11186=CARTESIAN_POINT('',(-59.9576143901052,-79.3349900168134,8.5));
#11187=CARTESIAN_POINT('',(-67.5908374403769,-82.1695645160757,8.5));
#11188=CARTESIAN_POINT('',(-66.6524415061894,-81.8002004834539,8.5));
#11189=CARTESIAN_POINT('',(-61.4932712779304,-76.8713810966971,8.5));
#11190=CARTESIAN_POINT('',(-61.4932712779304,-76.8713810966971,8.5));
#11191=CARTESIAN_POINT('',(-66.6524415061894,-81.8002004834539,8.5));
#11192=CARTESIAN_POINT('',(-64.0770172048149,-75.1376911142937,8.5));
#11193=CARTESIAN_POINT('',(-64.0770172048149,-75.1376911142937,10.));
#11194=CARTESIAN_POINT('',(-63.0390417549356,-75.5712608822342,8.5));
#11195=CARTESIAN_POINT('',(-63.0390417549356,-75.5712608822342,10.));
#11196=CARTESIAN_POINT('',(-62.1777931126408,-76.1491575430353,8.5));
#11197=CARTESIAN_POINT('',(-62.1777931126408,-76.1491575430353,10.));
#11198=CARTESIAN_POINT('',(-61.4932712779304,-76.8713810966971,8.5));
#11199=CARTESIAN_POINT('',(-61.4932712779304,-76.8713810966971,10.));
#11200=CARTESIAN_POINT('',(-64.0770172048149,-75.1376911142937,8.5));
#11201=CARTESIAN_POINT('',(-64.0770172048149,-75.1376911142937,8.5));
#11202=CARTESIAN_POINT('',(-64.0770172048149,-75.1376911142937,8.5));
#11203=CARTESIAN_POINT('',(-62.520054029996,-75.7880457662044,8.5));
#11204=CARTESIAN_POINT('',(-61.4932712779304,-76.8713810966971,8.5));
#11205=CARTESIAN_POINT('',(-67.6875458837651,-74.4873364623829,8.5));
#11206=CARTESIAN_POINT('',(-67.6875458837651,-74.4873364623829,10.));
#11207=CARTESIAN_POINT('',(-66.3185022143443,-74.4873364623829,8.5));
#11208=CARTESIAN_POINT('',(-66.3185022143443,-74.4873364623829,10.));
#11209=CARTESIAN_POINT('',(-65.1149926546942,-74.7041213463532,8.5));
#11210=CARTESIAN_POINT('',(-65.1149926546942,-74.7041213463532,10.));
#11211=CARTESIAN_POINT('',(-64.0770172048149,-75.1376911142937,8.5));
#11212=CARTESIAN_POINT('',(-64.0770172048149,-75.1376911142937,10.));
#11213=CARTESIAN_POINT('',(-67.6875458837651,-74.4873364623829,8.5));
#11214=CARTESIAN_POINT('',(-67.6875458837651,-74.4873364623829,8.5));
#11215=CARTESIAN_POINT('',(-67.6875458837651,-74.4873364623829,8.5));
#11216=CARTESIAN_POINT('',(-65.6339803796339,-74.4873364623829,8.5));
#11217=CARTESIAN_POINT('',(-64.0770172048149,-75.1376911142937,8.5));
#11218=CARTESIAN_POINT('',(-68.3626422887377,-74.4873364623829,8.5));
#11219=CARTESIAN_POINT('',(-69.0377386937103,-74.4873364623829,8.5));
#11220=CARTESIAN_POINT('',(-69.0377386937103,-74.4873364623829,8.5));
#11221=CARTESIAN_POINT('',(-68.3626422887377,-74.4873364623829,8.5));
#11222=CARTESIAN_POINT('',(-69.0377386937103,-75.4911447294626,8.5));
#11223=CARTESIAN_POINT('',(-69.0377386937103,-76.4949529965422,8.5));
#11224=CARTESIAN_POINT('',(-69.0377386937103,-76.4949529965422,8.5));
#11225=CARTESIAN_POINT('',(-69.0377386937103,-75.4911447294626,8.5));
#11226=CARTESIAN_POINT('',(-68.7160959039066,-76.4949529965422,8.5));
#11227=CARTESIAN_POINT('',(-68.3944531141029,-76.4949529965422,8.5));
#11228=CARTESIAN_POINT('',(-68.3944531141029,-76.4949529965422,8.5));
#11229=CARTESIAN_POINT('',(-68.7160959039066,-76.4949529965422,8.5));
#11230=CARTESIAN_POINT('',(-65.303501249451,-76.9933225939304,8.5));
#11231=CARTESIAN_POINT('',(-65.303501249451,-76.9933225939304,10.));
#11232=CARTESIAN_POINT('',(-66.098771883581,-76.6610761956716,8.5));
#11233=CARTESIAN_POINT('',(-66.098771883581,-76.6610761956716,10.));
#11234=CARTESIAN_POINT('',(-67.1290891717983,-76.4949529965422,8.5));
#11235=CARTESIAN_POINT('',(-67.1290891717983,-76.4949529965422,10.));
#11236=CARTESIAN_POINT('',(-68.3944531141029,-76.4949529965422,8.5));
#11237=CARTESIAN_POINT('',(-68.3944531141029,-76.4949529965422,10.));
#11238=CARTESIAN_POINT('',(-65.303501249451,-76.9933225939304,8.5));
#11239=CARTESIAN_POINT('',(-65.303501249451,-76.9933225939304,8.5));
#11240=CARTESIAN_POINT('',(-65.303501249451,-76.9933225939304,8.5));
#11241=CARTESIAN_POINT('',(-66.496407200646,-76.4949529965422,8.5));
#11242=CARTESIAN_POINT('',(-68.3944531141029,-76.4949529965422,8.5));
#11243=CARTESIAN_POINT('',(-63.4142916763733,-78.2975664339035,8.5));
#11244=CARTESIAN_POINT('',(-63.4142916763733,-78.2975664339035,10.));
#11245=CARTESIAN_POINT('',(-63.8784940909618,-77.7603169388468,8.5));
#11246=CARTESIAN_POINT('',(-63.8784940909618,-77.7603169388468,10.));
#11247=CARTESIAN_POINT('',(-64.508230615321,-77.3255689921891,8.5));
#11248=CARTESIAN_POINT('',(-64.508230615321,-77.3255689921891,10.));
#11249=CARTESIAN_POINT('',(-65.303501249451,-76.9933225939304,8.5));
#11250=CARTESIAN_POINT('',(-65.303501249451,-76.9933225939304,10.));
#11251=CARTESIAN_POINT('',(-63.4142916763733,-78.2975664339035,8.5));
#11252=CARTESIAN_POINT('',(-63.4142916763733,-78.2975664339035,8.5));
#11253=CARTESIAN_POINT('',(-63.4142916763733,-78.2975664339035,8.5));
#11254=CARTESIAN_POINT('',(-64.110595298256,-77.4916921913185,8.5));
#11255=CARTESIAN_POINT('',(-65.303501249451,-76.9933225939304,8.5));
#11256=CARTESIAN_POINT('',(-62.4758723280999,-80.0966453351132,8.5));
#11257=CARTESIAN_POINT('',(-62.4758723280999,-80.0966453351132,10.));
#11258=CARTESIAN_POINT('',(-62.6372828123604,-79.4345088960301,8.5));
#11259=CARTESIAN_POINT('',(-62.6372828123604,-79.4345088960301,10.));
#11260=CARTESIAN_POINT('',(-62.9500892617848,-78.8348159289602,8.5));
#11261=CARTESIAN_POINT('',(-62.9500892617848,-78.8348159289602,10.));
#11262=CARTESIAN_POINT('',(-63.4142916763733,-78.2975664339035,8.5));
#11263=CARTESIAN_POINT('',(-63.4142916763733,-78.2975664339035,10.));
#11264=CARTESIAN_POINT('',(-62.4758723280999,-80.0966453351132,8.5));
#11265=CARTESIAN_POINT('',(-62.4758723280999,-80.0966453351132,8.5));
#11266=CARTESIAN_POINT('',(-62.4758723280999,-80.0966453351132,8.5));
#11267=CARTESIAN_POINT('',(-62.7179880544906,-79.1034406764886,8.5));
#11268=CARTESIAN_POINT('',(-63.4142916763733,-78.2975664339035,8.5));
#11269=CARTESIAN_POINT('',(-70.6937166439597,-82.1064867651897,8.5));
#11270=CARTESIAN_POINT('',(-62.2337566017092,-82.1077964054242,8.5));
#11271=CARTESIAN_POINT('',(-62.2337566017092,-82.1077964054242,8.5));
#11272=CARTESIAN_POINT('',(-70.6937166439597,-82.1064867651897,8.5));
#11273=CARTESIAN_POINT('',(-63.4266625529042,-87.1003287196847,8.5));
#11274=CARTESIAN_POINT('',(-63.4266625529042,-87.1003287196847,10.));
#11275=CARTESIAN_POINT('',(-62.6313919187742,-85.9516044703858,8.5));
#11276=CARTESIAN_POINT('',(-62.6313919187742,-85.9516044703858,10.));
#11277=CARTESIAN_POINT('',(-62.2337566017092,-84.287427032299,8.5));
#11278=CARTESIAN_POINT('',(-62.2337566017092,-84.287427032299,10.));
#11279=CARTESIAN_POINT('',(-62.2337566017092,-82.1077964054242,8.5));
#11280=CARTESIAN_POINT('',(-62.2337566017092,-82.1077964054242,10.));
#11281=CARTESIAN_POINT('',(-63.4266625529042,-87.1003287196847,8.5));
#11282=CARTESIAN_POINT('',(-63.4266625529042,-87.1003287196847,8.5));
#11283=CARTESIAN_POINT('',(-63.4266625529042,-87.1003287196847,8.5));
#11284=CARTESIAN_POINT('',(-62.2337566017092,-85.3772423457364,8.5));
#11285=CARTESIAN_POINT('',(-62.2337566017092,-82.1077964054242,8.5));
#11286=CARTESIAN_POINT('',(-67.3128850516861,-88.823415093633,8.5));
#11287=CARTESIAN_POINT('',(-67.3128850516861,-88.823415093633,10.));
#11288=CARTESIAN_POINT('',(-65.5173406866282,-88.823415093633,8.5));
#11289=CARTESIAN_POINT('',(-65.5173406866282,-88.823415093633,10.));
#11290=CARTESIAN_POINT('',(-64.2219331870342,-88.2490529689835,8.5));
#11291=CARTESIAN_POINT('',(-64.2219331870342,-88.2490529689835,10.));
#11292=CARTESIAN_POINT('',(-63.4266625529042,-87.1003287196847,8.5));
#11293=CARTESIAN_POINT('',(-63.4266625529042,-87.1003287196847,10.));
#11294=CARTESIAN_POINT('',(-67.3128850516861,-88.823415093633,8.5));
#11295=CARTESIAN_POINT('',(-67.3128850516861,-88.823415093633,8.5));
#11296=CARTESIAN_POINT('',(-67.3128850516861,-88.823415093633,8.5));
#11297=CARTESIAN_POINT('',(-64.6195685040992,-88.823415093633,8.5));
#11298=CARTESIAN_POINT('',(-63.4266625529042,-87.1003287196847,8.5));
#11299=CARTESIAN_POINT('',(-68.1753118726982,-88.823415093633,8.5));
#11300=CARTESIAN_POINT('',(-69.0377386937103,-88.823415093633,8.5));
#11301=CARTESIAN_POINT('',(-69.0377386937103,-88.823415093633,8.5));
#11302=CARTESIAN_POINT('',(-68.1753118726982,-88.823415093633,8.5));
#11303=CARTESIAN_POINT('',(-69.0377386937103,-89.7954125353474,8.5));
#11304=CARTESIAN_POINT('',(-69.0377386937103,-89.7954125353474,8.5));
#11305=CARTESIAN_POINT('',(-38.0940950206629,-83.7080815434456,8.5));
#11306=CARTESIAN_POINT('',(-81.2866737273881,-86.4923885015942,8.5));
#11307=CARTESIAN_POINT('',(-81.6065492491159,-85.5963835871411,8.5));
#11308=CARTESIAN_POINT('',(-81.6065492491159,-85.5963835871411,8.5));
#11309=CARTESIAN_POINT('',(-81.2866737273881,-86.4923885015942,8.5));
#11310=CARTESIAN_POINT('',(-80.9667982056602,-87.3883934160473,8.5));
#11311=CARTESIAN_POINT('',(-80.9667982056602,-87.3883934160473,8.5));
#11312=CARTESIAN_POINT('',(-83.0875198966735,-85.5963835871411,8.5));
#11313=CARTESIAN_POINT('',(-84.5684905442312,-85.5963835871411,8.5));
#11314=CARTESIAN_POINT('',(-84.5684905442312,-85.5963835871411,8.5));
#11315=CARTESIAN_POINT('',(-83.0875198966735,-85.5963835871411,8.5));
#11316=CARTESIAN_POINT('',(-84.877762457504,-86.4923885015942,8.5));
#11317=CARTESIAN_POINT('',(-85.1870343707767,-87.3883934160473,8.5));
#11318=CARTESIAN_POINT('',(-85.1870343707767,-87.3883934160473,8.5));
#11319=CARTESIAN_POINT('',(-84.877762457504,-86.4923885015942,8.5));
#11320=CARTESIAN_POINT('',(-83.0769162882185,-87.3883934160473,8.5));
#11321=CARTESIAN_POINT('',(-83.0769162882185,-87.3883934160473,8.5));
#11322=CARTESIAN_POINT('',(-38.0940950206629,-83.7080815434456,8.5));
#11323=CARTESIAN_POINT('',(-102.859715129221,-90.7674099770619,8.5));
#11324=CARTESIAN_POINT('',(-101.534264072338,-90.7674099770619,8.5));
#11325=CARTESIAN_POINT('',(-101.534264072338,-90.7674099770619,8.5));
#11326=CARTESIAN_POINT('',(-102.859715129221,-90.7674099770619,8.5));
#11327=CARTESIAN_POINT('',(-104.185166186104,-90.7674099770619,8.5));
#11328=CARTESIAN_POINT('',(-104.185166186104,-90.7674099770619,8.5));
#11329=CARTESIAN_POINT('',(-101.534264072338,-82.6273732197224,8.5));
#11330=CARTESIAN_POINT('',(-101.534264072338,-74.4873364623829,8.5));
#11331=CARTESIAN_POINT('',(-101.534264072338,-74.4873364623829,8.5));
#11332=CARTESIAN_POINT('',(-101.534264072338,-82.6273732197224,8.5));
#11333=CARTESIAN_POINT('',(-102.859715129221,-74.4873364623829,8.5));
#11334=CARTESIAN_POINT('',(-104.185166186104,-74.4873364623829,8.5));
#11335=CARTESIAN_POINT('',(-104.185166186104,-74.4873364623829,8.5));
#11336=CARTESIAN_POINT('',(-102.859715129221,-74.4873364623829,8.5));
#11337=CARTESIAN_POINT('',(-104.185166186104,-82.6273732197224,8.5));
#11338=CARTESIAN_POINT('',(-104.185166186104,-82.6273732197224,8.5));
#11339=CARTESIAN_POINT('',(-38.0940950206629,-83.7080815434456,8.5));
#11340=CARTESIAN_POINT('',(-99.3481534625182,-90.7674099770619,8.5));
#11341=CARTESIAN_POINT('',(-98.066884107531,-90.7674099770619,8.5));
#11342=CARTESIAN_POINT('',(-98.0668692493769,-90.7678313762261,8.5));
#11343=CARTESIAN_POINT('',(-99.3481534625182,-90.7674099770619,8.5));
#11344=CARTESIAN_POINT('',(-100.629422817505,-90.7674099770619,8.5));
#11345=CARTESIAN_POINT('',(-100.629422817505,-90.7674099770619,8.5));
#11346=CARTESIAN_POINT('',(-98.4167968290297,-80.8433690994248,8.5));
#11347=CARTESIAN_POINT('',(-97.5137291997917,-90.7338318836208,8.5));
#11348=CARTESIAN_POINT('',(-97.5137291997917,-90.7338318836208,8.5));
#11349=CARTESIAN_POINT('',(-98.4167968290297,-80.8433690994248,8.5));
#11350=CARTESIAN_POINT('',(-96.5523353665323,-90.5465014675813,8.5));
#11351=CARTESIAN_POINT('',(-96.5523353665323,-90.5465014675813,10.));
#11352=CARTESIAN_POINT('',(-96.9140362327218,-90.6490030159803,8.5));
#11353=CARTESIAN_POINT('',(-96.9140362327218,-90.6490030159803,10.));
#11354=CARTESIAN_POINT('',(-97.2345008438082,-90.7114464879935,8.5));
#11355=CARTESIAN_POINT('',(-97.2345008438082,-90.7114464879935,10.));
#11356=CARTESIAN_POINT('',(-97.5137291997917,-90.7338318836208,8.5));
#11357=CARTESIAN_POINT('',(-97.5137291997917,-90.7338318836208,10.));
#11358=CARTESIAN_POINT('',(-96.5523353665323,-90.5465014675813,8.5));
#11359=CARTESIAN_POINT('',(-96.5523353665323,-90.5465014675813,8.5));
#11360=CARTESIAN_POINT('',(-96.5523353665323,-90.5465014675813,8.5));
#11361=CARTESIAN_POINT('',(-97.0948866658165,-90.7002537901798,8.5));
#11362=CARTESIAN_POINT('',(-97.5137291997917,-90.7338318836208,8.5));
#11363=CARTESIAN_POINT('',(-98.307859174538,-84.5614634424848,8.5));
#11364=CARTESIAN_POINT('',(-95.4248183341436,-90.0940808401652,8.5));
#11365=CARTESIAN_POINT('',(-95.4248183341436,-90.0940808401652,8.5));
#11366=CARTESIAN_POINT('',(-98.307859174538,-84.5614634424848,8.5));
#11367=CARTESIAN_POINT('',(-94.3432502717268,-89.2758357210492,8.5));
#11368=CARTESIAN_POINT('',(-94.3432502717268,-89.2758357210492,10.));
#11369=CARTESIAN_POINT('',(-94.6743184912683,-89.6222202639147,8.5));
#11370=CARTESIAN_POINT('',(-94.6743184912683,-89.6222202639147,10.));
#11371=CARTESIAN_POINT('',(-95.0348411787406,-89.8949686369533,8.5));
#11372=CARTESIAN_POINT('',(-95.0348411787406,-89.8949686369533,10.));
#11373=CARTESIAN_POINT('',(-95.4248183341436,-90.0940808401652,8.5));
#11374=CARTESIAN_POINT('',(-95.4248183341436,-90.0940808401652,10.));
#11375=CARTESIAN_POINT('',(-94.3432502717268,-89.2758357210492,8.5));
#11376=CARTESIAN_POINT('',(-94.3432502717268,-89.2758357210492,8.5));
#11377=CARTESIAN_POINT('',(-94.3432502717268,-89.2758357210492,8.5));
#11378=CARTESIAN_POINT('',(-94.8398526010391,-89.7954125353474,8.5));
#11379=CARTESIAN_POINT('',(-95.4248183341436,-90.0940808401652,8.5));
#11380=CARTESIAN_POINT('',(-93.5144015441557,-87.9609882726209,8.5));
#11381=CARTESIAN_POINT('',(-93.5144015441557,-87.9609882726209,10.));
#11382=CARTESIAN_POINT('',(-93.7358991429949,-88.4911686953743,8.5));
#11383=CARTESIAN_POINT('',(-93.7358991429949,-88.4911686953743,10.));
#11384=CARTESIAN_POINT('',(-94.0121820521853,-88.9294511781837,8.5));
#11385=CARTESIAN_POINT('',(-94.0121820521853,-88.9294511781837,10.));
#11386=CARTESIAN_POINT('',(-94.3432502717268,-89.2758357210492,8.5));
#11387=CARTESIAN_POINT('',(-94.3432502717268,-89.2758357210492,10.));
#11388=CARTESIAN_POINT('',(-93.5144015441557,-87.9609882726209,8.5));
#11389=CARTESIAN_POINT('',(-93.5144015441557,-87.9609882726209,8.5));
#11390=CARTESIAN_POINT('',(-93.5144015441557,-87.9609882726209,8.5));
#11391=CARTESIAN_POINT('',(-93.8466479424145,-88.7562589067509,8.5));
#11392=CARTESIAN_POINT('',(-94.3432502717268,-89.2758357210492,8.5));
#11393=CARTESIAN_POINT('',(-93.182155145897,-86.062942359164,8.5));
#11394=CARTESIAN_POINT('',(-93.182155145897,-86.062942359164,10.));
#11395=CARTESIAN_POINT('',(-93.182155145897,-86.7981258787153,8.5));
#11396=CARTESIAN_POINT('',(-93.182155145897,-86.7981258787153,10.));
#11397=CARTESIAN_POINT('',(-93.2929039453166,-87.4308078498676,8.5));
#11398=CARTESIAN_POINT('',(-93.2929039453166,-87.4308078498676,10.));
#11399=CARTESIAN_POINT('',(-93.5144015441557,-87.9609882726209,8.5));
#11400=CARTESIAN_POINT('',(-93.5144015441557,-87.9609882726209,10.));
#11401=CARTESIAN_POINT('',(-93.182155145897,-86.062942359164,8.5));
#11402=CARTESIAN_POINT('',(-93.182155145897,-86.062942359164,8.5));
#11403=CARTESIAN_POINT('',(-93.182155145897,-86.062942359164,8.5));
#11404=CARTESIAN_POINT('',(-93.182155145897,-87.1657176384909,8.5));
#11405=CARTESIAN_POINT('',(-93.5144015441557,-87.9609882726209,8.5));
#11406=CARTESIAN_POINT('',(-93.5144015441557,-84.4600302143731,8.5));
#11407=CARTESIAN_POINT('',(-93.5144015441557,-84.4600302143731,10.));
#11408=CARTESIAN_POINT('',(-93.2929039453166,-84.9230544502444,8.5));
#11409=CARTESIAN_POINT('',(-93.2929039453166,-84.9230544502444,10.));
#11410=CARTESIAN_POINT('',(-93.182155145897,-85.457358498508,8.5));
#11411=CARTESIAN_POINT('',(-93.182155145897,-85.457358498508,10.));
#11412=CARTESIAN_POINT('',(-93.182155145897,-86.062942359164,8.5));
#11413=CARTESIAN_POINT('',(-93.182155145897,-86.062942359164,10.));
#11414=CARTESIAN_POINT('',(-93.5144015441557,-84.4600302143731,8.5));
#11415=CARTESIAN_POINT('',(-93.5144015441557,-84.4600302143731,8.5));
#11416=CARTESIAN_POINT('',(-93.5144015441557,-84.4600302143731,8.5));
#11417=CARTESIAN_POINT('',(-93.182155145897,-85.15456656818,8.5));
#11418=CARTESIAN_POINT('',(-93.182155145897,-86.062942359164,8.5));
#11419=CARTESIAN_POINT('',(-94.3432502717268,-83.279495139709,8.5));
#11420=CARTESIAN_POINT('',(-94.3432502717268,-83.279495139709,10.));
#11421=CARTESIAN_POINT('',(-94.0121820521853,-83.6034942869471,8.5));
#11422=CARTESIAN_POINT('',(-94.0121820521853,-83.6034942869471,10.));
#11423=CARTESIAN_POINT('',(-93.7358991429949,-83.9970059785018,8.5));
#11424=CARTESIAN_POINT('',(-93.7358991429949,-83.9970059785018,10.));
#11425=CARTESIAN_POINT('',(-93.5144015441557,-84.4600302143731,8.5));
#11426=CARTESIAN_POINT('',(-93.5144015441557,-84.4600302143731,10.));
#11427=CARTESIAN_POINT('',(-94.3432502717268,-83.279495139709,8.5));
#11428=CARTESIAN_POINT('',(-94.3432502717268,-83.279495139709,8.5));
#11429=CARTESIAN_POINT('',(-94.3432502717268,-83.279495139709,8.5));
#11430=CARTESIAN_POINT('',(-93.8466479424145,-83.7654938605662,8.5));
#11431=CARTESIAN_POINT('',(-93.5144015441557,-84.4600302143731,8.5));
#11432=CARTESIAN_POINT('',(-97.0452306314448,-85.983792560799,8.5));
#11433=CARTESIAN_POINT('',(-95.4142147256885,-82.5284062074751,8.5));
#11434=CARTESIAN_POINT('',(-95.4142147256885,-82.5284062074751,8.5));
#11435=CARTESIAN_POINT('',(-97.0452306314448,-85.983792560799,8.5));
#11436=CARTESIAN_POINT('',(-96.4975500561811,-82.1961598092164,8.5));
#11437=CARTESIAN_POINT('',(-96.4975500561811,-82.1961598092164,10.));
#11438=CARTESIAN_POINT('',(-96.158234585619,-82.2409306004711,8.5));
#11439=CARTESIAN_POINT('',(-96.158234585619,-82.2409306004711,10.));
#11440=CARTESIAN_POINT('',(-95.7971228087881,-82.3516793998907,8.5));
#11441=CARTESIAN_POINT('',(-95.7971228087881,-82.3516793998907,10.));
#11442=CARTESIAN_POINT('',(-95.4142147256885,-82.5284062074751,8.5));
#11443=CARTESIAN_POINT('',(-95.4142147256885,-82.5284062074751,10.));
#11444=CARTESIAN_POINT('',(-96.4975500561811,-82.1961598092164,8.5));
#11445=CARTESIAN_POINT('',(-96.4975500561811,-82.1961598092164,8.5));
#11446=CARTESIAN_POINT('',(-96.4975500561811,-82.1961598092164,8.5));
#11447=CARTESIAN_POINT('',(-95.9885768503379,-82.2633159960985,8.5));
#11448=CARTESIAN_POINT('',(-95.4142147256885,-82.5284062074751,8.5));
#11449=CARTESIAN_POINT('',(-95.6687013286101,-81.8321025855924,8.5));
#11450=CARTESIAN_POINT('',(-95.6687013286101,-81.8321025855924,10.));
#11451=CARTESIAN_POINT('',(-95.9549987568969,-82.0158984654803,8.5));
#11452=CARTESIAN_POINT('',(-95.9549987568969,-82.0158984654803,10.));
#11453=CARTESIAN_POINT('',(-96.2312816660872,-82.1372508733549,8.5));
#11454=CARTESIAN_POINT('',(-96.2312816660872,-82.1372508733549,10.));
#11455=CARTESIAN_POINT('',(-96.4975500561811,-82.1961598092164,8.5));
#11456=CARTESIAN_POINT('',(-96.4975500561811,-82.1961598092164,10.));
#11457=CARTESIAN_POINT('',(-95.6687013286101,-81.8321025855924,8.5));
#11458=CARTESIAN_POINT('',(-95.6687013286101,-81.8321025855924,8.5));
#11459=CARTESIAN_POINT('',(-95.6687013286101,-81.8321025855924,8.5));
#11460=CARTESIAN_POINT('',(-96.0981474710403,-82.1077964054242,8.5));
#11461=CARTESIAN_POINT('',(-96.4975500561811,-82.1961598092164,8.5));
#11462=CARTESIAN_POINT('',(-97.3566419057692,-79.2241582215121,8.5));
#11463=CARTESIAN_POINT('',(-94.9070087879211,-81.1357989637097,8.5));
#11464=CARTESIAN_POINT('',(-94.9070087879211,-81.1357989637097,8.5));
#11465=CARTESIAN_POINT('',(-97.3566419057692,-79.2241582215121,8.5));
#11466=CARTESIAN_POINT('',(-94.3538538801818,-80.1514306454644,8.5));
#11467=CARTESIAN_POINT('',(-94.3538538801818,-80.1514306454644,10.));
#11468=CARTESIAN_POINT('',(-94.5011262198355,-80.5272696562606,8.5));
#11469=CARTESIAN_POINT('',(-94.5011262198355,-80.5272696562606,10.));
#11470=CARTESIAN_POINT('',(-94.685511189082,-80.855392429009,8.5));
#11471=CARTESIAN_POINT('',(-94.685511189082,-80.855392429009,10.));
#11472=CARTESIAN_POINT('',(-94.9070087879211,-81.1357989637097,8.5));
#11473=CARTESIAN_POINT('',(-94.9070087879211,-81.1357989637097,10.));
#11474=CARTESIAN_POINT('',(-94.3538538801818,-80.1514306454644,8.5));
#11475=CARTESIAN_POINT('',(-94.3538538801818,-80.1514306454644,8.5));
#11476=CARTESIAN_POINT('',(-94.3538538801818,-80.1514306454644,8.5));
#11477=CARTESIAN_POINT('',(-94.5747623896624,-80.7151891616587,8.5));
#11478=CARTESIAN_POINT('',(-94.9070087879211,-81.1357989637097,8.5));
#11479=CARTESIAN_POINT('',(-94.1329453707013,-78.905506651994,8.5));
#11480=CARTESIAN_POINT('',(-94.1329453707013,-78.905506651994,10.));
#11481=CARTESIAN_POINT('',(-94.1329453707013,-79.3602836368447,8.5));
#11482=CARTESIAN_POINT('',(-94.1329453707013,-79.3602836368447,10.));
#11483=CARTESIAN_POINT('',(-94.2065815405281,-79.7755916346681,8.5));
#11484=CARTESIAN_POINT('',(-94.2065815405281,-79.7755916346681,10.));
#11485=CARTESIAN_POINT('',(-94.3538538801818,-80.1514306454644,8.5));
#11486=CARTESIAN_POINT('',(-94.3538538801818,-80.1514306454644,10.));
#11487=CARTESIAN_POINT('',(-94.1329453707013,-78.905506651994,8.5));
#11488=CARTESIAN_POINT('',(-94.1329453707013,-78.905506651994,8.5));
#11489=CARTESIAN_POINT('',(-94.1329453707013,-78.905506651994,8.5));
#11490=CARTESIAN_POINT('',(-94.1329453707013,-79.58767212927,8.5));
#11491=CARTESIAN_POINT('',(-94.3538538801818,-80.1514306454644,8.5));
#11492=CARTESIAN_POINT('',(-94.5747623896624,-76.8819847051522,8.5));
#11493=CARTESIAN_POINT('',(-94.5747623896624,-76.8819847051522,10.));
#11494=CARTESIAN_POINT('',(-94.280217710355,-77.4486886681396,8.5));
#11495=CARTESIAN_POINT('',(-94.280217710355,-77.4486886681396,10.));
#11496=CARTESIAN_POINT('',(-94.1329453707013,-78.1231959837535,8.5));
#11497=CARTESIAN_POINT('',(-94.1329453707013,-78.1231959837535,10.));
#11498=CARTESIAN_POINT('',(-94.1329453707013,-78.905506651994,8.5));
#11499=CARTESIAN_POINT('',(-94.1329453707013,-78.905506651994,10.));
#11500=CARTESIAN_POINT('',(-94.5747623896624,-76.8819847051522,8.5));
#11501=CARTESIAN_POINT('',(-94.5747623896624,-76.8819847051522,8.5));
#11502=CARTESIAN_POINT('',(-94.5747623896624,-76.8819847051522,8.5));
#11503=CARTESIAN_POINT('',(-94.1329453707013,-77.7320406496333,8.5));
#11504=CARTESIAN_POINT('',(-94.1329453707013,-78.905506651994,8.5));
#11505=CARTESIAN_POINT('',(-95.7676683408574,-75.5017483379177,8.5));
#11506=CARTESIAN_POINT('',(-95.7676683408574,-75.5017483379177,10.));
#11507=CARTESIAN_POINT('',(-95.2669423860348,-75.8552019530866,8.5));
#11508=CARTESIAN_POINT('',(-95.2669423860348,-75.8552019530866,10.));
#11509=CARTESIAN_POINT('',(-94.8693070689698,-76.3152807421647,8.5));
#11510=CARTESIAN_POINT('',(-94.8693070689698,-76.3152807421647,10.));
#11511=CARTESIAN_POINT('',(-94.5747623896624,-76.8819847051522,8.5));
#11512=CARTESIAN_POINT('',(-94.5747623896624,-76.8819847051522,10.));
#11513=CARTESIAN_POINT('',(-95.7676683408574,-75.5017483379177,8.5));
#11514=CARTESIAN_POINT('',(-95.7676683408574,-75.5017483379177,8.5));
#11515=CARTESIAN_POINT('',(-95.7676683408574,-75.5017483379177,8.5));
#11516=CARTESIAN_POINT('',(-95.0165794086235,-76.031928760671,8.5));
#11517=CARTESIAN_POINT('',(-94.5747623896624,-76.8819847051522,8.5));
#11518=CARTESIAN_POINT('',(-97.4907547148057,-74.7294521887736,8.5));
#11519=CARTESIAN_POINT('',(-97.4907547148057,-74.7294521887736,10.));
#11520=CARTESIAN_POINT('',(-96.8427564203294,-74.8908626730341,8.5));
#11521=CARTESIAN_POINT('',(-96.8427564203294,-74.8908626730341,10.));
#11522=CARTESIAN_POINT('',(-96.26839429568,-75.1482947227488,8.5));
#11523=CARTESIAN_POINT('',(-96.26839429568,-75.1482947227488,10.));
#11524=CARTESIAN_POINT('',(-95.7676683408574,-75.5017483379177,8.5));
#11525=CARTESIAN_POINT('',(-95.7676683408574,-75.5017483379177,10.));
#11526=CARTESIAN_POINT('',(-97.4907547148057,-74.7294521887736,8.5));
#11527=CARTESIAN_POINT('',(-97.4907547148057,-74.7294521887736,8.5));
#11528=CARTESIAN_POINT('',(-97.4907547148057,-74.7294521887736,8.5));
#11529=CARTESIAN_POINT('',(-96.5187572730913,-74.9715679151643,8.5));
#11530=CARTESIAN_POINT('',(-95.7676683408574,-75.5017483379177,8.5));
#11531=CARTESIAN_POINT('',(-99.4764665663297,-82.7767278717587,8.5));
#11532=CARTESIAN_POINT('',(-99.5019057851167,-74.4873364623829,8.5));
#11533=CARTESIAN_POINT('',(-99.5019051315978,-74.4875494120931,8.50000025));
#11534=CARTESIAN_POINT('',(-99.4764665663297,-82.7767278717587,8.5));
#11535=CARTESIAN_POINT('',(-100.065664301311,-74.4873364623829,8.5));
#11536=CARTESIAN_POINT('',(-100.629422817505,-74.4873364623829,8.5));
#11537=CARTESIAN_POINT('',(-100.629422817505,-74.4873364623829,8.5));
#11538=CARTESIAN_POINT('',(-100.065664301311,-74.4873364623829,8.5));
#11539=CARTESIAN_POINT('',(-100.629422817505,-75.4911447294626,8.5));
#11540=CARTESIAN_POINT('',(-100.629422817505,-76.4949529965422,8.5));
#11541=CARTESIAN_POINT('',(-100.629422817505,-76.4949529965422,8.5));
#11542=CARTESIAN_POINT('',(-100.629422817505,-75.4911447294626,8.5));
#11543=CARTESIAN_POINT('',(-100.198209406999,-76.4949529965422,8.5));
#11544=CARTESIAN_POINT('',(-99.7669959964933,-76.4949529965422,8.5));
#11545=CARTESIAN_POINT('',(-99.7669959964933,-76.4949529965422,8.5));
#11546=CARTESIAN_POINT('',(-100.198209406999,-76.4949529965422,8.5));
#11547=CARTESIAN_POINT('',(-98.1305057582614,-76.7158615060228,8.5));
#11548=CARTESIAN_POINT('',(-98.1305057582614,-76.7158615060228,10.));
#11549=CARTESIAN_POINT('',(-98.5428683092917,-76.5685891663691,8.5));
#11550=CARTESIAN_POINT('',(-98.5428683092917,-76.5685891663691,10.));
#11551=CARTESIAN_POINT('',(-99.088365055369,-76.4949529965422,8.5));
#11552=CARTESIAN_POINT('',(-99.088365055369,-76.4949529965422,10.));
#11553=CARTESIAN_POINT('',(-99.7669959964933,-76.4949529965422,8.5));
#11554=CARTESIAN_POINT('',(-99.7669959964933,-76.4949529965422,10.));
#11555=CARTESIAN_POINT('',(-98.1305057582614,-76.7158615060228,8.5));
#11556=CARTESIAN_POINT('',(-98.1305057582614,-76.7158615060228,8.5));
#11557=CARTESIAN_POINT('',(-98.1305057582614,-76.7158615060228,8.5));
#11558=CARTESIAN_POINT('',(-98.7490495848069,-76.4949529965422,8.5));
#11559=CARTESIAN_POINT('',(-99.7669959964933,-76.4949529965422,8.5));
#11560=CARTESIAN_POINT('',(-97.1814828015329,-77.2902236306722,8.5));
#11561=CARTESIAN_POINT('',(-97.1814828015329,-77.2902236306722,10.));
#11562=CARTESIAN_POINT('',(-97.4018022216548,-77.0545878872263,8.5));
#11563=CARTESIAN_POINT('',(-97.4018022216548,-77.0545878872263,10.));
#11564=CARTESIAN_POINT('',(-97.718143207231,-76.8631338456765,8.5));
#11565=CARTESIAN_POINT('',(-97.718143207231,-76.8631338456765,10.));
#11566=CARTESIAN_POINT('',(-98.1305057582614,-76.7158615060228,8.5));
#11567=CARTESIAN_POINT('',(-98.1305057582614,-76.7158615060228,10.));
#11568=CARTESIAN_POINT('',(-97.1814828015329,-77.2902236306722,8.5));
#11569=CARTESIAN_POINT('',(-97.1814828015329,-77.2902236306722,8.5));
#11570=CARTESIAN_POINT('',(-97.1814828015329,-77.2902236306722,8.5));
#11571=CARTESIAN_POINT('',(-97.5119619317158,-76.9367700155033,8.5));
#11572=CARTESIAN_POINT('',(-98.1305057582614,-76.7158615060228,8.5));
#11573=CARTESIAN_POINT('',(-98.4750912888649,-78.5391948283036,8.5));
#11574=CARTESIAN_POINT('',(-96.7396657825718,-78.0748906563471,8.5));
#11575=CARTESIAN_POINT('',(-96.7395648529395,-78.0748635036788,8.5));
#11576=CARTESIAN_POINT('',(-98.4750912888649,-78.5391948283036,8.5));
#11577=CARTESIAN_POINT('',(-99.9509460508979,-78.9320717794203,8.5));
#11578=CARTESIAN_POINT('',(-96.6283278937936,-78.905506651994,8.5));
#11579=CARTESIAN_POINT('',(-96.6283278937936,-78.905506651994,8.5));
#11580=CARTESIAN_POINT('',(-99.9509460508979,-78.9320717794203,8.5));
#11581=CARTESIAN_POINT('',(-96.9057889817012,-80.4288917333719,8.5));
#11582=CARTESIAN_POINT('',(-96.9057889817012,-80.4288917333719,10.));
#11583=CARTESIAN_POINT('',(-96.7208149230961,-80.075438118203,8.5));
#11584=CARTESIAN_POINT('',(-96.7208149230961,-80.075438118203,10.));
#11585=CARTESIAN_POINT('',(-96.6283278937936,-79.5676430910771,8.5));
#11586=CARTESIAN_POINT('',(-96.6283278937936,-79.5676430910771,10.));
#11587=CARTESIAN_POINT('',(-96.6283278937936,-78.905506651994,8.5));
#11588=CARTESIAN_POINT('',(-96.6283278937936,-78.905506651994,10.));
#11589=CARTESIAN_POINT('',(-96.9057889817012,-80.4288917333719,8.5));
#11590=CARTESIAN_POINT('',(-96.9057889817012,-80.4288917333719,8.5));
#11591=CARTESIAN_POINT('',(-96.9057889817012,-80.4288917333719,8.5));
#11592=CARTESIAN_POINT('',(-96.6283278937936,-79.8987113106186,8.5));
#11593=CARTESIAN_POINT('',(-96.6283278937936,-78.905506651994,8.5));
#11594=CARTESIAN_POINT('',(-97.6250670885699,-81.1799806656058,8.5));
#11595=CARTESIAN_POINT('',(-97.6250670885699,-81.1799806656058,10.));
#11596=CARTESIAN_POINT('',(-97.3305224092625,-81.0327083259521,8.5));
#11597=CARTESIAN_POINT('',(-97.3305224092625,-81.0327083259521,10.));
#11598=CARTESIAN_POINT('',(-97.0907630403063,-80.7823453485408,8.5));
#11599=CARTESIAN_POINT('',(-97.0907630403063,-80.7823453485408,10.));
#11600=CARTESIAN_POINT('',(-96.9057889817012,-80.4288917333719,8.5));
#11601=CARTESIAN_POINT('',(-96.9057889817012,-80.4288917333719,10.));
#11602=CARTESIAN_POINT('',(-97.6250670885699,-81.1799806656058,8.5));
#11603=CARTESIAN_POINT('',(-97.6250670885699,-81.1799806656058,8.5));
#11604=CARTESIAN_POINT('',(-97.6250670885699,-81.1799806656058,8.5));
#11605=CARTESIAN_POINT('',(-97.1832500696088,-80.9590721561253,8.5));
#11606=CARTESIAN_POINT('',(-96.9057889817012,-80.4288917333719,8.5));
#11607=CARTESIAN_POINT('',(-98.6570815791189,-79.1109910975843,8.5));
#11608=CARTESIAN_POINT('',(-98.5740900452984,-81.4220963919965,8.5));
#11609=CARTESIAN_POINT('',(-98.5740958618773,-81.4219232694782,8.5));
#11610=CARTESIAN_POINT('',(-98.6570815791189,-79.1109910975843,8.5));
#11611=CARTESIAN_POINT('',(-99.5808699469926,-57.6174376197513,8.5));
#11612=CARTESIAN_POINT('',(-99.5690619719988,-81.4433036089066,8.5));
#11613=CARTESIAN_POINT('',(-99.5690619632278,-81.4433213069407,8.50000024999997));
#11614=CARTESIAN_POINT('',(-99.5808699469926,-57.6174376197513,8.5));
#11615=CARTESIAN_POINT('',(-100.099242394752,-81.4433036089066,8.5));
#11616=CARTESIAN_POINT('',(-100.629422817505,-81.4433036089066,8.5));
#11617=CARTESIAN_POINT('',(-100.629422817505,-81.4433036089066,8.5));
#11618=CARTESIAN_POINT('',(-100.099242394752,-81.4433036089066,8.5));
#11619=CARTESIAN_POINT('',(-100.629422817505,-82.3393085233598,8.5));
#11620=CARTESIAN_POINT('',(-100.629422817505,-83.2353134378129,8.5));
#11621=CARTESIAN_POINT('',(-100.629422817505,-83.2353134378129,8.5));
#11622=CARTESIAN_POINT('',(-100.629422817505,-82.3393085233598,8.5));
#11623=CARTESIAN_POINT('',(-99.5248802701026,-83.2353134378129,8.5));
#11624=CARTESIAN_POINT('',(-98.4203377226999,-83.2353134378129,8.5));
#11625=CARTESIAN_POINT('',(-98.4203377226999,-83.2353134378129,8.5));
#11626=CARTESIAN_POINT('',(-99.5248802701026,-83.2353134378129,8.5));
#11627=CARTESIAN_POINT('',(-96.4091866523889,-84.051791288853,8.5));
#11628=CARTESIAN_POINT('',(-96.4091866523889,-84.051791288853,10.));
#11629=CARTESIAN_POINT('',(-96.866319994674,-83.5074727214929,8.5));
#11630=CARTESIAN_POINT('',(-96.866319994674,-83.5074727214929,10.));
#11631=CARTESIAN_POINT('',(-97.5367036847776,-83.2353134378129,8.5));
#11632=CARTESIAN_POINT('',(-97.5367036847776,-83.2353134378129,10.));
#11633=CARTESIAN_POINT('',(-98.4203377226999,-83.2353134378129,8.5));
#11634=CARTESIAN_POINT('',(-98.4203377226999,-83.2353134378129,10.));
#11635=CARTESIAN_POINT('',(-96.4091866523889,-84.051791288853,8.5));
#11636=CARTESIAN_POINT('',(-96.4091866523889,-84.051791288853,8.5));
#11637=CARTESIAN_POINT('',(-96.4091866523889,-84.051791288853,8.5));
#11638=CARTESIAN_POINT('',(-97.0948866658165,-83.2353134378129,8.5));
#11639=CARTESIAN_POINT('',(-98.4203377226999,-83.2353134378129,8.5));
#11640=CARTESIAN_POINT('',(-95.7234866389613,-86.062942359164,8.5));
#11641=CARTESIAN_POINT('',(-95.7234866389613,-86.062942359164,10.));
#11642=CARTESIAN_POINT('',(-95.7234866389613,-85.2664935463168,8.5));
#11643=CARTESIAN_POINT('',(-95.7234866389613,-85.2664935463168,10.));
#11644=CARTESIAN_POINT('',(-95.9520533101038,-84.5961098562131,8.5));
#11645=CARTESIAN_POINT('',(-95.9520533101038,-84.5961098562131,10.));
#11646=CARTESIAN_POINT('',(-96.4091866523889,-84.051791288853,8.5));
#11647=CARTESIAN_POINT('',(-96.4091866523889,-84.051791288853,10.));
#11648=CARTESIAN_POINT('',(-95.7234866389613,-86.062942359164,8.5));
#11649=CARTESIAN_POINT('',(-95.7234866389613,-86.062942359164,8.5));
#11650=CARTESIAN_POINT('',(-95.7234866389613,-86.062942359164,8.5));
#11651=CARTESIAN_POINT('',(-95.7234866389613,-84.8682691398932,8.5));
#11652=CARTESIAN_POINT('',(-96.4091866523889,-84.051791288853,8.5));
#11653=CARTESIAN_POINT('',(-96.3862121674029,-88.0723261613991,8.5));
#11654=CARTESIAN_POINT('',(-96.3862121674029,-88.0723261613991,10.));
#11655=CARTESIAN_POINT('',(-95.9443951484418,-87.5716002065765,8.5));
#11656=CARTESIAN_POINT('',(-95.9443951484418,-87.5716002065765,10.));
#11657=CARTESIAN_POINT('',(-95.7234866389613,-86.9018056058315,8.5));
#11658=CARTESIAN_POINT('',(-95.7234866389613,-86.9018056058315,10.));
#11659=CARTESIAN_POINT('',(-95.7234866389613,-86.062942359164,8.5));
#11660=CARTESIAN_POINT('',(-95.7234866389613,-86.062942359164,10.));
#11661=CARTESIAN_POINT('',(-96.3862121674029,-88.0723261613991,8.5));
#11662=CARTESIAN_POINT('',(-96.3862121674029,-88.0723261613991,8.5));
#11663=CARTESIAN_POINT('',(-96.3862121674029,-88.0723261613991,8.5));
#11664=CARTESIAN_POINT('',(-95.7234866389613,-87.3212372291652,8.5));
#11665=CARTESIAN_POINT('',(-95.7234866389613,-86.062942359164,8.5));
#11666=CARTESIAN_POINT('',(-98.2188691620536,-88.823415093633,8.5));
#11667=CARTESIAN_POINT('',(-98.2188691620536,-88.823415093633,10.));
#11668=CARTESIAN_POINT('',(-97.4389148512476,-88.823415093633,8.5));
#11669=CARTESIAN_POINT('',(-97.4389148512476,-88.823415093633,10.));
#11670=CARTESIAN_POINT('',(-96.828029186364,-88.5730521162217,8.5));
#11671=CARTESIAN_POINT('',(-96.828029186364,-88.5730521162217,10.));
#11672=CARTESIAN_POINT('',(-96.3862121674029,-88.0723261613991,8.5));
#11673=CARTESIAN_POINT('',(-96.3862121674029,-88.0723261613991,10.));
#11674=CARTESIAN_POINT('',(-98.2188691620536,-88.823415093633,8.5));
#11675=CARTESIAN_POINT('',(-98.2188691620536,-88.823415093633,8.5));
#11676=CARTESIAN_POINT('',(-98.2188691620536,-88.823415093633,8.5));
#11677=CARTESIAN_POINT('',(-97.0489376958446,-88.823415093633,8.5));
#11678=CARTESIAN_POINT('',(-96.3862121674029,-88.0723261613991,8.5));
#11679=CARTESIAN_POINT('',(-99.4241459897795,-88.823415093633,8.5));
#11680=CARTESIAN_POINT('',(-100.629422817505,-88.823415093633,8.5));
#11681=CARTESIAN_POINT('',(-100.629422817505,-88.823415093633,8.5));
#11682=CARTESIAN_POINT('',(-99.4241459897795,-88.823415093633,8.5));
#11683=CARTESIAN_POINT('',(-100.629422817505,-89.7954125353474,8.5));
#11684=CARTESIAN_POINT('',(-100.629422817505,-89.7954125353474,8.5));
#11685=CARTESIAN_POINT('',(-38.0940950206629,-83.7080815434456,8.5));
#11686=CARTESIAN_POINT('',(0.,0.,0.));
#11687=CARTESIAN_POINT('',(-39.3355609723856,-1.75588987262169,26.5));
#11688=CARTESIAN_POINT('',(-39.3355609723856,-1.75588987262169,26.5));
#11689=CARTESIAN_POINT('',(-39.3919335657259,-1.75588987262169,26.5));
#11690=CARTESIAN_POINT('',(-16.6013021043042,-1.75588987262169,26.5));
#11691=CARTESIAN_POINT('',(-16.6013021043042,-1.7558898726217,26.5));
#11692=CARTESIAN_POINT('',(-16.040240006445,-1.7558898726217,26.5));
#11693=CARTESIAN_POINT('',(-14.9200409389618,-1.7558898726217,26.1372729140648));
#11694=CARTESIAN_POINT('',(-14.3595038749979,-1.7558898726217,25.0633822841891));
#11695=CARTESIAN_POINT('',(-14.3595038749979,-1.7558898726217,24.5));
#11696=CARTESIAN_POINT('',(-14.3595038749979,-1.75588987262169,24.5));
#11697=CARTESIAN_POINT('',(-14.3595038749979,-1.75588987262169,26.5));
#11698=CARTESIAN_POINT('',(-14.3595038749979,-1.75588987262169,21.5));
#11699=CARTESIAN_POINT('',(-39.3355609723856,-1.75588987262169,21.5));
#11700=CARTESIAN_POINT('',(-41.6337317950322,-1.75588987262169,21.5));
#11701=CARTESIAN_POINT('',(-41.6337317950322,-1.75588987262169,26.5));
#11702=CARTESIAN_POINT('',(-41.6337317950322,-1.75588987262169,24.5));
#11703=CARTESIAN_POINT('',(-41.6337317950322,-1.75588987262169,24.5));
#11704=CARTESIAN_POINT('',(-41.6337317950322,-1.75588987262169,25.0618380242418));
#11705=CARTESIAN_POINT('',(-41.0775523749969,-1.75588987262169,26.1347457600328));
#11706=CARTESIAN_POINT('',(-39.9521084053108,-1.75588987262169,26.5));
#11707=CARTESIAN_POINT('',(-39.3919335657259,-1.75588987262169,26.5));
#11708=CARTESIAN_POINT('',(-27.9966178350151,4.56173722957313,26.5));
#11709=CARTESIAN_POINT('',(-27.9966178350151,4.56173722957313,24.5));
#11710=CARTESIAN_POINT('',(-27.9966178350151,4.56173722957313,21.5));
#11711=CARTESIAN_POINT('',(-49.784227824863,4.63236444764169,26.5));
#11712=CARTESIAN_POINT('',(-27.9966178350151,4.56173722957313,26.5));
#11713=CARTESIAN_POINT('',(-49.784227824863,4.63236444764169,21.5));
#11714=CARTESIAN_POINT('',(-27.9966178350151,4.56173722957313,24.5));
#11715=CARTESIAN_POINT('',(0.,0.,0.));
#11716=CARTESIAN_POINT('',(174.241483211518,16.4695223793387,5.));
#11717=CARTESIAN_POINT('',(174.241483211518,16.4695223793387,0.));
#11718=CARTESIAN_POINT('',(174.241483211518,28.037598012071,0.));
#11719=CARTESIAN_POINT('',(174.241483211518,4.90144674660649,0.));
#11720=CARTESIAN_POINT('',(174.241483211518,28.037598012071,5.));
#11721=CARTESIAN_POINT('',(174.241483211518,28.037598012071,5.));
#11722=CARTESIAN_POINT('',(174.241483211518,16.4695223793387,5.));
#11723=CARTESIAN_POINT('',(174.241483211518,4.90144674660649,5.));
#11724=CARTESIAN_POINT('',(174.241483211518,4.90144674660649,5.));
#11725=CARTESIAN_POINT('',(101.66085511446,40.1086658239364,5.));
#11726=CARTESIAN_POINT('',(101.66085511446,40.1086658239364,5.));
#11727=CARTESIAN_POINT('',(162.170415399652,40.1086658239364,5.));
#11728=CARTESIAN_POINT('',(41.1512948292681,40.1086658239364,5.));
#11729=CARTESIAN_POINT('',(162.170415399652,40.1086658239364,0.));
#11730=CARTESIAN_POINT('',(162.170415399652,40.1086658239364,0.));
#11731=CARTESIAN_POINT('',(101.66085511446,40.1086658239364,0.));
#11732=CARTESIAN_POINT('',(41.1512948292681,40.1086658239364,0.));
#11733=CARTESIAN_POINT('',(41.1512948292681,40.1086658239364,5.));
#11734=CARTESIAN_POINT('',(29.0802270174026,16.4695223793387,5.));
#11735=CARTESIAN_POINT('',(29.0802270174026,16.4695223793387,0.));
#11736=CARTESIAN_POINT('',(29.0802270174026,28.037598012071,0.));
#11737=CARTESIAN_POINT('',(29.0802270174026,4.90144674660649,0.));
#11738=CARTESIAN_POINT('',(29.0802270174026,4.90144674660649,5.));
#11739=CARTESIAN_POINT('',(29.0802270174026,4.90144674660649,5.));
#11740=CARTESIAN_POINT('',(29.0802270174026,16.4695223793387,5.));
#11741=CARTESIAN_POINT('',(29.0802270174026,28.037598012071,5.));
#11742=CARTESIAN_POINT('',(29.0802270174026,28.037598012071,5.));
#11743=CARTESIAN_POINT('',(101.66085511446,-7.16962106525899,5.));
#11744=CARTESIAN_POINT('',(101.66085511446,-7.16962106525899,0.));
#11745=CARTESIAN_POINT('',(162.170415399652,-7.16962106525899,0.));
#11746=CARTESIAN_POINT('',(41.1512948292681,-7.16962106525899,0.));
#11747=CARTESIAN_POINT('',(162.170415399652,-7.16962106525899,5.));
#11748=CARTESIAN_POINT('',(162.170415399652,-7.16962106525899,5.));
#11749=CARTESIAN_POINT('',(101.66085511446,-7.16962106525899,5.));
#11750=CARTESIAN_POINT('',(41.1512948292681,-7.16962106525899,5.));
#11751=CARTESIAN_POINT('',(41.1512948292681,-7.16962106525899,0.));
#11752=CARTESIAN_POINT('',(101.66085511446,16.4695223793387,5.));
#11753=CARTESIAN_POINT('',(162.170415399652,28.037598012071,5.));
#11754=CARTESIAN_POINT('',(41.1512948292681,28.037598012071,5.));
#11755=CARTESIAN_POINT('',(41.1512948292681,4.90144674660649,5.));
#11756=CARTESIAN_POINT('',(162.170415399652,4.90144674660649,5.));
#11757=CARTESIAN_POINT('',(101.66085511446,16.4695223793387,0.));
#11758=CARTESIAN_POINT('',(162.170415399652,28.037598012071,0.));
#11759=CARTESIAN_POINT('',(162.170415399652,4.90144674660649,0.));
#11760=CARTESIAN_POINT('',(41.1512948292681,4.90144674660649,0.));
#11761=CARTESIAN_POINT('',(41.1512948292681,28.037598012071,0.));
#11762=CARTESIAN_POINT('',(162.170415399652,28.037598012071,5.));
#11763=CARTESIAN_POINT('',(162.170415399652,4.90144674660649,5.));
#11764=CARTESIAN_POINT('',(41.1512948292681,4.90144674660649,5.));
#11765=CARTESIAN_POINT('',(41.1512948292681,28.037598012071,5.));
#11766=CARTESIAN_POINT('',(0.,0.,0.));
#11767=CARTESIAN_POINT('',(52.5,-107.353807941432,54.6550678332187));
#11768=CARTESIAN_POINT('',(42.5,-107.353807941432,54.6550678332187));
#11769=CARTESIAN_POINT('',(42.5,-106.867550933102,57.9723577050681));
#11770=CARTESIAN_POINT('',(42.5,-107.840064079925,51.3377827147911));
#11771=CARTESIAN_POINT('',(52.5,-106.867550933102,57.9723577050681));
#11772=CARTESIAN_POINT('',(52.5,-106.867550933102,57.9723577050681));
#11773=CARTESIAN_POINT('',(52.5,-107.353807941432,54.6550678332187));
#11774=CARTESIAN_POINT('',(52.5,-107.840064079925,51.3377827147911));
#11775=CARTESIAN_POINT('',(52.5,-107.840064079925,51.3377827147911));
#11776=CARTESIAN_POINT('',(52.5,-106.867550933102,57.9723577050681));
#11777=CARTESIAN_POINT('',(42.5,-106.867550933102,57.9723577050681));
#11778=CARTESIAN_POINT('',(52.5,-107.98134195744,58.1761690782057));
#11779=CARTESIAN_POINT('',(42.5,-107.98134195744,58.1761690782057));
#11780=CARTESIAN_POINT('',(52.5,-110.176966941208,58.4441793878283));
#11781=CARTESIAN_POINT('',(42.5,-110.176966941208,58.4441793878283));
#11782=CARTESIAN_POINT('',(52.5,-113.501896273912,58.3079113645176));
#11783=CARTESIAN_POINT('',(42.5,-113.501896273912,58.3079113645176));
#11784=CARTESIAN_POINT('',(52.5,-116.946623101384,57.3534168071578));
#11785=CARTESIAN_POINT('',(42.5,-116.946623101384,57.3534168071578));
#11786=CARTESIAN_POINT('',(52.5,-120.203923636706,55.1766913513948));
#11787=CARTESIAN_POINT('',(42.5,-120.203923636706,55.1766913513948));
#11788=CARTESIAN_POINT('',(52.5,-122.462467635769,51.9797307791955));
#11789=CARTESIAN_POINT('',(42.5,-122.462467635769,51.9797307791955));
#11790=CARTESIAN_POINT('',(52.5,-123.508628122814,48.5671635347024));
#11791=CARTESIAN_POINT('',(42.5,-123.508628122814,48.5671635347024));
#11792=CARTESIAN_POINT('',(52.5,-123.739145346717,45.2487348306945));
#11793=CARTESIAN_POINT('',(42.5,-123.739145346717,45.2487348306945));
#11794=CARTESIAN_POINT('',(52.5,-123.329575380785,40.8439390279486));
#11795=CARTESIAN_POINT('',(42.5,-123.329575380785,40.8439390279486));
#11796=CARTESIAN_POINT('',(52.5,-121.793779408291,35.0446888331841));
#11797=CARTESIAN_POINT('',(42.5,-121.793779408291,35.0446888331841));
#11798=CARTESIAN_POINT('',(52.5,-118.541857541524,27.0075844141549));
#11799=CARTESIAN_POINT('',(42.5,-118.541857541524,27.0075844141549));
#11800=CARTESIAN_POINT('',(52.5,-113.870051867829,17.6679912143612));
#11801=CARTESIAN_POINT('',(42.5,-113.870051867829,17.6679912143612));
#11802=CARTESIAN_POINT('',(52.5,-109.801112226071,10.5049628992907));
#11803=CARTESIAN_POINT('',(42.5,-109.801112226071,10.5049628992907));
#11804=CARTESIAN_POINT('',(52.5,-107.525664806806,6.68124746496524));
#11805=CARTESIAN_POINT('',(42.5,-107.525664806806,6.68124746496524));
#11806=CARTESIAN_POINT('',(42.5,-106.867550933102,57.9723577050681));
#11807=CARTESIAN_POINT('',(42.5,-107.329529712483,58.0568946849222));
#11808=CARTESIAN_POINT('',(42.5,-108.34835698193,58.2173281133118));
#11809=CARTESIAN_POINT('',(42.5,-109.917018837504,58.364862413672));
#11810=CARTESIAN_POINT('',(42.5,-111.59047254261,58.3854894403985));
#11811=CARTESIAN_POINT('',(42.5,-113.00154766115,58.2655100812426));
#11812=CARTESIAN_POINT('',(42.5,-114.142330312479,58.0669281241777));
#11813=CARTESIAN_POINT('',(42.5,-115.002270947645,57.8605838538719));
#11814=CARTESIAN_POINT('',(42.5,-115.863388550334,57.5907011764765));
#11815=CARTESIAN_POINT('',(42.5,-116.720149341249,57.2514655127017));
#11816=CARTESIAN_POINT('',(42.5,-117.564552527014,56.8382586444575));
#11817=CARTESIAN_POINT('',(42.5,-118.386261677761,56.3486024712918));
#11818=CARTESIAN_POINT('',(42.5,-119.173271468817,55.7830707523588));
#11819=CARTESIAN_POINT('',(42.5,-119.913069185205,55.1458569376867));
#11820=CARTESIAN_POINT('',(42.5,-120.594109967221,54.4447418444905));
#11821=CARTESIAN_POINT('',(42.5,-121.207241163464,53.6903576320022));
#11822=CARTESIAN_POINT('',(42.5,-121.746687188581,52.8948973176991));
#11823=CARTESIAN_POINT('',(42.5,-122.210356691761,52.0706198773116));
#11824=CARTESIAN_POINT('',(42.5,-122.599486197871,51.2285454100716));
#11825=CARTESIAN_POINT('',(42.5,-122.917831849028,50.3775901368272));
#11826=CARTESIAN_POINT('',(42.5,-123.17072389755,49.5242567620763));
#11827=CARTESIAN_POINT('',(42.5,-123.428597672178,48.3887152009774));
#11828=CARTESIAN_POINT('',(42.5,-123.617585835897,46.9794428506108));
#11829=CARTESIAN_POINT('',(42.5,-123.673443753289,45.3045780603803));
#11830=CARTESIAN_POINT('',(42.5,-123.589016706172,43.6331471540201));
#11831=CARTESIAN_POINT('',(42.5,-123.384527229939,41.9493079269238));
#11832=CARTESIAN_POINT('',(42.5,-123.072626188119,40.2378091494225));
#11833=CARTESIAN_POINT('',(42.5,-122.66096224976,38.4855526054657));
#11834=CARTESIAN_POINT('',(42.5,-122.154038767077,36.6817797898129));
#11835=CARTESIAN_POINT('',(42.5,-121.354497542058,34.1966873849388));
#11836=CARTESIAN_POINT('',(42.5,-120.126939764704,30.9225070443065));
#11837=CARTESIAN_POINT('',(42.5,-118.292547642563,26.685997514549));
#11838=CARTESIAN_POINT('',(42.5,-116.096071701398,22.1178421531699));
#11839=CARTESIAN_POINT('',(42.5,-113.53575100105,17.2020518549869));
#11840=CARTESIAN_POINT('',(42.5,-110.68601121829,12.0655963616171));
#11841=CARTESIAN_POINT('',(42.5,-108.585406403578,8.46206220305447));
#11842=CARTESIAN_POINT('',(42.5,-107.525664806806,6.68124746496524));
#11843=CARTESIAN_POINT('',(42.5,-107.525664701275,6.68124752782922));
#11844=CARTESIAN_POINT('',(52.5,-107.525664701275,6.68124752782922));
#11845=CARTESIAN_POINT('',(52.5,-107.525664701275,6.68124752782922));
#11846=CARTESIAN_POINT('',(52.5,-106.867550933102,57.9723577050681));
#11847=CARTESIAN_POINT('',(52.5,-107.329529712483,58.0568946849222));
#11848=CARTESIAN_POINT('',(52.5,-108.34835698193,58.2173281133118));
#11849=CARTESIAN_POINT('',(52.5,-109.917018837504,58.364862413672));
#11850=CARTESIAN_POINT('',(52.5,-111.59047254261,58.3854894403985));
#11851=CARTESIAN_POINT('',(52.5,-113.00154766115,58.2655100812426));
#11852=CARTESIAN_POINT('',(52.5,-114.142330312479,58.0669281241777));
#11853=CARTESIAN_POINT('',(52.5,-115.002270947645,57.8605838538719));
#11854=CARTESIAN_POINT('',(52.5,-115.863388550334,57.5907011764765));
#11855=CARTESIAN_POINT('',(52.5,-116.720149341249,57.2514655127017));
#11856=CARTESIAN_POINT('',(52.5,-117.564552527014,56.8382586444575));
#11857=CARTESIAN_POINT('',(52.5,-118.386261677761,56.3486024712918));
#11858=CARTESIAN_POINT('',(52.5,-119.173271468817,55.7830707523588));
#11859=CARTESIAN_POINT('',(52.5,-119.913069185205,55.1458569376867));
#11860=CARTESIAN_POINT('',(52.5,-120.594109967221,54.4447418444905));
#11861=CARTESIAN_POINT('',(52.5,-121.207241163464,53.6903576320022));
#11862=CARTESIAN_POINT('',(52.5,-121.746687188581,52.8948973176991));
#11863=CARTESIAN_POINT('',(52.5,-122.210356691761,52.0706198773116));
#11864=CARTESIAN_POINT('',(52.5,-122.599486197871,51.2285454100716));
#11865=CARTESIAN_POINT('',(52.5,-122.917831849028,50.3775901368272));
#11866=CARTESIAN_POINT('',(52.5,-123.17072389755,49.5242567620763));
#11867=CARTESIAN_POINT('',(52.5,-123.428597672178,48.3887152009774));
#11868=CARTESIAN_POINT('',(52.5,-123.617585835897,46.9794428506108));
#11869=CARTESIAN_POINT('',(52.5,-123.673443753289,45.3045780603803));
#11870=CARTESIAN_POINT('',(52.5,-123.589016706172,43.6331471540201));
#11871=CARTESIAN_POINT('',(52.5,-123.384527229939,41.9493079269238));
#11872=CARTESIAN_POINT('',(52.5,-123.072626188119,40.2378091494225));
#11873=CARTESIAN_POINT('',(52.5,-122.66096224976,38.4855526054657));
#11874=CARTESIAN_POINT('',(52.5,-122.154038767077,36.6817797898129));
#11875=CARTESIAN_POINT('',(52.5,-121.354497542058,34.1966873849388));
#11876=CARTESIAN_POINT('',(52.5,-120.126939764704,30.9225070443065));
#11877=CARTESIAN_POINT('',(52.5,-118.292547642563,26.685997514549));
#11878=CARTESIAN_POINT('',(52.5,-116.096071701398,22.1178421531699));
#11879=CARTESIAN_POINT('',(52.5,-113.53575100105,17.2020518549869));
#11880=CARTESIAN_POINT('',(52.5,-110.68601121829,12.0655963616171));
#11881=CARTESIAN_POINT('',(52.5,-108.585406403578,8.46206220305447));
#11882=CARTESIAN_POINT('',(52.5,-107.525664806806,6.68124746496524));
#11883=CARTESIAN_POINT('',(52.5,-104.513731984786,8.17109055390783));
#11884=CARTESIAN_POINT('',(42.5,-104.513731984786,8.17109055390783));
#11885=CARTESIAN_POINT('',(42.5,-101.501799268296,9.66093357998644));
#11886=CARTESIAN_POINT('',(52.5,-101.501799268296,9.66093357998644));
#11887=CARTESIAN_POINT('',(52.5,-101.501799268296,9.66093357998644));
#11888=CARTESIAN_POINT('',(52.5,-104.513731984786,8.17109055390783));
#11889=CARTESIAN_POINT('',(52.5,-107.840064079925,51.3377827147911));
#11890=CARTESIAN_POINT('',(42.5,-107.840064079925,51.3377827147911));
#11891=CARTESIAN_POINT('',(52.5,-121.823117273426,54.0491009343736));
#11892=CARTESIAN_POINT('',(42.5,-121.823117273426,54.0491009343736));
#11893=CARTESIAN_POINT('',(52.5,-119.710362336216,40.1568178894387));
#11894=CARTESIAN_POINT('',(42.5,-119.710362336216,40.1568178894387));
#11895=CARTESIAN_POINT('',(52.5,-101.501799268296,9.66093357998644));
#11896=CARTESIAN_POINT('',(42.5,-101.501799268296,9.66093357998644));
#11897=CARTESIAN_POINT('',(42.5,-107.840064079925,51.3377827147911));
#11898=CARTESIAN_POINT('',(42.5,-128.814643870177,55.4047600441648));
#11899=CARTESIAN_POINT('',(42.5,-101.501799268296,9.66093357998644));
#11900=CARTESIAN_POINT('',(52.5,-107.840064079925,51.3377827147911));
#11901=CARTESIAN_POINT('',(52.5,-128.814643870177,55.4047600441648));
#11902=CARTESIAN_POINT('',(52.5,-101.501799268296,9.66093357998644));
#11903=CARTESIAN_POINT('',(52.5,-93.9723910186526,31.8759423340048));
#11904=CARTESIAN_POINT('',(42.5,-93.9723910186526,31.8759423340048));
#11905=CARTESIAN_POINT('',(0.,0.,0.));
#11906=CARTESIAN_POINT('',(55.,-59.5148956111043,92.7710335171522));
#11907=CARTESIAN_POINT('',(40.,-59.5148956111043,92.7710335171522));
#11908=CARTESIAN_POINT('',(40.,-58.934273364007,95.9687479831694));
#11909=CARTESIAN_POINT('',(40.,-60.0955178582016,89.573319051135));
#11910=CARTESIAN_POINT('',(55.,-58.934273364007,95.9687479831694));
#11911=CARTESIAN_POINT('',(55.,-58.934273364007,95.9687479831694));
#11912=CARTESIAN_POINT('',(55.,-59.5148956111043,92.7710335171522));
#11913=CARTESIAN_POINT('',(55.,-60.0955178582016,89.573319051135));
#11914=CARTESIAN_POINT('',(55.,-60.0955178582016,89.573319051135));
#11915=CARTESIAN_POINT('',(55.,-66.371684008082,55.0080102140505));
#11916=CARTESIAN_POINT('',(40.,-66.371684008082,55.0080102140505));
#11917=CARTESIAN_POINT('',(40.,-58.5597486336893,14.1170481150066));
#11918=CARTESIAN_POINT('',(55.,-58.5597486336893,14.1170481150066));
#11919=CARTESIAN_POINT('',(55.,-58.5597486336893,14.1170481150066));
#11920=CARTESIAN_POINT('',(55.,-66.371684008082,55.0080102140505));
#11921=CARTESIAN_POINT('',(55.,-59.1696092005349,17.3093153483389));
#11922=CARTESIAN_POINT('',(40.,-59.1696092005349,17.3093153483389));
#11923=CARTESIAN_POINT('',(40.,-59.7794697673804,20.5015825816712));
#11924=CARTESIAN_POINT('',(55.,-59.7794697673804,20.5015825816712));
#11925=CARTESIAN_POINT('',(55.,-59.7794697673804,20.5015825816712));
#11926=CARTESIAN_POINT('',(55.,-59.1696092005349,17.3093153483389));
#11927=CARTESIAN_POINT('',(55.,-66.371684008082,55.0080102140505));
#11928=CARTESIAN_POINT('',(40.,-66.371684008082,55.0080102140505));
#11929=CARTESIAN_POINT('',(55.,-66.371684008082,55.0080102140505));
#11930=CARTESIAN_POINT('',(55.,-83.2809578260852,55.0080102140505));
#11931=CARTESIAN_POINT('',(40.,-83.2809578260852,55.0080102140505));
#11932=CARTESIAN_POINT('',(0.,0.,0.));
#11933=CARTESIAN_POINT('',(52.5,-64.2713382840157,10.51563071087));
#11934=CARTESIAN_POINT('',(42.5,-64.2713382840157,10.51563071087));
#11935=CARTESIAN_POINT('',(42.5,-64.2713382840157,15.664866194129));
#11936=CARTESIAN_POINT('',(42.5,-64.2713382840157,5.36639522761107));
#11937=CARTESIAN_POINT('',(52.5,-64.2713382840157,15.664866194129));
#11938=CARTESIAN_POINT('',(52.5,-64.2713382840157,15.664866194129));
#11939=CARTESIAN_POINT('',(52.5,-64.2713382840157,10.51563071087));
#11940=CARTESIAN_POINT('',(52.5,-64.2713382840157,5.36639522761107));
#11941=CARTESIAN_POINT('',(52.5,-64.2713382840157,5.36639522761107));
#11942=CARTESIAN_POINT('',(52.5,-69.4205723702908,15.664866194129));
#11943=CARTESIAN_POINT('',(42.5,-69.4205723702908,15.664866194129));
#11944=CARTESIAN_POINT('',(42.5,-74.5698064565659,15.664866194129));
#11945=CARTESIAN_POINT('',(52.5,-74.5698064565659,15.664866194129));
#11946=CARTESIAN_POINT('',(52.5,-74.5698064565659,15.664866194129));
#11947=CARTESIAN_POINT('',(52.5,-69.4205723702908,15.664866194129));
#11948=CARTESIAN_POINT('',(52.5,-74.5698064565659,10.51563071087));
#11949=CARTESIAN_POINT('',(42.5,-74.5698064565659,10.51563071087));
#11950=CARTESIAN_POINT('',(42.5,-74.5698064565659,5.36639522761107));
#11951=CARTESIAN_POINT('',(52.5,-74.5698064565659,5.36639522761107));
#11952=CARTESIAN_POINT('',(52.5,-74.5698064565659,5.36639522761107));
#11953=CARTESIAN_POINT('',(52.5,-74.5698064565659,10.51563071087));
#11954=CARTESIAN_POINT('',(52.5,-69.4205723702908,5.36639522761107));
#11955=CARTESIAN_POINT('',(42.5,-69.4205723702908,5.36639522761107));
#11956=CARTESIAN_POINT('',(52.5,-69.4205723702908,5.36639522761107));
#11957=CARTESIAN_POINT('',(52.5,-93.9723910186526,31.8759423340048));
#11958=CARTESIAN_POINT('',(42.5,-93.9723910186526,31.8759423340048));
#11959=CARTESIAN_POINT('',(0.,0.,0.));
#11960=CARTESIAN_POINT('',(163.012896116092,9.78461942365965,5.));
#11961=CARTESIAN_POINT('',(163.012896116092,9.78461942365965,1.73472347597681E-15));
#11962=CARTESIAN_POINT('',(168.067825766646,16.4695223793387,5.));
#11963=CARTESIAN_POINT('',(168.067825766646,16.4695223793387,0.));
#11964=CARTESIAN_POINT('',(163.012896116092,23.1544253350178,5.));
#11965=CARTESIAN_POINT('',(163.012896116092,23.1544253350178,0.));
#11966=CARTESIAN_POINT('',(148.617674380677,28.821612414491,5.));
#11967=CARTESIAN_POINT('',(148.617674380677,28.821612414491,0.));
#11968=CARTESIAN_POINT('',(127.073702576606,32.6083057580872,5.));
#11969=CARTESIAN_POINT('',(127.073702576606,32.6083057580872,8.67361737988404E-16));
#11970=CARTESIAN_POINT('',(101.66085511446,33.9380156307046,5.));
#11971=CARTESIAN_POINT('',(101.66085511446,33.9380156307046,0.));
#11972=CARTESIAN_POINT('',(76.2480076523138,32.6083057580872,5.));
#11973=CARTESIAN_POINT('',(76.2480076523138,32.6083057580872,8.67361737988404E-16));
#11974=CARTESIAN_POINT('',(54.7040358482433,28.821612414491,5.));
#11975=CARTESIAN_POINT('',(54.7040358482433,28.821612414491,0.));
#11976=CARTESIAN_POINT('',(40.308814112828,23.1544253350179,5.));
#11977=CARTESIAN_POINT('',(40.308814112828,23.1544253350179,8.67361737988404E-16));
#11978=CARTESIAN_POINT('',(35.2538844622743,16.4695223793387,5.));
#11979=CARTESIAN_POINT('',(35.2538844622743,16.4695223793387,8.67361737988404E-16));
#11980=CARTESIAN_POINT('',(40.3088141128278,9.78461942365971,5.));
#11981=CARTESIAN_POINT('',(40.3088141128278,9.78461942365971,0.));
#11982=CARTESIAN_POINT('',(54.7040358482435,4.11743234418649,5.));
#11983=CARTESIAN_POINT('',(54.7040358482435,4.11743234418649,0.));
#11984=CARTESIAN_POINT('',(76.2480076523136,0.330739000590323,5.));
#11985=CARTESIAN_POINT('',(76.2480076523136,0.330739000590323,8.67361737988404E-16));
#11986=CARTESIAN_POINT('',(101.66085511446,-0.998970872027106,5.));
#11987=CARTESIAN_POINT('',(101.66085511446,-0.998970872027106,0.));
#11988=CARTESIAN_POINT('',(127.073702576606,0.330739000590296,5.));
#11989=CARTESIAN_POINT('',(127.073702576606,0.330739000590296,2.60208521396521E-15));
#11990=CARTESIAN_POINT('',(148.617674380676,4.11743234418647,5.));
#11991=CARTESIAN_POINT('',(148.617674380676,4.11743234418647,-8.67361737988404E-16));
#11992=CARTESIAN_POINT('',(163.012896116092,9.78461942365965,5.));
#11993=CARTESIAN_POINT('',(163.012896116092,9.78461942365965,1.73472347597681E-15));
#11994=CARTESIAN_POINT('',(168.067825766646,16.4695223793387,5.));
#11995=CARTESIAN_POINT('',(168.067825766646,16.4695223793387,0.));
#11996=CARTESIAN_POINT('',(163.012896116092,23.1544253350178,5.));
#11997=CARTESIAN_POINT('',(163.012896116092,23.1544253350178,0.));
#11998=CARTESIAN_POINT('',(101.66085511446,16.4695223793387,5.));
#11999=CARTESIAN_POINT('',(166.382849216461,16.4695223793387,5.));
#12000=CARTESIAN_POINT('',(101.66085511446,16.4695223793387,0.));
#12001=CARTESIAN_POINT('',(166.382849216461,16.4695223793387,0.));
#12002=CARTESIAN_POINT('',(99.4753912091255,18.4392272006185,5.));
#12003=CARTESIAN_POINT('',(99.4753912091255,18.4392272006185,0.));
#12004=CARTESIAN_POINT('',(0.,0.,0.));
#12005=CARTESIAN_POINT('',(-30.0742523591978,42.4302965402603,16.5));
#12006=CARTESIAN_POINT('',(-30.9396423399449,42.4302965402603,16.5));
#12007=CARTESIAN_POINT('',(-30.9396423399449,42.4302965402603,11.5));
#12008=CARTESIAN_POINT('',(-30.9396423399449,42.4302965402603,5.));
#12009=CARTESIAN_POINT('',(-30.0742523591978,42.4302965402603,11.5));
#12010=CARTESIAN_POINT('',(-29.2088623784508,42.4302965402603,11.5));
#12011=CARTESIAN_POINT('',(-29.2088623784508,42.4302965402603,16.5));
#12012=CARTESIAN_POINT('',(-29.2088623784508,42.4302965402603,5.));
#12013=CARTESIAN_POINT('',(-30.0742523591978,42.4302965402603,5.));
#12014=CARTESIAN_POINT('',(-29.4270748147067,42.0512277593628,16.5));
#12015=CARTESIAN_POINT('',(-29.4270748147067,42.0512277593628,11.5));
#12016=CARTESIAN_POINT('',(-29.6452872509626,41.6721589784654,11.5));
#12017=CARTESIAN_POINT('',(-29.6452872509626,41.6721589784654,16.5));
#12018=CARTESIAN_POINT('',(-29.6452872509626,41.6721589784654,5.));
#12019=CARTESIAN_POINT('',(-29.4270748147067,42.0512277593628,5.));
#12020=CARTESIAN_POINT('',(-51.9193501566737,5.12802208168293,16.5));
#12021=CARTESIAN_POINT('',(-51.9193501566737,5.12802208168293,11.5));
#12022=CARTESIAN_POINT('',(-51.9193501566737,5.12802208168293,5.));
#12023=CARTESIAN_POINT('',(-36.7223675757876,15.7313098154283,5.));
#12024=CARTESIAN_POINT('',(-36.7223675757876,15.7313098154283,11.5));
#12025=CARTESIAN_POINT('',(0.,0.,0.));
#12026=CARTESIAN_POINT('',(-71.5912432490177,4.72239710001712,5.));
#12027=CARTESIAN_POINT('',(-71.5912432490177,4.72239710001712,5.));
#12028=CARTESIAN_POINT('',(-71.5912432490177,-10.287611604653,5.));
#12029=CARTESIAN_POINT('',(-71.5912432490177,4.72239710001712,0.));
#12030=CARTESIAN_POINT('',(-71.5912432490177,-10.287611604653,0.));
#12031=CARTESIAN_POINT('',(-71.5912432490177,4.72239710001712,5.));
#12032=CARTESIAN_POINT('',(-71.5912432490177,4.72239710001712,5.));
#12033=CARTESIAN_POINT('',(-71.5912432490177,-12.287611604653,5.));
#12034=CARTESIAN_POINT('',(-71.5912432490177,4.72239710001712,0.));
#12035=CARTESIAN_POINT('',(-71.5912432490177,-12.287611604653,0.));
#12036=CARTESIAN_POINT('',(-36.7223675757876,15.7313098154283,5.));
#12037=CARTESIAN_POINT('',(-36.7223675757876,15.7313098154283,0.));
#12038=CARTESIAN_POINT('',(0.,0.,0.));
#12039=CARTESIAN_POINT('',(-71.5912432490177,4.72239710001712,0.));
#12040=CARTESIAN_POINT('',(-71.5912432490177,4.72239710001712,5.));
#12041=CARTESIAN_POINT('',(-71.3438739582349,-12.285812816577,5.));
#12042=CARTESIAN_POINT('',(-55.213273198678,0.128652095869824,5.));
#12043=CARTESIAN_POINT('',(-55.213273198678,0.128652095869824,0.));
#12044=CARTESIAN_POINT('',(-55.213273198678,0.128652095869824,0.));
#12045=CARTESIAN_POINT('',(-71.5912432490177,4.72239710001712,0.));
#12046=CARTESIAN_POINT('',(-71.3438739582349,-12.285812816577,0.));
#12047=CARTESIAN_POINT('',(-71.3438739582349,-12.285812816577,0.));
#12048=CARTESIAN_POINT('',(-71.6007627737101,6.63814045806284,0.));
#12049=CARTESIAN_POINT('',(-71.6007627737101,6.63814045806284,5.));
#12050=CARTESIAN_POINT('',(-54.6005470680572,-1.67899037928366,5.));
#12051=CARTESIAN_POINT('',(-71.6007627737101,6.63814045806284,0.));
#12052=CARTESIAN_POINT('',(-54.6005470680572,-1.67899037928366,0.));
#12053=CARTESIAN_POINT('',(-54.6005470680572,-1.67899037928366,0.));
#12054=CARTESIAN_POINT('',(-69.1966128155559,4.0728846133497,0.));
#12055=CARTESIAN_POINT('',(-69.1966128155559,4.0728846133497,5.));
#12056=CARTESIAN_POINT('',(-54.4461608245491,9.41641970701099,5.));
#12057=CARTESIAN_POINT('',(-69.1966128155559,4.0728846133497,0.));
#12058=CARTESIAN_POINT('',(-54.4461608245491,9.41641970701099,0.));
#12059=CARTESIAN_POINT('',(-54.4461608245491,9.41641970701099,0.));
#12060=CARTESIAN_POINT('',(-76.6997105494145,6.57886260634647,0.));
#12061=CARTESIAN_POINT('',(-76.6997105494145,6.57886260634647,5.));
#12062=CARTESIAN_POINT('',(-76.6997105494145,6.57886260634647,0.));
#12063=CARTESIAN_POINT('',(-71.0546796917871,4.72239710001712,0.));
#12064=CARTESIAN_POINT('',(-71.0546796917871,4.72239710001712,5.));
#12065=CARTESIAN_POINT('',(0.,0.,0.));
#12066=CARTESIAN_POINT('',(-27.9966178350151,4.5617372295731,5.));
#12067=CARTESIAN_POINT('',(-27.9966178350151,4.5617372295731,5.));
#12068=CARTESIAN_POINT('',(-27.9966178350151,-10.4676769094038,5.));
#12069=CARTESIAN_POINT('',(-27.9966178350151,4.5617372295731,0.));
#12070=CARTESIAN_POINT('',(-27.9966178350151,-10.4676769094038,0.));
#12071=CARTESIAN_POINT('',(-27.9966178350151,4.5617372295731,5.));
#12072=CARTESIAN_POINT('',(-27.9966178350151,4.5617372295731,5.));
#12073=CARTESIAN_POINT('',(-27.9966178350151,-12.4676769094039,5.));
#12074=CARTESIAN_POINT('',(-27.9966178350151,4.5617372295731,0.));
#12075=CARTESIAN_POINT('',(-27.9966178350151,-12.4676769094039,0.));
#12076=CARTESIAN_POINT('',(-36.7223675757876,15.7313098154283,5.));
#12077=CARTESIAN_POINT('',(-36.7223675757876,15.7313098154283,0.));
#12078=CARTESIAN_POINT('',(0.,0.,0.));
#12079=CARTESIAN_POINT('',(-42.1720014064306,22.9179500810367,5.));
#12080=CARTESIAN_POINT('',(-42.1720014064306,22.9179500810367,0.));
#12081=CARTESIAN_POINT('',(-52.6559762656689,4.70566283911467,0.));
#12082=CARTESIAN_POINT('',(-31.6880265471925,41.1302373229587,0.));
#12083=CARTESIAN_POINT('',(-52.6559762656689,4.70566283911467,5.));
#12084=CARTESIAN_POINT('',(-52.6559762656689,4.70566283911467,5.));
#12085=CARTESIAN_POINT('',(-42.1720014064306,22.9179500810367,5.));
#12086=CARTESIAN_POINT('',(-31.6880265471925,41.1302373229587,5.));
#12087=CARTESIAN_POINT('',(-31.6880265471925,41.1302373229587,5.));
#12088=CARTESIAN_POINT('',(-96.6192184133224,4.45445438251689,5.));
#12089=CARTESIAN_POINT('',(-96.6192184133224,4.45445438251689,0.));
#12090=CARTESIAN_POINT('',(-74.4682550430298,42.4302965402603,0.));
#12091=CARTESIAN_POINT('',(-74.4682550430298,42.4302965402603,5.));
#12092=CARTESIAN_POINT('',(-74.4682550430298,42.4302965402603,5.));
#12093=CARTESIAN_POINT('',(-96.6192184133224,4.45445438251689,5.));
#12094=CARTESIAN_POINT('',(-54.3336914621787,42.4302965402603,5.));
#12095=CARTESIAN_POINT('',(-54.3336914621787,42.4302965402603,0.));
#12096=CARTESIAN_POINT('',(-34.1991278813276,42.4302965402603,0.));
#12097=CARTESIAN_POINT('',(-34.1991278813276,42.4302965402603,5.));
#12098=CARTESIAN_POINT('',(-34.1991278813276,42.4302965402603,5.));
#12099=CARTESIAN_POINT('',(-54.3336914621787,42.4302965402603,5.));
#12100=CARTESIAN_POINT('',(-51.9193501566821,5.12802208166785,5.));
#12101=CARTESIAN_POINT('',(-51.9193501566821,5.12802208166785,0.));
#12102=CARTESIAN_POINT('',(-37.7825381358554,43.9302965402603,0.));
#12103=CARTESIAN_POINT('',(-37.7825381358554,43.9302965402603,5.));
#12104=CARTESIAN_POINT('',(-37.7825381358554,43.9302965402603,5.));
#12105=CARTESIAN_POINT('',(-51.9193501566821,5.12802208166785,5.));
#12106=CARTESIAN_POINT('',(-59.3771040542334,43.9302965402603,5.));
#12107=CARTESIAN_POINT('',(-59.3771040542334,43.9302965402603,0.));
#12108=CARTESIAN_POINT('',(-76.402260773192,43.9302965402603,0.));
#12109=CARTESIAN_POINT('',(-76.402260773192,43.9302965402603,5.));
#12110=CARTESIAN_POINT('',(-76.402260773192,43.9302965402603,5.));
#12111=CARTESIAN_POINT('',(-59.3771040542334,43.9302965402603,5.));
#12112=CARTESIAN_POINT('',(-96.6192184133224,4.45445438251691,5.));
#12113=CARTESIAN_POINT('',(-96.6192184133224,4.45445438251691,5.));
#12114=CARTESIAN_POINT('',(-54.6005470680572,-1.67899037928366,5.));
#12115=CARTESIAN_POINT('',(-76.8674037953468,42.0450609959329,5.));
#12116=CARTESIAN_POINT('',(-76.8674037953468,42.0450609959329,5.));
#12117=CARTESIAN_POINT('',(-76.8674037953468,42.0450609959329,0.));
#12118=CARTESIAN_POINT('',(-96.6192184133224,4.45445438251691,0.));
#12119=CARTESIAN_POINT('',(-54.6005470680572,-1.67899037928366,0.));
#12120=CARTESIAN_POINT('',(-54.6005470680572,-1.67899037928366,5.));
#12121=CARTESIAN_POINT('',(-42.497211673299,19.3463767886299,5.));
#12122=CARTESIAN_POINT('',(-42.497211673299,19.3463767886299,0.));
#12123=CARTESIAN_POINT('',(-30.3938762785408,40.3717439565434,0.));
#12124=CARTESIAN_POINT('',(-30.3938762785408,40.3717439565434,5.));
#12125=CARTESIAN_POINT('',(-30.3938762785408,40.3717439565434,5.));
#12126=CARTESIAN_POINT('',(-42.497211673299,19.3463767886299,5.));
#12127=CARTESIAN_POINT('',(-51.9193501566801,5.12802208167117,5.));
#12128=CARTESIAN_POINT('',(-51.9193501566801,5.12802208167117,0.));
#12129=CARTESIAN_POINT('',(-51.9193501566801,5.12802208167117,5.));
#12130=CARTESIAN_POINT('',(-36.7223675757876,15.7313098154283,5.));
#12131=CARTESIAN_POINT('',(-76.402260773192,42.9302965402603,5.));
#12132=CARTESIAN_POINT('',(-36.7223675757876,15.7313098154283,0.));
#12133=CARTESIAN_POINT('',(-76.402260773192,42.9302965402603,0.));
#12134=CARTESIAN_POINT('',(-76.402260773192,42.9302965402603,5.));
#12135=CARTESIAN_POINT('',(0.,0.,0.));
#12136=CARTESIAN_POINT('',(-51.9193501566801,5.12802208167117,5.));
#12137=CARTESIAN_POINT('',(-51.9193501566801,5.12802208167117,0.));
#12138=CARTESIAN_POINT('',(-30.3938762785408,40.3717439565434,0.));
#12139=CARTESIAN_POINT('',(-31.6880265471925,41.1302373229587,0.));
#12140=CARTESIAN_POINT('',(-30.3938762785408,40.3717439565434,5.));
#12141=CARTESIAN_POINT('',(-30.3938762785408,40.3717439565434,5.));
#12142=CARTESIAN_POINT('',(-51.9193501566801,5.12802208167117,5.));
#12143=CARTESIAN_POINT('',(-31.6880265471925,41.1302373229587,5.));
#12144=CARTESIAN_POINT('',(-31.6880265471925,41.1302373229587,5.));
#12145=CARTESIAN_POINT('',(-30.0195817647517,41.0219514675044,5.));
#12146=CARTESIAN_POINT('',(-30.0195817647517,41.0219514675044,0.));
#12147=CARTESIAN_POINT('',(-29.6452872509626,41.6721589784654,0.));
#12148=CARTESIAN_POINT('',(-29.6452872509626,41.6721589784654,5.));
#12149=CARTESIAN_POINT('',(-29.6452872509626,41.6721589784654,5.));
#12150=CARTESIAN_POINT('',(-30.0195817647517,41.0219514675044,5.));
#12151=CARTESIAN_POINT('',(-30.2924647954537,42.0512277593628,5.));
#12152=CARTESIAN_POINT('',(-30.2924647954537,42.0512277593628,0.));
#12153=CARTESIAN_POINT('',(-30.9396423399449,42.4302965402603,0.));
#12154=CARTESIAN_POINT('',(-30.9396423399449,42.4302965402603,5.));
#12155=CARTESIAN_POINT('',(-30.9396423399449,42.4302965402603,5.));
#12156=CARTESIAN_POINT('',(-30.2924647954537,42.0512277593628,5.));
#12157=CARTESIAN_POINT('',(-31.3138344435686,41.7802669316095,5.));
#12158=CARTESIAN_POINT('',(-31.3138344435686,41.7802669316095,0.));
#12159=CARTESIAN_POINT('',(-31.3138344435686,41.7802669316095,5.));
#12160=CARTESIAN_POINT('',(-36.7223675757876,15.7313098154283,5.));
#12161=CARTESIAN_POINT('',(-36.7223675757876,15.7313098154283,0.));
#12162=CARTESIAN_POINT('',(0.,0.,0.));
#12163=CARTESIAN_POINT('',(-51.9193501566821,5.12802208166785,5.));
#12164=CARTESIAN_POINT('',(-51.9193501566821,5.12802208166785,0.));
#12165=CARTESIAN_POINT('',(-34.1991278813276,42.4302965402603,0.));
#12166=CARTESIAN_POINT('',(-37.7825381358554,43.9302965402603,0.));
#12167=CARTESIAN_POINT('',(-34.1991278813276,42.4302965402603,5.));
#12168=CARTESIAN_POINT('',(-34.1991278813276,42.4302965402603,5.));
#12169=CARTESIAN_POINT('',(-51.9193501566821,5.12802208166785,5.));
#12170=CARTESIAN_POINT('',(-37.7825381358554,43.9302965402603,5.));
#12171=CARTESIAN_POINT('',(-37.7825381358554,43.9302965402603,5.));
#12172=CARTESIAN_POINT('',(-32.5693851106362,42.4302965402603,5.));
#12173=CARTESIAN_POINT('',(-32.5693851106362,42.4302965402603,0.));
#12174=CARTESIAN_POINT('',(-30.9396423399449,42.4302965402603,0.));
#12175=CARTESIAN_POINT('',(-30.9396423399449,42.4302965402603,5.));
#12176=CARTESIAN_POINT('',(-30.9396423399449,42.4302965402603,5.));
#12177=CARTESIAN_POINT('',(-32.5693851106362,42.4302965402603,5.));
#12178=CARTESIAN_POINT('',(-30.0742523591978,42.4302965402603,5.));
#12179=CARTESIAN_POINT('',(-30.0742523591978,42.4302965402603,0.));
#12180=CARTESIAN_POINT('',(-29.2088623784508,42.4302965402603,0.));
#12181=CARTESIAN_POINT('',(-29.2088623784508,42.4302965402603,5.));
#12182=CARTESIAN_POINT('',(-29.2088623784508,42.4302965402603,5.));
#12183=CARTESIAN_POINT('',(-30.0742523591978,42.4302965402603,5.));
#12184=CARTESIAN_POINT('',(-28.777121925427,43.1802965402603,5.));
#12185=CARTESIAN_POINT('',(-28.777121925427,43.1802965402603,0.));
#12186=CARTESIAN_POINT('',(-28.3453814724031,43.9302965402603,0.));
#12187=CARTESIAN_POINT('',(-28.3453814724031,43.9302965402603,5.));
#12188=CARTESIAN_POINT('',(-28.3453814724031,43.9302965402603,5.));
#12189=CARTESIAN_POINT('',(-28.777121925427,43.1802965402603,5.));
#12190=CARTESIAN_POINT('',(-33.0639598041292,43.9302965402603,5.));
#12191=CARTESIAN_POINT('',(-33.0639598041292,43.9302965402603,0.));
#12192=CARTESIAN_POINT('',(-33.0639598041292,43.9302965402603,5.));
#12193=CARTESIAN_POINT('',(-36.7223675757876,15.7313098154283,5.));
#12194=CARTESIAN_POINT('',(-36.7223675757876,15.7313098154283,0.));
#12195=CARTESIAN_POINT('',(0.,0.,0.));
#12196=CARTESIAN_POINT('',(-71.5912432490177,4.72239710001712,26.5));
#12197=CARTESIAN_POINT('',(-85.1312638994603,-1.75588987262169,26.5));
#12198=CARTESIAN_POINT('',(-85.1312638994603,-1.75588987262169,24.5));
#12199=CARTESIAN_POINT('',(-85.1312638994603,-1.75588987262169,21.5));
#12200=CARTESIAN_POINT('',(-71.5912432490177,4.72239710001712,24.5));
#12201=CARTESIAN_POINT('',(-58.0512225985752,-1.75588987262169,24.5));
#12202=CARTESIAN_POINT('',(-58.0512225985752,-1.75588987262169,26.5));
#12203=CARTESIAN_POINT('',(-58.0512225985752,-1.75588987262169,21.5));
#12204=CARTESIAN_POINT('',(-71.5912432490177,4.72239710001712,21.5));
#12205=CARTESIAN_POINT('',(-71.5914241651772,-1.75588987262169,26.5));
#12206=CARTESIAN_POINT('',(-71.5914241651772,-1.75588987262169,26.5));
#12207=CARTESIAN_POINT('',(-60.3088620998219,-1.75588987262169,26.5));
#12208=CARTESIAN_POINT('',(-82.8736243982136,-1.75588987262169,26.5));
#12209=CARTESIAN_POINT('',(-82.8736243982136,-1.75588987262169,26.5));
#12210=CARTESIAN_POINT('',(-83.4368907852646,-1.75588987262169,26.5));
#12211=CARTESIAN_POINT('',(-84.5620653716487,-1.75588987262169,26.141750058352));
#12212=CARTESIAN_POINT('',(-85.1312638994603,-1.75588987262169,25.0657743114625));
#12213=CARTESIAN_POINT('',(-85.1312638994603,-1.75588987262169,24.5));
#12214=CARTESIAN_POINT('',(-71.5914241651772,-1.75588987262169,21.5));
#12215=CARTESIAN_POINT('',(-58.0512225985752,-1.75588987262169,24.5));
#12216=CARTESIAN_POINT('',(-58.0512225985752,-1.75588987262169,25.0640893341176));
#12217=CARTESIAN_POINT('',(-58.6157917588211,-1.75588987262169,26.1391262506458));
#12218=CARTESIAN_POINT('',(-59.7465419067036,-1.75588987262169,26.5));
#12219=CARTESIAN_POINT('',(-60.3088620998219,-1.75588987262169,26.5));
#12220=CARTESIAN_POINT('',(-49.784227824863,4.63236444764169,26.5));
#12221=CARTESIAN_POINT('',(-71.5912432490177,4.72239710001712,26.5));
#12222=CARTESIAN_POINT('',(-49.784227824863,4.63236444764169,21.5));
#12223=CARTESIAN_POINT('',(-71.5912432490177,4.72239710001712,24.5));
#12224=CARTESIAN_POINT('',(0.,0.,0.));
#12225=CARTESIAN_POINT('',(-30.0742523591978,42.4302965402603,5.));
#12226=CARTESIAN_POINT('',(-30.0742523591978,42.4302965402603,0.));
#12227=CARTESIAN_POINT('',(-30.9396423399449,42.4302965402603,0.));
#12228=CARTESIAN_POINT('',(-29.2088623784508,42.4302965402603,0.));
#12229=CARTESIAN_POINT('',(-30.9396423399449,42.4302965402603,5.));
#12230=CARTESIAN_POINT('',(-30.9396423399449,42.4302965402603,5.));
#12231=CARTESIAN_POINT('',(-30.0742523591978,42.4302965402603,5.));
#12232=CARTESIAN_POINT('',(-29.2088623784508,42.4302965402603,5.));
#12233=CARTESIAN_POINT('',(-29.2088623784508,42.4302965402603,5.));
#12234=CARTESIAN_POINT('',(-51.9193501566737,5.12802208168293,5.));
#12235=CARTESIAN_POINT('',(-51.9193501566737,5.12802208168293,0.));
#12236=CARTESIAN_POINT('',(-29.6452872509626,41.6721589784654,0.));
#12237=CARTESIAN_POINT('',(-29.6452872509626,41.6721589784654,5.));
#12238=CARTESIAN_POINT('',(-29.6452872509626,41.6721589784654,5.));
#12239=CARTESIAN_POINT('',(-51.9193501566737,5.12802208168293,5.));
#12240=CARTESIAN_POINT('',(-29.4270748147067,42.0512277593628,5.));
#12241=CARTESIAN_POINT('',(-29.4270748147067,42.0512277593628,0.));
#12242=CARTESIAN_POINT('',(-29.4270748147067,42.0512277593628,5.));
#12243=CARTESIAN_POINT('',(-36.7223675757876,15.7313098154283,5.));
#12244=CARTESIAN_POINT('',(-36.7223675757876,15.7313098154283,0.));
#12245=CARTESIAN_POINT('',(0.,0.,0.));
#12246=CARTESIAN_POINT('',(-127.5,-107.353807941432,54.6550678332187));
#12247=CARTESIAN_POINT('',(-117.5,-107.353807941432,54.6550678332187));
#12248=CARTESIAN_POINT('',(-117.5,-106.867550933102,57.9723577050681));
#12249=CARTESIAN_POINT('',(-117.5,-107.840064079925,51.3377827147911));
#12250=CARTESIAN_POINT('',(-127.5,-107.840064079925,51.3377827147911));
#12251=CARTESIAN_POINT('',(-127.5,-107.840064079925,51.3377827147911));
#12252=CARTESIAN_POINT('',(-127.5,-107.353807941432,54.6550678332187));
#12253=CARTESIAN_POINT('',(-127.5,-106.867550933102,57.9723577050681));
#12254=CARTESIAN_POINT('',(-127.5,-106.867550933102,57.9723577050681));
#12255=CARTESIAN_POINT('',(-127.5,-106.867550933102,57.9723577050681));
#12256=CARTESIAN_POINT('',(-117.5,-106.867550933102,57.9723577050681));
#12257=CARTESIAN_POINT('',(-127.5,-107.98134195744,58.1761690782057));
#12258=CARTESIAN_POINT('',(-117.5,-107.98134195744,58.1761690782057));
#12259=CARTESIAN_POINT('',(-127.5,-110.176966941208,58.4441793878283));
#12260=CARTESIAN_POINT('',(-117.5,-110.176966941208,58.4441793878283));
#12261=CARTESIAN_POINT('',(-127.5,-113.501896273912,58.3079113645176));
#12262=CARTESIAN_POINT('',(-117.5,-113.501896273912,58.3079113645176));
#12263=CARTESIAN_POINT('',(-127.5,-116.946623101384,57.3534168071578));
#12264=CARTESIAN_POINT('',(-117.5,-116.946623101384,57.3534168071578));
#12265=CARTESIAN_POINT('',(-127.5,-120.203923636706,55.1766913513948));
#12266=CARTESIAN_POINT('',(-117.5,-120.203923636706,55.1766913513948));
#12267=CARTESIAN_POINT('',(-127.5,-122.462467635769,51.9797307791955));
#12268=CARTESIAN_POINT('',(-117.5,-122.462467635769,51.9797307791955));
#12269=CARTESIAN_POINT('',(-127.5,-123.508628122814,48.5671635347024));
#12270=CARTESIAN_POINT('',(-117.5,-123.508628122814,48.5671635347024));
#12271=CARTESIAN_POINT('',(-127.5,-123.739145346717,45.2487348306945));
#12272=CARTESIAN_POINT('',(-117.5,-123.739145346717,45.2487348306945));
#12273=CARTESIAN_POINT('',(-127.5,-123.329575380785,40.8439390279486));
#12274=CARTESIAN_POINT('',(-117.5,-123.329575380785,40.8439390279486));
#12275=CARTESIAN_POINT('',(-127.5,-121.793779408291,35.0446888331841));
#12276=CARTESIAN_POINT('',(-117.5,-121.793779408291,35.0446888331841));
#12277=CARTESIAN_POINT('',(-127.5,-118.541857541524,27.0075844141549));
#12278=CARTESIAN_POINT('',(-117.5,-118.541857541524,27.0075844141549));
#12279=CARTESIAN_POINT('',(-127.5,-113.870051867829,17.6679912143612));
#12280=CARTESIAN_POINT('',(-117.5,-113.870051867829,17.6679912143612));
#12281=CARTESIAN_POINT('',(-127.5,-109.801112226071,10.5049628992907));
#12282=CARTESIAN_POINT('',(-117.5,-109.801112226071,10.5049628992907));
#12283=CARTESIAN_POINT('',(-127.5,-107.525664806806,6.68124746496524));
#12284=CARTESIAN_POINT('',(-117.5,-107.525664806806,6.68124746496524));
#12285=CARTESIAN_POINT('',(-117.5,-106.867550933102,57.9723577050681));
#12286=CARTESIAN_POINT('',(-117.5,-107.329529712483,58.0568946849222));
#12287=CARTESIAN_POINT('',(-117.5,-108.34835698193,58.2173281133118));
#12288=CARTESIAN_POINT('',(-117.5,-109.917018837504,58.364862413672));
#12289=CARTESIAN_POINT('',(-117.5,-111.59047254261,58.3854894403985));
#12290=CARTESIAN_POINT('',(-117.5,-113.00154766115,58.2655100812426));
#12291=CARTESIAN_POINT('',(-117.5,-114.142330312479,58.0669281241777));
#12292=CARTESIAN_POINT('',(-117.5,-115.002270947645,57.8605838538719));
#12293=CARTESIAN_POINT('',(-117.5,-115.863388550334,57.5907011764765));
#12294=CARTESIAN_POINT('',(-117.5,-116.720149341249,57.2514655127017));
#12295=CARTESIAN_POINT('',(-117.5,-117.564552527014,56.8382586444575));
#12296=CARTESIAN_POINT('',(-117.5,-118.386261677761,56.3486024712918));
#12297=CARTESIAN_POINT('',(-117.5,-119.173271468817,55.7830707523588));
#12298=CARTESIAN_POINT('',(-117.5,-119.913069185205,55.1458569376867));
#12299=CARTESIAN_POINT('',(-117.5,-120.594109967221,54.4447418444905));
#12300=CARTESIAN_POINT('',(-117.5,-121.207241163464,53.6903576320022));
#12301=CARTESIAN_POINT('',(-117.5,-121.746687188581,52.8948973176991));
#12302=CARTESIAN_POINT('',(-117.5,-122.210356691761,52.0706198773116));
#12303=CARTESIAN_POINT('',(-117.5,-122.599486197871,51.2285454100716));
#12304=CARTESIAN_POINT('',(-117.5,-122.917831849028,50.3775901368272));
#12305=CARTESIAN_POINT('',(-117.5,-123.17072389755,49.5242567620763));
#12306=CARTESIAN_POINT('',(-117.5,-123.428597672178,48.3887152009774));
#12307=CARTESIAN_POINT('',(-117.5,-123.617585835897,46.9794428506108));
#12308=CARTESIAN_POINT('',(-117.5,-123.673443753289,45.3045780603803));
#12309=CARTESIAN_POINT('',(-117.5,-123.589016706172,43.6331471540201));
#12310=CARTESIAN_POINT('',(-117.5,-123.384527229939,41.9493079269238));
#12311=CARTESIAN_POINT('',(-117.5,-123.072626188119,40.2378091494225));
#12312=CARTESIAN_POINT('',(-117.5,-122.66096224976,38.4855526054657));
#12313=CARTESIAN_POINT('',(-117.5,-122.154038767077,36.6817797898129));
#12314=CARTESIAN_POINT('',(-117.5,-121.354497542058,34.1966873849388));
#12315=CARTESIAN_POINT('',(-117.5,-120.126939764704,30.9225070443065));
#12316=CARTESIAN_POINT('',(-117.5,-118.292547642563,26.685997514549));
#12317=CARTESIAN_POINT('',(-117.5,-116.096071701398,22.1178421531699));
#12318=CARTESIAN_POINT('',(-117.5,-113.53575100105,17.2020518549869));
#12319=CARTESIAN_POINT('',(-117.5,-110.68601121829,12.0655963616171));
#12320=CARTESIAN_POINT('',(-117.5,-108.585406403578,8.46206220305447));
#12321=CARTESIAN_POINT('',(-117.5,-107.525664806806,6.68124746496524));
#12322=CARTESIAN_POINT('',(-117.5,-107.525664701275,6.68124752782922));
#12323=CARTESIAN_POINT('',(-127.5,-106.867550933102,57.9723577050681));
#12324=CARTESIAN_POINT('',(-127.5,-107.329529712483,58.0568946849222));
#12325=CARTESIAN_POINT('',(-127.5,-108.34835698193,58.2173281133118));
#12326=CARTESIAN_POINT('',(-127.5,-109.917018837504,58.364862413672));
#12327=CARTESIAN_POINT('',(-127.5,-111.59047254261,58.3854894403985));
#12328=CARTESIAN_POINT('',(-127.5,-113.00154766115,58.2655100812426));
#12329=CARTESIAN_POINT('',(-127.5,-114.142330312479,58.0669281241777));
#12330=CARTESIAN_POINT('',(-127.5,-115.002270947645,57.8605838538719));
#12331=CARTESIAN_POINT('',(-127.5,-115.863388550334,57.5907011764765));
#12332=CARTESIAN_POINT('',(-127.5,-116.720149341249,57.2514655127017));
#12333=CARTESIAN_POINT('',(-127.5,-117.564552527014,56.8382586444575));
#12334=CARTESIAN_POINT('',(-127.5,-118.386261677761,56.3486024712918));
#12335=CARTESIAN_POINT('',(-127.5,-119.173271468817,55.7830707523588));
#12336=CARTESIAN_POINT('',(-127.5,-119.913069185205,55.1458569376867));
#12337=CARTESIAN_POINT('',(-127.5,-120.594109967221,54.4447418444905));
#12338=CARTESIAN_POINT('',(-127.5,-121.207241163464,53.6903576320022));
#12339=CARTESIAN_POINT('',(-127.5,-121.746687188581,52.8948973176991));
#12340=CARTESIAN_POINT('',(-127.5,-122.210356691761,52.0706198773116));
#12341=CARTESIAN_POINT('',(-127.5,-122.599486197871,51.2285454100716));
#12342=CARTESIAN_POINT('',(-127.5,-122.917831849028,50.3775901368272));
#12343=CARTESIAN_POINT('',(-127.5,-123.17072389755,49.5242567620763));
#12344=CARTESIAN_POINT('',(-127.5,-123.428597672178,48.3887152009774));
#12345=CARTESIAN_POINT('',(-127.5,-123.617585835897,46.9794428506108));
#12346=CARTESIAN_POINT('',(-127.5,-123.673443753289,45.3045780603803));
#12347=CARTESIAN_POINT('',(-127.5,-123.589016706172,43.6331471540201));
#12348=CARTESIAN_POINT('',(-127.5,-123.384527229939,41.9493079269238));
#12349=CARTESIAN_POINT('',(-127.5,-123.072626188119,40.2378091494225));
#12350=CARTESIAN_POINT('',(-127.5,-122.66096224976,38.4855526054657));
#12351=CARTESIAN_POINT('',(-127.5,-122.154038767077,36.6817797898129));
#12352=CARTESIAN_POINT('',(-127.5,-121.354497542058,34.1966873849388));
#12353=CARTESIAN_POINT('',(-127.5,-120.126939764704,30.9225070443065));
#12354=CARTESIAN_POINT('',(-127.5,-118.292547642563,26.685997514549));
#12355=CARTESIAN_POINT('',(-127.5,-116.096071701398,22.1178421531699));
#12356=CARTESIAN_POINT('',(-127.5,-113.53575100105,17.2020518549869));
#12357=CARTESIAN_POINT('',(-127.5,-110.68601121829,12.0655963616171));
#12358=CARTESIAN_POINT('',(-127.5,-108.585406403578,8.46206220305447));
#12359=CARTESIAN_POINT('',(-127.5,-107.525664806806,6.68124746496524));
#12360=CARTESIAN_POINT('',(-127.5,-107.525664701275,6.68124752782922));
#12361=CARTESIAN_POINT('',(-127.5,-107.525664701275,6.68124752782922));
#12362=CARTESIAN_POINT('',(-127.5,-104.513731984786,8.17109055390783));
#12363=CARTESIAN_POINT('',(-117.5,-104.513731984786,8.17109055390783));
#12364=CARTESIAN_POINT('',(-117.5,-101.501799268296,9.66093357998644));
#12365=CARTESIAN_POINT('',(-127.5,-104.513731984786,8.17109055390783));
#12366=CARTESIAN_POINT('',(-127.5,-101.501799268296,9.66093357998644));
#12367=CARTESIAN_POINT('',(-127.5,-101.501799268296,9.66093357998644));
#12368=CARTESIAN_POINT('',(-127.5,-107.840064079925,51.3377827147911));
#12369=CARTESIAN_POINT('',(-117.5,-107.840064079925,51.3377827147911));
#12370=CARTESIAN_POINT('',(-127.5,-121.823117273426,54.0491009343736));
#12371=CARTESIAN_POINT('',(-117.5,-121.823117273426,54.0491009343736));
#12372=CARTESIAN_POINT('',(-127.5,-119.710362336216,40.1568178894387));
#12373=CARTESIAN_POINT('',(-117.5,-119.710362336216,40.1568178894387));
#12374=CARTESIAN_POINT('',(-127.5,-101.501799268296,9.66093357998644));
#12375=CARTESIAN_POINT('',(-117.5,-101.501799268296,9.66093357998644));
#12376=CARTESIAN_POINT('',(-117.5,-107.840064079925,51.3377827147911));
#12377=CARTESIAN_POINT('',(-117.5,-128.814643870177,55.4047600441648));
#12378=CARTESIAN_POINT('',(-117.5,-101.501799268296,9.66093357998644));
#12379=CARTESIAN_POINT('',(-127.5,-107.840064079925,51.3377827147911));
#12380=CARTESIAN_POINT('',(-127.5,-128.814643870177,55.4047600441648));
#12381=CARTESIAN_POINT('',(-127.5,-101.501799268296,9.66093357998644));
#12382=CARTESIAN_POINT('',(-127.5,-93.9723910186526,31.8759423340048));
#12383=CARTESIAN_POINT('',(-117.5,-93.9723910186526,31.8759423340048));
#12384=CARTESIAN_POINT('',(0.,0.,0.));
#12385=CARTESIAN_POINT('',(-27.9966178350151,4.5617372295731,26.5));
#12386=CARTESIAN_POINT('',(-41.6337317950322,-1.75588987262169,26.5));
#12387=CARTESIAN_POINT('',(-41.6337317950322,-1.75588987262169,24.5));
#12388=CARTESIAN_POINT('',(-41.6337317950322,-1.75588987262169,21.5));
#12389=CARTESIAN_POINT('',(-27.9966178350151,4.5617372295731,24.5));
#12390=CARTESIAN_POINT('',(-14.3595038749979,-1.75588987262169,24.5));
#12391=CARTESIAN_POINT('',(-14.3595038749979,-1.75588987262169,26.5));
#12392=CARTESIAN_POINT('',(-14.3595038749979,-1.75588987262169,21.5));
#12393=CARTESIAN_POINT('',(-27.9966178350151,4.5617372295731,21.5));
#12394=CARTESIAN_POINT('',(-39.3355609723856,-1.75588987262169,26.5));
#12395=CARTESIAN_POINT('',(-39.3355609723856,-1.75588987262169,26.5));
#12396=CARTESIAN_POINT('',(-39.3919335657259,-1.75588987262169,26.5));
#12397=CARTESIAN_POINT('',(-16.6013021043042,-1.75588987262169,26.5));
#12398=CARTESIAN_POINT('',(-39.3919335657259,-1.75588987262169,26.5));
#12399=CARTESIAN_POINT('',(-39.9529956635851,-1.75588987262169,26.5));
#12400=CARTESIAN_POINT('',(-41.0731947310683,-1.7558898726217,26.1372729140648));
#12401=CARTESIAN_POINT('',(-41.6337317950322,-1.75588987262169,25.0633822841891));
#12402=CARTESIAN_POINT('',(-41.6337317950322,-1.75588987262169,24.5));
#12403=CARTESIAN_POINT('',(-39.3355609723856,-1.75588987262169,21.5));
#12404=CARTESIAN_POINT('',(-14.3595038749979,-1.75588987262169,24.5));
#12405=CARTESIAN_POINT('',(-14.3595038749979,-1.75588987262169,25.0618380242418));
#12406=CARTESIAN_POINT('',(-14.9156832950332,-1.7558898726217,26.1347457600328));
#12407=CARTESIAN_POINT('',(-16.0411272647193,-1.75588987262169,26.5));
#12408=CARTESIAN_POINT('',(-16.6013021043042,-1.75588987262169,26.5));
#12409=CARTESIAN_POINT('',(-36.7223675757876,15.7313098154283,26.5));
#12410=CARTESIAN_POINT('',(-27.9966178350151,4.5617372295731,26.5));
#12411=CARTESIAN_POINT('',(-36.7223675757876,15.7313098154283,21.5));
#12412=CARTESIAN_POINT('',(-27.9966178350151,4.5617372295731,24.5));
#12413=CARTESIAN_POINT('',(0.,0.,0.));
#12414=CARTESIAN_POINT('',(63.6852793395519,14.7256273776293,3.3));
#12415=CARTESIAN_POINT('',(63.6852793395519,14.7256273776293,3.3));
#12416=CARTESIAN_POINT('',(63.6852793395519,11.6960621985325,3.3));
#12417=CARTESIAN_POINT('',(63.6852793395519,14.7256273776293,26.5));
#12418=CARTESIAN_POINT('',(63.6852793395519,11.6960621985325,26.5));
#12419=CARTESIAN_POINT('',(105.810994204755,12.8467787289992,3.3));
#12420=CARTESIAN_POINT('',(105.810994204755,12.8467787289992,26.5));
#12421=CARTESIAN_POINT('',(0.,0.,0.));
#12422=CARTESIAN_POINT('',(-130.,-59.5148956111043,92.7710335171522));
#12423=CARTESIAN_POINT('',(-115.,-59.5148956111043,92.7710335171522));
#12424=CARTESIAN_POINT('',(-115.,-58.934273364007,95.9687479831694));
#12425=CARTESIAN_POINT('',(-115.,-60.0955178582016,89.573319051135));
#12426=CARTESIAN_POINT('',(-130.,-60.0955178582016,89.573319051135));
#12427=CARTESIAN_POINT('',(-130.,-60.0955178582016,89.573319051135));
#12428=CARTESIAN_POINT('',(-130.,-59.5148956111043,92.7710335171522));
#12429=CARTESIAN_POINT('',(-130.,-58.934273364007,95.9687479831694));
#12430=CARTESIAN_POINT('',(-130.,-58.934273364007,95.9687479831694));
#12431=CARTESIAN_POINT('',(-130.,-66.371684008082,55.0080102140505));
#12432=CARTESIAN_POINT('',(-115.,-66.371684008082,55.0080102140505));
#12433=CARTESIAN_POINT('',(-115.,-58.5597486336893,14.1170481150066));
#12434=CARTESIAN_POINT('',(-130.,-66.371684008082,55.0080102140505));
#12435=CARTESIAN_POINT('',(-130.,-58.5597486336893,14.1170481150066));
#12436=CARTESIAN_POINT('',(-130.,-58.5597486336893,14.1170481150066));
#12437=CARTESIAN_POINT('',(-130.,-59.1696092005349,17.3093153483389));
#12438=CARTESIAN_POINT('',(-115.,-59.1696092005349,17.3093153483389));
#12439=CARTESIAN_POINT('',(-115.,-59.7794697673804,20.5015825816712));
#12440=CARTESIAN_POINT('',(-130.,-59.1696092005349,17.3093153483389));
#12441=CARTESIAN_POINT('',(-130.,-59.7794697673804,20.5015825816712));
#12442=CARTESIAN_POINT('',(-130.,-59.7794697673804,20.5015825816712));
#12443=CARTESIAN_POINT('',(-130.,-66.371684008082,55.0080102140505));
#12444=CARTESIAN_POINT('',(-115.,-66.371684008082,55.0080102140505));
#12445=CARTESIAN_POINT('',(-130.,-66.371684008082,55.0080102140505));
#12446=CARTESIAN_POINT('',(-130.,-83.2809578260852,55.0080102140505));
#12447=CARTESIAN_POINT('',(-115.,-83.2809578260852,55.0080102140505));
#12448=CARTESIAN_POINT('',(0.,0.,0.));
#12449=CARTESIAN_POINT('',(-127.5,-64.2713382840157,10.51563071087));
#12450=CARTESIAN_POINT('',(-117.5,-64.2713382840157,10.51563071087));
#12451=CARTESIAN_POINT('',(-117.5,-64.2713382840157,15.664866194129));
#12452=CARTESIAN_POINT('',(-117.5,-64.2713382840157,5.36639522761107));
#12453=CARTESIAN_POINT('',(-127.5,-64.2713382840157,5.36639522761107));
#12454=CARTESIAN_POINT('',(-127.5,-64.2713382840157,5.36639522761107));
#12455=CARTESIAN_POINT('',(-127.5,-64.2713382840157,10.51563071087));
#12456=CARTESIAN_POINT('',(-127.5,-64.2713382840157,15.664866194129));
#12457=CARTESIAN_POINT('',(-127.5,-64.2713382840157,15.664866194129));
#12458=CARTESIAN_POINT('',(-127.5,-69.4205723702908,15.664866194129));
#12459=CARTESIAN_POINT('',(-117.5,-69.4205723702908,15.664866194129));
#12460=CARTESIAN_POINT('',(-117.5,-74.5698064565659,15.664866194129));
#12461=CARTESIAN_POINT('',(-127.5,-69.4205723702908,15.664866194129));
#12462=CARTESIAN_POINT('',(-127.5,-74.5698064565659,15.664866194129));
#12463=CARTESIAN_POINT('',(-127.5,-74.5698064565659,15.664866194129));
#12464=CARTESIAN_POINT('',(-127.5,-74.5698064565659,10.51563071087));
#12465=CARTESIAN_POINT('',(-117.5,-74.5698064565659,10.51563071087));
#12466=CARTESIAN_POINT('',(-117.5,-74.5698064565659,5.36639522761107));
#12467=CARTESIAN_POINT('',(-127.5,-74.5698064565659,10.51563071087));
#12468=CARTESIAN_POINT('',(-127.5,-74.5698064565659,5.36639522761107));
#12469=CARTESIAN_POINT('',(-127.5,-74.5698064565659,5.36639522761107));
#12470=CARTESIAN_POINT('',(-127.5,-69.4205723702908,5.36639522761107));
#12471=CARTESIAN_POINT('',(-117.5,-69.4205723702908,5.36639522761107));
#12472=CARTESIAN_POINT('',(-127.5,-69.4205723702908,5.36639522761107));
#12473=CARTESIAN_POINT('',(-127.5,-93.9723910186526,31.8759423340048));
#12474=CARTESIAN_POINT('',(-117.5,-93.9723910186526,31.8759423340048));
#12475=MECHANICAL_DESIGN_GEOMETRIC_PRESENTATION_REPRESENTATION('',(#6789),
#12508);
#12476=MECHANICAL_DESIGN_GEOMETRIC_PRESENTATION_REPRESENTATION('',(#6790),
#12509);
#12477=MECHANICAL_DESIGN_GEOMETRIC_PRESENTATION_REPRESENTATION('',(#6791),
#12510);
#12478=MECHANICAL_DESIGN_GEOMETRIC_PRESENTATION_REPRESENTATION('',(#6792),
#12511);
#12479=MECHANICAL_DESIGN_GEOMETRIC_PRESENTATION_REPRESENTATION('',(#6793),
#12512);
#12480=MECHANICAL_DESIGN_GEOMETRIC_PRESENTATION_REPRESENTATION('',(#6794),
#12513);
#12481=MECHANICAL_DESIGN_GEOMETRIC_PRESENTATION_REPRESENTATION('',(#6795),
#12514);
#12482=MECHANICAL_DESIGN_GEOMETRIC_PRESENTATION_REPRESENTATION('',(#6796),
#12515);
#12483=MECHANICAL_DESIGN_GEOMETRIC_PRESENTATION_REPRESENTATION('',(#6797),
#12516);
#12484=MECHANICAL_DESIGN_GEOMETRIC_PRESENTATION_REPRESENTATION('',(#6798),
#12517);
#12485=MECHANICAL_DESIGN_GEOMETRIC_PRESENTATION_REPRESENTATION('',(#6799),
#12518);
#12486=MECHANICAL_DESIGN_GEOMETRIC_PRESENTATION_REPRESENTATION('',(#6800),
#12519);
#12487=MECHANICAL_DESIGN_GEOMETRIC_PRESENTATION_REPRESENTATION('',(#6801),
#12520);
#12488=MECHANICAL_DESIGN_GEOMETRIC_PRESENTATION_REPRESENTATION('',(#6802),
#12521);
#12489=MECHANICAL_DESIGN_GEOMETRIC_PRESENTATION_REPRESENTATION('',(#6803),
#12522);
#12490=MECHANICAL_DESIGN_GEOMETRIC_PRESENTATION_REPRESENTATION('',(#6804),
#12523);
#12491=MECHANICAL_DESIGN_GEOMETRIC_PRESENTATION_REPRESENTATION('',(#6805),
#12524);
#12492=MECHANICAL_DESIGN_GEOMETRIC_PRESENTATION_REPRESENTATION('',(#6806),
#12525);
#12493=MECHANICAL_DESIGN_GEOMETRIC_PRESENTATION_REPRESENTATION('',(#6807),
#12526);
#12494=MECHANICAL_DESIGN_GEOMETRIC_PRESENTATION_REPRESENTATION('',(#6808),
#12527);
#12495=MECHANICAL_DESIGN_GEOMETRIC_PRESENTATION_REPRESENTATION('',(#6809),
#12528);
#12496=MECHANICAL_DESIGN_GEOMETRIC_PRESENTATION_REPRESENTATION('',(#6810),
#12529);
#12497=MECHANICAL_DESIGN_GEOMETRIC_PRESENTATION_REPRESENTATION('',(#6811),
#12530);
#12498=MECHANICAL_DESIGN_GEOMETRIC_PRESENTATION_REPRESENTATION('',(#6812),
#12531);
#12499=MECHANICAL_DESIGN_GEOMETRIC_PRESENTATION_REPRESENTATION('',(#6813),
#12532);
#12500=MECHANICAL_DESIGN_GEOMETRIC_PRESENTATION_REPRESENTATION('',(#6814),
#12533);
#12501=MECHANICAL_DESIGN_GEOMETRIC_PRESENTATION_REPRESENTATION('',(#6815),
#12534);
#12502=MECHANICAL_DESIGN_GEOMETRIC_PRESENTATION_REPRESENTATION('',(#6816),
#12535);
#12503=MECHANICAL_DESIGN_GEOMETRIC_PRESENTATION_REPRESENTATION('',(#6817),
#12536);
#12504=MECHANICAL_DESIGN_GEOMETRIC_PRESENTATION_REPRESENTATION('',(#6818),
#12537);
#12505=MECHANICAL_DESIGN_GEOMETRIC_PRESENTATION_REPRESENTATION('',(#6819),
#12538);
#12506=MECHANICAL_DESIGN_GEOMETRIC_PRESENTATION_REPRESENTATION('',(#6820),
#12539);
#12507=MECHANICAL_DESIGN_GEOMETRIC_PRESENTATION_REPRESENTATION('',(#6821),
#12540);
#12508=(
GEOMETRIC_REPRESENTATION_CONTEXT(3)
GLOBAL_UNCERTAINTY_ASSIGNED_CONTEXT((#12541))
GLOBAL_UNIT_ASSIGNED_CONTEXT((#12640,#12607,#12574))
REPRESENTATION_CONTEXT('Part 24','TOP_LEVEL_ASSEMBLY_PART')
);
#12509=(
GEOMETRIC_REPRESENTATION_CONTEXT(3)
GLOBAL_UNCERTAINTY_ASSIGNED_CONTEXT((#12542))
GLOBAL_UNIT_ASSIGNED_CONTEXT((#12641,#12608,#12575))
REPRESENTATION_CONTEXT('Part 11','TOP_LEVEL_ASSEMBLY_PART')
);
#12510=(
GEOMETRIC_REPRESENTATION_CONTEXT(3)
GLOBAL_UNCERTAINTY_ASSIGNED_CONTEXT((#12543))
GLOBAL_UNIT_ASSIGNED_CONTEXT((#12642,#12609,#12576))
REPRESENTATION_CONTEXT('Part 20','TOP_LEVEL_ASSEMBLY_PART')
);
#12511=(
GEOMETRIC_REPRESENTATION_CONTEXT(3)
GLOBAL_UNCERTAINTY_ASSIGNED_CONTEXT((#12544))
GLOBAL_UNIT_ASSIGNED_CONTEXT((#12643,#12610,#12577))
REPRESENTATION_CONTEXT('Part 25','TOP_LEVEL_ASSEMBLY_PART')
);
#12512=(
GEOMETRIC_REPRESENTATION_CONTEXT(3)
GLOBAL_UNCERTAINTY_ASSIGNED_CONTEXT((#12545))
GLOBAL_UNIT_ASSIGNED_CONTEXT((#12644,#12611,#12578))
REPRESENTATION_CONTEXT('Part 12','TOP_LEVEL_ASSEMBLY_PART')
);
#12513=(
GEOMETRIC_REPRESENTATION_CONTEXT(3)
GLOBAL_UNCERTAINTY_ASSIGNED_CONTEXT((#12546))
GLOBAL_UNIT_ASSIGNED_CONTEXT((#12645,#12612,#12579))
REPRESENTATION_CONTEXT('Part 21','TOP_LEVEL_ASSEMBLY_PART')
);
#12514=(
GEOMETRIC_REPRESENTATION_CONTEXT(3)
GLOBAL_UNCERTAINTY_ASSIGNED_CONTEXT((#12547))
GLOBAL_UNIT_ASSIGNED_CONTEXT((#12646,#12613,#12580))
REPRESENTATION_CONTEXT('Part 1','TOP_LEVEL_ASSEMBLY_PART')
);
#12515=(
GEOMETRIC_REPRESENTATION_CONTEXT(3)
GLOBAL_UNCERTAINTY_ASSIGNED_CONTEXT((#12548))
GLOBAL_UNIT_ASSIGNED_CONTEXT((#12647,#12614,#12581))
REPRESENTATION_CONTEXT('Part 18','TOP_LEVEL_ASSEMBLY_PART')
);
#12516=(
GEOMETRIC_REPRESENTATION_CONTEXT(3)
GLOBAL_UNCERTAINTY_ASSIGNED_CONTEXT((#12549))
GLOBAL_UNIT_ASSIGNED_CONTEXT((#12648,#12615,#12582))
REPRESENTATION_CONTEXT('Part 2','TOP_LEVEL_ASSEMBLY_PART')
);
#12517=(
GEOMETRIC_REPRESENTATION_CONTEXT(3)
GLOBAL_UNCERTAINTY_ASSIGNED_CONTEXT((#12550))
GLOBAL_UNIT_ASSIGNED_CONTEXT((#12649,#12616,#12583))
REPRESENTATION_CONTEXT('Part 3','TOP_LEVEL_ASSEMBLY_PART')
);
#12518=(
GEOMETRIC_REPRESENTATION_CONTEXT(3)
GLOBAL_UNCERTAINTY_ASSIGNED_CONTEXT((#12551))
GLOBAL_UNIT_ASSIGNED_CONTEXT((#12650,#12617,#12584))
REPRESENTATION_CONTEXT('Part 4','TOP_LEVEL_ASSEMBLY_PART')
);
#12519=(
GEOMETRIC_REPRESENTATION_CONTEXT(3)
GLOBAL_UNCERTAINTY_ASSIGNED_CONTEXT((#12552))
GLOBAL_UNIT_ASSIGNED_CONTEXT((#12651,#12618,#12585))
REPRESENTATION_CONTEXT('Part 16','TOP_LEVEL_ASSEMBLY_PART')
);
#12520=(
GEOMETRIC_REPRESENTATION_CONTEXT(3)
GLOBAL_UNCERTAINTY_ASSIGNED_CONTEXT((#12553))
GLOBAL_UNIT_ASSIGNED_CONTEXT((#12652,#12619,#12586))
REPRESENTATION_CONTEXT('Part 27','TOP_LEVEL_ASSEMBLY_PART')
);
#12521=(
GEOMETRIC_REPRESENTATION_CONTEXT(3)
GLOBAL_UNCERTAINTY_ASSIGNED_CONTEXT((#12554))
GLOBAL_UNIT_ASSIGNED_CONTEXT((#12653,#12620,#12587))
REPRESENTATION_CONTEXT('Part 17','TOP_LEVEL_ASSEMBLY_PART')
);
#12522=(
GEOMETRIC_REPRESENTATION_CONTEXT(3)
GLOBAL_UNCERTAINTY_ASSIGNED_CONTEXT((#12555))
GLOBAL_UNIT_ASSIGNED_CONTEXT((#12654,#12621,#12588))
REPRESENTATION_CONTEXT('Part 26','TOP_LEVEL_ASSEMBLY_PART')
);
#12523=(
GEOMETRIC_REPRESENTATION_CONTEXT(3)
GLOBAL_UNCERTAINTY_ASSIGNED_CONTEXT((#12556))
GLOBAL_UNIT_ASSIGNED_CONTEXT((#12655,#12622,#12589))
REPRESENTATION_CONTEXT('Part 30','TOP_LEVEL_ASSEMBLY_PART')
);
#12524=(
GEOMETRIC_REPRESENTATION_CONTEXT(3)
GLOBAL_UNCERTAINTY_ASSIGNED_CONTEXT((#12557))
GLOBAL_UNIT_ASSIGNED_CONTEXT((#12656,#12623,#12590))
REPRESENTATION_CONTEXT('Part 28','TOP_LEVEL_ASSEMBLY_PART')
);
#12525=(
GEOMETRIC_REPRESENTATION_CONTEXT(3)
GLOBAL_UNCERTAINTY_ASSIGNED_CONTEXT((#12558))
GLOBAL_UNIT_ASSIGNED_CONTEXT((#12657,#12624,#12591))
REPRESENTATION_CONTEXT('Part 31','TOP_LEVEL_ASSEMBLY_PART')
);
#12526=(
GEOMETRIC_REPRESENTATION_CONTEXT(3)
GLOBAL_UNCERTAINTY_ASSIGNED_CONTEXT((#12559))
GLOBAL_UNIT_ASSIGNED_CONTEXT((#12658,#12625,#12592))
REPRESENTATION_CONTEXT('Part 22','TOP_LEVEL_ASSEMBLY_PART')
);
#12527=(
GEOMETRIC_REPRESENTATION_CONTEXT(3)
GLOBAL_UNCERTAINTY_ASSIGNED_CONTEXT((#12560))
GLOBAL_UNIT_ASSIGNED_CONTEXT((#12659,#12626,#12593))
REPRESENTATION_CONTEXT('Part 13','TOP_LEVEL_ASSEMBLY_PART')
);
#12528=(
GEOMETRIC_REPRESENTATION_CONTEXT(3)
GLOBAL_UNCERTAINTY_ASSIGNED_CONTEXT((#12561))
GLOBAL_UNIT_ASSIGNED_CONTEXT((#12660,#12627,#12594))
REPRESENTATION_CONTEXT('Part 5','TOP_LEVEL_ASSEMBLY_PART')
);
#12529=(
GEOMETRIC_REPRESENTATION_CONTEXT(3)
GLOBAL_UNCERTAINTY_ASSIGNED_CONTEXT((#12562))
GLOBAL_UNIT_ASSIGNED_CONTEXT((#12661,#12628,#12595))
REPRESENTATION_CONTEXT('Part 19','TOP_LEVEL_ASSEMBLY_PART')
);
#12530=(
GEOMETRIC_REPRESENTATION_CONTEXT(3)
GLOBAL_UNCERTAINTY_ASSIGNED_CONTEXT((#12563))
GLOBAL_UNIT_ASSIGNED_CONTEXT((#12662,#12629,#12596))
REPRESENTATION_CONTEXT('Part 6','TOP_LEVEL_ASSEMBLY_PART')
);
#12531=(
GEOMETRIC_REPRESENTATION_CONTEXT(3)
GLOBAL_UNCERTAINTY_ASSIGNED_CONTEXT((#12564))
GLOBAL_UNIT_ASSIGNED_CONTEXT((#12663,#12630,#12597))
REPRESENTATION_CONTEXT('Part 7','TOP_LEVEL_ASSEMBLY_PART')
);
#12532=(
GEOMETRIC_REPRESENTATION_CONTEXT(3)
GLOBAL_UNCERTAINTY_ASSIGNED_CONTEXT((#12565))
GLOBAL_UNIT_ASSIGNED_CONTEXT((#12664,#12631,#12598))
REPRESENTATION_CONTEXT('Part 8','TOP_LEVEL_ASSEMBLY_PART')
);
#12533=(
GEOMETRIC_REPRESENTATION_CONTEXT(3)
GLOBAL_UNCERTAINTY_ASSIGNED_CONTEXT((#12566))
GLOBAL_UNIT_ASSIGNED_CONTEXT((#12665,#12632,#12599))
REPRESENTATION_CONTEXT('Part 9','TOP_LEVEL_ASSEMBLY_PART')
);
#12534=(
GEOMETRIC_REPRESENTATION_CONTEXT(3)
GLOBAL_UNCERTAINTY_ASSIGNED_CONTEXT((#12567))
GLOBAL_UNIT_ASSIGNED_CONTEXT((#12666,#12633,#12600))
REPRESENTATION_CONTEXT('Part 14','TOP_LEVEL_ASSEMBLY_PART')
);
#12535=(
GEOMETRIC_REPRESENTATION_CONTEXT(3)
GLOBAL_UNCERTAINTY_ASSIGNED_CONTEXT((#12568))
GLOBAL_UNIT_ASSIGNED_CONTEXT((#12667,#12634,#12601))
REPRESENTATION_CONTEXT('Part 10','TOP_LEVEL_ASSEMBLY_PART')
);
#12536=(
GEOMETRIC_REPRESENTATION_CONTEXT(3)
GLOBAL_UNCERTAINTY_ASSIGNED_CONTEXT((#12569))
GLOBAL_UNIT_ASSIGNED_CONTEXT((#12668,#12635,#12602))
REPRESENTATION_CONTEXT('Part 32','TOP_LEVEL_ASSEMBLY_PART')
);
#12537=(
GEOMETRIC_REPRESENTATION_CONTEXT(3)
GLOBAL_UNCERTAINTY_ASSIGNED_CONTEXT((#12570))
GLOBAL_UNIT_ASSIGNED_CONTEXT((#12669,#12636,#12603))
REPRESENTATION_CONTEXT('Part 15','TOP_LEVEL_ASSEMBLY_PART')
);
#12538=(
GEOMETRIC_REPRESENTATION_CONTEXT(3)
GLOBAL_UNCERTAINTY_ASSIGNED_CONTEXT((#12571))
GLOBAL_UNIT_ASSIGNED_CONTEXT((#12670,#12637,#12604))
REPRESENTATION_CONTEXT('Part 23','TOP_LEVEL_ASSEMBLY_PART')
);
#12539=(
GEOMETRIC_REPRESENTATION_CONTEXT(3)
GLOBAL_UNCERTAINTY_ASSIGNED_CONTEXT((#12572))
GLOBAL_UNIT_ASSIGNED_CONTEXT((#12671,#12638,#12605))
REPRESENTATION_CONTEXT('Part 29','TOP_LEVEL_ASSEMBLY_PART')
);
#12540=(
GEOMETRIC_REPRESENTATION_CONTEXT(3)
GLOBAL_UNCERTAINTY_ASSIGNED_CONTEXT((#12573))
GLOBAL_UNIT_ASSIGNED_CONTEXT((#12672,#12639,#12606))
REPRESENTATION_CONTEXT('Part 33','TOP_LEVEL_ASSEMBLY_PART')
);
#12541=UNCERTAINTY_MEASURE_WITH_UNIT(LENGTH_MEASURE(1.E-5),#12640,
'DISTANCE_ACCURACY_VALUE','Maximum Tolerance applied to model');
#12542=UNCERTAINTY_MEASURE_WITH_UNIT(LENGTH_MEASURE(1.E-5),#12641,
'DISTANCE_ACCURACY_VALUE','Maximum Tolerance applied to model');
#12543=UNCERTAINTY_MEASURE_WITH_UNIT(LENGTH_MEASURE(1.E-5),#12642,
'DISTANCE_ACCURACY_VALUE','Maximum Tolerance applied to model');
#12544=UNCERTAINTY_MEASURE_WITH_UNIT(LENGTH_MEASURE(1.E-5),#12643,
'DISTANCE_ACCURACY_VALUE','Maximum Tolerance applied to model');
#12545=UNCERTAINTY_MEASURE_WITH_UNIT(LENGTH_MEASURE(1.E-5),#12644,
'DISTANCE_ACCURACY_VALUE','Maximum Tolerance applied to model');
#12546=UNCERTAINTY_MEASURE_WITH_UNIT(LENGTH_MEASURE(1.E-5),#12645,
'DISTANCE_ACCURACY_VALUE','Maximum Tolerance applied to model');
#12547=UNCERTAINTY_MEASURE_WITH_UNIT(LENGTH_MEASURE(1.E-5),#12646,
'DISTANCE_ACCURACY_VALUE','Maximum Tolerance applied to model');
#12548=UNCERTAINTY_MEASURE_WITH_UNIT(LENGTH_MEASURE(1.E-5),#12647,
'DISTANCE_ACCURACY_VALUE','Maximum Tolerance applied to model');
#12549=UNCERTAINTY_MEASURE_WITH_UNIT(LENGTH_MEASURE(1.E-5),#12648,
'DISTANCE_ACCURACY_VALUE','Maximum Tolerance applied to model');
#12550=UNCERTAINTY_MEASURE_WITH_UNIT(LENGTH_MEASURE(1.E-5),#12649,
'DISTANCE_ACCURACY_VALUE','Maximum Tolerance applied to model');
#12551=UNCERTAINTY_MEASURE_WITH_UNIT(LENGTH_MEASURE(1.E-5),#12650,
'DISTANCE_ACCURACY_VALUE','Maximum Tolerance applied to model');
#12552=UNCERTAINTY_MEASURE_WITH_UNIT(LENGTH_MEASURE(1.E-5),#12651,
'DISTANCE_ACCURACY_VALUE','Maximum Tolerance applied to model');
#12553=UNCERTAINTY_MEASURE_WITH_UNIT(LENGTH_MEASURE(1.E-5),#12652,
'DISTANCE_ACCURACY_VALUE','Maximum Tolerance applied to model');
#12554=UNCERTAINTY_MEASURE_WITH_UNIT(LENGTH_MEASURE(1.E-5),#12653,
'DISTANCE_ACCURACY_VALUE','Maximum Tolerance applied to model');
#12555=UNCERTAINTY_MEASURE_WITH_UNIT(LENGTH_MEASURE(1.E-5),#12654,
'DISTANCE_ACCURACY_VALUE','Maximum Tolerance applied to model');
#12556=UNCERTAINTY_MEASURE_WITH_UNIT(LENGTH_MEASURE(1.E-5),#12655,
'DISTANCE_ACCURACY_VALUE','Maximum Tolerance applied to model');
#12557=UNCERTAINTY_MEASURE_WITH_UNIT(LENGTH_MEASURE(1.E-5),#12656,
'DISTANCE_ACCURACY_VALUE','Maximum Tolerance applied to model');
#12558=UNCERTAINTY_MEASURE_WITH_UNIT(LENGTH_MEASURE(1.E-5),#12657,
'DISTANCE_ACCURACY_VALUE','Maximum Tolerance applied to model');
#12559=UNCERTAINTY_MEASURE_WITH_UNIT(LENGTH_MEASURE(1.E-5),#12658,
'DISTANCE_ACCURACY_VALUE','Maximum Tolerance applied to model');
#12560=UNCERTAINTY_MEASURE_WITH_UNIT(LENGTH_MEASURE(1.E-5),#12659,
'DISTANCE_ACCURACY_VALUE','Maximum Tolerance applied to model');
#12561=UNCERTAINTY_MEASURE_WITH_UNIT(LENGTH_MEASURE(1.E-5),#12660,
'DISTANCE_ACCURACY_VALUE','Maximum Tolerance applied to model');
#12562=UNCERTAINTY_MEASURE_WITH_UNIT(LENGTH_MEASURE(1.E-5),#12661,
'DISTANCE_ACCURACY_VALUE','Maximum Tolerance applied to model');
#12563=UNCERTAINTY_MEASURE_WITH_UNIT(LENGTH_MEASURE(1.E-5),#12662,
'DISTANCE_ACCURACY_VALUE','Maximum Tolerance applied to model');
#12564=UNCERTAINTY_MEASURE_WITH_UNIT(LENGTH_MEASURE(1.E-5),#12663,
'DISTANCE_ACCURACY_VALUE','Maximum Tolerance applied to model');
#12565=UNCERTAINTY_MEASURE_WITH_UNIT(LENGTH_MEASURE(1.E-5),#12664,
'DISTANCE_ACCURACY_VALUE','Maximum Tolerance applied to model');
#12566=UNCERTAINTY_MEASURE_WITH_UNIT(LENGTH_MEASURE(1.E-5),#12665,
'DISTANCE_ACCURACY_VALUE','Maximum Tolerance applied to model');
#12567=UNCERTAINTY_MEASURE_WITH_UNIT(LENGTH_MEASURE(1.E-5),#12666,
'DISTANCE_ACCURACY_VALUE','Maximum Tolerance applied to model');
#12568=UNCERTAINTY_MEASURE_WITH_UNIT(LENGTH_MEASURE(1.E-5),#12667,
'DISTANCE_ACCURACY_VALUE','Maximum Tolerance applied to model');
#12569=UNCERTAINTY_MEASURE_WITH_UNIT(LENGTH_MEASURE(1.E-5),#12668,
'DISTANCE_ACCURACY_VALUE','Maximum Tolerance applied to model');
#12570=UNCERTAINTY_MEASURE_WITH_UNIT(LENGTH_MEASURE(1.E-5),#12669,
'DISTANCE_ACCURACY_VALUE','Maximum Tolerance applied to model');
#12571=UNCERTAINTY_MEASURE_WITH_UNIT(LENGTH_MEASURE(1.E-5),#12670,
'DISTANCE_ACCURACY_VALUE','Maximum Tolerance applied to model');
#12572=UNCERTAINTY_MEASURE_WITH_UNIT(LENGTH_MEASURE(1.E-5),#12671,
'DISTANCE_ACCURACY_VALUE','Maximum Tolerance applied to model');
#12573=UNCERTAINTY_MEASURE_WITH_UNIT(LENGTH_MEASURE(1.E-5),#12672,
'DISTANCE_ACCURACY_VALUE','Maximum Tolerance applied to model');
#12574=(
NAMED_UNIT(*)
SI_UNIT($,.STERADIAN.)
SOLID_ANGLE_UNIT()
);
#12575=(
NAMED_UNIT(*)
SI_UNIT($,.STERADIAN.)
SOLID_ANGLE_UNIT()
);
#12576=(
NAMED_UNIT(*)
SI_UNIT($,.STERADIAN.)
SOLID_ANGLE_UNIT()
);
#12577=(
NAMED_UNIT(*)
SI_UNIT($,.STERADIAN.)
SOLID_ANGLE_UNIT()
);
#12578=(
NAMED_UNIT(*)
SI_UNIT($,.STERADIAN.)
SOLID_ANGLE_UNIT()
);
#12579=(
NAMED_UNIT(*)
SI_UNIT($,.STERADIAN.)
SOLID_ANGLE_UNIT()
);
#12580=(
NAMED_UNIT(*)
SI_UNIT($,.STERADIAN.)
SOLID_ANGLE_UNIT()
);
#12581=(
NAMED_UNIT(*)
SI_UNIT($,.STERADIAN.)
SOLID_ANGLE_UNIT()
);
#12582=(
NAMED_UNIT(*)
SI_UNIT($,.STERADIAN.)
SOLID_ANGLE_UNIT()
);
#12583=(
NAMED_UNIT(*)
SI_UNIT($,.STERADIAN.)
SOLID_ANGLE_UNIT()
);
#12584=(
NAMED_UNIT(*)
SI_UNIT($,.STERADIAN.)
SOLID_ANGLE_UNIT()
);
#12585=(
NAMED_UNIT(*)
SI_UNIT($,.STERADIAN.)
SOLID_ANGLE_UNIT()
);
#12586=(
NAMED_UNIT(*)
SI_UNIT($,.STERADIAN.)
SOLID_ANGLE_UNIT()
);
#12587=(
NAMED_UNIT(*)
SI_UNIT($,.STERADIAN.)
SOLID_ANGLE_UNIT()
);
#12588=(
NAMED_UNIT(*)
SI_UNIT($,.STERADIAN.)
SOLID_ANGLE_UNIT()
);
#12589=(
NAMED_UNIT(*)
SI_UNIT($,.STERADIAN.)
SOLID_ANGLE_UNIT()
);
#12590=(
NAMED_UNIT(*)
SI_UNIT($,.STERADIAN.)
SOLID_ANGLE_UNIT()
);
#12591=(
NAMED_UNIT(*)
SI_UNIT($,.STERADIAN.)
SOLID_ANGLE_UNIT()
);
#12592=(
NAMED_UNIT(*)
SI_UNIT($,.STERADIAN.)
SOLID_ANGLE_UNIT()
);
#12593=(
NAMED_UNIT(*)
SI_UNIT($,.STERADIAN.)
SOLID_ANGLE_UNIT()
);
#12594=(
NAMED_UNIT(*)
SI_UNIT($,.STERADIAN.)
SOLID_ANGLE_UNIT()
);
#12595=(
NAMED_UNIT(*)
SI_UNIT($,.STERADIAN.)
SOLID_ANGLE_UNIT()
);
#12596=(
NAMED_UNIT(*)
SI_UNIT($,.STERADIAN.)
SOLID_ANGLE_UNIT()
);
#12597=(
NAMED_UNIT(*)
SI_UNIT($,.STERADIAN.)
SOLID_ANGLE_UNIT()
);
#12598=(
NAMED_UNIT(*)
SI_UNIT($,.STERADIAN.)
SOLID_ANGLE_UNIT()
);
#12599=(
NAMED_UNIT(*)
SI_UNIT($,.STERADIAN.)
SOLID_ANGLE_UNIT()
);
#12600=(
NAMED_UNIT(*)
SI_UNIT($,.STERADIAN.)
SOLID_ANGLE_UNIT()
);
#12601=(
NAMED_UNIT(*)
SI_UNIT($,.STERADIAN.)
SOLID_ANGLE_UNIT()
);
#12602=(
NAMED_UNIT(*)
SI_UNIT($,.STERADIAN.)
SOLID_ANGLE_UNIT()
);
#12603=(
NAMED_UNIT(*)
SI_UNIT($,.STERADIAN.)
SOLID_ANGLE_UNIT()
);
#12604=(
NAMED_UNIT(*)
SI_UNIT($,.STERADIAN.)
SOLID_ANGLE_UNIT()
);
#12605=(
NAMED_UNIT(*)
SI_UNIT($,.STERADIAN.)
SOLID_ANGLE_UNIT()
);
#12606=(
NAMED_UNIT(*)
SI_UNIT($,.STERADIAN.)
SOLID_ANGLE_UNIT()
);
#12607=(
NAMED_UNIT(*)
PLANE_ANGLE_UNIT()
SI_UNIT($,.RADIAN.)
);
#12608=(
NAMED_UNIT(*)
PLANE_ANGLE_UNIT()
SI_UNIT($,.RADIAN.)
);
#12609=(
NAMED_UNIT(*)
PLANE_ANGLE_UNIT()
SI_UNIT($,.RADIAN.)
);
#12610=(
NAMED_UNIT(*)
PLANE_ANGLE_UNIT()
SI_UNIT($,.RADIAN.)
);
#12611=(
NAMED_UNIT(*)
PLANE_ANGLE_UNIT()
SI_UNIT($,.RADIAN.)
);
#12612=(
NAMED_UNIT(*)
PLANE_ANGLE_UNIT()
SI_UNIT($,.RADIAN.)
);
#12613=(
NAMED_UNIT(*)
PLANE_ANGLE_UNIT()
SI_UNIT($,.RADIAN.)
);
#12614=(
NAMED_UNIT(*)
PLANE_ANGLE_UNIT()
SI_UNIT($,.RADIAN.)
);
#12615=(
NAMED_UNIT(*)
PLANE_ANGLE_UNIT()
SI_UNIT($,.RADIAN.)
);
#12616=(
NAMED_UNIT(*)
PLANE_ANGLE_UNIT()
SI_UNIT($,.RADIAN.)
);
#12617=(
NAMED_UNIT(*)
PLANE_ANGLE_UNIT()
SI_UNIT($,.RADIAN.)
);
#12618=(
NAMED_UNIT(*)
PLANE_ANGLE_UNIT()
SI_UNIT($,.RADIAN.)
);
#12619=(
NAMED_UNIT(*)
PLANE_ANGLE_UNIT()
SI_UNIT($,.RADIAN.)
);
#12620=(
NAMED_UNIT(*)
PLANE_ANGLE_UNIT()
SI_UNIT($,.RADIAN.)
);
#12621=(
NAMED_UNIT(*)
PLANE_ANGLE_UNIT()
SI_UNIT($,.RADIAN.)
);
#12622=(
NAMED_UNIT(*)
PLANE_ANGLE_UNIT()
SI_UNIT($,.RADIAN.)
);
#12623=(
NAMED_UNIT(*)
PLANE_ANGLE_UNIT()
SI_UNIT($,.RADIAN.)
);
#12624=(
NAMED_UNIT(*)
PLANE_ANGLE_UNIT()
SI_UNIT($,.RADIAN.)
);
#12625=(
NAMED_UNIT(*)
PLANE_ANGLE_UNIT()
SI_UNIT($,.RADIAN.)
);
#12626=(
NAMED_UNIT(*)
PLANE_ANGLE_UNIT()
SI_UNIT($,.RADIAN.)
);
#12627=(
NAMED_UNIT(*)
PLANE_ANGLE_UNIT()
SI_UNIT($,.RADIAN.)
);
#12628=(
NAMED_UNIT(*)
PLANE_ANGLE_UNIT()
SI_UNIT($,.RADIAN.)
);
#12629=(
NAMED_UNIT(*)
PLANE_ANGLE_UNIT()
SI_UNIT($,.RADIAN.)
);
#12630=(
NAMED_UNIT(*)
PLANE_ANGLE_UNIT()
SI_UNIT($,.RADIAN.)
);
#12631=(
NAMED_UNIT(*)
PLANE_ANGLE_UNIT()
SI_UNIT($,.RADIAN.)
);
#12632=(
NAMED_UNIT(*)
PLANE_ANGLE_UNIT()
SI_UNIT($,.RADIAN.)
);
#12633=(
NAMED_UNIT(*)
PLANE_ANGLE_UNIT()
SI_UNIT($,.RADIAN.)
);
#12634=(
NAMED_UNIT(*)
PLANE_ANGLE_UNIT()
SI_UNIT($,.RADIAN.)
);
#12635=(
NAMED_UNIT(*)
PLANE_ANGLE_UNIT()
SI_UNIT($,.RADIAN.)
);
#12636=(
NAMED_UNIT(*)
PLANE_ANGLE_UNIT()
SI_UNIT($,.RADIAN.)
);
#12637=(
NAMED_UNIT(*)
PLANE_ANGLE_UNIT()
SI_UNIT($,.RADIAN.)
);
#12638=(
NAMED_UNIT(*)
PLANE_ANGLE_UNIT()
SI_UNIT($,.RADIAN.)
);
#12639=(
NAMED_UNIT(*)
PLANE_ANGLE_UNIT()
SI_UNIT($,.RADIAN.)
);
#12640=(
LENGTH_UNIT()
NAMED_UNIT(*)
SI_UNIT(.MILLI.,.METRE.)
);
#12641=(
LENGTH_UNIT()
NAMED_UNIT(*)
SI_UNIT(.MILLI.,.METRE.)
);
#12642=(
LENGTH_UNIT()
NAMED_UNIT(*)
SI_UNIT(.MILLI.,.METRE.)
);
#12643=(
LENGTH_UNIT()
NAMED_UNIT(*)
SI_UNIT(.MILLI.,.METRE.)
);
#12644=(
LENGTH_UNIT()
NAMED_UNIT(*)
SI_UNIT(.MILLI.,.METRE.)
);
#12645=(
LENGTH_UNIT()
NAMED_UNIT(*)
SI_UNIT(.MILLI.,.METRE.)
);
#12646=(
LENGTH_UNIT()
NAMED_UNIT(*)
SI_UNIT(.MILLI.,.METRE.)
);
#12647=(
LENGTH_UNIT()
NAMED_UNIT(*)
SI_UNIT(.MILLI.,.METRE.)
);
#12648=(
LENGTH_UNIT()
NAMED_UNIT(*)
SI_UNIT(.MILLI.,.METRE.)
);
#12649=(
LENGTH_UNIT()
NAMED_UNIT(*)
SI_UNIT(.MILLI.,.METRE.)
);
#12650=(
LENGTH_UNIT()
NAMED_UNIT(*)
SI_UNIT(.MILLI.,.METRE.)
);
#12651=(
LENGTH_UNIT()
NAMED_UNIT(*)
SI_UNIT(.MILLI.,.METRE.)
);
#12652=(
LENGTH_UNIT()
NAMED_UNIT(*)
SI_UNIT(.MILLI.,.METRE.)
);
#12653=(
LENGTH_UNIT()
NAMED_UNIT(*)
SI_UNIT(.MILLI.,.METRE.)
);
#12654=(
LENGTH_UNIT()
NAMED_UNIT(*)
SI_UNIT(.MILLI.,.METRE.)
);
#12655=(
LENGTH_UNIT()
NAMED_UNIT(*)
SI_UNIT(.MILLI.,.METRE.)
);
#12656=(
LENGTH_UNIT()
NAMED_UNIT(*)
SI_UNIT(.MILLI.,.METRE.)
);
#12657=(
LENGTH_UNIT()
NAMED_UNIT(*)
SI_UNIT(.MILLI.,.METRE.)
);
#12658=(
LENGTH_UNIT()
NAMED_UNIT(*)
SI_UNIT(.MILLI.,.METRE.)
);
#12659=(
LENGTH_UNIT()
NAMED_UNIT(*)
SI_UNIT(.MILLI.,.METRE.)
);
#12660=(
LENGTH_UNIT()
NAMED_UNIT(*)
SI_UNIT(.MILLI.,.METRE.)
);
#12661=(
LENGTH_UNIT()
NAMED_UNIT(*)
SI_UNIT(.MILLI.,.METRE.)
);
#12662=(
LENGTH_UNIT()
NAMED_UNIT(*)
SI_UNIT(.MILLI.,.METRE.)
);
#12663=(
LENGTH_UNIT()
NAMED_UNIT(*)
SI_UNIT(.MILLI.,.METRE.)
);
#12664=(
LENGTH_UNIT()
NAMED_UNIT(*)
SI_UNIT(.MILLI.,.METRE.)
);
#12665=(
LENGTH_UNIT()
NAMED_UNIT(*)
SI_UNIT(.MILLI.,.METRE.)
);
#12666=(
LENGTH_UNIT()
NAMED_UNIT(*)
SI_UNIT(.MILLI.,.METRE.)
);
#12667=(
LENGTH_UNIT()
NAMED_UNIT(*)
SI_UNIT(.MILLI.,.METRE.)
);
#12668=(
LENGTH_UNIT()
NAMED_UNIT(*)
SI_UNIT(.MILLI.,.METRE.)
);
#12669=(
LENGTH_UNIT()
NAMED_UNIT(*)
SI_UNIT(.MILLI.,.METRE.)
);
#12670=(
LENGTH_UNIT()
NAMED_UNIT(*)
SI_UNIT(.MILLI.,.METRE.)
);
#12671=(
LENGTH_UNIT()
NAMED_UNIT(*)
SI_UNIT(.MILLI.,.METRE.)
);
#12672=(
LENGTH_UNIT()
NAMED_UNIT(*)
SI_UNIT(.MILLI.,.METRE.)
);
#12673=PRODUCT_DEFINITION_SHAPE('','',#12706);
#12674=PRODUCT_DEFINITION_SHAPE('','',#12707);
#12675=PRODUCT_DEFINITION_SHAPE('','',#12708);
#12676=PRODUCT_DEFINITION_SHAPE('','',#12709);
#12677=PRODUCT_DEFINITION_SHAPE('','',#12710);
#12678=PRODUCT_DEFINITION_SHAPE('','',#12711);
#12679=PRODUCT_DEFINITION_SHAPE('','',#12712);
#12680=PRODUCT_DEFINITION_SHAPE('','',#12713);
#12681=PRODUCT_DEFINITION_SHAPE('','',#12714);
#12682=PRODUCT_DEFINITION_SHAPE('','',#12715);
#12683=PRODUCT_DEFINITION_SHAPE('','',#12716);
#12684=PRODUCT_DEFINITION_SHAPE('','',#12717);
#12685=PRODUCT_DEFINITION_SHAPE('','',#12718);
#12686=PRODUCT_DEFINITION_SHAPE('','',#12719);
#12687=PRODUCT_DEFINITION_SHAPE('','',#12720);
#12688=PRODUCT_DEFINITION_SHAPE('','',#12721);
#12689=PRODUCT_DEFINITION_SHAPE('','',#12722);
#12690=PRODUCT_DEFINITION_SHAPE('','',#12723);
#12691=PRODUCT_DEFINITION_SHAPE('','',#12724);
#12692=PRODUCT_DEFINITION_SHAPE('','',#12725);
#12693=PRODUCT_DEFINITION_SHAPE('','',#12726);
#12694=PRODUCT_DEFINITION_SHAPE('','',#12727);
#12695=PRODUCT_DEFINITION_SHAPE('','',#12728);
#12696=PRODUCT_DEFINITION_SHAPE('','',#12729);
#12697=PRODUCT_DEFINITION_SHAPE('','',#12730);
#12698=PRODUCT_DEFINITION_SHAPE('','',#12731);
#12699=PRODUCT_DEFINITION_SHAPE('','',#12732);
#12700=PRODUCT_DEFINITION_SHAPE('','',#12733);
#12701=PRODUCT_DEFINITION_SHAPE('','',#12734);
#12702=PRODUCT_DEFINITION_SHAPE('','',#12735);
#12703=PRODUCT_DEFINITION_SHAPE('','',#12736);
#12704=PRODUCT_DEFINITION_SHAPE('','',#12737);
#12705=PRODUCT_DEFINITION_SHAPE('','',#12738);
#12706=PRODUCT_DEFINITION('','',#12772,#12739);
#12707=PRODUCT_DEFINITION('','',#12773,#12740);
#12708=PRODUCT_DEFINITION('','',#12774,#12741);
#12709=PRODUCT_DEFINITION('','',#12775,#12742);
#12710=PRODUCT_DEFINITION('','',#12776,#12743);
#12711=PRODUCT_DEFINITION('','',#12777,#12744);
#12712=PRODUCT_DEFINITION('','',#12778,#12745);
#12713=PRODUCT_DEFINITION('','',#12779,#12746);
#12714=PRODUCT_DEFINITION('','',#12780,#12747);
#12715=PRODUCT_DEFINITION('','',#12781,#12748);
#12716=PRODUCT_DEFINITION('','',#12782,#12749);
#12717=PRODUCT_DEFINITION('','',#12783,#12750);
#12718=PRODUCT_DEFINITION('','',#12784,#12751);
#12719=PRODUCT_DEFINITION('','',#12785,#12752);
#12720=PRODUCT_DEFINITION('','',#12786,#12753);
#12721=PRODUCT_DEFINITION('','',#12787,#12754);
#12722=PRODUCT_DEFINITION('','',#12788,#12755);
#12723=PRODUCT_DEFINITION('','',#12789,#12756);
#12724=PRODUCT_DEFINITION('','',#12790,#12757);
#12725=PRODUCT_DEFINITION('','',#12791,#12758);
#12726=PRODUCT_DEFINITION('','',#12792,#12759);
#12727=PRODUCT_DEFINITION('','',#12793,#12760);
#12728=PRODUCT_DEFINITION('','',#12794,#12761);
#12729=PRODUCT_DEFINITION('','',#12795,#12762);
#12730=PRODUCT_DEFINITION('','',#12796,#12763);
#12731=PRODUCT_DEFINITION('','',#12797,#12764);
#12732=PRODUCT_DEFINITION('','',#12798,#12765);
#12733=PRODUCT_DEFINITION('','',#12799,#12766);
#12734=PRODUCT_DEFINITION('','',#12800,#12767);
#12735=PRODUCT_DEFINITION('','',#12801,#12768);
#12736=PRODUCT_DEFINITION('','',#12802,#12769);
#12737=PRODUCT_DEFINITION('','',#12803,#12770);
#12738=PRODUCT_DEFINITION('','',#12804,#12771);
#12739=PRODUCT_DEFINITION_CONTEXT('',#12970,'design');
#12740=PRODUCT_DEFINITION_CONTEXT('',#12971,'design');
#12741=PRODUCT_DEFINITION_CONTEXT('',#12972,'design');
#12742=PRODUCT_DEFINITION_CONTEXT('',#12973,'design');
#12743=PRODUCT_DEFINITION_CONTEXT('',#12974,'design');
#12744=PRODUCT_DEFINITION_CONTEXT('',#12975,'design');
#12745=PRODUCT_DEFINITION_CONTEXT('',#12976,'design');
#12746=PRODUCT_DEFINITION_CONTEXT('',#12977,'design');
#12747=PRODUCT_DEFINITION_CONTEXT('',#12978,'design');
#12748=PRODUCT_DEFINITION_CONTEXT('',#12979,'design');
#12749=PRODUCT_DEFINITION_CONTEXT('',#12980,'design');
#12750=PRODUCT_DEFINITION_CONTEXT('',#12981,'design');
#12751=PRODUCT_DEFINITION_CONTEXT('',#12982,'design');
#12752=PRODUCT_DEFINITION_CONTEXT('',#12983,'design');
#12753=PRODUCT_DEFINITION_CONTEXT('',#12984,'design');
#12754=PRODUCT_DEFINITION_CONTEXT('',#12985,'design');
#12755=PRODUCT_DEFINITION_CONTEXT('',#12986,'design');
#12756=PRODUCT_DEFINITION_CONTEXT('',#12987,'design');
#12757=PRODUCT_DEFINITION_CONTEXT('',#12988,'design');
#12758=PRODUCT_DEFINITION_CONTEXT('',#12989,'design');
#12759=PRODUCT_DEFINITION_CONTEXT('',#12990,'design');
#12760=PRODUCT_DEFINITION_CONTEXT('',#12991,'design');
#12761=PRODUCT_DEFINITION_CONTEXT('',#12992,'design');
#12762=PRODUCT_DEFINITION_CONTEXT('',#12993,'design');
#12763=PRODUCT_DEFINITION_CONTEXT('',#12994,'design');
#12764=PRODUCT_DEFINITION_CONTEXT('',#12995,'design');
#12765=PRODUCT_DEFINITION_CONTEXT('',#12996,'design');
#12766=PRODUCT_DEFINITION_CONTEXT('',#12997,'design');
#12767=PRODUCT_DEFINITION_CONTEXT('',#12998,'design');
#12768=PRODUCT_DEFINITION_CONTEXT('',#12999,'design');
#12769=PRODUCT_DEFINITION_CONTEXT('',#13000,'design');
#12770=PRODUCT_DEFINITION_CONTEXT('',#13001,'design');
#12771=PRODUCT_DEFINITION_CONTEXT('',#13002,'design');
#12772=PRODUCT_DEFINITION_FORMATION_WITH_SPECIFIED_SOURCE('','',#12838,
 .NOT_KNOWN.);
#12773=PRODUCT_DEFINITION_FORMATION_WITH_SPECIFIED_SOURCE('','',#12839,
 .NOT_KNOWN.);
#12774=PRODUCT_DEFINITION_FORMATION_WITH_SPECIFIED_SOURCE('','',#12840,
 .NOT_KNOWN.);
#12775=PRODUCT_DEFINITION_FORMATION_WITH_SPECIFIED_SOURCE('','',#12841,
 .NOT_KNOWN.);
#12776=PRODUCT_DEFINITION_FORMATION_WITH_SPECIFIED_SOURCE('','',#12842,
 .NOT_KNOWN.);
#12777=PRODUCT_DEFINITION_FORMATION_WITH_SPECIFIED_SOURCE('','',#12843,
 .NOT_KNOWN.);
#12778=PRODUCT_DEFINITION_FORMATION_WITH_SPECIFIED_SOURCE('','',#12844,
 .NOT_KNOWN.);
#12779=PRODUCT_DEFINITION_FORMATION_WITH_SPECIFIED_SOURCE('','',#12845,
 .NOT_KNOWN.);
#12780=PRODUCT_DEFINITION_FORMATION_WITH_SPECIFIED_SOURCE('','',#12846,
 .NOT_KNOWN.);
#12781=PRODUCT_DEFINITION_FORMATION_WITH_SPECIFIED_SOURCE('','',#12847,
 .NOT_KNOWN.);
#12782=PRODUCT_DEFINITION_FORMATION_WITH_SPECIFIED_SOURCE('','',#12848,
 .NOT_KNOWN.);
#12783=PRODUCT_DEFINITION_FORMATION_WITH_SPECIFIED_SOURCE('','',#12849,
 .NOT_KNOWN.);
#12784=PRODUCT_DEFINITION_FORMATION_WITH_SPECIFIED_SOURCE('','',#12850,
 .NOT_KNOWN.);
#12785=PRODUCT_DEFINITION_FORMATION_WITH_SPECIFIED_SOURCE('','',#12851,
 .NOT_KNOWN.);
#12786=PRODUCT_DEFINITION_FORMATION_WITH_SPECIFIED_SOURCE('','',#12852,
 .NOT_KNOWN.);
#12787=PRODUCT_DEFINITION_FORMATION_WITH_SPECIFIED_SOURCE('','',#12853,
 .NOT_KNOWN.);
#12788=PRODUCT_DEFINITION_FORMATION_WITH_SPECIFIED_SOURCE('','',#12854,
 .NOT_KNOWN.);
#12789=PRODUCT_DEFINITION_FORMATION_WITH_SPECIFIED_SOURCE('','',#12855,
 .NOT_KNOWN.);
#12790=PRODUCT_DEFINITION_FORMATION_WITH_SPECIFIED_SOURCE('','',#12856,
 .NOT_KNOWN.);
#12791=PRODUCT_DEFINITION_FORMATION_WITH_SPECIFIED_SOURCE('','',#12857,
 .NOT_KNOWN.);
#12792=PRODUCT_DEFINITION_FORMATION_WITH_SPECIFIED_SOURCE('','',#12858,
 .NOT_KNOWN.);
#12793=PRODUCT_DEFINITION_FORMATION_WITH_SPECIFIED_SOURCE('','',#12859,
 .NOT_KNOWN.);
#12794=PRODUCT_DEFINITION_FORMATION_WITH_SPECIFIED_SOURCE('','',#12860,
 .NOT_KNOWN.);
#12795=PRODUCT_DEFINITION_FORMATION_WITH_SPECIFIED_SOURCE('','',#12861,
 .NOT_KNOWN.);
#12796=PRODUCT_DEFINITION_FORMATION_WITH_SPECIFIED_SOURCE('','',#12862,
 .NOT_KNOWN.);
#12797=PRODUCT_DEFINITION_FORMATION_WITH_SPECIFIED_SOURCE('','',#12863,
 .NOT_KNOWN.);
#12798=PRODUCT_DEFINITION_FORMATION_WITH_SPECIFIED_SOURCE('','',#12864,
 .NOT_KNOWN.);
#12799=PRODUCT_DEFINITION_FORMATION_WITH_SPECIFIED_SOURCE('','',#12865,
 .NOT_KNOWN.);
#12800=PRODUCT_DEFINITION_FORMATION_WITH_SPECIFIED_SOURCE('','',#12866,
 .NOT_KNOWN.);
#12801=PRODUCT_DEFINITION_FORMATION_WITH_SPECIFIED_SOURCE('','',#12867,
 .NOT_KNOWN.);
#12802=PRODUCT_DEFINITION_FORMATION_WITH_SPECIFIED_SOURCE('','',#12868,
 .NOT_KNOWN.);
#12803=PRODUCT_DEFINITION_FORMATION_WITH_SPECIFIED_SOURCE('','',#12869,
 .NOT_KNOWN.);
#12804=PRODUCT_DEFINITION_FORMATION_WITH_SPECIFIED_SOURCE('','',#12870,
 .NOT_KNOWN.);
#12805=PRODUCT_RELATED_PRODUCT_CATEGORY('','',(#12838));
#12806=PRODUCT_RELATED_PRODUCT_CATEGORY('','',(#12839));
#12807=PRODUCT_RELATED_PRODUCT_CATEGORY('','',(#12840));
#12808=PRODUCT_RELATED_PRODUCT_CATEGORY('','',(#12841));
#12809=PRODUCT_RELATED_PRODUCT_CATEGORY('','',(#12842));
#12810=PRODUCT_RELATED_PRODUCT_CATEGORY('','',(#12843));
#12811=PRODUCT_RELATED_PRODUCT_CATEGORY('','',(#12844));
#12812=PRODUCT_RELATED_PRODUCT_CATEGORY('','',(#12845));
#12813=PRODUCT_RELATED_PRODUCT_CATEGORY('','',(#12846));
#12814=PRODUCT_RELATED_PRODUCT_CATEGORY('','',(#12847));
#12815=PRODUCT_RELATED_PRODUCT_CATEGORY('','',(#12848));
#12816=PRODUCT_RELATED_PRODUCT_CATEGORY('','',(#12849));
#12817=PRODUCT_RELATED_PRODUCT_CATEGORY('','',(#12850));
#12818=PRODUCT_RELATED_PRODUCT_CATEGORY('','',(#12851));
#12819=PRODUCT_RELATED_PRODUCT_CATEGORY('','',(#12852));
#12820=PRODUCT_RELATED_PRODUCT_CATEGORY('','',(#12853));
#12821=PRODUCT_RELATED_PRODUCT_CATEGORY('','',(#12854));
#12822=PRODUCT_RELATED_PRODUCT_CATEGORY('','',(#12855));
#12823=PRODUCT_RELATED_PRODUCT_CATEGORY('','',(#12856));
#12824=PRODUCT_RELATED_PRODUCT_CATEGORY('','',(#12857));
#12825=PRODUCT_RELATED_PRODUCT_CATEGORY('','',(#12858));
#12826=PRODUCT_RELATED_PRODUCT_CATEGORY('','',(#12859));
#12827=PRODUCT_RELATED_PRODUCT_CATEGORY('','',(#12860));
#12828=PRODUCT_RELATED_PRODUCT_CATEGORY('','',(#12861));
#12829=PRODUCT_RELATED_PRODUCT_CATEGORY('','',(#12862));
#12830=PRODUCT_RELATED_PRODUCT_CATEGORY('','',(#12863));
#12831=PRODUCT_RELATED_PRODUCT_CATEGORY('','',(#12864));
#12832=PRODUCT_RELATED_PRODUCT_CATEGORY('','',(#12865));
#12833=PRODUCT_RELATED_PRODUCT_CATEGORY('','',(#12866));
#12834=PRODUCT_RELATED_PRODUCT_CATEGORY('','',(#12867));
#12835=PRODUCT_RELATED_PRODUCT_CATEGORY('','',(#12868));
#12836=PRODUCT_RELATED_PRODUCT_CATEGORY('','',(#12869));
#12837=PRODUCT_RELATED_PRODUCT_CATEGORY('','',(#12870));
#12838=PRODUCT('Part 24','Part 24','Part 24',(#12904));
#12839=PRODUCT('Part 11','Part 11','Part 11',(#12905));
#12840=PRODUCT('Part 20','Part 20','Part 20',(#12906));
#12841=PRODUCT('Part 25','Part 25','Part 25',(#12907));
#12842=PRODUCT('Part 12','Part 12','Part 12',(#12908));
#12843=PRODUCT('Part 21','Part 21','Part 21',(#12909));
#12844=PRODUCT('Part 1','Part 1','Part 1',(#12910));
#12845=PRODUCT('Part 18','Part 18','Part 18',(#12911));
#12846=PRODUCT('Part 2','Part 2','Part 2',(#12912));
#12847=PRODUCT('Part 3','Part 3','Part 3',(#12913));
#12848=PRODUCT('Part 4','Part 4','Part 4',(#12914));
#12849=PRODUCT('Part 16','Part 16','Part 16',(#12915));
#12850=PRODUCT('Part 27','Part 27','Part 27',(#12916));
#12851=PRODUCT('Part 17','Part 17','Part 17',(#12917));
#12852=PRODUCT('Part 26','Part 26','Part 26',(#12918));
#12853=PRODUCT('Part 30','Part 30','Part 30',(#12919));
#12854=PRODUCT('Part 28','Part 28','Part 28',(#12920));
#12855=PRODUCT('Part 31','Part 31','Part 31',(#12921));
#12856=PRODUCT('Part 22','Part 22','Part 22',(#12922));
#12857=PRODUCT('Part 13','Part 13','Part 13',(#12923));
#12858=PRODUCT('Part 5','Part 5','Part 5',(#12924));
#12859=PRODUCT('Part 19','Part 19','Part 19',(#12925));
#12860=PRODUCT('Part 6','Part 6','Part 6',(#12926));
#12861=PRODUCT('Part 7','Part 7','Part 7',(#12927));
#12862=PRODUCT('Part 8','Part 8','Part 8',(#12928));
#12863=PRODUCT('Part 9','Part 9','Part 9',(#12929));
#12864=PRODUCT('Part 14','Part 14','Part 14',(#12930));
#12865=PRODUCT('Part 10','Part 10','Part 10',(#12931));
#12866=PRODUCT('Part 32','Part 32','Part 32',(#12932));
#12867=PRODUCT('Part 15','Part 15','Part 15',(#12933));
#12868=PRODUCT('Part 23','Part 23','Part 23',(#12934));
#12869=PRODUCT('Part 29','Part 29','Part 29',(#12935));
#12870=PRODUCT('Part 33','Part 33','Part 33',(#12936));
#12871=PRODUCT_CATEGORY('','');
#12872=PRODUCT_CATEGORY('','');
#12873=PRODUCT_CATEGORY('','');
#12874=PRODUCT_CATEGORY('','');
#12875=PRODUCT_CATEGORY('','');
#12876=PRODUCT_CATEGORY('','');
#12877=PRODUCT_CATEGORY('','');
#12878=PRODUCT_CATEGORY('','');
#12879=PRODUCT_CATEGORY('','');
#12880=PRODUCT_CATEGORY('','');
#12881=PRODUCT_CATEGORY('','');
#12882=PRODUCT_CATEGORY('','');
#12883=PRODUCT_CATEGORY('','');
#12884=PRODUCT_CATEGORY('','');
#12885=PRODUCT_CATEGORY('','');
#12886=PRODUCT_CATEGORY('','');
#12887=PRODUCT_CATEGORY('','');
#12888=PRODUCT_CATEGORY('','');
#12889=PRODUCT_CATEGORY('','');
#12890=PRODUCT_CATEGORY('','');
#12891=PRODUCT_CATEGORY('','');
#12892=PRODUCT_CATEGORY('','');
#12893=PRODUCT_CATEGORY('','');
#12894=PRODUCT_CATEGORY('','');
#12895=PRODUCT_CATEGORY('','');
#12896=PRODUCT_CATEGORY('','');
#12897=PRODUCT_CATEGORY('','');
#12898=PRODUCT_CATEGORY('','');
#12899=PRODUCT_CATEGORY('','');
#12900=PRODUCT_CATEGORY('','');
#12901=PRODUCT_CATEGORY('','');
#12902=PRODUCT_CATEGORY('','');
#12903=PRODUCT_CATEGORY('','');
#12904=PRODUCT_CONTEXT('',#12970,'mechanical');
#12905=PRODUCT_CONTEXT('',#12971,'mechanical');
#12906=PRODUCT_CONTEXT('',#12972,'mechanical');
#12907=PRODUCT_CONTEXT('',#12973,'mechanical');
#12908=PRODUCT_CONTEXT('',#12974,'mechanical');
#12909=PRODUCT_CONTEXT('',#12975,'mechanical');
#12910=PRODUCT_CONTEXT('',#12976,'mechanical');
#12911=PRODUCT_CONTEXT('',#12977,'mechanical');
#12912=PRODUCT_CONTEXT('',#12978,'mechanical');
#12913=PRODUCT_CONTEXT('',#12979,'mechanical');
#12914=PRODUCT_CONTEXT('',#12980,'mechanical');
#12915=PRODUCT_CONTEXT('',#12981,'mechanical');
#12916=PRODUCT_CONTEXT('',#12982,'mechanical');
#12917=PRODUCT_CONTEXT('',#12983,'mechanical');
#12918=PRODUCT_CONTEXT('',#12984,'mechanical');
#12919=PRODUCT_CONTEXT('',#12985,'mechanical');
#12920=PRODUCT_CONTEXT('',#12986,'mechanical');
#12921=PRODUCT_CONTEXT('',#12987,'mechanical');
#12922=PRODUCT_CONTEXT('',#12988,'mechanical');
#12923=PRODUCT_CONTEXT('',#12989,'mechanical');
#12924=PRODUCT_CONTEXT('',#12990,'mechanical');
#12925=PRODUCT_CONTEXT('',#12991,'mechanical');
#12926=PRODUCT_CONTEXT('',#12992,'mechanical');
#12927=PRODUCT_CONTEXT('',#12993,'mechanical');
#12928=PRODUCT_CONTEXT('',#12994,'mechanical');
#12929=PRODUCT_CONTEXT('',#12995,'mechanical');
#12930=PRODUCT_CONTEXT('',#12996,'mechanical');
#12931=PRODUCT_CONTEXT('',#12997,'mechanical');
#12932=PRODUCT_CONTEXT('',#12998,'mechanical');
#12933=PRODUCT_CONTEXT('',#12999,'mechanical');
#12934=PRODUCT_CONTEXT('',#13000,'mechanical');
#12935=PRODUCT_CONTEXT('',#13001,'mechanical');
#12936=PRODUCT_CONTEXT('',#13002,'mechanical');
#12937=APPLICATION_PROTOCOL_DEFINITION('international standard',
'ap242_managed_model_based_3d_engineering',2020,#12970);
#12938=APPLICATION_PROTOCOL_DEFINITION('international standard',
'ap242_managed_model_based_3d_engineering',2020,#12971);
#12939=APPLICATION_PROTOCOL_DEFINITION('international standard',
'ap242_managed_model_based_3d_engineering',2020,#12972);
#12940=APPLICATION_PROTOCOL_DEFINITION('international standard',
'ap242_managed_model_based_3d_engineering',2020,#12973);
#12941=APPLICATION_PROTOCOL_DEFINITION('international standard',
'ap242_managed_model_based_3d_engineering',2020,#12974);
#12942=APPLICATION_PROTOCOL_DEFINITION('international standard',
'ap242_managed_model_based_3d_engineering',2020,#12975);
#12943=APPLICATION_PROTOCOL_DEFINITION('international standard',
'ap242_managed_model_based_3d_engineering',2020,#12976);
#12944=APPLICATION_PROTOCOL_DEFINITION('international standard',
'ap242_managed_model_based_3d_engineering',2020,#12977);
#12945=APPLICATION_PROTOCOL_DEFINITION('international standard',
'ap242_managed_model_based_3d_engineering',2020,#12978);
#12946=APPLICATION_PROTOCOL_DEFINITION('international standard',
'ap242_managed_model_based_3d_engineering',2020,#12979);
#12947=APPLICATION_PROTOCOL_DEFINITION('international standard',
'ap242_managed_model_based_3d_engineering',2020,#12980);
#12948=APPLICATION_PROTOCOL_DEFINITION('international standard',
'ap242_managed_model_based_3d_engineering',2020,#12981);
#12949=APPLICATION_PROTOCOL_DEFINITION('international standard',
'ap242_managed_model_based_3d_engineering',2020,#12982);
#12950=APPLICATION_PROTOCOL_DEFINITION('international standard',
'ap242_managed_model_based_3d_engineering',2020,#12983);
#12951=APPLICATION_PROTOCOL_DEFINITION('international standard',
'ap242_managed_model_based_3d_engineering',2020,#12984);
#12952=APPLICATION_PROTOCOL_DEFINITION('international standard',
'ap242_managed_model_based_3d_engineering',2020,#12985);
#12953=APPLICATION_PROTOCOL_DEFINITION('international standard',
'ap242_managed_model_based_3d_engineering',2020,#12986);
#12954=APPLICATION_PROTOCOL_DEFINITION('international standard',
'ap242_managed_model_based_3d_engineering',2020,#12987);
#12955=APPLICATION_PROTOCOL_DEFINITION('international standard',
'ap242_managed_model_based_3d_engineering',2020,#12988);
#12956=APPLICATION_PROTOCOL_DEFINITION('international standard',
'ap242_managed_model_based_3d_engineering',2020,#12989);
#12957=APPLICATION_PROTOCOL_DEFINITION('international standard',
'ap242_managed_model_based_3d_engineering',2020,#12990);
#12958=APPLICATION_PROTOCOL_DEFINITION('international standard',
'ap242_managed_model_based_3d_engineering',2020,#12991);
#12959=APPLICATION_PROTOCOL_DEFINITION('international standard',
'ap242_managed_model_based_3d_engineering',2020,#12992);
#12960=APPLICATION_PROTOCOL_DEFINITION('international standard',
'ap242_managed_model_based_3d_engineering',2020,#12993);
#12961=APPLICATION_PROTOCOL_DEFINITION('international standard',
'ap242_managed_model_based_3d_engineering',2020,#12994);
#12962=APPLICATION_PROTOCOL_DEFINITION('international standard',
'ap242_managed_model_based_3d_engineering',2020,#12995);
#12963=APPLICATION_PROTOCOL_DEFINITION('international standard',
'ap242_managed_model_based_3d_engineering',2020,#12996);
#12964=APPLICATION_PROTOCOL_DEFINITION('international standard',
'ap242_managed_model_based_3d_engineering',2020,#12997);
#12965=APPLICATION_PROTOCOL_DEFINITION('international standard',
'ap242_managed_model_based_3d_engineering',2020,#12998);
#12966=APPLICATION_PROTOCOL_DEFINITION('international standard',
'ap242_managed_model_based_3d_engineering',2020,#12999);
#12967=APPLICATION_PROTOCOL_DEFINITION('international standard',
'ap242_managed_model_based_3d_engineering',2020,#13000);
#12968=APPLICATION_PROTOCOL_DEFINITION('international standard',
'ap242_managed_model_based_3d_engineering',2020,#13001);
#12969=APPLICATION_PROTOCOL_DEFINITION('international standard',
'ap242_managed_model_based_3d_engineering',2020,#13002);
#12970=APPLICATION_CONTEXT('managed model based 3d engineering');
#12971=APPLICATION_CONTEXT('managed model based 3d engineering');
#12972=APPLICATION_CONTEXT('managed model based 3d engineering');
#12973=APPLICATION_CONTEXT('managed model based 3d engineering');
#12974=APPLICATION_CONTEXT('managed model based 3d engineering');
#12975=APPLICATION_CONTEXT('managed model based 3d engineering');
#12976=APPLICATION_CONTEXT('managed model based 3d engineering');
#12977=APPLICATION_CONTEXT('managed model based 3d engineering');
#12978=APPLICATION_CONTEXT('managed model based 3d engineering');
#12979=APPLICATION_CONTEXT('managed model based 3d engineering');
#12980=APPLICATION_CONTEXT('managed model based 3d engineering');
#12981=APPLICATION_CONTEXT('managed model based 3d engineering');
#12982=APPLICATION_CONTEXT('managed model based 3d engineering');
#12983=APPLICATION_CONTEXT('managed model based 3d engineering');
#12984=APPLICATION_CONTEXT('managed model based 3d engineering');
#12985=APPLICATION_CONTEXT('managed model based 3d engineering');
#12986=APPLICATION_CONTEXT('managed model based 3d engineering');
#12987=APPLICATION_CONTEXT('managed model based 3d engineering');
#12988=APPLICATION_CONTEXT('managed model based 3d engineering');
#12989=APPLICATION_CONTEXT('managed model based 3d engineering');
#12990=APPLICATION_CONTEXT('managed model based 3d engineering');
#12991=APPLICATION_CONTEXT('managed model based 3d engineering');
#12992=APPLICATION_CONTEXT('managed model based 3d engineering');
#12993=APPLICATION_CONTEXT('managed model based 3d engineering');
#12994=APPLICATION_CONTEXT('managed model based 3d engineering');
#12995=APPLICATION_CONTEXT('managed model based 3d engineering');
#12996=APPLICATION_CONTEXT('managed model based 3d engineering');
#12997=APPLICATION_CONTEXT('managed model based 3d engineering');
#12998=APPLICATION_CONTEXT('managed model based 3d engineering');
#12999=APPLICATION_CONTEXT('managed model based 3d engineering');
#13000=APPLICATION_CONTEXT('managed model based 3d engineering');
#13001=APPLICATION_CONTEXT('managed model based 3d engineering');
#13002=APPLICATION_CONTEXT('managed model based 3d engineering');
ENDSEC;
END-ISO-10303-21;
