ISO-10303-21;
HEADER;
/* Generated by software containing ST-Developer
 * from STEP Tools, Inc. (www.steptools.com) 
 */
/* OPTION: using custom renumber hook */

FILE_DESCRIPTION(
/* description */ ('STEP AP242 Edition 2',
'CAx-IF Rec.Pracs.---Representation and Presentation of Product Manufa
cturing Information (PMI)---4.0---2014-10-13',
'CAx-IF Rec.Pracs.---3D Tessellated Geometry---0.4---2014-09-14','2;1',
'CAx-IF Rec.Pracs.---User Defined Attributes---1.5---2016-08-15'),
/* implementation_level */ '2;1');

FILE_NAME(
/* name */ 'Part Studio 1',
/* time_stamp */ '2026-06-07T08:18:53Z',
/* author */ (''),
/* organization */ (''),
/* preprocessor_version */ 'ST-DEVELOPER v20',
/* originating_system */ 'ONSHAPE BY PTC INC, 1.216',
/* authorisation */ '  ');

FILE_SCHEMA (('AP242_MANAGED_MODEL_BASED_3D_ENGINEERING_MIM_LF { 1 0 10303 442 3 1 4 }'));
ENDSEC;

DATA;
#10=ELLIPSE('',#4306,17.071070906355,12.07107);
#11=ELLIPSE('',#4307,17.071070906355,12.07107);
#12=ELLIPSE('',#4309,17.071070906355,12.07107);
#13=ELLIPSE('',#4311,17.071070906355,12.07107);
#14=CIRCLE('',#4263,41.6304830103991);
#15=CIRCLE('',#4264,41.6304830103991);
#16=CIRCLE('',#4267,35.1304830103991);
#17=CIRCLE('',#4268,35.1304830103991);
#18=CIRCLE('',#4274,41.6304830103991);
#19=CIRCLE('',#4275,41.6304830103991);
#20=CIRCLE('',#4278,35.1304830103991);
#21=CIRCLE('',#4279,35.1304830103991);
#22=CIRCLE('',#4284,3.72750252890847);
#23=CIRCLE('',#4285,3.29903213049619);
#24=CIRCLE('',#4286,6.6531299752162);
#25=CIRCLE('',#4287,6.45257805815239);
#26=CIRCLE('',#4288,6.15581788585821);
#27=CIRCLE('',#4289,6.39794719625798);
#28=CIRCLE('',#4290,3.62843007849547);
#29=CIRCLE('',#4291,3.29903213049558);
#30=CIRCLE('',#4292,8.45996892203376);
#31=CIRCLE('',#4293,7.13451392728869);
#32=CIRCLE('',#4294,8.14230446255192);
#33=CIRCLE('',#4295,9.93105108693058);
#34=CIRCLE('',#4296,23.8259043112091);
#35=CIRCLE('',#4297,2.31224849126264);
#36=CIRCLE('',#4298,3.32321316335525);
#37=CIRCLE('',#4299,1.79717393453377);
#38=CIRCLE('',#4300,8.28900454292214);
#39=CIRCLE('',#4301,3.10684959970267);
#40=CIRCLE('',#4302,3.82184897145849);
#41=CIRCLE('',#4303,6.23797328737404);
#42=CIRCLE('',#4329,6.45257805815239);
#43=CIRCLE('',#4331,6.6531299752162);
#44=CIRCLE('',#4335,3.29903213049619);
#45=CIRCLE('',#4337,3.72750252890847);
#46=CIRCLE('',#4340,6.15581788585821);
#47=CIRCLE('',#4344,3.29903213049558);
#48=CIRCLE('',#4346,3.62843007849547);
#49=CIRCLE('',#4350,6.39794719625798);
#50=CIRCLE('',#4412,8.14230446255192);
#51=CIRCLE('',#4414,7.13451392728869);
#52=CIRCLE('',#4419,8.45996892203376);
#53=CIRCLE('',#4435,9.93105108693058);
#54=CIRCLE('',#4437,6.23797328737404);
#55=CIRCLE('',#4439,3.82184897145849);
#56=CIRCLE('',#4441,3.10684959970267);
#57=CIRCLE('',#4443,8.28900454292214);
#58=CIRCLE('',#4448,1.79717393453377);
#59=CIRCLE('',#4450,3.32321316335525);
#60=CIRCLE('',#4452,2.31224849126264);
#61=CIRCLE('',#4454,23.8259043112091);
#62=CYLINDRICAL_SURFACE('',#4262,41.6304830103991);
#63=CYLINDRICAL_SURFACE('',#4266,35.1304830103991);
#64=CYLINDRICAL_SURFACE('',#4273,41.6304830103991);
#65=CYLINDRICAL_SURFACE('',#4277,35.1304830103991);
#66=CYLINDRICAL_SURFACE('',#4305,12.07107);
#67=CYLINDRICAL_SURFACE('',#4308,12.07107);
#68=CYLINDRICAL_SURFACE('',#4310,12.07107);
#69=CYLINDRICAL_SURFACE('',#4312,12.07107);
#70=CYLINDRICAL_SURFACE('',#4328,6.45257805815239);
#71=CYLINDRICAL_SURFACE('',#4330,6.6531299752162);
#72=CYLINDRICAL_SURFACE('',#4334,3.29903213049619);
#73=CYLINDRICAL_SURFACE('',#4336,3.72750252890847);
#74=CYLINDRICAL_SURFACE('',#4339,6.15581788585821);
#75=CYLINDRICAL_SURFACE('',#4343,3.29903213049558);
#76=CYLINDRICAL_SURFACE('',#4345,3.62843007849547);
#77=CYLINDRICAL_SURFACE('',#4349,6.39794719625798);
#78=CYLINDRICAL_SURFACE('',#4411,8.14230446255192);
#79=CYLINDRICAL_SURFACE('',#4413,7.13451392728869);
#80=CYLINDRICAL_SURFACE('',#4418,8.45996892203376);
#81=CYLINDRICAL_SURFACE('',#4434,9.93105108693058);
#82=CYLINDRICAL_SURFACE('',#4436,6.23797328737404);
#83=CYLINDRICAL_SURFACE('',#4438,3.82184897145849);
#84=CYLINDRICAL_SURFACE('',#4440,3.10684959970267);
#85=CYLINDRICAL_SURFACE('',#4442,8.28900454292214);
#86=CYLINDRICAL_SURFACE('',#4447,1.79717393453377);
#87=CYLINDRICAL_SURFACE('',#4449,3.32321316335525);
#88=CYLINDRICAL_SURFACE('',#4451,2.31224849126264);
#89=CYLINDRICAL_SURFACE('',#4453,23.8259043112091);
#90=B_SPLINE_CURVE_WITH_KNOTS('',3,(#5423,#5424,#5425,#5426,#5427,#5428,
#5429,#5430,#5431,#5432,#5433,#5434,#5435,#5436,#5437,#5438,#5439,#5440,
#5441,#5442,#5443,#5444,#5445,#5446,#5447,#5448,#5449,#5450,#5451,#5452,
#5453,#5454,#5455,#5456,#5457,#5458,#5459),.UNSPECIFIED.,.F.,.F.,(4,1,1,
1,1,1,1,1,1,1,1,1,1,1,1,1,1,1,1,1,1,1,1,1,1,1,1,1,1,1,1,1,1,1,4),(0.00559823769741389,
0.03125,0.0625,0.09375,0.125,0.140625,0.15625,0.171875,0.1875,0.203125,
0.21875,0.234375,0.25,0.265625,0.28125,0.296875,0.3125,0.328125,0.34375,
0.359375,0.375,0.40625,0.4375,0.46875,0.5,0.53125,0.5625,0.59375,0.625,
0.6875,0.75,0.8125,0.875,0.9375,0.995105250096),.UNSPECIFIED.);
#91=B_SPLINE_CURVE_WITH_KNOTS('',3,(#5461,#5462,#5463,#5464,#5465,#5466,
#5467,#5468,#5469,#5470,#5471,#5472,#5473,#5474,#5475,#5476,#5477,#5478,
#5479,#5480,#5481,#5482,#5483,#5484,#5485,#5486,#5487,#5488,#5489,#5490,
#5491,#5492,#5493,#5494,#5495,#5496,#5497),.UNSPECIFIED.,.F.,.F.,(4,1,1,
1,1,1,1,1,1,1,1,1,1,1,1,1,1,1,1,1,1,1,1,1,1,1,1,1,1,1,1,1,1,1,4),(0.00559823769741389,
0.03125,0.0625,0.09375,0.125,0.140625,0.15625,0.171875,0.1875,0.203125,
0.21875,0.234375,0.25,0.265625,0.28125,0.296875,0.3125,0.328125,0.34375,
0.359375,0.375,0.40625,0.4375,0.46875,0.5,0.53125,0.5625,0.59375,0.625,
0.6875,0.75,0.8125,0.875,0.9375,0.995105250096),.UNSPECIFIED.);
#92=B_SPLINE_CURVE_WITH_KNOTS('',2,(#5514,#5515,#5516),.UNSPECIFIED.,.F.,
 .F.,(3,3),(0.,1.),.PIECEWISE_BEZIER_KNOTS.);
#93=B_SPLINE_CURVE_WITH_KNOTS('',2,(#5517,#5518,#5519),.UNSPECIFIED.,.F.,
 .F.,(3,3),(0.,1.),.PIECEWISE_BEZIER_KNOTS.);
#94=B_SPLINE_CURVE_WITH_KNOTS('',3,(#5562,#5563,#5564,#5565,#5566,#5567,
#5568,#5569,#5570,#5571,#5572,#5573,#5574,#5575,#5576,#5577,#5578,#5579,
#5580,#5581,#5582,#5583,#5584,#5585,#5586,#5587,#5588,#5589,#5590,#5591,
#5592,#5593,#5594,#5595,#5596,#5597,#5598),.UNSPECIFIED.,.F.,.F.,(4,1,1,
1,1,1,1,1,1,1,1,1,1,1,1,1,1,1,1,1,1,1,1,1,1,1,1,1,1,1,1,1,1,1,4),(0.00559823769741389,
0.03125,0.0625,0.09375,0.125,0.140625,0.15625,0.171875,0.1875,0.203125,
0.21875,0.234375,0.25,0.265625,0.28125,0.296875,0.3125,0.328125,0.34375,
0.359375,0.375,0.40625,0.4375,0.46875,0.5,0.53125,0.5625,0.59375,0.625,
0.6875,0.75,0.8125,0.875,0.9375,0.995105250096),.UNSPECIFIED.);
#95=B_SPLINE_CURVE_WITH_KNOTS('',3,(#5602,#5603,#5604,#5605,#5606,#5607,
#5608,#5609,#5610,#5611,#5612,#5613,#5614,#5615,#5616,#5617,#5618,#5619,
#5620,#5621,#5622,#5623,#5624,#5625,#5626,#5627,#5628,#5629,#5630,#5631,
#5632,#5633,#5634,#5635,#5636,#5637,#5638),.UNSPECIFIED.,.F.,.F.,(4,1,1,
1,1,1,1,1,1,1,1,1,1,1,1,1,1,1,1,1,1,1,1,1,1,1,1,1,1,1,1,1,1,1,4),(0.00559823769741389,
0.03125,0.0625,0.09375,0.125,0.140625,0.15625,0.171875,0.1875,0.203125,
0.21875,0.234375,0.25,0.265625,0.28125,0.296875,0.3125,0.328125,0.34375,
0.359375,0.375,0.40625,0.4375,0.46875,0.5,0.53125,0.5625,0.59375,0.625,
0.6875,0.75,0.8125,0.875,0.9375,0.995105250096),.UNSPECIFIED.);
#96=B_SPLINE_CURVE_WITH_KNOTS('',2,(#5653,#5654,#5655),.UNSPECIFIED.,.F.,
 .F.,(3,3),(0.,1.),.PIECEWISE_BEZIER_KNOTS.);
#97=B_SPLINE_CURVE_WITH_KNOTS('',2,(#5656,#5657,#5658),.UNSPECIFIED.,.F.,
 .F.,(3,3),(0.,1.),.PIECEWISE_BEZIER_KNOTS.);
#98=B_SPLINE_CURVE_WITH_KNOTS('',2,(#5754,#5755,#5756),.UNSPECIFIED.,.F.,
 .F.,(3,3),(0.,1.),.PIECEWISE_BEZIER_KNOTS.);
#99=B_SPLINE_CURVE_WITH_KNOTS('',2,(#5758,#5759,#5760),.UNSPECIFIED.,.F.,
 .F.,(3,3),(0.,1.),.PIECEWISE_BEZIER_KNOTS.);
#100=B_SPLINE_CURVE_WITH_KNOTS('',2,(#5762,#5763,#5764),.UNSPECIFIED.,.F.,
 .F.,(3,3),(0.,1.),.PIECEWISE_BEZIER_KNOTS.);
#101=B_SPLINE_CURVE_WITH_KNOTS('',2,(#5766,#5767,#5768),.UNSPECIFIED.,.F.,
 .F.,(3,3),(0.,1.),.PIECEWISE_BEZIER_KNOTS.);
#102=B_SPLINE_CURVE_WITH_KNOTS('',2,(#5770,#5771,#5772),.UNSPECIFIED.,.F.,
 .F.,(3,3),(0.,1.),.PIECEWISE_BEZIER_KNOTS.);
#103=B_SPLINE_CURVE_WITH_KNOTS('',2,(#5774,#5775,#5776),.UNSPECIFIED.,.F.,
 .F.,(3,3),(0.,1.),.PIECEWISE_BEZIER_KNOTS.);
#104=B_SPLINE_CURVE_WITH_KNOTS('',2,(#5786,#5787,#5788),.UNSPECIFIED.,.F.,
 .F.,(3,3),(0.,1.),.PIECEWISE_BEZIER_KNOTS.);
#105=B_SPLINE_CURVE_WITH_KNOTS('',2,(#5790,#5791,#5792),.UNSPECIFIED.,.F.,
 .F.,(3,3),(0.,1.),.PIECEWISE_BEZIER_KNOTS.);
#106=B_SPLINE_CURVE_WITH_KNOTS('',2,(#5794,#5795,#5796),.UNSPECIFIED.,.F.,
 .F.,(3,3),(0.,1.),.PIECEWISE_BEZIER_KNOTS.);
#107=B_SPLINE_CURVE_WITH_KNOTS('',2,(#5798,#5799,#5800),.UNSPECIFIED.,.F.,
 .F.,(3,3),(0.,1.),.PIECEWISE_BEZIER_KNOTS.);
#108=B_SPLINE_CURVE_WITH_KNOTS('',2,(#5802,#5803,#5804),.UNSPECIFIED.,.F.,
 .F.,(3,3),(0.,1.),.PIECEWISE_BEZIER_KNOTS.);
#109=B_SPLINE_CURVE_WITH_KNOTS('',2,(#5806,#5807,#5808),.UNSPECIFIED.,.F.,
 .F.,(3,3),(0.,1.),.PIECEWISE_BEZIER_KNOTS.);
#110=B_SPLINE_CURVE_WITH_KNOTS('',2,(#5816,#5817,#5818),.UNSPECIFIED.,.F.,
 .F.,(3,3),(0.,1.),.PIECEWISE_BEZIER_KNOTS.);
#111=B_SPLINE_CURVE_WITH_KNOTS('',2,(#5820,#5821,#5822),.UNSPECIFIED.,.F.,
 .F.,(3,3),(0.,1.),.PIECEWISE_BEZIER_KNOTS.);
#112=B_SPLINE_CURVE_WITH_KNOTS('',2,(#5824,#5825,#5826),.UNSPECIFIED.,.F.,
 .F.,(3,3),(0.,1.),.PIECEWISE_BEZIER_KNOTS.);
#113=B_SPLINE_CURVE_WITH_KNOTS('',2,(#5828,#5829,#5830),.UNSPECIFIED.,.F.,
 .F.,(3,3),(0.,1.),.PIECEWISE_BEZIER_KNOTS.);
#114=B_SPLINE_CURVE_WITH_KNOTS('',2,(#5832,#5833,#5834),.UNSPECIFIED.,.F.,
 .F.,(3,3),(0.,1.),.PIECEWISE_BEZIER_KNOTS.);
#115=B_SPLINE_CURVE_WITH_KNOTS('',2,(#5836,#5837,#5838),.UNSPECIFIED.,.F.,
 .F.,(3,3),(0.,1.),.PIECEWISE_BEZIER_KNOTS.);
#116=B_SPLINE_CURVE_WITH_KNOTS('',2,(#5848,#5849,#5850),.UNSPECIFIED.,.F.,
 .F.,(3,3),(0.,1.),.PIECEWISE_BEZIER_KNOTS.);
#117=B_SPLINE_CURVE_WITH_KNOTS('',2,(#5852,#5853,#5854),.UNSPECIFIED.,.F.,
 .F.,(3,3),(0.,1.),.PIECEWISE_BEZIER_KNOTS.);
#118=B_SPLINE_CURVE_WITH_KNOTS('',2,(#5856,#5857,#5858),.UNSPECIFIED.,.F.,
 .F.,(3,3),(0.,1.),.PIECEWISE_BEZIER_KNOTS.);
#119=B_SPLINE_CURVE_WITH_KNOTS('',2,(#5860,#5861,#5862),.UNSPECIFIED.,.F.,
 .F.,(3,3),(0.,1.),.PIECEWISE_BEZIER_KNOTS.);
#120=B_SPLINE_CURVE_WITH_KNOTS('',2,(#5864,#5865,#5866),.UNSPECIFIED.,.F.,
 .F.,(3,3),(0.,1.),.PIECEWISE_BEZIER_KNOTS.);
#121=B_SPLINE_CURVE_WITH_KNOTS('',2,(#5868,#5869,#5870),.UNSPECIFIED.,.F.,
 .F.,(3,3),(0.,1.),.PIECEWISE_BEZIER_KNOTS.);
#122=B_SPLINE_CURVE_WITH_KNOTS('',2,(#5975,#5976,#5977),.UNSPECIFIED.,.F.,
 .F.,(3,3),(0.,1.),.PIECEWISE_BEZIER_KNOTS.);
#123=B_SPLINE_CURVE_WITH_KNOTS('',2,(#5986,#5987,#5988),.UNSPECIFIED.,.F.,
 .F.,(3,3),(0.,1.),.PIECEWISE_BEZIER_KNOTS.);
#124=B_SPLINE_CURVE_WITH_KNOTS('',2,(#5990,#5991,#5992),.UNSPECIFIED.,.F.,
 .F.,(3,3),(0.,1.),.PIECEWISE_BEZIER_KNOTS.);
#125=B_SPLINE_CURVE_WITH_KNOTS('',2,(#5996,#5997,#5998),.UNSPECIFIED.,.F.,
 .F.,(3,3),(0.,1.),.PIECEWISE_BEZIER_KNOTS.);
#126=B_SPLINE_CURVE_WITH_KNOTS('',2,(#6000,#6001,#6002),.UNSPECIFIED.,.F.,
 .F.,(3,3),(0.,1.),.PIECEWISE_BEZIER_KNOTS.);
#127=B_SPLINE_CURVE_WITH_KNOTS('',2,(#6004,#6005,#6006),.UNSPECIFIED.,.F.,
 .F.,(3,3),(0.,1.),.PIECEWISE_BEZIER_KNOTS.);
#128=B_SPLINE_CURVE_WITH_KNOTS('',2,(#6014,#6015,#6016),.UNSPECIFIED.,.F.,
 .F.,(3,3),(0.,1.),.PIECEWISE_BEZIER_KNOTS.);
#129=B_SPLINE_CURVE_WITH_KNOTS('',2,(#6018,#6019,#6020),.UNSPECIFIED.,.F.,
 .F.,(3,3),(0.,1.),.PIECEWISE_BEZIER_KNOTS.);
#130=B_SPLINE_CURVE_WITH_KNOTS('',2,(#6026,#6027,#6028),.UNSPECIFIED.,.F.,
 .F.,(3,3),(0.,1.),.PIECEWISE_BEZIER_KNOTS.);
#131=B_SPLINE_CURVE_WITH_KNOTS('',2,(#6030,#6031,#6032),.UNSPECIFIED.,.F.,
 .F.,(3,3),(0.,1.),.PIECEWISE_BEZIER_KNOTS.);
#132=B_SPLINE_CURVE_WITH_KNOTS('',2,(#6034,#6035,#6036),.UNSPECIFIED.,.F.,
 .F.,(3,3),(0.,1.),.PIECEWISE_BEZIER_KNOTS.);
#133=B_SPLINE_CURVE_WITH_KNOTS('',2,(#6038,#6039,#6040),.UNSPECIFIED.,.F.,
 .F.,(3,3),(0.,1.),.PIECEWISE_BEZIER_KNOTS.);
#134=B_SPLINE_CURVE_WITH_KNOTS('',2,(#6042,#6043,#6044),.UNSPECIFIED.,.F.,
 .F.,(3,3),(0.,1.),.PIECEWISE_BEZIER_KNOTS.);
#135=B_SPLINE_CURVE_WITH_KNOTS('',2,(#6070,#6071,#6072),.UNSPECIFIED.,.F.,
 .F.,(3,3),(0.,1.),.PIECEWISE_BEZIER_KNOTS.);
#136=B_SPLINE_CURVE_WITH_KNOTS('',2,(#6074,#6075,#6076),.UNSPECIFIED.,.F.,
 .F.,(3,3),(0.,1.),.PIECEWISE_BEZIER_KNOTS.);
#137=B_SPLINE_CURVE_WITH_KNOTS('',2,(#6078,#6079,#6080),.UNSPECIFIED.,.F.,
 .F.,(3,3),(0.,1.),.PIECEWISE_BEZIER_KNOTS.);
#138=B_SPLINE_CURVE_WITH_KNOTS('',2,(#6082,#6083,#6084),.UNSPECIFIED.,.F.,
 .F.,(3,3),(0.,1.),.PIECEWISE_BEZIER_KNOTS.);
#139=B_SPLINE_CURVE_WITH_KNOTS('',2,(#6096,#6097,#6098),.UNSPECIFIED.,.F.,
 .F.,(3,3),(0.,1.),.PIECEWISE_BEZIER_KNOTS.);
#140=B_SPLINE_CURVE_WITH_KNOTS('',2,(#6100,#6101,#6102),.UNSPECIFIED.,.F.,
 .F.,(3,3),(0.,1.),.PIECEWISE_BEZIER_KNOTS.);
#141=B_SPLINE_CURVE_WITH_KNOTS('',2,(#6108,#6109,#6110),.UNSPECIFIED.,.F.,
 .F.,(3,3),(0.,1.),.PIECEWISE_BEZIER_KNOTS.);
#142=B_SPLINE_CURVE_WITH_KNOTS('',2,(#6112,#6113,#6114),.UNSPECIFIED.,.F.,
 .F.,(3,3),(0.,1.),.PIECEWISE_BEZIER_KNOTS.);
#143=B_SPLINE_CURVE_WITH_KNOTS('',2,(#6124,#6125,#6126),.UNSPECIFIED.,.F.,
 .F.,(3,3),(0.,1.),.PIECEWISE_BEZIER_KNOTS.);
#144=B_SPLINE_CURVE_WITH_KNOTS('',2,(#6128,#6129,#6130),.UNSPECIFIED.,.F.,
 .F.,(3,3),(0.,1.),.PIECEWISE_BEZIER_KNOTS.);
#145=B_SPLINE_CURVE_WITH_KNOTS('',2,(#6132,#6133,#6134),.UNSPECIFIED.,.F.,
 .F.,(3,3),(0.,1.),.PIECEWISE_BEZIER_KNOTS.);
#146=B_SPLINE_CURVE_WITH_KNOTS('',2,(#6136,#6137,#6138),.UNSPECIFIED.,.F.,
 .F.,(3,3),(0.,1.),.PIECEWISE_BEZIER_KNOTS.);
#147=B_SPLINE_CURVE_WITH_KNOTS('',2,(#6140,#6141,#6142),.UNSPECIFIED.,.F.,
 .F.,(3,3),(0.,1.),.PIECEWISE_BEZIER_KNOTS.);
#148=B_SPLINE_CURVE_WITH_KNOTS('',2,(#6146,#6147,#6148),.UNSPECIFIED.,.F.,
 .F.,(3,3),(0.,1.),.PIECEWISE_BEZIER_KNOTS.);
#149=B_SPLINE_CURVE_WITH_KNOTS('',2,(#6150,#6151,#6152),.UNSPECIFIED.,.F.,
 .F.,(3,3),(0.,1.),.PIECEWISE_BEZIER_KNOTS.);
#150=B_SPLINE_CURVE_WITH_KNOTS('',2,(#6156,#6157,#6158),.UNSPECIFIED.,.F.,
 .F.,(3,3),(0.,1.),.PIECEWISE_BEZIER_KNOTS.);
#151=B_SPLINE_CURVE_WITH_KNOTS('',2,(#6160,#6161,#6162),.UNSPECIFIED.,.F.,
 .F.,(3,3),(0.,1.),.PIECEWISE_BEZIER_KNOTS.);
#152=B_SPLINE_CURVE_WITH_KNOTS('',2,(#6164,#6165,#6166),.UNSPECIFIED.,.F.,
 .F.,(3,3),(0.,1.),.PIECEWISE_BEZIER_KNOTS.);
#153=B_SPLINE_CURVE_WITH_KNOTS('',2,(#6168,#6169,#6170),.UNSPECIFIED.,.F.,
 .F.,(3,3),(0.,1.),.PIECEWISE_BEZIER_KNOTS.);
#154=B_SPLINE_CURVE_WITH_KNOTS('',2,(#6172,#6173,#6174),.UNSPECIFIED.,.F.,
 .F.,(3,3),(0.,1.),.PIECEWISE_BEZIER_KNOTS.);
#155=B_SPLINE_CURVE_WITH_KNOTS('',2,(#6178,#6179,#6180),.UNSPECIFIED.,.F.,
 .F.,(3,3),(0.,1.),.PIECEWISE_BEZIER_KNOTS.);
#156=B_SPLINE_CURVE_WITH_KNOTS('',2,(#6268,#6269,#6270),.UNSPECIFIED.,.F.,
 .F.,(3,3),(0.,1.),.PIECEWISE_BEZIER_KNOTS.);
#157=B_SPLINE_CURVE_WITH_KNOTS('',2,(#6281,#6282,#6283),.UNSPECIFIED.,.F.,
 .F.,(3,3),(0.,1.),.PIECEWISE_BEZIER_KNOTS.);
#158=B_SPLINE_CURVE_WITH_KNOTS('',2,(#6294,#6295,#6296),.UNSPECIFIED.,.F.,
 .F.,(3,3),(0.,1.),.PIECEWISE_BEZIER_KNOTS.);
#159=B_SPLINE_CURVE_WITH_KNOTS('',2,(#6307,#6308,#6309),.UNSPECIFIED.,.F.,
 .F.,(3,3),(0.,1.),.PIECEWISE_BEZIER_KNOTS.);
#160=B_SPLINE_CURVE_WITH_KNOTS('',2,(#6320,#6321,#6322),.UNSPECIFIED.,.F.,
 .F.,(3,3),(0.,1.),.PIECEWISE_BEZIER_KNOTS.);
#161=B_SPLINE_CURVE_WITH_KNOTS('',2,(#6333,#6334,#6335),.UNSPECIFIED.,.F.,
 .F.,(3,3),(0.,1.),.PIECEWISE_BEZIER_KNOTS.);
#162=B_SPLINE_CURVE_WITH_KNOTS('',2,(#6362,#6363,#6364),.UNSPECIFIED.,.F.,
 .F.,(3,3),(0.,1.),.PIECEWISE_BEZIER_KNOTS.);
#163=B_SPLINE_CURVE_WITH_KNOTS('',2,(#6375,#6376,#6377),.UNSPECIFIED.,.F.,
 .F.,(3,3),(0.,1.),.PIECEWISE_BEZIER_KNOTS.);
#164=B_SPLINE_CURVE_WITH_KNOTS('',2,(#6388,#6389,#6390),.UNSPECIFIED.,.F.,
 .F.,(3,3),(0.,1.),.PIECEWISE_BEZIER_KNOTS.);
#165=B_SPLINE_CURVE_WITH_KNOTS('',2,(#6401,#6402,#6403),.UNSPECIFIED.,.F.,
 .F.,(3,3),(0.,1.),.PIECEWISE_BEZIER_KNOTS.);
#166=B_SPLINE_CURVE_WITH_KNOTS('',2,(#6414,#6415,#6416),.UNSPECIFIED.,.F.,
 .F.,(3,3),(0.,1.),.PIECEWISE_BEZIER_KNOTS.);
#167=B_SPLINE_CURVE_WITH_KNOTS('',2,(#6427,#6428,#6429),.UNSPECIFIED.,.F.,
 .F.,(3,3),(0.,1.),.PIECEWISE_BEZIER_KNOTS.);
#168=B_SPLINE_CURVE_WITH_KNOTS('',2,(#6461,#6462,#6463),.UNSPECIFIED.,.F.,
 .F.,(3,3),(0.,1.),.PIECEWISE_BEZIER_KNOTS.);
#169=B_SPLINE_CURVE_WITH_KNOTS('',2,(#6474,#6475,#6476),.UNSPECIFIED.,.F.,
 .F.,(3,3),(0.,1.),.PIECEWISE_BEZIER_KNOTS.);
#170=B_SPLINE_CURVE_WITH_KNOTS('',2,(#6487,#6488,#6489),.UNSPECIFIED.,.F.,
 .F.,(3,3),(0.,1.),.PIECEWISE_BEZIER_KNOTS.);
#171=B_SPLINE_CURVE_WITH_KNOTS('',2,(#6500,#6501,#6502),.UNSPECIFIED.,.F.,
 .F.,(3,3),(0.,1.),.PIECEWISE_BEZIER_KNOTS.);
#172=B_SPLINE_CURVE_WITH_KNOTS('',2,(#6513,#6514,#6515),.UNSPECIFIED.,.F.,
 .F.,(3,3),(0.,1.),.PIECEWISE_BEZIER_KNOTS.);
#173=B_SPLINE_CURVE_WITH_KNOTS('',2,(#6526,#6527,#6528),.UNSPECIFIED.,.F.,
 .F.,(3,3),(0.,1.),.PIECEWISE_BEZIER_KNOTS.);
#174=B_SPLINE_CURVE_WITH_KNOTS('',2,(#6555,#6556,#6557),.UNSPECIFIED.,.F.,
 .F.,(3,3),(0.,1.),.PIECEWISE_BEZIER_KNOTS.);
#175=B_SPLINE_CURVE_WITH_KNOTS('',2,(#6568,#6569,#6570),.UNSPECIFIED.,.F.,
 .F.,(3,3),(0.,1.),.PIECEWISE_BEZIER_KNOTS.);
#176=B_SPLINE_CURVE_WITH_KNOTS('',2,(#6581,#6582,#6583),.UNSPECIFIED.,.F.,
 .F.,(3,3),(0.,1.),.PIECEWISE_BEZIER_KNOTS.);
#177=B_SPLINE_CURVE_WITH_KNOTS('',2,(#6594,#6595,#6596),.UNSPECIFIED.,.F.,
 .F.,(3,3),(0.,1.),.PIECEWISE_BEZIER_KNOTS.);
#178=B_SPLINE_CURVE_WITH_KNOTS('',2,(#6607,#6608,#6609),.UNSPECIFIED.,.F.,
 .F.,(3,3),(0.,1.),.PIECEWISE_BEZIER_KNOTS.);
#179=B_SPLINE_CURVE_WITH_KNOTS('',2,(#6618,#6619,#6620),.UNSPECIFIED.,.F.,
 .F.,(3,3),(0.,1.),.PIECEWISE_BEZIER_KNOTS.);
#180=B_SPLINE_CURVE_WITH_KNOTS('',2,(#6846,#6847,#6848),.UNSPECIFIED.,.F.,
 .F.,(3,3),(0.,1.),.PIECEWISE_BEZIER_KNOTS.);
#181=B_SPLINE_CURVE_WITH_KNOTS('',2,(#6859,#6860,#6861),.UNSPECIFIED.,.F.,
 .F.,(3,3),(0.,1.),.PIECEWISE_BEZIER_KNOTS.);
#182=B_SPLINE_CURVE_WITH_KNOTS('',2,(#6872,#6873,#6874),.UNSPECIFIED.,.F.,
 .F.,(3,3),(0.,1.),.PIECEWISE_BEZIER_KNOTS.);
#183=B_SPLINE_CURVE_WITH_KNOTS('',2,(#6885,#6886,#6887),.UNSPECIFIED.,.F.,
 .F.,(3,3),(0.,1.),.PIECEWISE_BEZIER_KNOTS.);
#184=B_SPLINE_CURVE_WITH_KNOTS('',2,(#6898,#6899,#6900),.UNSPECIFIED.,.F.,
 .F.,(3,3),(0.,1.),.PIECEWISE_BEZIER_KNOTS.);
#185=B_SPLINE_CURVE_WITH_KNOTS('',2,(#6911,#6912,#6913),.UNSPECIFIED.,.F.,
 .F.,(3,3),(0.,1.),.PIECEWISE_BEZIER_KNOTS.);
#186=B_SPLINE_CURVE_WITH_KNOTS('',2,(#6932,#6933,#6934),.UNSPECIFIED.,.F.,
 .F.,(3,3),(0.,1.),.PIECEWISE_BEZIER_KNOTS.);
#187=B_SPLINE_CURVE_WITH_KNOTS('',2,(#6945,#6946,#6947),.UNSPECIFIED.,.F.,
 .F.,(3,3),(0.,1.),.PIECEWISE_BEZIER_KNOTS.);
#188=B_SPLINE_CURVE_WITH_KNOTS('',2,(#6970,#6971,#6972),.UNSPECIFIED.,.F.,
 .F.,(3,3),(0.,1.),.PIECEWISE_BEZIER_KNOTS.);
#189=B_SPLINE_CURVE_WITH_KNOTS('',2,(#6983,#6984,#6985),.UNSPECIFIED.,.F.,
 .F.,(3,3),(0.,1.),.PIECEWISE_BEZIER_KNOTS.);
#190=B_SPLINE_CURVE_WITH_KNOTS('',2,(#6996,#6997,#6998),.UNSPECIFIED.,.F.,
 .F.,(3,3),(0.,1.),.PIECEWISE_BEZIER_KNOTS.);
#191=B_SPLINE_CURVE_WITH_KNOTS('',2,(#7013,#7014,#7015),.UNSPECIFIED.,.F.,
 .F.,(3,3),(0.,1.),.PIECEWISE_BEZIER_KNOTS.);
#192=B_SPLINE_CURVE_WITH_KNOTS('',2,(#7026,#7027,#7028),.UNSPECIFIED.,.F.,
 .F.,(3,3),(0.,1.),.PIECEWISE_BEZIER_KNOTS.);
#193=B_SPLINE_CURVE_WITH_KNOTS('',2,(#7090,#7091,#7092),.UNSPECIFIED.,.F.,
 .F.,(3,3),(0.,1.),.PIECEWISE_BEZIER_KNOTS.);
#194=B_SPLINE_CURVE_WITH_KNOTS('',2,(#7107,#7108,#7109),.UNSPECIFIED.,.F.,
 .F.,(3,3),(0.,1.),.PIECEWISE_BEZIER_KNOTS.);
#195=B_SPLINE_CURVE_WITH_KNOTS('',2,(#7120,#7121,#7122),.UNSPECIFIED.,.F.,
 .F.,(3,3),(0.,1.),.PIECEWISE_BEZIER_KNOTS.);
#196=B_SPLINE_CURVE_WITH_KNOTS('',2,(#7133,#7134,#7135),.UNSPECIFIED.,.F.,
 .F.,(3,3),(0.,1.),.PIECEWISE_BEZIER_KNOTS.);
#197=B_SPLINE_CURVE_WITH_KNOTS('',2,(#7146,#7147,#7148),.UNSPECIFIED.,.F.,
 .F.,(3,3),(0.,1.),.PIECEWISE_BEZIER_KNOTS.);
#198=B_SPLINE_CURVE_WITH_KNOTS('',2,(#7159,#7160,#7161),.UNSPECIFIED.,.F.,
 .F.,(3,3),(0.,1.),.PIECEWISE_BEZIER_KNOTS.);
#199=B_SPLINE_CURVE_WITH_KNOTS('',2,(#7176,#7177,#7178),.UNSPECIFIED.,.F.,
 .F.,(3,3),(0.,1.),.PIECEWISE_BEZIER_KNOTS.);
#200=B_SPLINE_CURVE_WITH_KNOTS('',2,(#7189,#7190,#7191),.UNSPECIFIED.,.F.,
 .F.,(3,3),(0.,1.),.PIECEWISE_BEZIER_KNOTS.);
#201=B_SPLINE_CURVE_WITH_KNOTS('',2,(#7206,#7207,#7208),.UNSPECIFIED.,.F.,
 .F.,(3,3),(0.,1.),.PIECEWISE_BEZIER_KNOTS.);
#202=B_SPLINE_CURVE_WITH_KNOTS('',2,(#7219,#7220,#7221),.UNSPECIFIED.,.F.,
 .F.,(3,3),(0.,1.),.PIECEWISE_BEZIER_KNOTS.);
#203=B_SPLINE_CURVE_WITH_KNOTS('',2,(#7232,#7233,#7234),.UNSPECIFIED.,.F.,
 .F.,(3,3),(0.,1.),.PIECEWISE_BEZIER_KNOTS.);
#204=B_SPLINE_CURVE_WITH_KNOTS('',2,(#7245,#7246,#7247),.UNSPECIFIED.,.F.,
 .F.,(3,3),(0.,1.),.PIECEWISE_BEZIER_KNOTS.);
#205=B_SPLINE_CURVE_WITH_KNOTS('',2,(#7258,#7259,#7260),.UNSPECIFIED.,.F.,
 .F.,(3,3),(0.,1.),.PIECEWISE_BEZIER_KNOTS.);
#206=B_SPLINE_CURVE_WITH_KNOTS('',2,(#7287,#7288,#7289),.UNSPECIFIED.,.F.,
 .F.,(3,3),(0.,1.),.PIECEWISE_BEZIER_KNOTS.);
#207=B_SPLINE_CURVE_WITH_KNOTS('',2,(#7300,#7301,#7302),.UNSPECIFIED.,.F.,
 .F.,(3,3),(0.,1.),.PIECEWISE_BEZIER_KNOTS.);
#208=B_SPLINE_CURVE_WITH_KNOTS('',2,(#7321,#7322,#7323),.UNSPECIFIED.,.F.,
 .F.,(3,3),(0.,1.),.PIECEWISE_BEZIER_KNOTS.);
#209=B_SPLINE_CURVE_WITH_KNOTS('',2,(#7334,#7335,#7336),.UNSPECIFIED.,.F.,
 .F.,(3,3),(0.,1.),.PIECEWISE_BEZIER_KNOTS.);
#210=B_SPLINE_CURVE_WITH_KNOTS('',2,(#7367,#7368,#7369),.UNSPECIFIED.,.F.,
 .F.,(3,3),(0.,1.),.PIECEWISE_BEZIER_KNOTS.);
#211=B_SPLINE_CURVE_WITH_KNOTS('',2,(#7380,#7381,#7382),.UNSPECIFIED.,.F.,
 .F.,(3,3),(0.,1.),.PIECEWISE_BEZIER_KNOTS.);
#212=B_SPLINE_CURVE_WITH_KNOTS('',2,(#7393,#7394,#7395),.UNSPECIFIED.,.F.,
 .F.,(3,3),(0.,1.),.PIECEWISE_BEZIER_KNOTS.);
#213=B_SPLINE_CURVE_WITH_KNOTS('',2,(#7406,#7407,#7408),.UNSPECIFIED.,.F.,
 .F.,(3,3),(0.,1.),.PIECEWISE_BEZIER_KNOTS.);
#214=B_SPLINE_SURFACE_WITH_KNOTS('',3,1,((#5393,#5394),(#5395,#5396),(#5397,
#5398),(#5399,#5400),(#5401,#5402),(#5403,#5404),(#5405,#5406),(#5407,#5408),
(#5409,#5410),(#5411,#5412),(#5413,#5414),(#5415,#5416),(#5417,#5418),(#5419,
#5420),(#5421,#5422)),.SURF_OF_LINEAR_EXTRUSION.,.F.,.F.,.F.,(4,1,1,1,1,
1,1,1,1,1,1,1,4),(2,2),(0.00559823769741389,0.0674424259723255,0.129286614247237,
0.191130802522149,0.25297499079706,0.314819179071972,0.376663367346884,
0.438507555621795,0.500351743896707,0.62404012044653,0.747728496996354,
0.871416873546177,0.995105250096),(0.,1.),.UNSPECIFIED.);
#215=B_SPLINE_SURFACE_WITH_KNOTS('',3,1,((#5506,#5507),(#5508,#5509),(#5510,
#5511),(#5512,#5513)),.SURF_OF_LINEAR_EXTRUSION.,.F.,.F.,.F.,(4,4),(2,2),
(0.,1.),(0.,1.),.PIECEWISE_BEZIER_KNOTS.);
#216=B_SPLINE_SURFACE_WITH_KNOTS('',3,1,((#5532,#5533),(#5534,#5535),(#5536,
#5537),(#5538,#5539),(#5540,#5541),(#5542,#5543),(#5544,#5545),(#5546,#5547),
(#5548,#5549),(#5550,#5551),(#5552,#5553),(#5554,#5555),(#5556,#5557),(#5558,
#5559),(#5560,#5561)),.SURF_OF_LINEAR_EXTRUSION.,.F.,.F.,.F.,(4,1,1,1,1,
1,1,1,1,1,1,1,4),(2,2),(0.00559823769741389,0.0674424259723255,0.129286614247237,
0.191130802522149,0.25297499079706,0.314819179071972,0.376663367346884,
0.438507555621795,0.500351743896707,0.62404012044653,0.747728496996354,
0.871416873546177,0.995105250096),(0.,1.),.UNSPECIFIED.);
#217=B_SPLINE_SURFACE_WITH_KNOTS('',3,1,((#5645,#5646),(#5647,#5648),(#5649,
#5650),(#5651,#5652)),.SURF_OF_LINEAR_EXTRUSION.,.F.,.F.,.F.,(4,4),(2,2),
(0.,1.),(0.,1.),.PIECEWISE_BEZIER_KNOTS.);
#218=B_SPLINE_SURFACE_WITH_KNOTS('',3,1,((#6258,#6259),(#6260,#6261),(#6262,
#6263),(#6264,#6265)),.SURF_OF_LINEAR_EXTRUSION.,.F.,.F.,.F.,(4,4),(2,2),
(0.,1.),(0.,1.),.PIECEWISE_BEZIER_KNOTS.);
#219=B_SPLINE_SURFACE_WITH_KNOTS('',3,1,((#6271,#6272),(#6273,#6274),(#6275,
#6276),(#6277,#6278)),.SURF_OF_LINEAR_EXTRUSION.,.F.,.F.,.F.,(4,4),(2,2),
(0.,1.),(0.,1.),.PIECEWISE_BEZIER_KNOTS.);
#220=B_SPLINE_SURFACE_WITH_KNOTS('',3,1,((#6284,#6285),(#6286,#6287),(#6288,
#6289),(#6290,#6291)),.SURF_OF_LINEAR_EXTRUSION.,.F.,.F.,.F.,(4,4),(2,2),
(0.,1.),(0.,1.),.PIECEWISE_BEZIER_KNOTS.);
#221=B_SPLINE_SURFACE_WITH_KNOTS('',3,1,((#6297,#6298),(#6299,#6300),(#6301,
#6302),(#6303,#6304)),.SURF_OF_LINEAR_EXTRUSION.,.F.,.F.,.F.,(4,4),(2,2),
(0.,1.),(0.,1.),.PIECEWISE_BEZIER_KNOTS.);
#222=B_SPLINE_SURFACE_WITH_KNOTS('',3,1,((#6310,#6311),(#6312,#6313),(#6314,
#6315),(#6316,#6317)),.SURF_OF_LINEAR_EXTRUSION.,.F.,.F.,.F.,(4,4),(2,2),
(0.,1.),(0.,1.),.PIECEWISE_BEZIER_KNOTS.);
#223=B_SPLINE_SURFACE_WITH_KNOTS('',3,1,((#6323,#6324),(#6325,#6326),(#6327,
#6328),(#6329,#6330)),.SURF_OF_LINEAR_EXTRUSION.,.F.,.F.,.F.,(4,4),(2,2),
(0.,1.),(0.,1.),.PIECEWISE_BEZIER_KNOTS.);
#224=B_SPLINE_SURFACE_WITH_KNOTS('',3,1,((#6352,#6353),(#6354,#6355),(#6356,
#6357),(#6358,#6359)),.SURF_OF_LINEAR_EXTRUSION.,.F.,.F.,.F.,(4,4),(2,2),
(0.,1.),(0.,1.),.PIECEWISE_BEZIER_KNOTS.);
#225=B_SPLINE_SURFACE_WITH_KNOTS('',3,1,((#6365,#6366),(#6367,#6368),(#6369,
#6370),(#6371,#6372)),.SURF_OF_LINEAR_EXTRUSION.,.F.,.F.,.F.,(4,4),(2,2),
(0.,1.),(0.,1.),.PIECEWISE_BEZIER_KNOTS.);
#226=B_SPLINE_SURFACE_WITH_KNOTS('',3,1,((#6378,#6379),(#6380,#6381),(#6382,
#6383),(#6384,#6385)),.SURF_OF_LINEAR_EXTRUSION.,.F.,.F.,.F.,(4,4),(2,2),
(0.,1.),(0.,1.),.PIECEWISE_BEZIER_KNOTS.);
#227=B_SPLINE_SURFACE_WITH_KNOTS('',3,1,((#6391,#6392),(#6393,#6394),(#6395,
#6396),(#6397,#6398)),.SURF_OF_LINEAR_EXTRUSION.,.F.,.F.,.F.,(4,4),(2,2),
(0.,1.),(0.,1.),.PIECEWISE_BEZIER_KNOTS.);
#228=B_SPLINE_SURFACE_WITH_KNOTS('',3,1,((#6404,#6405),(#6406,#6407),(#6408,
#6409),(#6410,#6411)),.SURF_OF_LINEAR_EXTRUSION.,.F.,.F.,.F.,(4,4),(2,2),
(0.,1.),(0.,1.),.PIECEWISE_BEZIER_KNOTS.);
#229=B_SPLINE_SURFACE_WITH_KNOTS('',3,1,((#6417,#6418),(#6419,#6420),(#6421,
#6422),(#6423,#6424)),.SURF_OF_LINEAR_EXTRUSION.,.F.,.F.,.F.,(4,4),(2,2),
(0.,1.),(0.,1.),.PIECEWISE_BEZIER_KNOTS.);
#230=B_SPLINE_SURFACE_WITH_KNOTS('',3,1,((#6451,#6452),(#6453,#6454),(#6455,
#6456),(#6457,#6458)),.SURF_OF_LINEAR_EXTRUSION.,.F.,.F.,.F.,(4,4),(2,2),
(0.,1.),(0.,1.),.PIECEWISE_BEZIER_KNOTS.);
#231=B_SPLINE_SURFACE_WITH_KNOTS('',3,1,((#6464,#6465),(#6466,#6467),(#6468,
#6469),(#6470,#6471)),.SURF_OF_LINEAR_EXTRUSION.,.F.,.F.,.F.,(4,4),(2,2),
(0.,1.),(0.,1.),.PIECEWISE_BEZIER_KNOTS.);
#232=B_SPLINE_SURFACE_WITH_KNOTS('',3,1,((#6477,#6478),(#6479,#6480),(#6481,
#6482),(#6483,#6484)),.SURF_OF_LINEAR_EXTRUSION.,.F.,.F.,.F.,(4,4),(2,2),
(0.,1.),(0.,1.),.PIECEWISE_BEZIER_KNOTS.);
#233=B_SPLINE_SURFACE_WITH_KNOTS('',3,1,((#6490,#6491),(#6492,#6493),(#6494,
#6495),(#6496,#6497)),.SURF_OF_LINEAR_EXTRUSION.,.F.,.F.,.F.,(4,4),(2,2),
(0.,1.),(0.,1.),.PIECEWISE_BEZIER_KNOTS.);
#234=B_SPLINE_SURFACE_WITH_KNOTS('',3,1,((#6503,#6504),(#6505,#6506),(#6507,
#6508),(#6509,#6510)),.SURF_OF_LINEAR_EXTRUSION.,.F.,.F.,.F.,(4,4),(2,2),
(0.,1.),(0.,1.),.PIECEWISE_BEZIER_KNOTS.);
#235=B_SPLINE_SURFACE_WITH_KNOTS('',3,1,((#6516,#6517),(#6518,#6519),(#6520,
#6521),(#6522,#6523)),.SURF_OF_LINEAR_EXTRUSION.,.F.,.F.,.F.,(4,4),(2,2),
(0.,1.),(0.,1.),.PIECEWISE_BEZIER_KNOTS.);
#236=B_SPLINE_SURFACE_WITH_KNOTS('',3,1,((#6545,#6546),(#6547,#6548),(#6549,
#6550),(#6551,#6552)),.SURF_OF_LINEAR_EXTRUSION.,.F.,.F.,.F.,(4,4),(2,2),
(0.,1.),(0.,1.),.PIECEWISE_BEZIER_KNOTS.);
#237=B_SPLINE_SURFACE_WITH_KNOTS('',3,1,((#6558,#6559),(#6560,#6561),(#6562,
#6563),(#6564,#6565)),.SURF_OF_LINEAR_EXTRUSION.,.F.,.F.,.F.,(4,4),(2,2),
(0.,1.),(0.,1.),.PIECEWISE_BEZIER_KNOTS.);
#238=B_SPLINE_SURFACE_WITH_KNOTS('',3,1,((#6571,#6572),(#6573,#6574),(#6575,
#6576),(#6577,#6578)),.SURF_OF_LINEAR_EXTRUSION.,.F.,.F.,.F.,(4,4),(2,2),
(0.,1.),(0.,1.),.PIECEWISE_BEZIER_KNOTS.);
#239=B_SPLINE_SURFACE_WITH_KNOTS('',3,1,((#6584,#6585),(#6586,#6587),(#6588,
#6589),(#6590,#6591)),.SURF_OF_LINEAR_EXTRUSION.,.F.,.F.,.F.,(4,4),(2,2),
(0.,1.),(0.,1.),.PIECEWISE_BEZIER_KNOTS.);
#240=B_SPLINE_SURFACE_WITH_KNOTS('',3,1,((#6597,#6598),(#6599,#6600),(#6601,
#6602),(#6603,#6604)),.SURF_OF_LINEAR_EXTRUSION.,.F.,.F.,.F.,(4,4),(2,2),
(0.,1.),(0.,1.),.PIECEWISE_BEZIER_KNOTS.);
#241=B_SPLINE_SURFACE_WITH_KNOTS('',3,1,((#6610,#6611),(#6612,#6613),(#6614,
#6615),(#6616,#6617)),.SURF_OF_LINEAR_EXTRUSION.,.F.,.F.,.F.,(4,4),(2,2),
(0.,1.),(0.,1.),.PIECEWISE_BEZIER_KNOTS.);
#242=B_SPLINE_SURFACE_WITH_KNOTS('',3,1,((#6836,#6837),(#6838,#6839),(#6840,
#6841),(#6842,#6843)),.SURF_OF_LINEAR_EXTRUSION.,.F.,.F.,.F.,(4,4),(2,2),
(0.,1.),(0.,1.),.PIECEWISE_BEZIER_KNOTS.);
#243=B_SPLINE_SURFACE_WITH_KNOTS('',3,1,((#6849,#6850),(#6851,#6852),(#6853,
#6854),(#6855,#6856)),.SURF_OF_LINEAR_EXTRUSION.,.F.,.F.,.F.,(4,4),(2,2),
(0.,1.),(0.,1.),.PIECEWISE_BEZIER_KNOTS.);
#244=B_SPLINE_SURFACE_WITH_KNOTS('',3,1,((#6862,#6863),(#6864,#6865),(#6866,
#6867),(#6868,#6869)),.SURF_OF_LINEAR_EXTRUSION.,.F.,.F.,.F.,(4,4),(2,2),
(0.,1.),(0.,1.),.PIECEWISE_BEZIER_KNOTS.);
#245=B_SPLINE_SURFACE_WITH_KNOTS('',3,1,((#6875,#6876),(#6877,#6878),(#6879,
#6880),(#6881,#6882)),.SURF_OF_LINEAR_EXTRUSION.,.F.,.F.,.F.,(4,4),(2,2),
(0.,1.),(0.,1.),.PIECEWISE_BEZIER_KNOTS.);
#246=B_SPLINE_SURFACE_WITH_KNOTS('',3,1,((#6888,#6889),(#6890,#6891),(#6892,
#6893),(#6894,#6895)),.SURF_OF_LINEAR_EXTRUSION.,.F.,.F.,.F.,(4,4),(2,2),
(0.,1.),(0.,1.),.PIECEWISE_BEZIER_KNOTS.);
#247=B_SPLINE_SURFACE_WITH_KNOTS('',3,1,((#6901,#6902),(#6903,#6904),(#6905,
#6906),(#6907,#6908)),.SURF_OF_LINEAR_EXTRUSION.,.F.,.F.,.F.,(4,4),(2,2),
(0.,1.),(0.,1.),.PIECEWISE_BEZIER_KNOTS.);
#248=B_SPLINE_SURFACE_WITH_KNOTS('',3,1,((#6922,#6923),(#6924,#6925),(#6926,
#6927),(#6928,#6929)),.SURF_OF_LINEAR_EXTRUSION.,.F.,.F.,.F.,(4,4),(2,2),
(0.,1.),(0.,1.),.PIECEWISE_BEZIER_KNOTS.);
#249=B_SPLINE_SURFACE_WITH_KNOTS('',3,1,((#6935,#6936),(#6937,#6938),(#6939,
#6940),(#6941,#6942)),.SURF_OF_LINEAR_EXTRUSION.,.F.,.F.,.F.,(4,4),(2,2),
(0.,1.),(0.,1.),.PIECEWISE_BEZIER_KNOTS.);
#250=B_SPLINE_SURFACE_WITH_KNOTS('',3,1,((#6960,#6961),(#6962,#6963),(#6964,
#6965),(#6966,#6967)),.SURF_OF_LINEAR_EXTRUSION.,.F.,.F.,.F.,(4,4),(2,2),
(0.,1.),(0.,1.),.PIECEWISE_BEZIER_KNOTS.);
#251=B_SPLINE_SURFACE_WITH_KNOTS('',3,1,((#6973,#6974),(#6975,#6976),(#6977,
#6978),(#6979,#6980)),.SURF_OF_LINEAR_EXTRUSION.,.F.,.F.,.F.,(4,4),(2,2),
(0.,1.),(0.,1.),.PIECEWISE_BEZIER_KNOTS.);
#252=B_SPLINE_SURFACE_WITH_KNOTS('',3,1,((#6986,#6987),(#6988,#6989),(#6990,
#6991),(#6992,#6993)),.SURF_OF_LINEAR_EXTRUSION.,.F.,.F.,.F.,(4,4),(2,2),
(0.,1.),(0.,1.),.PIECEWISE_BEZIER_KNOTS.);
#253=B_SPLINE_SURFACE_WITH_KNOTS('',3,1,((#7003,#7004),(#7005,#7006),(#7007,
#7008),(#7009,#7010)),.SURF_OF_LINEAR_EXTRUSION.,.F.,.F.,.F.,(4,4),(2,2),
(0.,1.),(0.,1.),.PIECEWISE_BEZIER_KNOTS.);
#254=B_SPLINE_SURFACE_WITH_KNOTS('',3,1,((#7016,#7017),(#7018,#7019),(#7020,
#7021),(#7022,#7023)),.SURF_OF_LINEAR_EXTRUSION.,.F.,.F.,.F.,(4,4),(2,2),
(0.,1.),(0.,1.),.PIECEWISE_BEZIER_KNOTS.);
#255=B_SPLINE_SURFACE_WITH_KNOTS('',3,1,((#7080,#7081),(#7082,#7083),(#7084,
#7085),(#7086,#7087)),.SURF_OF_LINEAR_EXTRUSION.,.F.,.F.,.F.,(4,4),(2,2),
(0.,1.),(0.,1.),.PIECEWISE_BEZIER_KNOTS.);
#256=B_SPLINE_SURFACE_WITH_KNOTS('',3,1,((#7097,#7098),(#7099,#7100),(#7101,
#7102),(#7103,#7104)),.SURF_OF_LINEAR_EXTRUSION.,.F.,.F.,.F.,(4,4),(2,2),
(0.,1.),(0.,1.),.PIECEWISE_BEZIER_KNOTS.);
#257=B_SPLINE_SURFACE_WITH_KNOTS('',3,1,((#7110,#7111),(#7112,#7113),(#7114,
#7115),(#7116,#7117)),.SURF_OF_LINEAR_EXTRUSION.,.F.,.F.,.F.,(4,4),(2,2),
(0.,1.),(0.,1.),.PIECEWISE_BEZIER_KNOTS.);
#258=B_SPLINE_SURFACE_WITH_KNOTS('',3,1,((#7123,#7124),(#7125,#7126),(#7127,
#7128),(#7129,#7130)),.SURF_OF_LINEAR_EXTRUSION.,.F.,.F.,.F.,(4,4),(2,2),
(0.,1.),(0.,1.),.PIECEWISE_BEZIER_KNOTS.);
#259=B_SPLINE_SURFACE_WITH_KNOTS('',3,1,((#7136,#7137),(#7138,#7139),(#7140,
#7141),(#7142,#7143)),.SURF_OF_LINEAR_EXTRUSION.,.F.,.F.,.F.,(4,4),(2,2),
(0.,1.),(0.,1.),.PIECEWISE_BEZIER_KNOTS.);
#260=B_SPLINE_SURFACE_WITH_KNOTS('',3,1,((#7149,#7150),(#7151,#7152),(#7153,
#7154),(#7155,#7156)),.SURF_OF_LINEAR_EXTRUSION.,.F.,.F.,.F.,(4,4),(2,2),
(0.,1.),(0.,1.),.PIECEWISE_BEZIER_KNOTS.);
#261=B_SPLINE_SURFACE_WITH_KNOTS('',3,1,((#7166,#7167),(#7168,#7169),(#7170,
#7171),(#7172,#7173)),.SURF_OF_LINEAR_EXTRUSION.,.F.,.F.,.F.,(4,4),(2,2),
(0.,1.),(0.,1.),.PIECEWISE_BEZIER_KNOTS.);
#262=B_SPLINE_SURFACE_WITH_KNOTS('',3,1,((#7179,#7180),(#7181,#7182),(#7183,
#7184),(#7185,#7186)),.SURF_OF_LINEAR_EXTRUSION.,.F.,.F.,.F.,(4,4),(2,2),
(0.,1.),(0.,1.),.PIECEWISE_BEZIER_KNOTS.);
#263=B_SPLINE_SURFACE_WITH_KNOTS('',3,1,((#7196,#7197),(#7198,#7199),(#7200,
#7201),(#7202,#7203)),.SURF_OF_LINEAR_EXTRUSION.,.F.,.F.,.F.,(4,4),(2,2),
(0.,1.),(0.,1.),.PIECEWISE_BEZIER_KNOTS.);
#264=B_SPLINE_SURFACE_WITH_KNOTS('',3,1,((#7209,#7210),(#7211,#7212),(#7213,
#7214),(#7215,#7216)),.SURF_OF_LINEAR_EXTRUSION.,.F.,.F.,.F.,(4,4),(2,2),
(0.,1.),(0.,1.),.PIECEWISE_BEZIER_KNOTS.);
#265=B_SPLINE_SURFACE_WITH_KNOTS('',3,1,((#7222,#7223),(#7224,#7225),(#7226,
#7227),(#7228,#7229)),.SURF_OF_LINEAR_EXTRUSION.,.F.,.F.,.F.,(4,4),(2,2),
(0.,1.),(0.,1.),.PIECEWISE_BEZIER_KNOTS.);
#266=B_SPLINE_SURFACE_WITH_KNOTS('',3,1,((#7235,#7236),(#7237,#7238),(#7239,
#7240),(#7241,#7242)),.SURF_OF_LINEAR_EXTRUSION.,.F.,.F.,.F.,(4,4),(2,2),
(0.,1.),(0.,1.),.PIECEWISE_BEZIER_KNOTS.);
#267=B_SPLINE_SURFACE_WITH_KNOTS('',3,1,((#7248,#7249),(#7250,#7251),(#7252,
#7253),(#7254,#7255)),.SURF_OF_LINEAR_EXTRUSION.,.F.,.F.,.F.,(4,4),(2,2),
(0.,1.),(0.,1.),.PIECEWISE_BEZIER_KNOTS.);
#268=B_SPLINE_SURFACE_WITH_KNOTS('',3,1,((#7277,#7278),(#7279,#7280),(#7281,
#7282),(#7283,#7284)),.SURF_OF_LINEAR_EXTRUSION.,.F.,.F.,.F.,(4,4),(2,2),
(0.,1.),(0.,1.),.PIECEWISE_BEZIER_KNOTS.);
#269=B_SPLINE_SURFACE_WITH_KNOTS('',3,1,((#7290,#7291),(#7292,#7293),(#7294,
#7295),(#7296,#7297)),.SURF_OF_LINEAR_EXTRUSION.,.F.,.F.,.F.,(4,4),(2,2),
(0.,1.),(0.,1.),.PIECEWISE_BEZIER_KNOTS.);
#270=B_SPLINE_SURFACE_WITH_KNOTS('',3,1,((#7311,#7312),(#7313,#7314),(#7315,
#7316),(#7317,#7318)),.SURF_OF_LINEAR_EXTRUSION.,.F.,.F.,.F.,(4,4),(2,2),
(0.,1.),(0.,1.),.PIECEWISE_BEZIER_KNOTS.);
#271=B_SPLINE_SURFACE_WITH_KNOTS('',3,1,((#7324,#7325),(#7326,#7327),(#7328,
#7329),(#7330,#7331)),.SURF_OF_LINEAR_EXTRUSION.,.F.,.F.,.F.,(4,4),(2,2),
(0.,1.),(0.,1.),.PIECEWISE_BEZIER_KNOTS.);
#272=B_SPLINE_SURFACE_WITH_KNOTS('',3,1,((#7357,#7358),(#7359,#7360),(#7361,
#7362),(#7363,#7364)),.SURF_OF_LINEAR_EXTRUSION.,.F.,.F.,.F.,(4,4),(2,2),
(0.,1.),(0.,1.),.PIECEWISE_BEZIER_KNOTS.);
#273=B_SPLINE_SURFACE_WITH_KNOTS('',3,1,((#7370,#7371),(#7372,#7373),(#7374,
#7375),(#7376,#7377)),.SURF_OF_LINEAR_EXTRUSION.,.F.,.F.,.F.,(4,4),(2,2),
(0.,1.),(0.,1.),.PIECEWISE_BEZIER_KNOTS.);
#274=B_SPLINE_SURFACE_WITH_KNOTS('',3,1,((#7383,#7384),(#7385,#7386),(#7387,
#7388),(#7389,#7390)),.SURF_OF_LINEAR_EXTRUSION.,.F.,.F.,.F.,(4,4),(2,2),
(0.,1.),(0.,1.),.PIECEWISE_BEZIER_KNOTS.);
#275=B_SPLINE_SURFACE_WITH_KNOTS('',3,1,((#7396,#7397),(#7398,#7399),(#7400,
#7401),(#7402,#7403)),.SURF_OF_LINEAR_EXTRUSION.,.F.,.F.,.F.,(4,4),(2,2),
(0.,1.),(0.,1.),.PIECEWISE_BEZIER_KNOTS.);
#276=SHAPE_REPRESENTATION_RELATIONSHIP('','',#4229,#283);
#277=SHAPE_REPRESENTATION_RELATIONSHIP('','',#4230,#284);
#278=SHAPE_REPRESENTATION_RELATIONSHIP('','',#4231,#285);
#279=SHAPE_REPRESENTATION_RELATIONSHIP('','',#4232,#286);
#280=SHAPE_REPRESENTATION_RELATIONSHIP('','',#4233,#287);
#281=SHAPE_REPRESENTATION_RELATIONSHIP('','',#4234,#288);
#282=SHAPE_REPRESENTATION_RELATIONSHIP('','',#4235,#289);
#283=ADVANCED_BREP_SHAPE_REPRESENTATION('',(#4215),#7423);
#284=ADVANCED_BREP_SHAPE_REPRESENTATION('',(#4216),#7424);
#285=ADVANCED_BREP_SHAPE_REPRESENTATION('',(#4217),#7425);
#286=ADVANCED_BREP_SHAPE_REPRESENTATION('',(#4218),#7426);
#287=ADVANCED_BREP_SHAPE_REPRESENTATION('',(#4219),#7427);
#288=ADVANCED_BREP_SHAPE_REPRESENTATION('',(#4220),#7428);
#289=ADVANCED_BREP_SHAPE_REPRESENTATION('',(#4221),#7429);
#290=ORIENTED_EDGE('',*,*,#1478,.T.);
#291=ORIENTED_EDGE('',*,*,#1479,.F.);
#292=ORIENTED_EDGE('',*,*,#1480,.F.);
#293=ORIENTED_EDGE('',*,*,#1481,.T.);
#294=ORIENTED_EDGE('',*,*,#1482,.F.);
#295=ORIENTED_EDGE('',*,*,#1481,.F.);
#296=ORIENTED_EDGE('',*,*,#1483,.T.);
#297=ORIENTED_EDGE('',*,*,#1484,.T.);
#298=ORIENTED_EDGE('',*,*,#1485,.F.);
#299=ORIENTED_EDGE('',*,*,#1484,.F.);
#300=ORIENTED_EDGE('',*,*,#1486,.T.);
#301=ORIENTED_EDGE('',*,*,#1487,.T.);
#302=ORIENTED_EDGE('',*,*,#1488,.T.);
#303=ORIENTED_EDGE('',*,*,#1487,.F.);
#304=ORIENTED_EDGE('',*,*,#1489,.F.);
#305=ORIENTED_EDGE('',*,*,#1479,.T.);
#306=ORIENTED_EDGE('',*,*,#1480,.T.);
#307=ORIENTED_EDGE('',*,*,#1489,.T.);
#308=ORIENTED_EDGE('',*,*,#1486,.F.);
#309=ORIENTED_EDGE('',*,*,#1483,.F.);
#310=ORIENTED_EDGE('',*,*,#1478,.F.);
#311=ORIENTED_EDGE('',*,*,#1482,.T.);
#312=ORIENTED_EDGE('',*,*,#1485,.T.);
#313=ORIENTED_EDGE('',*,*,#1488,.F.);
#314=ORIENTED_EDGE('',*,*,#1490,.F.);
#315=ORIENTED_EDGE('',*,*,#1491,.F.);
#316=ORIENTED_EDGE('',*,*,#1492,.T.);
#317=ORIENTED_EDGE('',*,*,#1493,.T.);
#318=ORIENTED_EDGE('',*,*,#1494,.T.);
#319=ORIENTED_EDGE('',*,*,#1495,.F.);
#320=ORIENTED_EDGE('',*,*,#1496,.F.);
#321=ORIENTED_EDGE('',*,*,#1491,.T.);
#322=ORIENTED_EDGE('',*,*,#1497,.T.);
#323=ORIENTED_EDGE('',*,*,#1498,.F.);
#324=ORIENTED_EDGE('',*,*,#1499,.F.);
#325=ORIENTED_EDGE('',*,*,#1495,.T.);
#326=ORIENTED_EDGE('',*,*,#1500,.F.);
#327=ORIENTED_EDGE('',*,*,#1493,.F.);
#328=ORIENTED_EDGE('',*,*,#1501,.T.);
#329=ORIENTED_EDGE('',*,*,#1498,.T.);
#330=ORIENTED_EDGE('',*,*,#1492,.F.);
#331=ORIENTED_EDGE('',*,*,#1496,.T.);
#332=ORIENTED_EDGE('',*,*,#1499,.T.);
#333=ORIENTED_EDGE('',*,*,#1501,.F.);
#334=ORIENTED_EDGE('',*,*,#1490,.T.);
#335=ORIENTED_EDGE('',*,*,#1500,.T.);
#336=ORIENTED_EDGE('',*,*,#1497,.F.);
#337=ORIENTED_EDGE('',*,*,#1494,.F.);
#338=ORIENTED_EDGE('',*,*,#1502,.T.);
#339=ORIENTED_EDGE('',*,*,#1503,.F.);
#340=ORIENTED_EDGE('',*,*,#1504,.F.);
#341=ORIENTED_EDGE('',*,*,#1505,.T.);
#342=ORIENTED_EDGE('',*,*,#1506,.F.);
#343=ORIENTED_EDGE('',*,*,#1505,.F.);
#344=ORIENTED_EDGE('',*,*,#1507,.T.);
#345=ORIENTED_EDGE('',*,*,#1508,.T.);
#346=ORIENTED_EDGE('',*,*,#1509,.T.);
#347=ORIENTED_EDGE('',*,*,#1508,.F.);
#348=ORIENTED_EDGE('',*,*,#1510,.F.);
#349=ORIENTED_EDGE('',*,*,#1511,.T.);
#350=ORIENTED_EDGE('',*,*,#1512,.T.);
#351=ORIENTED_EDGE('',*,*,#1511,.F.);
#352=ORIENTED_EDGE('',*,*,#1513,.F.);
#353=ORIENTED_EDGE('',*,*,#1503,.T.);
#354=ORIENTED_EDGE('',*,*,#1504,.T.);
#355=ORIENTED_EDGE('',*,*,#1513,.T.);
#356=ORIENTED_EDGE('',*,*,#1510,.T.);
#357=ORIENTED_EDGE('',*,*,#1507,.F.);
#358=ORIENTED_EDGE('',*,*,#1502,.F.);
#359=ORIENTED_EDGE('',*,*,#1506,.T.);
#360=ORIENTED_EDGE('',*,*,#1509,.F.);
#361=ORIENTED_EDGE('',*,*,#1512,.F.);
#362=ORIENTED_EDGE('',*,*,#1514,.F.);
#363=ORIENTED_EDGE('',*,*,#1515,.F.);
#364=ORIENTED_EDGE('',*,*,#1516,.T.);
#365=ORIENTED_EDGE('',*,*,#1517,.T.);
#366=ORIENTED_EDGE('',*,*,#1518,.T.);
#367=ORIENTED_EDGE('',*,*,#1519,.F.);
#368=ORIENTED_EDGE('',*,*,#1520,.F.);
#369=ORIENTED_EDGE('',*,*,#1515,.T.);
#370=ORIENTED_EDGE('',*,*,#1521,.F.);
#371=ORIENTED_EDGE('',*,*,#1522,.F.);
#372=ORIENTED_EDGE('',*,*,#1523,.T.);
#373=ORIENTED_EDGE('',*,*,#1519,.T.);
#374=ORIENTED_EDGE('',*,*,#1524,.F.);
#375=ORIENTED_EDGE('',*,*,#1517,.F.);
#376=ORIENTED_EDGE('',*,*,#1525,.T.);
#377=ORIENTED_EDGE('',*,*,#1522,.T.);
#378=ORIENTED_EDGE('',*,*,#1516,.F.);
#379=ORIENTED_EDGE('',*,*,#1520,.T.);
#380=ORIENTED_EDGE('',*,*,#1523,.F.);
#381=ORIENTED_EDGE('',*,*,#1525,.F.);
#382=ORIENTED_EDGE('',*,*,#1514,.T.);
#383=ORIENTED_EDGE('',*,*,#1524,.T.);
#384=ORIENTED_EDGE('',*,*,#1521,.T.);
#385=ORIENTED_EDGE('',*,*,#1518,.F.);
#386=ORIENTED_EDGE('',*,*,#1526,.T.);
#387=ORIENTED_EDGE('',*,*,#1527,.F.);
#388=ORIENTED_EDGE('',*,*,#1528,.F.);
#389=ORIENTED_EDGE('',*,*,#1529,.T.);
#390=ORIENTED_EDGE('',*,*,#1530,.F.);
#391=ORIENTED_EDGE('',*,*,#1529,.F.);
#392=ORIENTED_EDGE('',*,*,#1531,.T.);
#393=ORIENTED_EDGE('',*,*,#1532,.T.);
#394=ORIENTED_EDGE('',*,*,#1533,.T.);
#395=ORIENTED_EDGE('',*,*,#1532,.F.);
#396=ORIENTED_EDGE('',*,*,#1534,.F.);
#397=ORIENTED_EDGE('',*,*,#1535,.T.);
#398=ORIENTED_EDGE('',*,*,#1536,.T.);
#399=ORIENTED_EDGE('',*,*,#1535,.F.);
#400=ORIENTED_EDGE('',*,*,#1537,.F.);
#401=ORIENTED_EDGE('',*,*,#1527,.T.);
#402=ORIENTED_EDGE('',*,*,#1528,.T.);
#403=ORIENTED_EDGE('',*,*,#1537,.T.);
#404=ORIENTED_EDGE('',*,*,#1534,.T.);
#405=ORIENTED_EDGE('',*,*,#1531,.F.);
#406=ORIENTED_EDGE('',*,*,#1526,.F.);
#407=ORIENTED_EDGE('',*,*,#1530,.T.);
#408=ORIENTED_EDGE('',*,*,#1533,.F.);
#409=ORIENTED_EDGE('',*,*,#1536,.F.);
#410=ORIENTED_EDGE('',*,*,#1538,.F.);
#411=ORIENTED_EDGE('',*,*,#1539,.F.);
#412=ORIENTED_EDGE('',*,*,#1540,.T.);
#413=ORIENTED_EDGE('',*,*,#1541,.T.);
#414=ORIENTED_EDGE('',*,*,#1542,.T.);
#415=ORIENTED_EDGE('',*,*,#1543,.F.);
#416=ORIENTED_EDGE('',*,*,#1544,.F.);
#417=ORIENTED_EDGE('',*,*,#1539,.T.);
#418=ORIENTED_EDGE('',*,*,#1545,.F.);
#419=ORIENTED_EDGE('',*,*,#1546,.F.);
#420=ORIENTED_EDGE('',*,*,#1547,.T.);
#421=ORIENTED_EDGE('',*,*,#1543,.T.);
#422=ORIENTED_EDGE('',*,*,#1548,.F.);
#423=ORIENTED_EDGE('',*,*,#1541,.F.);
#424=ORIENTED_EDGE('',*,*,#1549,.T.);
#425=ORIENTED_EDGE('',*,*,#1546,.T.);
#426=ORIENTED_EDGE('',*,*,#1540,.F.);
#427=ORIENTED_EDGE('',*,*,#1544,.T.);
#428=ORIENTED_EDGE('',*,*,#1547,.F.);
#429=ORIENTED_EDGE('',*,*,#1549,.F.);
#430=ORIENTED_EDGE('',*,*,#1538,.T.);
#431=ORIENTED_EDGE('',*,*,#1548,.T.);
#432=ORIENTED_EDGE('',*,*,#1545,.T.);
#433=ORIENTED_EDGE('',*,*,#1542,.F.);
#434=ORIENTED_EDGE('',*,*,#1550,.T.);
#435=ORIENTED_EDGE('',*,*,#1551,.T.);
#436=ORIENTED_EDGE('',*,*,#1552,.T.);
#437=ORIENTED_EDGE('',*,*,#1553,.T.);
#438=ORIENTED_EDGE('',*,*,#1554,.T.);
#439=ORIENTED_EDGE('',*,*,#1555,.T.);
#440=ORIENTED_EDGE('',*,*,#1556,.T.);
#441=ORIENTED_EDGE('',*,*,#1557,.T.);
#442=ORIENTED_EDGE('',*,*,#1558,.T.);
#443=ORIENTED_EDGE('',*,*,#1559,.T.);
#444=ORIENTED_EDGE('',*,*,#1560,.T.);
#445=ORIENTED_EDGE('',*,*,#1561,.T.);
#446=ORIENTED_EDGE('',*,*,#1562,.T.);
#447=ORIENTED_EDGE('',*,*,#1563,.T.);
#448=ORIENTED_EDGE('',*,*,#1564,.T.);
#449=ORIENTED_EDGE('',*,*,#1565,.F.);
#450=ORIENTED_EDGE('',*,*,#1566,.T.);
#451=ORIENTED_EDGE('',*,*,#1567,.T.);
#452=ORIENTED_EDGE('',*,*,#1568,.T.);
#453=ORIENTED_EDGE('',*,*,#1569,.T.);
#454=ORIENTED_EDGE('',*,*,#1570,.T.);
#455=ORIENTED_EDGE('',*,*,#1571,.T.);
#456=ORIENTED_EDGE('',*,*,#1572,.T.);
#457=ORIENTED_EDGE('',*,*,#1573,.T.);
#458=ORIENTED_EDGE('',*,*,#1574,.T.);
#459=ORIENTED_EDGE('',*,*,#1575,.T.);
#460=ORIENTED_EDGE('',*,*,#1576,.F.);
#461=ORIENTED_EDGE('',*,*,#1577,.T.);
#462=ORIENTED_EDGE('',*,*,#1578,.T.);
#463=ORIENTED_EDGE('',*,*,#1579,.T.);
#464=ORIENTED_EDGE('',*,*,#1580,.T.);
#465=ORIENTED_EDGE('',*,*,#1581,.T.);
#466=ORIENTED_EDGE('',*,*,#1582,.T.);
#467=ORIENTED_EDGE('',*,*,#1583,.T.);
#468=ORIENTED_EDGE('',*,*,#1584,.T.);
#469=ORIENTED_EDGE('',*,*,#1585,.F.);
#470=ORIENTED_EDGE('',*,*,#1586,.T.);
#471=ORIENTED_EDGE('',*,*,#1587,.T.);
#472=ORIENTED_EDGE('',*,*,#1588,.T.);
#473=ORIENTED_EDGE('',*,*,#1589,.T.);
#474=ORIENTED_EDGE('',*,*,#1590,.T.);
#475=ORIENTED_EDGE('',*,*,#1591,.T.);
#476=ORIENTED_EDGE('',*,*,#1592,.T.);
#477=ORIENTED_EDGE('',*,*,#1593,.T.);
#478=ORIENTED_EDGE('',*,*,#1594,.F.);
#479=ORIENTED_EDGE('',*,*,#1595,.T.);
#480=ORIENTED_EDGE('',*,*,#1596,.T.);
#481=ORIENTED_EDGE('',*,*,#1597,.T.);
#482=ORIENTED_EDGE('',*,*,#1598,.T.);
#483=ORIENTED_EDGE('',*,*,#1599,.T.);
#484=ORIENTED_EDGE('',*,*,#1600,.T.);
#485=ORIENTED_EDGE('',*,*,#1601,.T.);
#486=ORIENTED_EDGE('',*,*,#1602,.T.);
#487=ORIENTED_EDGE('',*,*,#1603,.T.);
#488=ORIENTED_EDGE('',*,*,#1604,.T.);
#489=ORIENTED_EDGE('',*,*,#1605,.T.);
#490=ORIENTED_EDGE('',*,*,#1606,.T.);
#491=ORIENTED_EDGE('',*,*,#1607,.T.);
#492=ORIENTED_EDGE('',*,*,#1608,.T.);
#493=ORIENTED_EDGE('',*,*,#1609,.T.);
#494=ORIENTED_EDGE('',*,*,#1610,.T.);
#495=ORIENTED_EDGE('',*,*,#1611,.T.);
#496=ORIENTED_EDGE('',*,*,#1612,.T.);
#497=ORIENTED_EDGE('',*,*,#1613,.T.);
#498=ORIENTED_EDGE('',*,*,#1614,.T.);
#499=ORIENTED_EDGE('',*,*,#1615,.T.);
#500=ORIENTED_EDGE('',*,*,#1616,.T.);
#501=ORIENTED_EDGE('',*,*,#1617,.T.);
#502=ORIENTED_EDGE('',*,*,#1618,.T.);
#503=ORIENTED_EDGE('',*,*,#1619,.T.);
#504=ORIENTED_EDGE('',*,*,#1620,.T.);
#505=ORIENTED_EDGE('',*,*,#1621,.T.);
#506=ORIENTED_EDGE('',*,*,#1622,.T.);
#507=ORIENTED_EDGE('',*,*,#1623,.T.);
#508=ORIENTED_EDGE('',*,*,#1624,.T.);
#509=ORIENTED_EDGE('',*,*,#1625,.T.);
#510=ORIENTED_EDGE('',*,*,#1626,.T.);
#511=ORIENTED_EDGE('',*,*,#1627,.T.);
#512=ORIENTED_EDGE('',*,*,#1628,.T.);
#513=ORIENTED_EDGE('',*,*,#1629,.T.);
#514=ORIENTED_EDGE('',*,*,#1630,.T.);
#515=ORIENTED_EDGE('',*,*,#1631,.T.);
#516=ORIENTED_EDGE('',*,*,#1632,.T.);
#517=ORIENTED_EDGE('',*,*,#1633,.T.);
#518=ORIENTED_EDGE('',*,*,#1634,.T.);
#519=ORIENTED_EDGE('',*,*,#1635,.T.);
#520=ORIENTED_EDGE('',*,*,#1636,.T.);
#521=ORIENTED_EDGE('',*,*,#1637,.T.);
#522=ORIENTED_EDGE('',*,*,#1638,.T.);
#523=ORIENTED_EDGE('',*,*,#1639,.T.);
#524=ORIENTED_EDGE('',*,*,#1640,.T.);
#525=ORIENTED_EDGE('',*,*,#1641,.T.);
#526=ORIENTED_EDGE('',*,*,#1642,.T.);
#527=ORIENTED_EDGE('',*,*,#1643,.T.);
#528=ORIENTED_EDGE('',*,*,#1644,.T.);
#529=ORIENTED_EDGE('',*,*,#1645,.T.);
#530=ORIENTED_EDGE('',*,*,#1646,.T.);
#531=ORIENTED_EDGE('',*,*,#1647,.T.);
#532=ORIENTED_EDGE('',*,*,#1648,.T.);
#533=ORIENTED_EDGE('',*,*,#1649,.T.);
#534=ORIENTED_EDGE('',*,*,#1650,.T.);
#535=ORIENTED_EDGE('',*,*,#1651,.T.);
#536=ORIENTED_EDGE('',*,*,#1652,.T.);
#537=ORIENTED_EDGE('',*,*,#1653,.T.);
#538=ORIENTED_EDGE('',*,*,#1654,.T.);
#539=ORIENTED_EDGE('',*,*,#1655,.T.);
#540=ORIENTED_EDGE('',*,*,#1656,.T.);
#541=ORIENTED_EDGE('',*,*,#1657,.T.);
#542=ORIENTED_EDGE('',*,*,#1658,.T.);
#543=ORIENTED_EDGE('',*,*,#1659,.T.);
#544=ORIENTED_EDGE('',*,*,#1660,.T.);
#545=ORIENTED_EDGE('',*,*,#1661,.T.);
#546=ORIENTED_EDGE('',*,*,#1662,.T.);
#547=ORIENTED_EDGE('',*,*,#1663,.T.);
#548=ORIENTED_EDGE('',*,*,#1664,.T.);
#549=ORIENTED_EDGE('',*,*,#1665,.T.);
#550=ORIENTED_EDGE('',*,*,#1666,.T.);
#551=ORIENTED_EDGE('',*,*,#1667,.T.);
#552=ORIENTED_EDGE('',*,*,#1668,.T.);
#553=ORIENTED_EDGE('',*,*,#1669,.T.);
#554=ORIENTED_EDGE('',*,*,#1670,.T.);
#555=ORIENTED_EDGE('',*,*,#1671,.T.);
#556=ORIENTED_EDGE('',*,*,#1672,.T.);
#557=ORIENTED_EDGE('',*,*,#1673,.T.);
#558=ORIENTED_EDGE('',*,*,#1674,.T.);
#559=ORIENTED_EDGE('',*,*,#1675,.T.);
#560=ORIENTED_EDGE('',*,*,#1676,.T.);
#561=ORIENTED_EDGE('',*,*,#1677,.T.);
#562=ORIENTED_EDGE('',*,*,#1678,.T.);
#563=ORIENTED_EDGE('',*,*,#1679,.T.);
#564=ORIENTED_EDGE('',*,*,#1680,.T.);
#565=ORIENTED_EDGE('',*,*,#1681,.T.);
#566=ORIENTED_EDGE('',*,*,#1682,.T.);
#567=ORIENTED_EDGE('',*,*,#1683,.T.);
#568=ORIENTED_EDGE('',*,*,#1684,.T.);
#569=ORIENTED_EDGE('',*,*,#1685,.T.);
#570=ORIENTED_EDGE('',*,*,#1686,.T.);
#571=ORIENTED_EDGE('',*,*,#1687,.T.);
#572=ORIENTED_EDGE('',*,*,#1688,.T.);
#573=ORIENTED_EDGE('',*,*,#1689,.T.);
#574=ORIENTED_EDGE('',*,*,#1690,.T.);
#575=ORIENTED_EDGE('',*,*,#1691,.T.);
#576=ORIENTED_EDGE('',*,*,#1692,.T.);
#577=ORIENTED_EDGE('',*,*,#1693,.T.);
#578=ORIENTED_EDGE('',*,*,#1694,.T.);
#579=ORIENTED_EDGE('',*,*,#1695,.T.);
#580=ORIENTED_EDGE('',*,*,#1696,.T.);
#581=ORIENTED_EDGE('',*,*,#1697,.T.);
#582=ORIENTED_EDGE('',*,*,#1698,.T.);
#583=ORIENTED_EDGE('',*,*,#1699,.T.);
#584=ORIENTED_EDGE('',*,*,#1700,.T.);
#585=ORIENTED_EDGE('',*,*,#1701,.T.);
#586=ORIENTED_EDGE('',*,*,#1702,.T.);
#587=ORIENTED_EDGE('',*,*,#1703,.T.);
#588=ORIENTED_EDGE('',*,*,#1704,.T.);
#589=ORIENTED_EDGE('',*,*,#1705,.T.);
#590=ORIENTED_EDGE('',*,*,#1706,.T.);
#591=ORIENTED_EDGE('',*,*,#1707,.T.);
#592=ORIENTED_EDGE('',*,*,#1708,.T.);
#593=ORIENTED_EDGE('',*,*,#1709,.T.);
#594=ORIENTED_EDGE('',*,*,#1710,.T.);
#595=ORIENTED_EDGE('',*,*,#1711,.T.);
#596=ORIENTED_EDGE('',*,*,#1712,.T.);
#597=ORIENTED_EDGE('',*,*,#1713,.T.);
#598=ORIENTED_EDGE('',*,*,#1714,.T.);
#599=ORIENTED_EDGE('',*,*,#1715,.T.);
#600=ORIENTED_EDGE('',*,*,#1716,.T.);
#601=ORIENTED_EDGE('',*,*,#1717,.T.);
#602=ORIENTED_EDGE('',*,*,#1718,.T.);
#603=ORIENTED_EDGE('',*,*,#1719,.T.);
#604=ORIENTED_EDGE('',*,*,#1720,.T.);
#605=ORIENTED_EDGE('',*,*,#1721,.T.);
#606=ORIENTED_EDGE('',*,*,#1722,.T.);
#607=ORIENTED_EDGE('',*,*,#1723,.T.);
#608=ORIENTED_EDGE('',*,*,#1724,.T.);
#609=ORIENTED_EDGE('',*,*,#1725,.T.);
#610=ORIENTED_EDGE('',*,*,#1726,.T.);
#611=ORIENTED_EDGE('',*,*,#1727,.T.);
#612=ORIENTED_EDGE('',*,*,#1728,.F.);
#613=ORIENTED_EDGE('',*,*,#1550,.F.);
#614=ORIENTED_EDGE('',*,*,#1729,.F.);
#615=ORIENTED_EDGE('',*,*,#1726,.F.);
#616=ORIENTED_EDGE('',*,*,#1729,.T.);
#617=ORIENTED_EDGE('',*,*,#1553,.F.);
#618=ORIENTED_EDGE('',*,*,#1730,.F.);
#619=ORIENTED_EDGE('',*,*,#1727,.F.);
#620=ORIENTED_EDGE('',*,*,#1728,.T.);
#621=ORIENTED_EDGE('',*,*,#1725,.F.);
#622=ORIENTED_EDGE('',*,*,#1731,.F.);
#623=ORIENTED_EDGE('',*,*,#1551,.F.);
#624=ORIENTED_EDGE('',*,*,#1730,.T.);
#625=ORIENTED_EDGE('',*,*,#1552,.F.);
#626=ORIENTED_EDGE('',*,*,#1731,.T.);
#627=ORIENTED_EDGE('',*,*,#1724,.F.);
#628=ORIENTED_EDGE('',*,*,#1555,.F.);
#629=ORIENTED_EDGE('',*,*,#1732,.F.);
#630=ORIENTED_EDGE('',*,*,#1733,.T.);
#631=ORIENTED_EDGE('',*,*,#1734,.T.);
#632=ORIENTED_EDGE('',*,*,#1554,.F.);
#633=ORIENTED_EDGE('',*,*,#1735,.F.);
#634=ORIENTED_EDGE('',*,*,#1736,.T.);
#635=ORIENTED_EDGE('',*,*,#1732,.T.);
#636=ORIENTED_EDGE('',*,*,#1560,.F.);
#637=ORIENTED_EDGE('',*,*,#1737,.F.);
#638=ORIENTED_EDGE('',*,*,#1738,.T.);
#639=ORIENTED_EDGE('',*,*,#1735,.T.);
#640=ORIENTED_EDGE('',*,*,#1559,.F.);
#641=ORIENTED_EDGE('',*,*,#1739,.F.);
#642=ORIENTED_EDGE('',*,*,#1740,.T.);
#643=ORIENTED_EDGE('',*,*,#1737,.T.);
#644=ORIENTED_EDGE('',*,*,#1558,.F.);
#645=ORIENTED_EDGE('',*,*,#1741,.F.);
#646=ORIENTED_EDGE('',*,*,#1742,.T.);
#647=ORIENTED_EDGE('',*,*,#1739,.T.);
#648=ORIENTED_EDGE('',*,*,#1557,.F.);
#649=ORIENTED_EDGE('',*,*,#1743,.F.);
#650=ORIENTED_EDGE('',*,*,#1744,.T.);
#651=ORIENTED_EDGE('',*,*,#1741,.T.);
#652=ORIENTED_EDGE('',*,*,#1556,.F.);
#653=ORIENTED_EDGE('',*,*,#1734,.F.);
#654=ORIENTED_EDGE('',*,*,#1745,.T.);
#655=ORIENTED_EDGE('',*,*,#1743,.T.);
#656=ORIENTED_EDGE('',*,*,#1733,.F.);
#657=ORIENTED_EDGE('',*,*,#1736,.F.);
#658=ORIENTED_EDGE('',*,*,#1738,.F.);
#659=ORIENTED_EDGE('',*,*,#1740,.F.);
#660=ORIENTED_EDGE('',*,*,#1742,.F.);
#661=ORIENTED_EDGE('',*,*,#1744,.F.);
#662=ORIENTED_EDGE('',*,*,#1745,.F.);
#663=ORIENTED_EDGE('',*,*,#1562,.F.);
#664=ORIENTED_EDGE('',*,*,#1746,.F.);
#665=ORIENTED_EDGE('',*,*,#1747,.T.);
#666=ORIENTED_EDGE('',*,*,#1748,.T.);
#667=ORIENTED_EDGE('',*,*,#1561,.F.);
#668=ORIENTED_EDGE('',*,*,#1749,.F.);
#669=ORIENTED_EDGE('',*,*,#1750,.T.);
#670=ORIENTED_EDGE('',*,*,#1746,.T.);
#671=ORIENTED_EDGE('',*,*,#1564,.F.);
#672=ORIENTED_EDGE('',*,*,#1751,.F.);
#673=ORIENTED_EDGE('',*,*,#1752,.T.);
#674=ORIENTED_EDGE('',*,*,#1749,.T.);
#675=ORIENTED_EDGE('',*,*,#1563,.F.);
#676=ORIENTED_EDGE('',*,*,#1748,.F.);
#677=ORIENTED_EDGE('',*,*,#1753,.T.);
#678=ORIENTED_EDGE('',*,*,#1751,.T.);
#679=ORIENTED_EDGE('',*,*,#1747,.F.);
#680=ORIENTED_EDGE('',*,*,#1750,.F.);
#681=ORIENTED_EDGE('',*,*,#1752,.F.);
#682=ORIENTED_EDGE('',*,*,#1753,.F.);
#683=ORIENTED_EDGE('',*,*,#1566,.F.);
#684=ORIENTED_EDGE('',*,*,#1754,.F.);
#685=ORIENTED_EDGE('',*,*,#1755,.T.);
#686=ORIENTED_EDGE('',*,*,#1756,.T.);
#687=ORIENTED_EDGE('',*,*,#1565,.T.);
#688=ORIENTED_EDGE('',*,*,#1757,.F.);
#689=ORIENTED_EDGE('',*,*,#1758,.F.);
#690=ORIENTED_EDGE('',*,*,#1754,.T.);
#691=ORIENTED_EDGE('',*,*,#1584,.F.);
#692=ORIENTED_EDGE('',*,*,#1759,.F.);
#693=ORIENTED_EDGE('',*,*,#1760,.T.);
#694=ORIENTED_EDGE('',*,*,#1757,.T.);
#695=ORIENTED_EDGE('',*,*,#1583,.F.);
#696=ORIENTED_EDGE('',*,*,#1761,.F.);
#697=ORIENTED_EDGE('',*,*,#1762,.T.);
#698=ORIENTED_EDGE('',*,*,#1759,.T.);
#699=ORIENTED_EDGE('',*,*,#1582,.F.);
#700=ORIENTED_EDGE('',*,*,#1763,.F.);
#701=ORIENTED_EDGE('',*,*,#1764,.T.);
#702=ORIENTED_EDGE('',*,*,#1761,.T.);
#703=ORIENTED_EDGE('',*,*,#1581,.F.);
#704=ORIENTED_EDGE('',*,*,#1765,.F.);
#705=ORIENTED_EDGE('',*,*,#1766,.T.);
#706=ORIENTED_EDGE('',*,*,#1763,.T.);
#707=ORIENTED_EDGE('',*,*,#1580,.F.);
#708=ORIENTED_EDGE('',*,*,#1767,.F.);
#709=ORIENTED_EDGE('',*,*,#1768,.T.);
#710=ORIENTED_EDGE('',*,*,#1765,.T.);
#711=ORIENTED_EDGE('',*,*,#1579,.F.);
#712=ORIENTED_EDGE('',*,*,#1769,.F.);
#713=ORIENTED_EDGE('',*,*,#1770,.T.);
#714=ORIENTED_EDGE('',*,*,#1767,.T.);
#715=ORIENTED_EDGE('',*,*,#1578,.F.);
#716=ORIENTED_EDGE('',*,*,#1771,.F.);
#717=ORIENTED_EDGE('',*,*,#1772,.T.);
#718=ORIENTED_EDGE('',*,*,#1769,.T.);
#719=ORIENTED_EDGE('',*,*,#1577,.F.);
#720=ORIENTED_EDGE('',*,*,#1773,.F.);
#721=ORIENTED_EDGE('',*,*,#1774,.T.);
#722=ORIENTED_EDGE('',*,*,#1771,.T.);
#723=ORIENTED_EDGE('',*,*,#1576,.T.);
#724=ORIENTED_EDGE('',*,*,#1775,.F.);
#725=ORIENTED_EDGE('',*,*,#1776,.F.);
#726=ORIENTED_EDGE('',*,*,#1773,.T.);
#727=ORIENTED_EDGE('',*,*,#1575,.F.);
#728=ORIENTED_EDGE('',*,*,#1777,.F.);
#729=ORIENTED_EDGE('',*,*,#1778,.T.);
#730=ORIENTED_EDGE('',*,*,#1775,.T.);
#731=ORIENTED_EDGE('',*,*,#1574,.F.);
#732=ORIENTED_EDGE('',*,*,#1779,.F.);
#733=ORIENTED_EDGE('',*,*,#1780,.T.);
#734=ORIENTED_EDGE('',*,*,#1777,.T.);
#735=ORIENTED_EDGE('',*,*,#1573,.F.);
#736=ORIENTED_EDGE('',*,*,#1781,.F.);
#737=ORIENTED_EDGE('',*,*,#1782,.T.);
#738=ORIENTED_EDGE('',*,*,#1779,.T.);
#739=ORIENTED_EDGE('',*,*,#1572,.F.);
#740=ORIENTED_EDGE('',*,*,#1783,.F.);
#741=ORIENTED_EDGE('',*,*,#1784,.T.);
#742=ORIENTED_EDGE('',*,*,#1781,.T.);
#743=ORIENTED_EDGE('',*,*,#1571,.F.);
#744=ORIENTED_EDGE('',*,*,#1785,.F.);
#745=ORIENTED_EDGE('',*,*,#1786,.T.);
#746=ORIENTED_EDGE('',*,*,#1783,.T.);
#747=ORIENTED_EDGE('',*,*,#1570,.F.);
#748=ORIENTED_EDGE('',*,*,#1787,.F.);
#749=ORIENTED_EDGE('',*,*,#1788,.T.);
#750=ORIENTED_EDGE('',*,*,#1785,.T.);
#751=ORIENTED_EDGE('',*,*,#1569,.F.);
#752=ORIENTED_EDGE('',*,*,#1789,.F.);
#753=ORIENTED_EDGE('',*,*,#1790,.T.);
#754=ORIENTED_EDGE('',*,*,#1787,.T.);
#755=ORIENTED_EDGE('',*,*,#1568,.F.);
#756=ORIENTED_EDGE('',*,*,#1791,.F.);
#757=ORIENTED_EDGE('',*,*,#1792,.T.);
#758=ORIENTED_EDGE('',*,*,#1789,.T.);
#759=ORIENTED_EDGE('',*,*,#1567,.F.);
#760=ORIENTED_EDGE('',*,*,#1756,.F.);
#761=ORIENTED_EDGE('',*,*,#1793,.T.);
#762=ORIENTED_EDGE('',*,*,#1791,.T.);
#763=ORIENTED_EDGE('',*,*,#1755,.F.);
#764=ORIENTED_EDGE('',*,*,#1758,.T.);
#765=ORIENTED_EDGE('',*,*,#1760,.F.);
#766=ORIENTED_EDGE('',*,*,#1762,.F.);
#767=ORIENTED_EDGE('',*,*,#1764,.F.);
#768=ORIENTED_EDGE('',*,*,#1766,.F.);
#769=ORIENTED_EDGE('',*,*,#1768,.F.);
#770=ORIENTED_EDGE('',*,*,#1770,.F.);
#771=ORIENTED_EDGE('',*,*,#1772,.F.);
#772=ORIENTED_EDGE('',*,*,#1774,.F.);
#773=ORIENTED_EDGE('',*,*,#1776,.T.);
#774=ORIENTED_EDGE('',*,*,#1778,.F.);
#775=ORIENTED_EDGE('',*,*,#1780,.F.);
#776=ORIENTED_EDGE('',*,*,#1782,.F.);
#777=ORIENTED_EDGE('',*,*,#1784,.F.);
#778=ORIENTED_EDGE('',*,*,#1786,.F.);
#779=ORIENTED_EDGE('',*,*,#1788,.F.);
#780=ORIENTED_EDGE('',*,*,#1790,.F.);
#781=ORIENTED_EDGE('',*,*,#1792,.F.);
#782=ORIENTED_EDGE('',*,*,#1793,.F.);
#783=ORIENTED_EDGE('',*,*,#1586,.F.);
#784=ORIENTED_EDGE('',*,*,#1794,.F.);
#785=ORIENTED_EDGE('',*,*,#1795,.T.);
#786=ORIENTED_EDGE('',*,*,#1796,.T.);
#787=ORIENTED_EDGE('',*,*,#1585,.T.);
#788=ORIENTED_EDGE('',*,*,#1797,.F.);
#789=ORIENTED_EDGE('',*,*,#1798,.F.);
#790=ORIENTED_EDGE('',*,*,#1794,.T.);
#791=ORIENTED_EDGE('',*,*,#1604,.F.);
#792=ORIENTED_EDGE('',*,*,#1799,.F.);
#793=ORIENTED_EDGE('',*,*,#1800,.T.);
#794=ORIENTED_EDGE('',*,*,#1797,.T.);
#795=ORIENTED_EDGE('',*,*,#1603,.F.);
#796=ORIENTED_EDGE('',*,*,#1801,.F.);
#797=ORIENTED_EDGE('',*,*,#1802,.T.);
#798=ORIENTED_EDGE('',*,*,#1799,.T.);
#799=ORIENTED_EDGE('',*,*,#1602,.F.);
#800=ORIENTED_EDGE('',*,*,#1803,.F.);
#801=ORIENTED_EDGE('',*,*,#1804,.T.);
#802=ORIENTED_EDGE('',*,*,#1801,.T.);
#803=ORIENTED_EDGE('',*,*,#1601,.F.);
#804=ORIENTED_EDGE('',*,*,#1805,.F.);
#805=ORIENTED_EDGE('',*,*,#1806,.T.);
#806=ORIENTED_EDGE('',*,*,#1803,.T.);
#807=ORIENTED_EDGE('',*,*,#1600,.F.);
#808=ORIENTED_EDGE('',*,*,#1807,.F.);
#809=ORIENTED_EDGE('',*,*,#1808,.T.);
#810=ORIENTED_EDGE('',*,*,#1805,.T.);
#811=ORIENTED_EDGE('',*,*,#1599,.F.);
#812=ORIENTED_EDGE('',*,*,#1809,.F.);
#813=ORIENTED_EDGE('',*,*,#1810,.T.);
#814=ORIENTED_EDGE('',*,*,#1807,.T.);
#815=ORIENTED_EDGE('',*,*,#1598,.F.);
#816=ORIENTED_EDGE('',*,*,#1811,.F.);
#817=ORIENTED_EDGE('',*,*,#1812,.T.);
#818=ORIENTED_EDGE('',*,*,#1809,.T.);
#819=ORIENTED_EDGE('',*,*,#1597,.F.);
#820=ORIENTED_EDGE('',*,*,#1813,.F.);
#821=ORIENTED_EDGE('',*,*,#1814,.T.);
#822=ORIENTED_EDGE('',*,*,#1811,.T.);
#823=ORIENTED_EDGE('',*,*,#1596,.F.);
#824=ORIENTED_EDGE('',*,*,#1815,.F.);
#825=ORIENTED_EDGE('',*,*,#1816,.T.);
#826=ORIENTED_EDGE('',*,*,#1813,.T.);
#827=ORIENTED_EDGE('',*,*,#1595,.F.);
#828=ORIENTED_EDGE('',*,*,#1817,.F.);
#829=ORIENTED_EDGE('',*,*,#1818,.T.);
#830=ORIENTED_EDGE('',*,*,#1815,.T.);
#831=ORIENTED_EDGE('',*,*,#1594,.T.);
#832=ORIENTED_EDGE('',*,*,#1819,.F.);
#833=ORIENTED_EDGE('',*,*,#1820,.F.);
#834=ORIENTED_EDGE('',*,*,#1817,.T.);
#835=ORIENTED_EDGE('',*,*,#1593,.F.);
#836=ORIENTED_EDGE('',*,*,#1821,.F.);
#837=ORIENTED_EDGE('',*,*,#1822,.T.);
#838=ORIENTED_EDGE('',*,*,#1819,.T.);
#839=ORIENTED_EDGE('',*,*,#1592,.F.);
#840=ORIENTED_EDGE('',*,*,#1823,.F.);
#841=ORIENTED_EDGE('',*,*,#1824,.T.);
#842=ORIENTED_EDGE('',*,*,#1821,.T.);
#843=ORIENTED_EDGE('',*,*,#1591,.F.);
#844=ORIENTED_EDGE('',*,*,#1825,.F.);
#845=ORIENTED_EDGE('',*,*,#1826,.T.);
#846=ORIENTED_EDGE('',*,*,#1823,.T.);
#847=ORIENTED_EDGE('',*,*,#1590,.F.);
#848=ORIENTED_EDGE('',*,*,#1827,.F.);
#849=ORIENTED_EDGE('',*,*,#1828,.T.);
#850=ORIENTED_EDGE('',*,*,#1825,.T.);
#851=ORIENTED_EDGE('',*,*,#1589,.F.);
#852=ORIENTED_EDGE('',*,*,#1829,.F.);
#853=ORIENTED_EDGE('',*,*,#1830,.T.);
#854=ORIENTED_EDGE('',*,*,#1827,.T.);
#855=ORIENTED_EDGE('',*,*,#1588,.F.);
#856=ORIENTED_EDGE('',*,*,#1831,.F.);
#857=ORIENTED_EDGE('',*,*,#1832,.T.);
#858=ORIENTED_EDGE('',*,*,#1829,.T.);
#859=ORIENTED_EDGE('',*,*,#1587,.F.);
#860=ORIENTED_EDGE('',*,*,#1796,.F.);
#861=ORIENTED_EDGE('',*,*,#1833,.T.);
#862=ORIENTED_EDGE('',*,*,#1831,.T.);
#863=ORIENTED_EDGE('',*,*,#1795,.F.);
#864=ORIENTED_EDGE('',*,*,#1798,.T.);
#865=ORIENTED_EDGE('',*,*,#1800,.F.);
#866=ORIENTED_EDGE('',*,*,#1802,.F.);
#867=ORIENTED_EDGE('',*,*,#1804,.F.);
#868=ORIENTED_EDGE('',*,*,#1806,.F.);
#869=ORIENTED_EDGE('',*,*,#1808,.F.);
#870=ORIENTED_EDGE('',*,*,#1810,.F.);
#871=ORIENTED_EDGE('',*,*,#1812,.F.);
#872=ORIENTED_EDGE('',*,*,#1814,.F.);
#873=ORIENTED_EDGE('',*,*,#1816,.F.);
#874=ORIENTED_EDGE('',*,*,#1818,.F.);
#875=ORIENTED_EDGE('',*,*,#1820,.T.);
#876=ORIENTED_EDGE('',*,*,#1822,.F.);
#877=ORIENTED_EDGE('',*,*,#1824,.F.);
#878=ORIENTED_EDGE('',*,*,#1826,.F.);
#879=ORIENTED_EDGE('',*,*,#1828,.F.);
#880=ORIENTED_EDGE('',*,*,#1830,.F.);
#881=ORIENTED_EDGE('',*,*,#1832,.F.);
#882=ORIENTED_EDGE('',*,*,#1833,.F.);
#883=ORIENTED_EDGE('',*,*,#1606,.F.);
#884=ORIENTED_EDGE('',*,*,#1834,.F.);
#885=ORIENTED_EDGE('',*,*,#1835,.T.);
#886=ORIENTED_EDGE('',*,*,#1836,.T.);
#887=ORIENTED_EDGE('',*,*,#1605,.F.);
#888=ORIENTED_EDGE('',*,*,#1837,.F.);
#889=ORIENTED_EDGE('',*,*,#1838,.T.);
#890=ORIENTED_EDGE('',*,*,#1834,.T.);
#891=ORIENTED_EDGE('',*,*,#1612,.F.);
#892=ORIENTED_EDGE('',*,*,#1839,.F.);
#893=ORIENTED_EDGE('',*,*,#1840,.T.);
#894=ORIENTED_EDGE('',*,*,#1837,.T.);
#895=ORIENTED_EDGE('',*,*,#1611,.F.);
#896=ORIENTED_EDGE('',*,*,#1841,.F.);
#897=ORIENTED_EDGE('',*,*,#1842,.T.);
#898=ORIENTED_EDGE('',*,*,#1839,.T.);
#899=ORIENTED_EDGE('',*,*,#1610,.F.);
#900=ORIENTED_EDGE('',*,*,#1843,.F.);
#901=ORIENTED_EDGE('',*,*,#1844,.T.);
#902=ORIENTED_EDGE('',*,*,#1841,.T.);
#903=ORIENTED_EDGE('',*,*,#1609,.F.);
#904=ORIENTED_EDGE('',*,*,#1845,.F.);
#905=ORIENTED_EDGE('',*,*,#1846,.T.);
#906=ORIENTED_EDGE('',*,*,#1843,.T.);
#907=ORIENTED_EDGE('',*,*,#1608,.F.);
#908=ORIENTED_EDGE('',*,*,#1847,.F.);
#909=ORIENTED_EDGE('',*,*,#1848,.T.);
#910=ORIENTED_EDGE('',*,*,#1845,.T.);
#911=ORIENTED_EDGE('',*,*,#1607,.F.);
#912=ORIENTED_EDGE('',*,*,#1836,.F.);
#913=ORIENTED_EDGE('',*,*,#1849,.T.);
#914=ORIENTED_EDGE('',*,*,#1847,.T.);
#915=ORIENTED_EDGE('',*,*,#1835,.F.);
#916=ORIENTED_EDGE('',*,*,#1838,.F.);
#917=ORIENTED_EDGE('',*,*,#1840,.F.);
#918=ORIENTED_EDGE('',*,*,#1842,.F.);
#919=ORIENTED_EDGE('',*,*,#1844,.F.);
#920=ORIENTED_EDGE('',*,*,#1846,.F.);
#921=ORIENTED_EDGE('',*,*,#1848,.F.);
#922=ORIENTED_EDGE('',*,*,#1849,.F.);
#923=ORIENTED_EDGE('',*,*,#1614,.F.);
#924=ORIENTED_EDGE('',*,*,#1850,.F.);
#925=ORIENTED_EDGE('',*,*,#1851,.T.);
#926=ORIENTED_EDGE('',*,*,#1852,.T.);
#927=ORIENTED_EDGE('',*,*,#1613,.F.);
#928=ORIENTED_EDGE('',*,*,#1853,.F.);
#929=ORIENTED_EDGE('',*,*,#1854,.T.);
#930=ORIENTED_EDGE('',*,*,#1850,.T.);
#931=ORIENTED_EDGE('',*,*,#1619,.F.);
#932=ORIENTED_EDGE('',*,*,#1855,.F.);
#933=ORIENTED_EDGE('',*,*,#1856,.T.);
#934=ORIENTED_EDGE('',*,*,#1853,.T.);
#935=ORIENTED_EDGE('',*,*,#1618,.F.);
#936=ORIENTED_EDGE('',*,*,#1857,.F.);
#937=ORIENTED_EDGE('',*,*,#1858,.T.);
#938=ORIENTED_EDGE('',*,*,#1855,.T.);
#939=ORIENTED_EDGE('',*,*,#1617,.F.);
#940=ORIENTED_EDGE('',*,*,#1859,.F.);
#941=ORIENTED_EDGE('',*,*,#1860,.T.);
#942=ORIENTED_EDGE('',*,*,#1857,.T.);
#943=ORIENTED_EDGE('',*,*,#1616,.F.);
#944=ORIENTED_EDGE('',*,*,#1861,.F.);
#945=ORIENTED_EDGE('',*,*,#1862,.T.);
#946=ORIENTED_EDGE('',*,*,#1859,.T.);
#947=ORIENTED_EDGE('',*,*,#1615,.F.);
#948=ORIENTED_EDGE('',*,*,#1852,.F.);
#949=ORIENTED_EDGE('',*,*,#1863,.T.);
#950=ORIENTED_EDGE('',*,*,#1861,.T.);
#951=ORIENTED_EDGE('',*,*,#1851,.F.);
#952=ORIENTED_EDGE('',*,*,#1854,.F.);
#953=ORIENTED_EDGE('',*,*,#1856,.F.);
#954=ORIENTED_EDGE('',*,*,#1858,.F.);
#955=ORIENTED_EDGE('',*,*,#1860,.F.);
#956=ORIENTED_EDGE('',*,*,#1862,.F.);
#957=ORIENTED_EDGE('',*,*,#1863,.F.);
#958=ORIENTED_EDGE('',*,*,#1621,.F.);
#959=ORIENTED_EDGE('',*,*,#1864,.F.);
#960=ORIENTED_EDGE('',*,*,#1865,.T.);
#961=ORIENTED_EDGE('',*,*,#1866,.T.);
#962=ORIENTED_EDGE('',*,*,#1620,.F.);
#963=ORIENTED_EDGE('',*,*,#1867,.F.);
#964=ORIENTED_EDGE('',*,*,#1868,.T.);
#965=ORIENTED_EDGE('',*,*,#1864,.T.);
#966=ORIENTED_EDGE('',*,*,#1623,.F.);
#967=ORIENTED_EDGE('',*,*,#1869,.F.);
#968=ORIENTED_EDGE('',*,*,#1870,.T.);
#969=ORIENTED_EDGE('',*,*,#1867,.T.);
#970=ORIENTED_EDGE('',*,*,#1622,.F.);
#971=ORIENTED_EDGE('',*,*,#1866,.F.);
#972=ORIENTED_EDGE('',*,*,#1871,.T.);
#973=ORIENTED_EDGE('',*,*,#1869,.T.);
#974=ORIENTED_EDGE('',*,*,#1865,.F.);
#975=ORIENTED_EDGE('',*,*,#1868,.F.);
#976=ORIENTED_EDGE('',*,*,#1870,.F.);
#977=ORIENTED_EDGE('',*,*,#1871,.F.);
#978=ORIENTED_EDGE('',*,*,#1625,.F.);
#979=ORIENTED_EDGE('',*,*,#1872,.F.);
#980=ORIENTED_EDGE('',*,*,#1873,.T.);
#981=ORIENTED_EDGE('',*,*,#1874,.T.);
#982=ORIENTED_EDGE('',*,*,#1624,.F.);
#983=ORIENTED_EDGE('',*,*,#1875,.F.);
#984=ORIENTED_EDGE('',*,*,#1876,.T.);
#985=ORIENTED_EDGE('',*,*,#1872,.T.);
#986=ORIENTED_EDGE('',*,*,#1627,.F.);
#987=ORIENTED_EDGE('',*,*,#1877,.F.);
#988=ORIENTED_EDGE('',*,*,#1878,.T.);
#989=ORIENTED_EDGE('',*,*,#1875,.T.);
#990=ORIENTED_EDGE('',*,*,#1626,.F.);
#991=ORIENTED_EDGE('',*,*,#1874,.F.);
#992=ORIENTED_EDGE('',*,*,#1879,.T.);
#993=ORIENTED_EDGE('',*,*,#1877,.T.);
#994=ORIENTED_EDGE('',*,*,#1873,.F.);
#995=ORIENTED_EDGE('',*,*,#1876,.F.);
#996=ORIENTED_EDGE('',*,*,#1878,.F.);
#997=ORIENTED_EDGE('',*,*,#1879,.F.);
#998=ORIENTED_EDGE('',*,*,#1629,.F.);
#999=ORIENTED_EDGE('',*,*,#1880,.F.);
#1000=ORIENTED_EDGE('',*,*,#1881,.T.);
#1001=ORIENTED_EDGE('',*,*,#1882,.T.);
#1002=ORIENTED_EDGE('',*,*,#1628,.F.);
#1003=ORIENTED_EDGE('',*,*,#1883,.F.);
#1004=ORIENTED_EDGE('',*,*,#1884,.T.);
#1005=ORIENTED_EDGE('',*,*,#1880,.T.);
#1006=ORIENTED_EDGE('',*,*,#1634,.F.);
#1007=ORIENTED_EDGE('',*,*,#1885,.F.);
#1008=ORIENTED_EDGE('',*,*,#1886,.T.);
#1009=ORIENTED_EDGE('',*,*,#1883,.T.);
#1010=ORIENTED_EDGE('',*,*,#1633,.F.);
#1011=ORIENTED_EDGE('',*,*,#1887,.F.);
#1012=ORIENTED_EDGE('',*,*,#1888,.T.);
#1013=ORIENTED_EDGE('',*,*,#1885,.T.);
#1014=ORIENTED_EDGE('',*,*,#1632,.F.);
#1015=ORIENTED_EDGE('',*,*,#1889,.F.);
#1016=ORIENTED_EDGE('',*,*,#1890,.T.);
#1017=ORIENTED_EDGE('',*,*,#1887,.T.);
#1018=ORIENTED_EDGE('',*,*,#1631,.F.);
#1019=ORIENTED_EDGE('',*,*,#1891,.F.);
#1020=ORIENTED_EDGE('',*,*,#1892,.T.);
#1021=ORIENTED_EDGE('',*,*,#1889,.T.);
#1022=ORIENTED_EDGE('',*,*,#1630,.F.);
#1023=ORIENTED_EDGE('',*,*,#1882,.F.);
#1024=ORIENTED_EDGE('',*,*,#1893,.T.);
#1025=ORIENTED_EDGE('',*,*,#1891,.T.);
#1026=ORIENTED_EDGE('',*,*,#1881,.F.);
#1027=ORIENTED_EDGE('',*,*,#1884,.F.);
#1028=ORIENTED_EDGE('',*,*,#1886,.F.);
#1029=ORIENTED_EDGE('',*,*,#1888,.F.);
#1030=ORIENTED_EDGE('',*,*,#1890,.F.);
#1031=ORIENTED_EDGE('',*,*,#1892,.F.);
#1032=ORIENTED_EDGE('',*,*,#1893,.F.);
#1033=ORIENTED_EDGE('',*,*,#1636,.F.);
#1034=ORIENTED_EDGE('',*,*,#1894,.F.);
#1035=ORIENTED_EDGE('',*,*,#1895,.T.);
#1036=ORIENTED_EDGE('',*,*,#1896,.T.);
#1037=ORIENTED_EDGE('',*,*,#1635,.F.);
#1038=ORIENTED_EDGE('',*,*,#1897,.F.);
#1039=ORIENTED_EDGE('',*,*,#1898,.T.);
#1040=ORIENTED_EDGE('',*,*,#1894,.T.);
#1041=ORIENTED_EDGE('',*,*,#1638,.F.);
#1042=ORIENTED_EDGE('',*,*,#1899,.F.);
#1043=ORIENTED_EDGE('',*,*,#1900,.T.);
#1044=ORIENTED_EDGE('',*,*,#1897,.T.);
#1045=ORIENTED_EDGE('',*,*,#1637,.F.);
#1046=ORIENTED_EDGE('',*,*,#1896,.F.);
#1047=ORIENTED_EDGE('',*,*,#1901,.T.);
#1048=ORIENTED_EDGE('',*,*,#1899,.T.);
#1049=ORIENTED_EDGE('',*,*,#1895,.F.);
#1050=ORIENTED_EDGE('',*,*,#1898,.F.);
#1051=ORIENTED_EDGE('',*,*,#1900,.F.);
#1052=ORIENTED_EDGE('',*,*,#1901,.F.);
#1053=ORIENTED_EDGE('',*,*,#1640,.F.);
#1054=ORIENTED_EDGE('',*,*,#1902,.F.);
#1055=ORIENTED_EDGE('',*,*,#1903,.T.);
#1056=ORIENTED_EDGE('',*,*,#1904,.T.);
#1057=ORIENTED_EDGE('',*,*,#1639,.F.);
#1058=ORIENTED_EDGE('',*,*,#1905,.F.);
#1059=ORIENTED_EDGE('',*,*,#1906,.T.);
#1060=ORIENTED_EDGE('',*,*,#1902,.T.);
#1061=ORIENTED_EDGE('',*,*,#1646,.F.);
#1062=ORIENTED_EDGE('',*,*,#1907,.F.);
#1063=ORIENTED_EDGE('',*,*,#1908,.T.);
#1064=ORIENTED_EDGE('',*,*,#1905,.T.);
#1065=ORIENTED_EDGE('',*,*,#1645,.F.);
#1066=ORIENTED_EDGE('',*,*,#1909,.F.);
#1067=ORIENTED_EDGE('',*,*,#1910,.T.);
#1068=ORIENTED_EDGE('',*,*,#1907,.T.);
#1069=ORIENTED_EDGE('',*,*,#1644,.F.);
#1070=ORIENTED_EDGE('',*,*,#1911,.F.);
#1071=ORIENTED_EDGE('',*,*,#1912,.T.);
#1072=ORIENTED_EDGE('',*,*,#1909,.T.);
#1073=ORIENTED_EDGE('',*,*,#1643,.F.);
#1074=ORIENTED_EDGE('',*,*,#1913,.F.);
#1075=ORIENTED_EDGE('',*,*,#1914,.T.);
#1076=ORIENTED_EDGE('',*,*,#1911,.T.);
#1077=ORIENTED_EDGE('',*,*,#1642,.F.);
#1078=ORIENTED_EDGE('',*,*,#1915,.F.);
#1079=ORIENTED_EDGE('',*,*,#1916,.T.);
#1080=ORIENTED_EDGE('',*,*,#1913,.T.);
#1081=ORIENTED_EDGE('',*,*,#1641,.F.);
#1082=ORIENTED_EDGE('',*,*,#1904,.F.);
#1083=ORIENTED_EDGE('',*,*,#1917,.T.);
#1084=ORIENTED_EDGE('',*,*,#1915,.T.);
#1085=ORIENTED_EDGE('',*,*,#1903,.F.);
#1086=ORIENTED_EDGE('',*,*,#1906,.F.);
#1087=ORIENTED_EDGE('',*,*,#1908,.F.);
#1088=ORIENTED_EDGE('',*,*,#1910,.F.);
#1089=ORIENTED_EDGE('',*,*,#1912,.F.);
#1090=ORIENTED_EDGE('',*,*,#1914,.F.);
#1091=ORIENTED_EDGE('',*,*,#1916,.F.);
#1092=ORIENTED_EDGE('',*,*,#1917,.F.);
#1093=ORIENTED_EDGE('',*,*,#1648,.F.);
#1094=ORIENTED_EDGE('',*,*,#1918,.F.);
#1095=ORIENTED_EDGE('',*,*,#1919,.T.);
#1096=ORIENTED_EDGE('',*,*,#1920,.T.);
#1097=ORIENTED_EDGE('',*,*,#1647,.F.);
#1098=ORIENTED_EDGE('',*,*,#1921,.F.);
#1099=ORIENTED_EDGE('',*,*,#1922,.T.);
#1100=ORIENTED_EDGE('',*,*,#1918,.T.);
#1101=ORIENTED_EDGE('',*,*,#1654,.F.);
#1102=ORIENTED_EDGE('',*,*,#1923,.F.);
#1103=ORIENTED_EDGE('',*,*,#1924,.T.);
#1104=ORIENTED_EDGE('',*,*,#1921,.T.);
#1105=ORIENTED_EDGE('',*,*,#1653,.F.);
#1106=ORIENTED_EDGE('',*,*,#1925,.F.);
#1107=ORIENTED_EDGE('',*,*,#1926,.T.);
#1108=ORIENTED_EDGE('',*,*,#1923,.T.);
#1109=ORIENTED_EDGE('',*,*,#1652,.F.);
#1110=ORIENTED_EDGE('',*,*,#1927,.F.);
#1111=ORIENTED_EDGE('',*,*,#1928,.T.);
#1112=ORIENTED_EDGE('',*,*,#1925,.T.);
#1113=ORIENTED_EDGE('',*,*,#1651,.F.);
#1114=ORIENTED_EDGE('',*,*,#1929,.F.);
#1115=ORIENTED_EDGE('',*,*,#1930,.T.);
#1116=ORIENTED_EDGE('',*,*,#1927,.T.);
#1117=ORIENTED_EDGE('',*,*,#1650,.F.);
#1118=ORIENTED_EDGE('',*,*,#1931,.F.);
#1119=ORIENTED_EDGE('',*,*,#1932,.T.);
#1120=ORIENTED_EDGE('',*,*,#1929,.T.);
#1121=ORIENTED_EDGE('',*,*,#1649,.F.);
#1122=ORIENTED_EDGE('',*,*,#1920,.F.);
#1123=ORIENTED_EDGE('',*,*,#1933,.T.);
#1124=ORIENTED_EDGE('',*,*,#1931,.T.);
#1125=ORIENTED_EDGE('',*,*,#1919,.F.);
#1126=ORIENTED_EDGE('',*,*,#1922,.F.);
#1127=ORIENTED_EDGE('',*,*,#1924,.F.);
#1128=ORIENTED_EDGE('',*,*,#1926,.F.);
#1129=ORIENTED_EDGE('',*,*,#1928,.F.);
#1130=ORIENTED_EDGE('',*,*,#1930,.F.);
#1131=ORIENTED_EDGE('',*,*,#1932,.F.);
#1132=ORIENTED_EDGE('',*,*,#1933,.F.);
#1133=ORIENTED_EDGE('',*,*,#1656,.F.);
#1134=ORIENTED_EDGE('',*,*,#1934,.F.);
#1135=ORIENTED_EDGE('',*,*,#1935,.T.);
#1136=ORIENTED_EDGE('',*,*,#1936,.T.);
#1137=ORIENTED_EDGE('',*,*,#1655,.F.);
#1138=ORIENTED_EDGE('',*,*,#1937,.F.);
#1139=ORIENTED_EDGE('',*,*,#1938,.T.);
#1140=ORIENTED_EDGE('',*,*,#1934,.T.);
#1141=ORIENTED_EDGE('',*,*,#1676,.F.);
#1142=ORIENTED_EDGE('',*,*,#1939,.F.);
#1143=ORIENTED_EDGE('',*,*,#1940,.T.);
#1144=ORIENTED_EDGE('',*,*,#1937,.T.);
#1145=ORIENTED_EDGE('',*,*,#1675,.F.);
#1146=ORIENTED_EDGE('',*,*,#1941,.F.);
#1147=ORIENTED_EDGE('',*,*,#1942,.T.);
#1148=ORIENTED_EDGE('',*,*,#1939,.T.);
#1149=ORIENTED_EDGE('',*,*,#1674,.F.);
#1150=ORIENTED_EDGE('',*,*,#1943,.F.);
#1151=ORIENTED_EDGE('',*,*,#1944,.T.);
#1152=ORIENTED_EDGE('',*,*,#1941,.T.);
#1153=ORIENTED_EDGE('',*,*,#1673,.F.);
#1154=ORIENTED_EDGE('',*,*,#1945,.F.);
#1155=ORIENTED_EDGE('',*,*,#1946,.T.);
#1156=ORIENTED_EDGE('',*,*,#1943,.T.);
#1157=ORIENTED_EDGE('',*,*,#1672,.F.);
#1158=ORIENTED_EDGE('',*,*,#1947,.F.);
#1159=ORIENTED_EDGE('',*,*,#1948,.T.);
#1160=ORIENTED_EDGE('',*,*,#1945,.T.);
#1161=ORIENTED_EDGE('',*,*,#1671,.F.);
#1162=ORIENTED_EDGE('',*,*,#1949,.F.);
#1163=ORIENTED_EDGE('',*,*,#1950,.T.);
#1164=ORIENTED_EDGE('',*,*,#1947,.T.);
#1165=ORIENTED_EDGE('',*,*,#1670,.F.);
#1166=ORIENTED_EDGE('',*,*,#1951,.F.);
#1167=ORIENTED_EDGE('',*,*,#1952,.T.);
#1168=ORIENTED_EDGE('',*,*,#1949,.T.);
#1169=ORIENTED_EDGE('',*,*,#1669,.F.);
#1170=ORIENTED_EDGE('',*,*,#1953,.F.);
#1171=ORIENTED_EDGE('',*,*,#1954,.T.);
#1172=ORIENTED_EDGE('',*,*,#1951,.T.);
#1173=ORIENTED_EDGE('',*,*,#1668,.F.);
#1174=ORIENTED_EDGE('',*,*,#1955,.F.);
#1175=ORIENTED_EDGE('',*,*,#1956,.T.);
#1176=ORIENTED_EDGE('',*,*,#1953,.T.);
#1177=ORIENTED_EDGE('',*,*,#1667,.F.);
#1178=ORIENTED_EDGE('',*,*,#1957,.F.);
#1179=ORIENTED_EDGE('',*,*,#1958,.T.);
#1180=ORIENTED_EDGE('',*,*,#1955,.T.);
#1181=ORIENTED_EDGE('',*,*,#1666,.F.);
#1182=ORIENTED_EDGE('',*,*,#1959,.F.);
#1183=ORIENTED_EDGE('',*,*,#1960,.T.);
#1184=ORIENTED_EDGE('',*,*,#1957,.T.);
#1185=ORIENTED_EDGE('',*,*,#1665,.F.);
#1186=ORIENTED_EDGE('',*,*,#1961,.F.);
#1187=ORIENTED_EDGE('',*,*,#1962,.T.);
#1188=ORIENTED_EDGE('',*,*,#1959,.T.);
#1189=ORIENTED_EDGE('',*,*,#1664,.F.);
#1190=ORIENTED_EDGE('',*,*,#1963,.F.);
#1191=ORIENTED_EDGE('',*,*,#1964,.T.);
#1192=ORIENTED_EDGE('',*,*,#1961,.T.);
#1193=ORIENTED_EDGE('',*,*,#1663,.F.);
#1194=ORIENTED_EDGE('',*,*,#1965,.F.);
#1195=ORIENTED_EDGE('',*,*,#1966,.T.);
#1196=ORIENTED_EDGE('',*,*,#1963,.T.);
#1197=ORIENTED_EDGE('',*,*,#1662,.F.);
#1198=ORIENTED_EDGE('',*,*,#1967,.F.);
#1199=ORIENTED_EDGE('',*,*,#1968,.T.);
#1200=ORIENTED_EDGE('',*,*,#1965,.T.);
#1201=ORIENTED_EDGE('',*,*,#1661,.F.);
#1202=ORIENTED_EDGE('',*,*,#1969,.F.);
#1203=ORIENTED_EDGE('',*,*,#1970,.T.);
#1204=ORIENTED_EDGE('',*,*,#1967,.T.);
#1205=ORIENTED_EDGE('',*,*,#1660,.F.);
#1206=ORIENTED_EDGE('',*,*,#1971,.F.);
#1207=ORIENTED_EDGE('',*,*,#1972,.T.);
#1208=ORIENTED_EDGE('',*,*,#1969,.T.);
#1209=ORIENTED_EDGE('',*,*,#1659,.F.);
#1210=ORIENTED_EDGE('',*,*,#1973,.F.);
#1211=ORIENTED_EDGE('',*,*,#1974,.T.);
#1212=ORIENTED_EDGE('',*,*,#1971,.T.);
#1213=ORIENTED_EDGE('',*,*,#1658,.F.);
#1214=ORIENTED_EDGE('',*,*,#1975,.F.);
#1215=ORIENTED_EDGE('',*,*,#1976,.T.);
#1216=ORIENTED_EDGE('',*,*,#1973,.T.);
#1217=ORIENTED_EDGE('',*,*,#1657,.F.);
#1218=ORIENTED_EDGE('',*,*,#1936,.F.);
#1219=ORIENTED_EDGE('',*,*,#1977,.T.);
#1220=ORIENTED_EDGE('',*,*,#1975,.T.);
#1221=ORIENTED_EDGE('',*,*,#1935,.F.);
#1222=ORIENTED_EDGE('',*,*,#1938,.F.);
#1223=ORIENTED_EDGE('',*,*,#1940,.F.);
#1224=ORIENTED_EDGE('',*,*,#1942,.F.);
#1225=ORIENTED_EDGE('',*,*,#1944,.F.);
#1226=ORIENTED_EDGE('',*,*,#1946,.F.);
#1227=ORIENTED_EDGE('',*,*,#1948,.F.);
#1228=ORIENTED_EDGE('',*,*,#1950,.F.);
#1229=ORIENTED_EDGE('',*,*,#1952,.F.);
#1230=ORIENTED_EDGE('',*,*,#1954,.F.);
#1231=ORIENTED_EDGE('',*,*,#1956,.F.);
#1232=ORIENTED_EDGE('',*,*,#1958,.F.);
#1233=ORIENTED_EDGE('',*,*,#1960,.F.);
#1234=ORIENTED_EDGE('',*,*,#1962,.F.);
#1235=ORIENTED_EDGE('',*,*,#1964,.F.);
#1236=ORIENTED_EDGE('',*,*,#1966,.F.);
#1237=ORIENTED_EDGE('',*,*,#1968,.F.);
#1238=ORIENTED_EDGE('',*,*,#1970,.F.);
#1239=ORIENTED_EDGE('',*,*,#1972,.F.);
#1240=ORIENTED_EDGE('',*,*,#1974,.F.);
#1241=ORIENTED_EDGE('',*,*,#1976,.F.);
#1242=ORIENTED_EDGE('',*,*,#1977,.F.);
#1243=ORIENTED_EDGE('',*,*,#1678,.F.);
#1244=ORIENTED_EDGE('',*,*,#1978,.F.);
#1245=ORIENTED_EDGE('',*,*,#1979,.T.);
#1246=ORIENTED_EDGE('',*,*,#1980,.T.);
#1247=ORIENTED_EDGE('',*,*,#1677,.F.);
#1248=ORIENTED_EDGE('',*,*,#1981,.F.);
#1249=ORIENTED_EDGE('',*,*,#1982,.T.);
#1250=ORIENTED_EDGE('',*,*,#1978,.T.);
#1251=ORIENTED_EDGE('',*,*,#1680,.F.);
#1252=ORIENTED_EDGE('',*,*,#1983,.F.);
#1253=ORIENTED_EDGE('',*,*,#1984,.T.);
#1254=ORIENTED_EDGE('',*,*,#1981,.T.);
#1255=ORIENTED_EDGE('',*,*,#1679,.F.);
#1256=ORIENTED_EDGE('',*,*,#1980,.F.);
#1257=ORIENTED_EDGE('',*,*,#1985,.T.);
#1258=ORIENTED_EDGE('',*,*,#1983,.T.);
#1259=ORIENTED_EDGE('',*,*,#1979,.F.);
#1260=ORIENTED_EDGE('',*,*,#1982,.F.);
#1261=ORIENTED_EDGE('',*,*,#1984,.F.);
#1262=ORIENTED_EDGE('',*,*,#1985,.F.);
#1263=ORIENTED_EDGE('',*,*,#1682,.F.);
#1264=ORIENTED_EDGE('',*,*,#1986,.F.);
#1265=ORIENTED_EDGE('',*,*,#1987,.T.);
#1266=ORIENTED_EDGE('',*,*,#1988,.T.);
#1267=ORIENTED_EDGE('',*,*,#1681,.F.);
#1268=ORIENTED_EDGE('',*,*,#1989,.F.);
#1269=ORIENTED_EDGE('',*,*,#1990,.T.);
#1270=ORIENTED_EDGE('',*,*,#1986,.T.);
#1271=ORIENTED_EDGE('',*,*,#1684,.F.);
#1272=ORIENTED_EDGE('',*,*,#1991,.F.);
#1273=ORIENTED_EDGE('',*,*,#1992,.T.);
#1274=ORIENTED_EDGE('',*,*,#1989,.T.);
#1275=ORIENTED_EDGE('',*,*,#1683,.F.);
#1276=ORIENTED_EDGE('',*,*,#1988,.F.);
#1277=ORIENTED_EDGE('',*,*,#1993,.T.);
#1278=ORIENTED_EDGE('',*,*,#1991,.T.);
#1279=ORIENTED_EDGE('',*,*,#1987,.F.);
#1280=ORIENTED_EDGE('',*,*,#1990,.F.);
#1281=ORIENTED_EDGE('',*,*,#1992,.F.);
#1282=ORIENTED_EDGE('',*,*,#1993,.F.);
#1283=ORIENTED_EDGE('',*,*,#1686,.F.);
#1284=ORIENTED_EDGE('',*,*,#1994,.F.);
#1285=ORIENTED_EDGE('',*,*,#1995,.T.);
#1286=ORIENTED_EDGE('',*,*,#1996,.T.);
#1287=ORIENTED_EDGE('',*,*,#1685,.F.);
#1288=ORIENTED_EDGE('',*,*,#1997,.F.);
#1289=ORIENTED_EDGE('',*,*,#1998,.T.);
#1290=ORIENTED_EDGE('',*,*,#1994,.T.);
#1291=ORIENTED_EDGE('',*,*,#1723,.F.);
#1292=ORIENTED_EDGE('',*,*,#1999,.F.);
#1293=ORIENTED_EDGE('',*,*,#2000,.T.);
#1294=ORIENTED_EDGE('',*,*,#1997,.T.);
#1295=ORIENTED_EDGE('',*,*,#1722,.F.);
#1296=ORIENTED_EDGE('',*,*,#2001,.F.);
#1297=ORIENTED_EDGE('',*,*,#2002,.T.);
#1298=ORIENTED_EDGE('',*,*,#1999,.T.);
#1299=ORIENTED_EDGE('',*,*,#1721,.F.);
#1300=ORIENTED_EDGE('',*,*,#2003,.F.);
#1301=ORIENTED_EDGE('',*,*,#2004,.T.);
#1302=ORIENTED_EDGE('',*,*,#2001,.T.);
#1303=ORIENTED_EDGE('',*,*,#1720,.F.);
#1304=ORIENTED_EDGE('',*,*,#2005,.F.);
#1305=ORIENTED_EDGE('',*,*,#2006,.T.);
#1306=ORIENTED_EDGE('',*,*,#2003,.T.);
#1307=ORIENTED_EDGE('',*,*,#1719,.F.);
#1308=ORIENTED_EDGE('',*,*,#2007,.F.);
#1309=ORIENTED_EDGE('',*,*,#2008,.T.);
#1310=ORIENTED_EDGE('',*,*,#2005,.T.);
#1311=ORIENTED_EDGE('',*,*,#1718,.F.);
#1312=ORIENTED_EDGE('',*,*,#2009,.F.);
#1313=ORIENTED_EDGE('',*,*,#2010,.T.);
#1314=ORIENTED_EDGE('',*,*,#2007,.T.);
#1315=ORIENTED_EDGE('',*,*,#1717,.F.);
#1316=ORIENTED_EDGE('',*,*,#2011,.F.);
#1317=ORIENTED_EDGE('',*,*,#2012,.T.);
#1318=ORIENTED_EDGE('',*,*,#2009,.T.);
#1319=ORIENTED_EDGE('',*,*,#1716,.F.);
#1320=ORIENTED_EDGE('',*,*,#2013,.F.);
#1321=ORIENTED_EDGE('',*,*,#2014,.T.);
#1322=ORIENTED_EDGE('',*,*,#2011,.T.);
#1323=ORIENTED_EDGE('',*,*,#1715,.F.);
#1324=ORIENTED_EDGE('',*,*,#2015,.F.);
#1325=ORIENTED_EDGE('',*,*,#2016,.T.);
#1326=ORIENTED_EDGE('',*,*,#2013,.T.);
#1327=ORIENTED_EDGE('',*,*,#1714,.F.);
#1328=ORIENTED_EDGE('',*,*,#2017,.F.);
#1329=ORIENTED_EDGE('',*,*,#2018,.T.);
#1330=ORIENTED_EDGE('',*,*,#2015,.T.);
#1331=ORIENTED_EDGE('',*,*,#1713,.F.);
#1332=ORIENTED_EDGE('',*,*,#2019,.F.);
#1333=ORIENTED_EDGE('',*,*,#2020,.T.);
#1334=ORIENTED_EDGE('',*,*,#2017,.T.);
#1335=ORIENTED_EDGE('',*,*,#1712,.F.);
#1336=ORIENTED_EDGE('',*,*,#2021,.F.);
#1337=ORIENTED_EDGE('',*,*,#2022,.T.);
#1338=ORIENTED_EDGE('',*,*,#2019,.T.);
#1339=ORIENTED_EDGE('',*,*,#1711,.F.);
#1340=ORIENTED_EDGE('',*,*,#2023,.F.);
#1341=ORIENTED_EDGE('',*,*,#2024,.T.);
#1342=ORIENTED_EDGE('',*,*,#2021,.T.);
#1343=ORIENTED_EDGE('',*,*,#1710,.F.);
#1344=ORIENTED_EDGE('',*,*,#2025,.F.);
#1345=ORIENTED_EDGE('',*,*,#2026,.T.);
#1346=ORIENTED_EDGE('',*,*,#2023,.T.);
#1347=ORIENTED_EDGE('',*,*,#1709,.F.);
#1348=ORIENTED_EDGE('',*,*,#2027,.F.);
#1349=ORIENTED_EDGE('',*,*,#2028,.T.);
#1350=ORIENTED_EDGE('',*,*,#2025,.T.);
#1351=ORIENTED_EDGE('',*,*,#1708,.F.);
#1352=ORIENTED_EDGE('',*,*,#2029,.F.);
#1353=ORIENTED_EDGE('',*,*,#2030,.T.);
#1354=ORIENTED_EDGE('',*,*,#2027,.T.);
#1355=ORIENTED_EDGE('',*,*,#1707,.F.);
#1356=ORIENTED_EDGE('',*,*,#2031,.F.);
#1357=ORIENTED_EDGE('',*,*,#2032,.T.);
#1358=ORIENTED_EDGE('',*,*,#2029,.T.);
#1359=ORIENTED_EDGE('',*,*,#1706,.F.);
#1360=ORIENTED_EDGE('',*,*,#2033,.F.);
#1361=ORIENTED_EDGE('',*,*,#2034,.T.);
#1362=ORIENTED_EDGE('',*,*,#2031,.T.);
#1363=ORIENTED_EDGE('',*,*,#1705,.F.);
#1364=ORIENTED_EDGE('',*,*,#2035,.F.);
#1365=ORIENTED_EDGE('',*,*,#2036,.T.);
#1366=ORIENTED_EDGE('',*,*,#2033,.T.);
#1367=ORIENTED_EDGE('',*,*,#1704,.F.);
#1368=ORIENTED_EDGE('',*,*,#2037,.F.);
#1369=ORIENTED_EDGE('',*,*,#2038,.T.);
#1370=ORIENTED_EDGE('',*,*,#2035,.T.);
#1371=ORIENTED_EDGE('',*,*,#1703,.F.);
#1372=ORIENTED_EDGE('',*,*,#2039,.F.);
#1373=ORIENTED_EDGE('',*,*,#2040,.T.);
#1374=ORIENTED_EDGE('',*,*,#2037,.T.);
#1375=ORIENTED_EDGE('',*,*,#1702,.F.);
#1376=ORIENTED_EDGE('',*,*,#2041,.F.);
#1377=ORIENTED_EDGE('',*,*,#2042,.T.);
#1378=ORIENTED_EDGE('',*,*,#2039,.T.);
#1379=ORIENTED_EDGE('',*,*,#1701,.F.);
#1380=ORIENTED_EDGE('',*,*,#2043,.F.);
#1381=ORIENTED_EDGE('',*,*,#2044,.T.);
#1382=ORIENTED_EDGE('',*,*,#2041,.T.);
#1383=ORIENTED_EDGE('',*,*,#1700,.F.);
#1384=ORIENTED_EDGE('',*,*,#2045,.F.);
#1385=ORIENTED_EDGE('',*,*,#2046,.T.);
#1386=ORIENTED_EDGE('',*,*,#2043,.T.);
#1387=ORIENTED_EDGE('',*,*,#1699,.F.);
#1388=ORIENTED_EDGE('',*,*,#2047,.F.);
#1389=ORIENTED_EDGE('',*,*,#2048,.T.);
#1390=ORIENTED_EDGE('',*,*,#2045,.T.);
#1391=ORIENTED_EDGE('',*,*,#1698,.F.);
#1392=ORIENTED_EDGE('',*,*,#2049,.F.);
#1393=ORIENTED_EDGE('',*,*,#2050,.T.);
#1394=ORIENTED_EDGE('',*,*,#2047,.T.);
#1395=ORIENTED_EDGE('',*,*,#1697,.F.);
#1396=ORIENTED_EDGE('',*,*,#2051,.F.);
#1397=ORIENTED_EDGE('',*,*,#2052,.T.);
#1398=ORIENTED_EDGE('',*,*,#2049,.T.);
#1399=ORIENTED_EDGE('',*,*,#1696,.F.);
#1400=ORIENTED_EDGE('',*,*,#2053,.F.);
#1401=ORIENTED_EDGE('',*,*,#2054,.T.);
#1402=ORIENTED_EDGE('',*,*,#2051,.T.);
#1403=ORIENTED_EDGE('',*,*,#1695,.F.);
#1404=ORIENTED_EDGE('',*,*,#2055,.F.);
#1405=ORIENTED_EDGE('',*,*,#2056,.T.);
#1406=ORIENTED_EDGE('',*,*,#2053,.T.);
#1407=ORIENTED_EDGE('',*,*,#1694,.F.);
#1408=ORIENTED_EDGE('',*,*,#2057,.F.);
#1409=ORIENTED_EDGE('',*,*,#2058,.T.);
#1410=ORIENTED_EDGE('',*,*,#2055,.T.);
#1411=ORIENTED_EDGE('',*,*,#1693,.F.);
#1412=ORIENTED_EDGE('',*,*,#2059,.F.);
#1413=ORIENTED_EDGE('',*,*,#2060,.T.);
#1414=ORIENTED_EDGE('',*,*,#2057,.T.);
#1415=ORIENTED_EDGE('',*,*,#1692,.F.);
#1416=ORIENTED_EDGE('',*,*,#2061,.F.);
#1417=ORIENTED_EDGE('',*,*,#2062,.T.);
#1418=ORIENTED_EDGE('',*,*,#2059,.T.);
#1419=ORIENTED_EDGE('',*,*,#1691,.F.);
#1420=ORIENTED_EDGE('',*,*,#2063,.F.);
#1421=ORIENTED_EDGE('',*,*,#2064,.T.);
#1422=ORIENTED_EDGE('',*,*,#2061,.T.);
#1423=ORIENTED_EDGE('',*,*,#1690,.F.);
#1424=ORIENTED_EDGE('',*,*,#2065,.F.);
#1425=ORIENTED_EDGE('',*,*,#2066,.T.);
#1426=ORIENTED_EDGE('',*,*,#2063,.T.);
#1427=ORIENTED_EDGE('',*,*,#1689,.F.);
#1428=ORIENTED_EDGE('',*,*,#2067,.F.);
#1429=ORIENTED_EDGE('',*,*,#2068,.T.);
#1430=ORIENTED_EDGE('',*,*,#2065,.T.);
#1431=ORIENTED_EDGE('',*,*,#1688,.F.);
#1432=ORIENTED_EDGE('',*,*,#2069,.F.);
#1433=ORIENTED_EDGE('',*,*,#2070,.T.);
#1434=ORIENTED_EDGE('',*,*,#2067,.T.);
#1435=ORIENTED_EDGE('',*,*,#1687,.F.);
#1436=ORIENTED_EDGE('',*,*,#1996,.F.);
#1437=ORIENTED_EDGE('',*,*,#2071,.T.);
#1438=ORIENTED_EDGE('',*,*,#2069,.T.);
#1439=ORIENTED_EDGE('',*,*,#1995,.F.);
#1440=ORIENTED_EDGE('',*,*,#1998,.F.);
#1441=ORIENTED_EDGE('',*,*,#2000,.F.);
#1442=ORIENTED_EDGE('',*,*,#2002,.F.);
#1443=ORIENTED_EDGE('',*,*,#2004,.F.);
#1444=ORIENTED_EDGE('',*,*,#2006,.F.);
#1445=ORIENTED_EDGE('',*,*,#2008,.F.);
#1446=ORIENTED_EDGE('',*,*,#2010,.F.);
#1447=ORIENTED_EDGE('',*,*,#2012,.F.);
#1448=ORIENTED_EDGE('',*,*,#2014,.F.);
#1449=ORIENTED_EDGE('',*,*,#2016,.F.);
#1450=ORIENTED_EDGE('',*,*,#2018,.F.);
#1451=ORIENTED_EDGE('',*,*,#2020,.F.);
#1452=ORIENTED_EDGE('',*,*,#2022,.F.);
#1453=ORIENTED_EDGE('',*,*,#2024,.F.);
#1454=ORIENTED_EDGE('',*,*,#2026,.F.);
#1455=ORIENTED_EDGE('',*,*,#2028,.F.);
#1456=ORIENTED_EDGE('',*,*,#2030,.F.);
#1457=ORIENTED_EDGE('',*,*,#2032,.F.);
#1458=ORIENTED_EDGE('',*,*,#2034,.F.);
#1459=ORIENTED_EDGE('',*,*,#2036,.F.);
#1460=ORIENTED_EDGE('',*,*,#2038,.F.);
#1461=ORIENTED_EDGE('',*,*,#2040,.F.);
#1462=ORIENTED_EDGE('',*,*,#2042,.F.);
#1463=ORIENTED_EDGE('',*,*,#2044,.F.);
#1464=ORIENTED_EDGE('',*,*,#2046,.F.);
#1465=ORIENTED_EDGE('',*,*,#2048,.F.);
#1466=ORIENTED_EDGE('',*,*,#2050,.F.);
#1467=ORIENTED_EDGE('',*,*,#2052,.F.);
#1468=ORIENTED_EDGE('',*,*,#2054,.F.);
#1469=ORIENTED_EDGE('',*,*,#2056,.F.);
#1470=ORIENTED_EDGE('',*,*,#2058,.F.);
#1471=ORIENTED_EDGE('',*,*,#2060,.F.);
#1472=ORIENTED_EDGE('',*,*,#2062,.F.);
#1473=ORIENTED_EDGE('',*,*,#2064,.F.);
#1474=ORIENTED_EDGE('',*,*,#2066,.F.);
#1475=ORIENTED_EDGE('',*,*,#2068,.F.);
#1476=ORIENTED_EDGE('',*,*,#2070,.F.);
#1477=ORIENTED_EDGE('',*,*,#2071,.F.);
#1478=EDGE_CURVE('',#2072,#2073,#2468,.T.);
#1479=EDGE_CURVE('',#2074,#2073,#2469,.T.);
#1480=EDGE_CURVE('',#2075,#2074,#2470,.T.);
#1481=EDGE_CURVE('',#2075,#2072,#2471,.T.);
#1482=EDGE_CURVE('',#2072,#2076,#2472,.T.);
#1483=EDGE_CURVE('',#2075,#2077,#2473,.T.);
#1484=EDGE_CURVE('',#2077,#2076,#2474,.T.);
#1485=EDGE_CURVE('',#2076,#2078,#2475,.T.);
#1486=EDGE_CURVE('',#2077,#2079,#2476,.T.);
#1487=EDGE_CURVE('',#2079,#2078,#2477,.T.);
#1488=EDGE_CURVE('',#2073,#2078,#2478,.T.);
#1489=EDGE_CURVE('',#2074,#2079,#2479,.T.);
#1490=EDGE_CURVE('',#2080,#2081,#2480,.T.);
#1491=EDGE_CURVE('',#2082,#2080,#2481,.T.);
#1492=EDGE_CURVE('',#2082,#2083,#2482,.T.);
#1493=EDGE_CURVE('',#2083,#2081,#2483,.T.);
#1494=EDGE_CURVE('',#2080,#2084,#2484,.T.);
#1495=EDGE_CURVE('',#2085,#2084,#2485,.T.);
#1496=EDGE_CURVE('',#2082,#2085,#2486,.T.);
#1497=EDGE_CURVE('',#2084,#2086,#2487,.T.);
#1498=EDGE_CURVE('',#2087,#2086,#2488,.T.);
#1499=EDGE_CURVE('',#2085,#2087,#2489,.T.);
#1500=EDGE_CURVE('',#2081,#2086,#2490,.T.);
#1501=EDGE_CURVE('',#2083,#2087,#2491,.T.);
#1502=EDGE_CURVE('',#2088,#2089,#2492,.T.);
#1503=EDGE_CURVE('',#2090,#2089,#2493,.T.);
#1504=EDGE_CURVE('',#2091,#2090,#2494,.T.);
#1505=EDGE_CURVE('',#2091,#2088,#2495,.T.);
#1506=EDGE_CURVE('',#2088,#2092,#90,.T.);
#1507=EDGE_CURVE('',#2091,#2093,#91,.T.);
#1508=EDGE_CURVE('',#2093,#2092,#2496,.T.);
#1509=EDGE_CURVE('',#2094,#2092,#2497,.T.);
#1510=EDGE_CURVE('',#2095,#2093,#2498,.T.);
#1511=EDGE_CURVE('',#2095,#2094,#2499,.T.);
#1512=EDGE_CURVE('',#2089,#2094,#92,.T.);
#1513=EDGE_CURVE('',#2090,#2095,#93,.T.);
#1514=EDGE_CURVE('',#2096,#2097,#2500,.T.);
#1515=EDGE_CURVE('',#2098,#2096,#2501,.T.);
#1516=EDGE_CURVE('',#2098,#2099,#2502,.T.);
#1517=EDGE_CURVE('',#2099,#2097,#2503,.T.);
#1518=EDGE_CURVE('',#2096,#2100,#94,.T.);
#1519=EDGE_CURVE('',#2101,#2100,#2504,.T.);
#1520=EDGE_CURVE('',#2098,#2101,#95,.T.);
#1521=EDGE_CURVE('',#2102,#2100,#2505,.T.);
#1522=EDGE_CURVE('',#2103,#2102,#2506,.T.);
#1523=EDGE_CURVE('',#2103,#2101,#2507,.T.);
#1524=EDGE_CURVE('',#2097,#2102,#96,.T.);
#1525=EDGE_CURVE('',#2099,#2103,#97,.T.);
#1526=EDGE_CURVE('',#2104,#2105,#2508,.T.);
#1527=EDGE_CURVE('',#2106,#2105,#2509,.T.);
#1528=EDGE_CURVE('',#2107,#2106,#2510,.T.);
#1529=EDGE_CURVE('',#2107,#2104,#2511,.T.);
#1530=EDGE_CURVE('',#2104,#2108,#14,.T.);
#1531=EDGE_CURVE('',#2107,#2109,#15,.T.);
#1532=EDGE_CURVE('',#2109,#2108,#2512,.T.);
#1533=EDGE_CURVE('',#2110,#2108,#2513,.T.);
#1534=EDGE_CURVE('',#2111,#2109,#2514,.T.);
#1535=EDGE_CURVE('',#2111,#2110,#2515,.T.);
#1536=EDGE_CURVE('',#2105,#2110,#16,.T.);
#1537=EDGE_CURVE('',#2106,#2111,#17,.T.);
#1538=EDGE_CURVE('',#2112,#2113,#2516,.T.);
#1539=EDGE_CURVE('',#2114,#2112,#2517,.T.);
#1540=EDGE_CURVE('',#2114,#2115,#2518,.T.);
#1541=EDGE_CURVE('',#2115,#2113,#2519,.T.);
#1542=EDGE_CURVE('',#2112,#2116,#18,.T.);
#1543=EDGE_CURVE('',#2117,#2116,#2520,.T.);
#1544=EDGE_CURVE('',#2114,#2117,#19,.T.);
#1545=EDGE_CURVE('',#2118,#2116,#2521,.T.);
#1546=EDGE_CURVE('',#2119,#2118,#2522,.T.);
#1547=EDGE_CURVE('',#2119,#2117,#2523,.T.);
#1548=EDGE_CURVE('',#2113,#2118,#20,.T.);
#1549=EDGE_CURVE('',#2115,#2119,#21,.T.);
#1550=EDGE_CURVE('',#2120,#2121,#2524,.T.);
#1551=EDGE_CURVE('',#2121,#2122,#2525,.T.);
#1552=EDGE_CURVE('',#2122,#2123,#2526,.F.);
#1553=EDGE_CURVE('',#2123,#2120,#2527,.F.);
#1554=EDGE_CURVE('',#2124,#2125,#2528,.T.);
#1555=EDGE_CURVE('',#2125,#2126,#2529,.T.);
#1556=EDGE_CURVE('',#2126,#2127,#2530,.T.);
#1557=EDGE_CURVE('',#2127,#2128,#2531,.T.);
#1558=EDGE_CURVE('',#2128,#2129,#2532,.T.);
#1559=EDGE_CURVE('',#2129,#2130,#2533,.T.);
#1560=EDGE_CURVE('',#2130,#2124,#2534,.T.);
#1561=EDGE_CURVE('',#2131,#2132,#2535,.T.);
#1562=EDGE_CURVE('',#2132,#2133,#2536,.T.);
#1563=EDGE_CURVE('',#2133,#2134,#2537,.T.);
#1564=EDGE_CURVE('',#2134,#2131,#2538,.T.);
#1565=EDGE_CURVE('',#2135,#2136,#2539,.T.);
#1566=EDGE_CURVE('',#2135,#2137,#2540,.T.);
#1567=EDGE_CURVE('',#2137,#2138,#22,.T.);
#1568=EDGE_CURVE('',#2138,#2139,#98,.T.);
#1569=EDGE_CURVE('',#2139,#2140,#99,.T.);
#1570=EDGE_CURVE('',#2140,#2141,#100,.T.);
#1571=EDGE_CURVE('',#2141,#2142,#101,.T.);
#1572=EDGE_CURVE('',#2142,#2143,#102,.T.);
#1573=EDGE_CURVE('',#2143,#2144,#103,.T.);
#1574=EDGE_CURVE('',#2144,#2145,#23,.T.);
#1575=EDGE_CURVE('',#2145,#2146,#2541,.T.);
#1576=EDGE_CURVE('',#2147,#2146,#2542,.T.);
#1577=EDGE_CURVE('',#2147,#2148,#24,.F.);
#1578=EDGE_CURVE('',#2148,#2149,#104,.T.);
#1579=EDGE_CURVE('',#2149,#2150,#105,.T.);
#1580=EDGE_CURVE('',#2150,#2151,#106,.T.);
#1581=EDGE_CURVE('',#2151,#2152,#107,.T.);
#1582=EDGE_CURVE('',#2152,#2153,#108,.T.);
#1583=EDGE_CURVE('',#2153,#2154,#109,.T.);
#1584=EDGE_CURVE('',#2154,#2136,#25,.F.);
#1585=EDGE_CURVE('',#2155,#2156,#2543,.T.);
#1586=EDGE_CURVE('',#2155,#2157,#26,.F.);
#1587=EDGE_CURVE('',#2157,#2158,#110,.T.);
#1588=EDGE_CURVE('',#2158,#2159,#111,.T.);
#1589=EDGE_CURVE('',#2159,#2160,#112,.T.);
#1590=EDGE_CURVE('',#2160,#2161,#113,.T.);
#1591=EDGE_CURVE('',#2161,#2162,#114,.T.);
#1592=EDGE_CURVE('',#2162,#2163,#115,.T.);
#1593=EDGE_CURVE('',#2163,#2164,#27,.F.);
#1594=EDGE_CURVE('',#2165,#2164,#2544,.T.);
#1595=EDGE_CURVE('',#2165,#2166,#2545,.T.);
#1596=EDGE_CURVE('',#2166,#2167,#28,.T.);
#1597=EDGE_CURVE('',#2167,#2168,#116,.T.);
#1598=EDGE_CURVE('',#2168,#2169,#117,.T.);
#1599=EDGE_CURVE('',#2169,#2170,#118,.T.);
#1600=EDGE_CURVE('',#2170,#2171,#119,.T.);
#1601=EDGE_CURVE('',#2171,#2172,#120,.T.);
#1602=EDGE_CURVE('',#2172,#2173,#121,.T.);
#1603=EDGE_CURVE('',#2173,#2174,#29,.T.);
#1604=EDGE_CURVE('',#2174,#2156,#2546,.T.);
#1605=EDGE_CURVE('',#2175,#2176,#2547,.T.);
#1606=EDGE_CURVE('',#2176,#2177,#2548,.T.);
#1607=EDGE_CURVE('',#2177,#2178,#2549,.T.);
#1608=EDGE_CURVE('',#2178,#2179,#2550,.T.);
#1609=EDGE_CURVE('',#2179,#2180,#2551,.T.);
#1610=EDGE_CURVE('',#2180,#2181,#2552,.T.);
#1611=EDGE_CURVE('',#2181,#2182,#2553,.T.);
#1612=EDGE_CURVE('',#2182,#2175,#2554,.T.);
#1613=EDGE_CURVE('',#2183,#2184,#2555,.T.);
#1614=EDGE_CURVE('',#2184,#2185,#2556,.T.);
#1615=EDGE_CURVE('',#2185,#2186,#2557,.T.);
#1616=EDGE_CURVE('',#2186,#2187,#2558,.T.);
#1617=EDGE_CURVE('',#2187,#2188,#2559,.T.);
#1618=EDGE_CURVE('',#2188,#2189,#2560,.T.);
#1619=EDGE_CURVE('',#2189,#2183,#2561,.T.);
#1620=EDGE_CURVE('',#2190,#2191,#2562,.T.);
#1621=EDGE_CURVE('',#2191,#2192,#2563,.T.);
#1622=EDGE_CURVE('',#2192,#2193,#2564,.T.);
#1623=EDGE_CURVE('',#2193,#2190,#2565,.T.);
#1624=EDGE_CURVE('',#2194,#2195,#2566,.T.);
#1625=EDGE_CURVE('',#2195,#2196,#2567,.T.);
#1626=EDGE_CURVE('',#2196,#2197,#2568,.T.);
#1627=EDGE_CURVE('',#2197,#2194,#2569,.T.);
#1628=EDGE_CURVE('',#2198,#2199,#2570,.T.);
#1629=EDGE_CURVE('',#2199,#2200,#2571,.T.);
#1630=EDGE_CURVE('',#2200,#2201,#2572,.T.);
#1631=EDGE_CURVE('',#2201,#2202,#2573,.T.);
#1632=EDGE_CURVE('',#2202,#2203,#2574,.T.);
#1633=EDGE_CURVE('',#2203,#2204,#2575,.T.);
#1634=EDGE_CURVE('',#2204,#2198,#2576,.T.);
#1635=EDGE_CURVE('',#2205,#2206,#2577,.T.);
#1636=EDGE_CURVE('',#2206,#2207,#2578,.T.);
#1637=EDGE_CURVE('',#2207,#2208,#2579,.T.);
#1638=EDGE_CURVE('',#2208,#2205,#2580,.T.);
#1639=EDGE_CURVE('',#2209,#2210,#2581,.T.);
#1640=EDGE_CURVE('',#2210,#2211,#2582,.T.);
#1641=EDGE_CURVE('',#2211,#2212,#2583,.T.);
#1642=EDGE_CURVE('',#2212,#2213,#2584,.T.);
#1643=EDGE_CURVE('',#2213,#2214,#2585,.T.);
#1644=EDGE_CURVE('',#2214,#2215,#2586,.T.);
#1645=EDGE_CURVE('',#2215,#2216,#2587,.T.);
#1646=EDGE_CURVE('',#2216,#2209,#2588,.T.);
#1647=EDGE_CURVE('',#2217,#2218,#2589,.T.);
#1648=EDGE_CURVE('',#2218,#2219,#2590,.T.);
#1649=EDGE_CURVE('',#2219,#2220,#2591,.T.);
#1650=EDGE_CURVE('',#2220,#2221,#2592,.T.);
#1651=EDGE_CURVE('',#2221,#2222,#2593,.T.);
#1652=EDGE_CURVE('',#2222,#2223,#2594,.T.);
#1653=EDGE_CURVE('',#2223,#2224,#2595,.T.);
#1654=EDGE_CURVE('',#2224,#2217,#2596,.T.);
#1655=EDGE_CURVE('',#2225,#2226,#122,.T.);
#1656=EDGE_CURVE('',#2226,#2227,#2597,.T.);
#1657=EDGE_CURVE('',#2227,#2228,#2598,.T.);
#1658=EDGE_CURVE('',#2228,#2229,#2599,.T.);
#1659=EDGE_CURVE('',#2229,#2230,#123,.T.);
#1660=EDGE_CURVE('',#2230,#2231,#124,.T.);
#1661=EDGE_CURVE('',#2231,#2232,#30,.T.);
#1662=EDGE_CURVE('',#2232,#2233,#125,.T.);
#1663=EDGE_CURVE('',#2233,#2234,#126,.T.);
#1664=EDGE_CURVE('',#2234,#2235,#127,.T.);
#1665=EDGE_CURVE('',#2235,#2236,#2600,.T.);
#1666=EDGE_CURVE('',#2236,#2237,#2601,.T.);
#1667=EDGE_CURVE('',#2237,#2238,#2602,.T.);
#1668=EDGE_CURVE('',#2238,#2239,#128,.T.);
#1669=EDGE_CURVE('',#2239,#2240,#129,.T.);
#1670=EDGE_CURVE('',#2240,#2241,#31,.F.);
#1671=EDGE_CURVE('',#2241,#2242,#32,.F.);
#1672=EDGE_CURVE('',#2242,#2243,#130,.T.);
#1673=EDGE_CURVE('',#2243,#2244,#131,.T.);
#1674=EDGE_CURVE('',#2244,#2245,#132,.T.);
#1675=EDGE_CURVE('',#2245,#2246,#133,.T.);
#1676=EDGE_CURVE('',#2246,#2225,#134,.T.);
#1677=EDGE_CURVE('',#2247,#2248,#2603,.T.);
#1678=EDGE_CURVE('',#2248,#2249,#2604,.T.);
#1679=EDGE_CURVE('',#2249,#2250,#2605,.T.);
#1680=EDGE_CURVE('',#2250,#2247,#2606,.T.);
#1681=EDGE_CURVE('',#2251,#2252,#2607,.T.);
#1682=EDGE_CURVE('',#2252,#2253,#2608,.T.);
#1683=EDGE_CURVE('',#2253,#2254,#2609,.T.);
#1684=EDGE_CURVE('',#2254,#2251,#2610,.T.);
#1685=EDGE_CURVE('',#2255,#2256,#33,.F.);
#1686=EDGE_CURVE('',#2256,#2257,#2611,.T.);
#1687=EDGE_CURVE('',#2257,#2258,#2612,.T.);
#1688=EDGE_CURVE('',#2258,#2259,#2613,.T.);
#1689=EDGE_CURVE('',#2259,#2260,#135,.T.);
#1690=EDGE_CURVE('',#2260,#2261,#136,.T.);
#1691=EDGE_CURVE('',#2261,#2262,#137,.T.);
#1692=EDGE_CURVE('',#2262,#2263,#138,.T.);
#1693=EDGE_CURVE('',#2263,#2264,#2614,.T.);
#1694=EDGE_CURVE('',#2264,#2265,#2615,.T.);
#1695=EDGE_CURVE('',#2265,#2266,#2616,.T.);
#1696=EDGE_CURVE('',#2266,#2267,#34,.T.);
#1697=EDGE_CURVE('',#2267,#2268,#35,.T.);
#1698=EDGE_CURVE('',#2268,#2269,#139,.T.);
#1699=EDGE_CURVE('',#2269,#2270,#140,.T.);
#1700=EDGE_CURVE('',#2270,#2271,#36,.T.);
#1701=EDGE_CURVE('',#2271,#2272,#37,.T.);
#1702=EDGE_CURVE('',#2272,#2273,#141,.T.);
#1703=EDGE_CURVE('',#2273,#2274,#142,.T.);
#1704=EDGE_CURVE('',#2274,#2275,#2617,.T.);
#1705=EDGE_CURVE('',#2275,#2276,#2618,.T.);
#1706=EDGE_CURVE('',#2276,#2277,#2619,.T.);
#1707=EDGE_CURVE('',#2277,#2278,#38,.F.);
#1708=EDGE_CURVE('',#2278,#2279,#143,.T.);
#1709=EDGE_CURVE('',#2279,#2280,#144,.T.);
#1710=EDGE_CURVE('',#2280,#2281,#145,.T.);
#1711=EDGE_CURVE('',#2281,#2282,#146,.T.);
#1712=EDGE_CURVE('',#2282,#2283,#147,.T.);
#1713=EDGE_CURVE('',#2283,#2284,#39,.F.);
#1714=EDGE_CURVE('',#2284,#2285,#148,.T.);
#1715=EDGE_CURVE('',#2285,#2286,#149,.T.);
#1716=EDGE_CURVE('',#2286,#2287,#40,.F.);
#1717=EDGE_CURVE('',#2287,#2288,#150,.T.);
#1718=EDGE_CURVE('',#2288,#2289,#151,.T.);
#1719=EDGE_CURVE('',#2289,#2290,#152,.T.);
#1720=EDGE_CURVE('',#2290,#2291,#153,.T.);
#1721=EDGE_CURVE('',#2291,#2292,#154,.T.);
#1722=EDGE_CURVE('',#2292,#2293,#41,.F.);
#1723=EDGE_CURVE('',#2293,#2255,#155,.T.);
#1724=EDGE_CURVE('',#2294,#2295,#2620,.T.);
#1725=EDGE_CURVE('',#2295,#2296,#2621,.T.);
#1726=EDGE_CURVE('',#2296,#2297,#2622,.T.);
#1727=EDGE_CURVE('',#2297,#2294,#2623,.T.);
#1728=EDGE_CURVE('',#2121,#2296,#10,.F.);
#1729=EDGE_CURVE('',#2297,#2120,#11,.T.);
#1730=EDGE_CURVE('',#2294,#2123,#12,.T.);
#1731=EDGE_CURVE('',#2122,#2295,#13,.F.);
#1732=EDGE_CURVE('',#2298,#2125,#2624,.T.);
#1733=EDGE_CURVE('',#2298,#2299,#2625,.T.);
#1734=EDGE_CURVE('',#2299,#2126,#2626,.T.);
#1735=EDGE_CURVE('',#2300,#2124,#2627,.T.);
#1736=EDGE_CURVE('',#2300,#2298,#2628,.T.);
#1737=EDGE_CURVE('',#2301,#2130,#2629,.T.);
#1738=EDGE_CURVE('',#2301,#2300,#2630,.T.);
#1739=EDGE_CURVE('',#2302,#2129,#2631,.T.);
#1740=EDGE_CURVE('',#2302,#2301,#2632,.T.);
#1741=EDGE_CURVE('',#2303,#2128,#2633,.T.);
#1742=EDGE_CURVE('',#2303,#2302,#2634,.T.);
#1743=EDGE_CURVE('',#2304,#2127,#2635,.T.);
#1744=EDGE_CURVE('',#2304,#2303,#2636,.T.);
#1745=EDGE_CURVE('',#2299,#2304,#2637,.T.);
#1746=EDGE_CURVE('',#2305,#2132,#2638,.T.);
#1747=EDGE_CURVE('',#2305,#2306,#2639,.T.);
#1748=EDGE_CURVE('',#2306,#2133,#2640,.T.);
#1749=EDGE_CURVE('',#2307,#2131,#2641,.T.);
#1750=EDGE_CURVE('',#2307,#2305,#2642,.T.);
#1751=EDGE_CURVE('',#2308,#2134,#2643,.T.);
#1752=EDGE_CURVE('',#2308,#2307,#2644,.T.);
#1753=EDGE_CURVE('',#2306,#2308,#2645,.T.);
#1754=EDGE_CURVE('',#2309,#2135,#2646,.T.);
#1755=EDGE_CURVE('',#2309,#2310,#2647,.T.);
#1756=EDGE_CURVE('',#2310,#2137,#2648,.T.);
#1757=EDGE_CURVE('',#2311,#2136,#2649,.T.);
#1758=EDGE_CURVE('',#2309,#2311,#2650,.T.);
#1759=EDGE_CURVE('',#2312,#2154,#2651,.T.);
#1760=EDGE_CURVE('',#2312,#2311,#42,.F.);
#1761=EDGE_CURVE('',#2313,#2153,#2652,.T.);
#1762=EDGE_CURVE('',#2313,#2312,#156,.T.);
#1763=EDGE_CURVE('',#2314,#2152,#2653,.T.);
#1764=EDGE_CURVE('',#2314,#2313,#157,.T.);
#1765=EDGE_CURVE('',#2315,#2151,#2654,.T.);
#1766=EDGE_CURVE('',#2315,#2314,#158,.T.);
#1767=EDGE_CURVE('',#2316,#2150,#2655,.T.);
#1768=EDGE_CURVE('',#2316,#2315,#159,.T.);
#1769=EDGE_CURVE('',#2317,#2149,#2656,.T.);
#1770=EDGE_CURVE('',#2317,#2316,#160,.T.);
#1771=EDGE_CURVE('',#2318,#2148,#2657,.T.);
#1772=EDGE_CURVE('',#2318,#2317,#161,.T.);
#1773=EDGE_CURVE('',#2319,#2147,#2658,.T.);
#1774=EDGE_CURVE('',#2319,#2318,#43,.F.);
#1775=EDGE_CURVE('',#2320,#2146,#2659,.T.);
#1776=EDGE_CURVE('',#2319,#2320,#2660,.T.);
#1777=EDGE_CURVE('',#2321,#2145,#2661,.T.);
#1778=EDGE_CURVE('',#2321,#2320,#2662,.T.);
#1779=EDGE_CURVE('',#2322,#2144,#2663,.T.);
#1780=EDGE_CURVE('',#2322,#2321,#44,.T.);
#1781=EDGE_CURVE('',#2323,#2143,#2664,.T.);
#1782=EDGE_CURVE('',#2323,#2322,#162,.T.);
#1783=EDGE_CURVE('',#2324,#2142,#2665,.T.);
#1784=EDGE_CURVE('',#2324,#2323,#163,.T.);
#1785=EDGE_CURVE('',#2325,#2141,#2666,.T.);
#1786=EDGE_CURVE('',#2325,#2324,#164,.T.);
#1787=EDGE_CURVE('',#2326,#2140,#2667,.T.);
#1788=EDGE_CURVE('',#2326,#2325,#165,.T.);
#1789=EDGE_CURVE('',#2327,#2139,#2668,.T.);
#1790=EDGE_CURVE('',#2327,#2326,#166,.T.);
#1791=EDGE_CURVE('',#2328,#2138,#2669,.T.);
#1792=EDGE_CURVE('',#2328,#2327,#167,.T.);
#1793=EDGE_CURVE('',#2310,#2328,#45,.T.);
#1794=EDGE_CURVE('',#2329,#2155,#2670,.T.);
#1795=EDGE_CURVE('',#2329,#2330,#46,.F.);
#1796=EDGE_CURVE('',#2330,#2157,#2671,.T.);
#1797=EDGE_CURVE('',#2331,#2156,#2672,.T.);
#1798=EDGE_CURVE('',#2329,#2331,#2673,.T.);
#1799=EDGE_CURVE('',#2332,#2174,#2674,.T.);
#1800=EDGE_CURVE('',#2332,#2331,#2675,.T.);
#1801=EDGE_CURVE('',#2333,#2173,#2676,.T.);
#1802=EDGE_CURVE('',#2333,#2332,#47,.T.);
#1803=EDGE_CURVE('',#2334,#2172,#2677,.T.);
#1804=EDGE_CURVE('',#2334,#2333,#168,.T.);
#1805=EDGE_CURVE('',#2335,#2171,#2678,.T.);
#1806=EDGE_CURVE('',#2335,#2334,#169,.T.);
#1807=EDGE_CURVE('',#2336,#2170,#2679,.T.);
#1808=EDGE_CURVE('',#2336,#2335,#170,.T.);
#1809=EDGE_CURVE('',#2337,#2169,#2680,.T.);
#1810=EDGE_CURVE('',#2337,#2336,#171,.T.);
#1811=EDGE_CURVE('',#2338,#2168,#2681,.T.);
#1812=EDGE_CURVE('',#2338,#2337,#172,.T.);
#1813=EDGE_CURVE('',#2339,#2167,#2682,.T.);
#1814=EDGE_CURVE('',#2339,#2338,#173,.T.);
#1815=EDGE_CURVE('',#2340,#2166,#2683,.T.);
#1816=EDGE_CURVE('',#2340,#2339,#48,.T.);
#1817=EDGE_CURVE('',#2341,#2165,#2684,.T.);
#1818=EDGE_CURVE('',#2341,#2340,#2685,.T.);
#1819=EDGE_CURVE('',#2342,#2164,#2686,.T.);
#1820=EDGE_CURVE('',#2341,#2342,#2687,.T.);
#1821=EDGE_CURVE('',#2343,#2163,#2688,.T.);
#1822=EDGE_CURVE('',#2343,#2342,#49,.F.);
#1823=EDGE_CURVE('',#2344,#2162,#2689,.T.);
#1824=EDGE_CURVE('',#2344,#2343,#174,.T.);
#1825=EDGE_CURVE('',#2345,#2161,#2690,.T.);
#1826=EDGE_CURVE('',#2345,#2344,#175,.T.);
#1827=EDGE_CURVE('',#2346,#2160,#2691,.T.);
#1828=EDGE_CURVE('',#2346,#2345,#176,.T.);
#1829=EDGE_CURVE('',#2347,#2159,#2692,.T.);
#1830=EDGE_CURVE('',#2347,#2346,#177,.T.);
#1831=EDGE_CURVE('',#2348,#2158,#2693,.T.);
#1832=EDGE_CURVE('',#2348,#2347,#178,.T.);
#1833=EDGE_CURVE('',#2330,#2348,#179,.T.);
#1834=EDGE_CURVE('',#2349,#2176,#2694,.T.);
#1835=EDGE_CURVE('',#2349,#2350,#2695,.T.);
#1836=EDGE_CURVE('',#2350,#2177,#2696,.T.);
#1837=EDGE_CURVE('',#2351,#2175,#2697,.T.);
#1838=EDGE_CURVE('',#2351,#2349,#2698,.T.);
#1839=EDGE_CURVE('',#2352,#2182,#2699,.T.);
#1840=EDGE_CURVE('',#2352,#2351,#2700,.T.);
#1841=EDGE_CURVE('',#2353,#2181,#2701,.T.);
#1842=EDGE_CURVE('',#2353,#2352,#2702,.T.);
#1843=EDGE_CURVE('',#2354,#2180,#2703,.T.);
#1844=EDGE_CURVE('',#2354,#2353,#2704,.T.);
#1845=EDGE_CURVE('',#2355,#2179,#2705,.T.);
#1846=EDGE_CURVE('',#2355,#2354,#2706,.T.);
#1847=EDGE_CURVE('',#2356,#2178,#2707,.T.);
#1848=EDGE_CURVE('',#2356,#2355,#2708,.T.);
#1849=EDGE_CURVE('',#2350,#2356,#2709,.T.);
#1850=EDGE_CURVE('',#2357,#2184,#2710,.T.);
#1851=EDGE_CURVE('',#2357,#2358,#2711,.T.);
#1852=EDGE_CURVE('',#2358,#2185,#2712,.T.);
#1853=EDGE_CURVE('',#2359,#2183,#2713,.T.);
#1854=EDGE_CURVE('',#2359,#2357,#2714,.T.);
#1855=EDGE_CURVE('',#2360,#2189,#2715,.T.);
#1856=EDGE_CURVE('',#2360,#2359,#2716,.T.);
#1857=EDGE_CURVE('',#2361,#2188,#2717,.T.);
#1858=EDGE_CURVE('',#2361,#2360,#2718,.T.);
#1859=EDGE_CURVE('',#2362,#2187,#2719,.T.);
#1860=EDGE_CURVE('',#2362,#2361,#2720,.T.);
#1861=EDGE_CURVE('',#2363,#2186,#2721,.T.);
#1862=EDGE_CURVE('',#2363,#2362,#2722,.T.);
#1863=EDGE_CURVE('',#2358,#2363,#2723,.T.);
#1864=EDGE_CURVE('',#2364,#2191,#2724,.T.);
#1865=EDGE_CURVE('',#2364,#2365,#2725,.T.);
#1866=EDGE_CURVE('',#2365,#2192,#2726,.T.);
#1867=EDGE_CURVE('',#2366,#2190,#2727,.T.);
#1868=EDGE_CURVE('',#2366,#2364,#2728,.T.);
#1869=EDGE_CURVE('',#2367,#2193,#2729,.T.);
#1870=EDGE_CURVE('',#2367,#2366,#2730,.T.);
#1871=EDGE_CURVE('',#2365,#2367,#2731,.T.);
#1872=EDGE_CURVE('',#2368,#2195,#2732,.T.);
#1873=EDGE_CURVE('',#2368,#2369,#2733,.T.);
#1874=EDGE_CURVE('',#2369,#2196,#2734,.T.);
#1875=EDGE_CURVE('',#2370,#2194,#2735,.T.);
#1876=EDGE_CURVE('',#2370,#2368,#2736,.T.);
#1877=EDGE_CURVE('',#2371,#2197,#2737,.T.);
#1878=EDGE_CURVE('',#2371,#2370,#2738,.T.);
#1879=EDGE_CURVE('',#2369,#2371,#2739,.T.);
#1880=EDGE_CURVE('',#2372,#2199,#2740,.T.);
#1881=EDGE_CURVE('',#2372,#2373,#2741,.T.);
#1882=EDGE_CURVE('',#2373,#2200,#2742,.T.);
#1883=EDGE_CURVE('',#2374,#2198,#2743,.T.);
#1884=EDGE_CURVE('',#2374,#2372,#2744,.T.);
#1885=EDGE_CURVE('',#2375,#2204,#2745,.T.);
#1886=EDGE_CURVE('',#2375,#2374,#2746,.T.);
#1887=EDGE_CURVE('',#2376,#2203,#2747,.T.);
#1888=EDGE_CURVE('',#2376,#2375,#2748,.T.);
#1889=EDGE_CURVE('',#2377,#2202,#2749,.T.);
#1890=EDGE_CURVE('',#2377,#2376,#2750,.T.);
#1891=EDGE_CURVE('',#2378,#2201,#2751,.T.);
#1892=EDGE_CURVE('',#2378,#2377,#2752,.T.);
#1893=EDGE_CURVE('',#2373,#2378,#2753,.T.);
#1894=EDGE_CURVE('',#2379,#2206,#2754,.T.);
#1895=EDGE_CURVE('',#2379,#2380,#2755,.T.);
#1896=EDGE_CURVE('',#2380,#2207,#2756,.T.);
#1897=EDGE_CURVE('',#2381,#2205,#2757,.T.);
#1898=EDGE_CURVE('',#2381,#2379,#2758,.T.);
#1899=EDGE_CURVE('',#2382,#2208,#2759,.T.);
#1900=EDGE_CURVE('',#2382,#2381,#2760,.T.);
#1901=EDGE_CURVE('',#2380,#2382,#2761,.T.);
#1902=EDGE_CURVE('',#2383,#2210,#2762,.T.);
#1903=EDGE_CURVE('',#2383,#2384,#2763,.T.);
#1904=EDGE_CURVE('',#2384,#2211,#2764,.T.);
#1905=EDGE_CURVE('',#2385,#2209,#2765,.T.);
#1906=EDGE_CURVE('',#2385,#2383,#2766,.T.);
#1907=EDGE_CURVE('',#2386,#2216,#2767,.T.);
#1908=EDGE_CURVE('',#2386,#2385,#2768,.T.);
#1909=EDGE_CURVE('',#2387,#2215,#2769,.T.);
#1910=EDGE_CURVE('',#2387,#2386,#2770,.T.);
#1911=EDGE_CURVE('',#2388,#2214,#2771,.T.);
#1912=EDGE_CURVE('',#2388,#2387,#2772,.T.);
#1913=EDGE_CURVE('',#2389,#2213,#2773,.T.);
#1914=EDGE_CURVE('',#2389,#2388,#2774,.T.);
#1915=EDGE_CURVE('',#2390,#2212,#2775,.T.);
#1916=EDGE_CURVE('',#2390,#2389,#2776,.T.);
#1917=EDGE_CURVE('',#2384,#2390,#2777,.T.);
#1918=EDGE_CURVE('',#2391,#2218,#2778,.T.);
#1919=EDGE_CURVE('',#2391,#2392,#2779,.T.);
#1920=EDGE_CURVE('',#2392,#2219,#2780,.T.);
#1921=EDGE_CURVE('',#2393,#2217,#2781,.T.);
#1922=EDGE_CURVE('',#2393,#2391,#2782,.T.);
#1923=EDGE_CURVE('',#2394,#2224,#2783,.T.);
#1924=EDGE_CURVE('',#2394,#2393,#2784,.T.);
#1925=EDGE_CURVE('',#2395,#2223,#2785,.T.);
#1926=EDGE_CURVE('',#2395,#2394,#2786,.T.);
#1927=EDGE_CURVE('',#2396,#2222,#2787,.T.);
#1928=EDGE_CURVE('',#2396,#2395,#2788,.T.);
#1929=EDGE_CURVE('',#2397,#2221,#2789,.T.);
#1930=EDGE_CURVE('',#2397,#2396,#2790,.T.);
#1931=EDGE_CURVE('',#2398,#2220,#2791,.T.);
#1932=EDGE_CURVE('',#2398,#2397,#2792,.T.);
#1933=EDGE_CURVE('',#2392,#2398,#2793,.T.);
#1934=EDGE_CURVE('',#2399,#2226,#2794,.T.);
#1935=EDGE_CURVE('',#2399,#2400,#2795,.T.);
#1936=EDGE_CURVE('',#2400,#2227,#2796,.T.);
#1937=EDGE_CURVE('',#2401,#2225,#2797,.T.);
#1938=EDGE_CURVE('',#2401,#2399,#180,.T.);
#1939=EDGE_CURVE('',#2402,#2246,#2798,.T.);
#1940=EDGE_CURVE('',#2402,#2401,#181,.T.);
#1941=EDGE_CURVE('',#2403,#2245,#2799,.T.);
#1942=EDGE_CURVE('',#2403,#2402,#182,.T.);
#1943=EDGE_CURVE('',#2404,#2244,#2800,.T.);
#1944=EDGE_CURVE('',#2404,#2403,#183,.T.);
#1945=EDGE_CURVE('',#2405,#2243,#2801,.T.);
#1946=EDGE_CURVE('',#2405,#2404,#184,.T.);
#1947=EDGE_CURVE('',#2406,#2242,#2802,.T.);
#1948=EDGE_CURVE('',#2406,#2405,#185,.T.);
#1949=EDGE_CURVE('',#2407,#2241,#2803,.T.);
#1950=EDGE_CURVE('',#2407,#2406,#50,.F.);
#1951=EDGE_CURVE('',#2408,#2240,#2804,.T.);
#1952=EDGE_CURVE('',#2408,#2407,#51,.F.);
#1953=EDGE_CURVE('',#2409,#2239,#2805,.T.);
#1954=EDGE_CURVE('',#2409,#2408,#186,.T.);
#1955=EDGE_CURVE('',#2410,#2238,#2806,.T.);
#1956=EDGE_CURVE('',#2410,#2409,#187,.T.);
#1957=EDGE_CURVE('',#2411,#2237,#2807,.T.);
#1958=EDGE_CURVE('',#2411,#2410,#2808,.T.);
#1959=EDGE_CURVE('',#2412,#2236,#2809,.T.);
#1960=EDGE_CURVE('',#2412,#2411,#2810,.T.);
#1961=EDGE_CURVE('',#2413,#2235,#2811,.T.);
#1962=EDGE_CURVE('',#2413,#2412,#2812,.T.);
#1963=EDGE_CURVE('',#2414,#2234,#2813,.T.);
#1964=EDGE_CURVE('',#2414,#2413,#188,.T.);
#1965=EDGE_CURVE('',#2415,#2233,#2814,.T.);
#1966=EDGE_CURVE('',#2415,#2414,#189,.T.);
#1967=EDGE_CURVE('',#2416,#2232,#2815,.T.);
#1968=EDGE_CURVE('',#2416,#2415,#190,.T.);
#1969=EDGE_CURVE('',#2417,#2231,#2816,.T.);
#1970=EDGE_CURVE('',#2417,#2416,#52,.T.);
#1971=EDGE_CURVE('',#2418,#2230,#2817,.T.);
#1972=EDGE_CURVE('',#2418,#2417,#191,.T.);
#1973=EDGE_CURVE('',#2419,#2229,#2818,.T.);
#1974=EDGE_CURVE('',#2419,#2418,#192,.T.);
#1975=EDGE_CURVE('',#2420,#2228,#2819,.T.);
#1976=EDGE_CURVE('',#2420,#2419,#2820,.T.);
#1977=EDGE_CURVE('',#2400,#2420,#2821,.T.);
#1978=EDGE_CURVE('',#2421,#2248,#2822,.T.);
#1979=EDGE_CURVE('',#2421,#2422,#2823,.T.);
#1980=EDGE_CURVE('',#2422,#2249,#2824,.T.);
#1981=EDGE_CURVE('',#2423,#2247,#2825,.T.);
#1982=EDGE_CURVE('',#2423,#2421,#2826,.T.);
#1983=EDGE_CURVE('',#2424,#2250,#2827,.T.);
#1984=EDGE_CURVE('',#2424,#2423,#2828,.T.);
#1985=EDGE_CURVE('',#2422,#2424,#2829,.T.);
#1986=EDGE_CURVE('',#2425,#2252,#2830,.T.);
#1987=EDGE_CURVE('',#2425,#2426,#2831,.T.);
#1988=EDGE_CURVE('',#2426,#2253,#2832,.T.);
#1989=EDGE_CURVE('',#2427,#2251,#2833,.T.);
#1990=EDGE_CURVE('',#2427,#2425,#2834,.T.);
#1991=EDGE_CURVE('',#2428,#2254,#2835,.T.);
#1992=EDGE_CURVE('',#2428,#2427,#2836,.T.);
#1993=EDGE_CURVE('',#2426,#2428,#2837,.T.);
#1994=EDGE_CURVE('',#2429,#2256,#2838,.T.);
#1995=EDGE_CURVE('',#2429,#2430,#2839,.T.);
#1996=EDGE_CURVE('',#2430,#2257,#2840,.T.);
#1997=EDGE_CURVE('',#2431,#2255,#2841,.T.);
#1998=EDGE_CURVE('',#2431,#2429,#53,.F.);
#1999=EDGE_CURVE('',#2432,#2293,#2842,.T.);
#2000=EDGE_CURVE('',#2432,#2431,#193,.T.);
#2001=EDGE_CURVE('',#2433,#2292,#2843,.T.);
#2002=EDGE_CURVE('',#2433,#2432,#54,.F.);
#2003=EDGE_CURVE('',#2434,#2291,#2844,.T.);
#2004=EDGE_CURVE('',#2434,#2433,#194,.T.);
#2005=EDGE_CURVE('',#2435,#2290,#2845,.T.);
#2006=EDGE_CURVE('',#2435,#2434,#195,.T.);
#2007=EDGE_CURVE('',#2436,#2289,#2846,.T.);
#2008=EDGE_CURVE('',#2436,#2435,#196,.T.);
#2009=EDGE_CURVE('',#2437,#2288,#2847,.T.);
#2010=EDGE_CURVE('',#2437,#2436,#197,.T.);
#2011=EDGE_CURVE('',#2438,#2287,#2848,.T.);
#2012=EDGE_CURVE('',#2438,#2437,#198,.T.);
#2013=EDGE_CURVE('',#2439,#2286,#2849,.T.);
#2014=EDGE_CURVE('',#2439,#2438,#55,.F.);
#2015=EDGE_CURVE('',#2440,#2285,#2850,.T.);
#2016=EDGE_CURVE('',#2440,#2439,#199,.T.);
#2017=EDGE_CURVE('',#2441,#2284,#2851,.T.);
#2018=EDGE_CURVE('',#2441,#2440,#200,.T.);
#2019=EDGE_CURVE('',#2442,#2283,#2852,.T.);
#2020=EDGE_CURVE('',#2442,#2441,#56,.F.);
#2021=EDGE_CURVE('',#2443,#2282,#2853,.T.);
#2022=EDGE_CURVE('',#2443,#2442,#201,.T.);
#2023=EDGE_CURVE('',#2444,#2281,#2854,.T.);
#2024=EDGE_CURVE('',#2444,#2443,#202,.T.);
#2025=EDGE_CURVE('',#2445,#2280,#2855,.T.);
#2026=EDGE_CURVE('',#2445,#2444,#203,.T.);
#2027=EDGE_CURVE('',#2446,#2279,#2856,.T.);
#2028=EDGE_CURVE('',#2446,#2445,#204,.T.);
#2029=EDGE_CURVE('',#2447,#2278,#2857,.T.);
#2030=EDGE_CURVE('',#2447,#2446,#205,.T.);
#2031=EDGE_CURVE('',#2448,#2277,#2858,.T.);
#2032=EDGE_CURVE('',#2448,#2447,#57,.F.);
#2033=EDGE_CURVE('',#2449,#2276,#2859,.T.);
#2034=EDGE_CURVE('',#2449,#2448,#2860,.T.);
#2035=EDGE_CURVE('',#2450,#2275,#2861,.T.);
#2036=EDGE_CURVE('',#2450,#2449,#2862,.T.);
#2037=EDGE_CURVE('',#2451,#2274,#2863,.T.);
#2038=EDGE_CURVE('',#2451,#2450,#2864,.T.);
#2039=EDGE_CURVE('',#2452,#2273,#2865,.T.);
#2040=EDGE_CURVE('',#2452,#2451,#206,.T.);
#2041=EDGE_CURVE('',#2453,#2272,#2866,.T.);
#2042=EDGE_CURVE('',#2453,#2452,#207,.T.);
#2043=EDGE_CURVE('',#2454,#2271,#2867,.T.);
#2044=EDGE_CURVE('',#2454,#2453,#58,.T.);
#2045=EDGE_CURVE('',#2455,#2270,#2868,.T.);
#2046=EDGE_CURVE('',#2455,#2454,#59,.T.);
#2047=EDGE_CURVE('',#2456,#2269,#2869,.T.);
#2048=EDGE_CURVE('',#2456,#2455,#208,.T.);
#2049=EDGE_CURVE('',#2457,#2268,#2870,.T.);
#2050=EDGE_CURVE('',#2457,#2456,#209,.T.);
#2051=EDGE_CURVE('',#2458,#2267,#2871,.T.);
#2052=EDGE_CURVE('',#2458,#2457,#60,.T.);
#2053=EDGE_CURVE('',#2459,#2266,#2872,.T.);
#2054=EDGE_CURVE('',#2459,#2458,#61,.T.);
#2055=EDGE_CURVE('',#2460,#2265,#2873,.T.);
#2056=EDGE_CURVE('',#2460,#2459,#2874,.T.);
#2057=EDGE_CURVE('',#2461,#2264,#2875,.T.);
#2058=EDGE_CURVE('',#2461,#2460,#2876,.T.);
#2059=EDGE_CURVE('',#2462,#2263,#2877,.T.);
#2060=EDGE_CURVE('',#2462,#2461,#2878,.T.);
#2061=EDGE_CURVE('',#2463,#2262,#2879,.T.);
#2062=EDGE_CURVE('',#2463,#2462,#210,.T.);
#2063=EDGE_CURVE('',#2464,#2261,#2880,.T.);
#2064=EDGE_CURVE('',#2464,#2463,#211,.T.);
#2065=EDGE_CURVE('',#2465,#2260,#2881,.T.);
#2066=EDGE_CURVE('',#2465,#2464,#212,.T.);
#2067=EDGE_CURVE('',#2466,#2259,#2882,.T.);
#2068=EDGE_CURVE('',#2466,#2465,#213,.T.);
#2069=EDGE_CURVE('',#2467,#2258,#2883,.T.);
#2070=EDGE_CURVE('',#2467,#2466,#2884,.T.);
#2071=EDGE_CURVE('',#2430,#2467,#2885,.T.);
#2072=VERTEX_POINT('',#5332);
#2073=VERTEX_POINT('',#5333);
#2074=VERTEX_POINT('',#5335);
#2075=VERTEX_POINT('',#5337);
#2076=VERTEX_POINT('',#5341);
#2077=VERTEX_POINT('',#5343);
#2078=VERTEX_POINT('',#5347);
#2079=VERTEX_POINT('',#5349);
#2080=VERTEX_POINT('',#5359);
#2081=VERTEX_POINT('',#5360);
#2082=VERTEX_POINT('',#5362);
#2083=VERTEX_POINT('',#5364);
#2084=VERTEX_POINT('',#5368);
#2085=VERTEX_POINT('',#5370);
#2086=VERTEX_POINT('',#5374);
#2087=VERTEX_POINT('',#5376);
#2088=VERTEX_POINT('',#5386);
#2089=VERTEX_POINT('',#5387);
#2090=VERTEX_POINT('',#5389);
#2091=VERTEX_POINT('',#5391);
#2092=VERTEX_POINT('',#5460);
#2093=VERTEX_POINT('',#5498);
#2094=VERTEX_POINT('',#5502);
#2095=VERTEX_POINT('',#5504);
#2096=VERTEX_POINT('',#5525);
#2097=VERTEX_POINT('',#5526);
#2098=VERTEX_POINT('',#5528);
#2099=VERTEX_POINT('',#5530);
#2100=VERTEX_POINT('',#5599);
#2101=VERTEX_POINT('',#5601);
#2102=VERTEX_POINT('',#5641);
#2103=VERTEX_POINT('',#5643);
#2104=VERTEX_POINT('',#5664);
#2105=VERTEX_POINT('',#5665);
#2106=VERTEX_POINT('',#5667);
#2107=VERTEX_POINT('',#5669);
#2108=VERTEX_POINT('',#5673);
#2109=VERTEX_POINT('',#5675);
#2110=VERTEX_POINT('',#5679);
#2111=VERTEX_POINT('',#5681);
#2112=VERTEX_POINT('',#5691);
#2113=VERTEX_POINT('',#5692);
#2114=VERTEX_POINT('',#5694);
#2115=VERTEX_POINT('',#5696);
#2116=VERTEX_POINT('',#5700);
#2117=VERTEX_POINT('',#5702);
#2118=VERTEX_POINT('',#5706);
#2119=VERTEX_POINT('',#5708);
#2120=VERTEX_POINT('',#5718);
#2121=VERTEX_POINT('',#5719);
#2122=VERTEX_POINT('',#5721);
#2123=VERTEX_POINT('',#5723);
#2124=VERTEX_POINT('',#5726);
#2125=VERTEX_POINT('',#5727);
#2126=VERTEX_POINT('',#5729);
#2127=VERTEX_POINT('',#5731);
#2128=VERTEX_POINT('',#5733);
#2129=VERTEX_POINT('',#5735);
#2130=VERTEX_POINT('',#5737);
#2131=VERTEX_POINT('',#5740);
#2132=VERTEX_POINT('',#5741);
#2133=VERTEX_POINT('',#5743);
#2134=VERTEX_POINT('',#5745);
#2135=VERTEX_POINT('',#5748);
#2136=VERTEX_POINT('',#5749);
#2137=VERTEX_POINT('',#5751);
#2138=VERTEX_POINT('',#5753);
#2139=VERTEX_POINT('',#5757);
#2140=VERTEX_POINT('',#5761);
#2141=VERTEX_POINT('',#5765);
#2142=VERTEX_POINT('',#5769);
#2143=VERTEX_POINT('',#5773);
#2144=VERTEX_POINT('',#5777);
#2145=VERTEX_POINT('',#5779);
#2146=VERTEX_POINT('',#5781);
#2147=VERTEX_POINT('',#5783);
#2148=VERTEX_POINT('',#5785);
#2149=VERTEX_POINT('',#5789);
#2150=VERTEX_POINT('',#5793);
#2151=VERTEX_POINT('',#5797);
#2152=VERTEX_POINT('',#5801);
#2153=VERTEX_POINT('',#5805);
#2154=VERTEX_POINT('',#5809);
#2155=VERTEX_POINT('',#5812);
#2156=VERTEX_POINT('',#5813);
#2157=VERTEX_POINT('',#5815);
#2158=VERTEX_POINT('',#5819);
#2159=VERTEX_POINT('',#5823);
#2160=VERTEX_POINT('',#5827);
#2161=VERTEX_POINT('',#5831);
#2162=VERTEX_POINT('',#5835);
#2163=VERTEX_POINT('',#5839);
#2164=VERTEX_POINT('',#5841);
#2165=VERTEX_POINT('',#5843);
#2166=VERTEX_POINT('',#5845);
#2167=VERTEX_POINT('',#5847);
#2168=VERTEX_POINT('',#5851);
#2169=VERTEX_POINT('',#5855);
#2170=VERTEX_POINT('',#5859);
#2171=VERTEX_POINT('',#5863);
#2172=VERTEX_POINT('',#5867);
#2173=VERTEX_POINT('',#5871);
#2174=VERTEX_POINT('',#5873);
#2175=VERTEX_POINT('',#5876);
#2176=VERTEX_POINT('',#5877);
#2177=VERTEX_POINT('',#5879);
#2178=VERTEX_POINT('',#5881);
#2179=VERTEX_POINT('',#5883);
#2180=VERTEX_POINT('',#5885);
#2181=VERTEX_POINT('',#5887);
#2182=VERTEX_POINT('',#5889);
#2183=VERTEX_POINT('',#5892);
#2184=VERTEX_POINT('',#5893);
#2185=VERTEX_POINT('',#5895);
#2186=VERTEX_POINT('',#5897);
#2187=VERTEX_POINT('',#5899);
#2188=VERTEX_POINT('',#5901);
#2189=VERTEX_POINT('',#5903);
#2190=VERTEX_POINT('',#5906);
#2191=VERTEX_POINT('',#5907);
#2192=VERTEX_POINT('',#5909);
#2193=VERTEX_POINT('',#5911);
#2194=VERTEX_POINT('',#5914);
#2195=VERTEX_POINT('',#5915);
#2196=VERTEX_POINT('',#5917);
#2197=VERTEX_POINT('',#5919);
#2198=VERTEX_POINT('',#5922);
#2199=VERTEX_POINT('',#5923);
#2200=VERTEX_POINT('',#5925);
#2201=VERTEX_POINT('',#5927);
#2202=VERTEX_POINT('',#5929);
#2203=VERTEX_POINT('',#5931);
#2204=VERTEX_POINT('',#5933);
#2205=VERTEX_POINT('',#5936);
#2206=VERTEX_POINT('',#5937);
#2207=VERTEX_POINT('',#5939);
#2208=VERTEX_POINT('',#5941);
#2209=VERTEX_POINT('',#5944);
#2210=VERTEX_POINT('',#5945);
#2211=VERTEX_POINT('',#5947);
#2212=VERTEX_POINT('',#5949);
#2213=VERTEX_POINT('',#5951);
#2214=VERTEX_POINT('',#5953);
#2215=VERTEX_POINT('',#5955);
#2216=VERTEX_POINT('',#5957);
#2217=VERTEX_POINT('',#5960);
#2218=VERTEX_POINT('',#5961);
#2219=VERTEX_POINT('',#5963);
#2220=VERTEX_POINT('',#5965);
#2221=VERTEX_POINT('',#5967);
#2222=VERTEX_POINT('',#5969);
#2223=VERTEX_POINT('',#5971);
#2224=VERTEX_POINT('',#5973);
#2225=VERTEX_POINT('',#5978);
#2226=VERTEX_POINT('',#5979);
#2227=VERTEX_POINT('',#5981);
#2228=VERTEX_POINT('',#5983);
#2229=VERTEX_POINT('',#5985);
#2230=VERTEX_POINT('',#5989);
#2231=VERTEX_POINT('',#5993);
#2232=VERTEX_POINT('',#5995);
#2233=VERTEX_POINT('',#5999);
#2234=VERTEX_POINT('',#6003);
#2235=VERTEX_POINT('',#6007);
#2236=VERTEX_POINT('',#6009);
#2237=VERTEX_POINT('',#6011);
#2238=VERTEX_POINT('',#6013);
#2239=VERTEX_POINT('',#6017);
#2240=VERTEX_POINT('',#6021);
#2241=VERTEX_POINT('',#6023);
#2242=VERTEX_POINT('',#6025);
#2243=VERTEX_POINT('',#6029);
#2244=VERTEX_POINT('',#6033);
#2245=VERTEX_POINT('',#6037);
#2246=VERTEX_POINT('',#6041);
#2247=VERTEX_POINT('',#6046);
#2248=VERTEX_POINT('',#6047);
#2249=VERTEX_POINT('',#6049);
#2250=VERTEX_POINT('',#6051);
#2251=VERTEX_POINT('',#6054);
#2252=VERTEX_POINT('',#6055);
#2253=VERTEX_POINT('',#6057);
#2254=VERTEX_POINT('',#6059);
#2255=VERTEX_POINT('',#6062);
#2256=VERTEX_POINT('',#6063);
#2257=VERTEX_POINT('',#6065);
#2258=VERTEX_POINT('',#6067);
#2259=VERTEX_POINT('',#6069);
#2260=VERTEX_POINT('',#6073);
#2261=VERTEX_POINT('',#6077);
#2262=VERTEX_POINT('',#6081);
#2263=VERTEX_POINT('',#6085);
#2264=VERTEX_POINT('',#6087);
#2265=VERTEX_POINT('',#6089);
#2266=VERTEX_POINT('',#6091);
#2267=VERTEX_POINT('',#6093);
#2268=VERTEX_POINT('',#6095);
#2269=VERTEX_POINT('',#6099);
#2270=VERTEX_POINT('',#6103);
#2271=VERTEX_POINT('',#6105);
#2272=VERTEX_POINT('',#6107);
#2273=VERTEX_POINT('',#6111);
#2274=VERTEX_POINT('',#6115);
#2275=VERTEX_POINT('',#6117);
#2276=VERTEX_POINT('',#6119);
#2277=VERTEX_POINT('',#6121);
#2278=VERTEX_POINT('',#6123);
#2279=VERTEX_POINT('',#6127);
#2280=VERTEX_POINT('',#6131);
#2281=VERTEX_POINT('',#6135);
#2282=VERTEX_POINT('',#6139);
#2283=VERTEX_POINT('',#6143);
#2284=VERTEX_POINT('',#6145);
#2285=VERTEX_POINT('',#6149);
#2286=VERTEX_POINT('',#6153);
#2287=VERTEX_POINT('',#6155);
#2288=VERTEX_POINT('',#6159);
#2289=VERTEX_POINT('',#6163);
#2290=VERTEX_POINT('',#6167);
#2291=VERTEX_POINT('',#6171);
#2292=VERTEX_POINT('',#6175);
#2293=VERTEX_POINT('',#6177);
#2294=VERTEX_POINT('',#6183);
#2295=VERTEX_POINT('',#6184);
#2296=VERTEX_POINT('',#6186);
#2297=VERTEX_POINT('',#6188);
#2298=VERTEX_POINT('',#6200);
#2299=VERTEX_POINT('',#6202);
#2300=VERTEX_POINT('',#6206);
#2301=VERTEX_POINT('',#6210);
#2302=VERTEX_POINT('',#6214);
#2303=VERTEX_POINT('',#6218);
#2304=VERTEX_POINT('',#6222);
#2305=VERTEX_POINT('',#6229);
#2306=VERTEX_POINT('',#6231);
#2307=VERTEX_POINT('',#6235);
#2308=VERTEX_POINT('',#6239);
#2309=VERTEX_POINT('',#6246);
#2310=VERTEX_POINT('',#6248);
#2311=VERTEX_POINT('',#6252);
#2312=VERTEX_POINT('',#6256);
#2313=VERTEX_POINT('',#6267);
#2314=VERTEX_POINT('',#6280);
#2315=VERTEX_POINT('',#6293);
#2316=VERTEX_POINT('',#6306);
#2317=VERTEX_POINT('',#6319);
#2318=VERTEX_POINT('',#6332);
#2319=VERTEX_POINT('',#6338);
#2320=VERTEX_POINT('',#6342);
#2321=VERTEX_POINT('',#6346);
#2322=VERTEX_POINT('',#6350);
#2323=VERTEX_POINT('',#6361);
#2324=VERTEX_POINT('',#6374);
#2325=VERTEX_POINT('',#6387);
#2326=VERTEX_POINT('',#6400);
#2327=VERTEX_POINT('',#6413);
#2328=VERTEX_POINT('',#6426);
#2329=VERTEX_POINT('',#6435);
#2330=VERTEX_POINT('',#6437);
#2331=VERTEX_POINT('',#6441);
#2332=VERTEX_POINT('',#6445);
#2333=VERTEX_POINT('',#6449);
#2334=VERTEX_POINT('',#6460);
#2335=VERTEX_POINT('',#6473);
#2336=VERTEX_POINT('',#6486);
#2337=VERTEX_POINT('',#6499);
#2338=VERTEX_POINT('',#6512);
#2339=VERTEX_POINT('',#6525);
#2340=VERTEX_POINT('',#6531);
#2341=VERTEX_POINT('',#6535);
#2342=VERTEX_POINT('',#6539);
#2343=VERTEX_POINT('',#6543);
#2344=VERTEX_POINT('',#6554);
#2345=VERTEX_POINT('',#6567);
#2346=VERTEX_POINT('',#6580);
#2347=VERTEX_POINT('',#6593);
#2348=VERTEX_POINT('',#6606);
#2349=VERTEX_POINT('',#6624);
#2350=VERTEX_POINT('',#6626);
#2351=VERTEX_POINT('',#6630);
#2352=VERTEX_POINT('',#6634);
#2353=VERTEX_POINT('',#6638);
#2354=VERTEX_POINT('',#6642);
#2355=VERTEX_POINT('',#6646);
#2356=VERTEX_POINT('',#6650);
#2357=VERTEX_POINT('',#6657);
#2358=VERTEX_POINT('',#6659);
#2359=VERTEX_POINT('',#6663);
#2360=VERTEX_POINT('',#6667);
#2361=VERTEX_POINT('',#6671);
#2362=VERTEX_POINT('',#6675);
#2363=VERTEX_POINT('',#6679);
#2364=VERTEX_POINT('',#6686);
#2365=VERTEX_POINT('',#6688);
#2366=VERTEX_POINT('',#6692);
#2367=VERTEX_POINT('',#6696);
#2368=VERTEX_POINT('',#6703);
#2369=VERTEX_POINT('',#6705);
#2370=VERTEX_POINT('',#6709);
#2371=VERTEX_POINT('',#6713);
#2372=VERTEX_POINT('',#6720);
#2373=VERTEX_POINT('',#6722);
#2374=VERTEX_POINT('',#6726);
#2375=VERTEX_POINT('',#6730);
#2376=VERTEX_POINT('',#6734);
#2377=VERTEX_POINT('',#6738);
#2378=VERTEX_POINT('',#6742);
#2379=VERTEX_POINT('',#6749);
#2380=VERTEX_POINT('',#6751);
#2381=VERTEX_POINT('',#6755);
#2382=VERTEX_POINT('',#6759);
#2383=VERTEX_POINT('',#6766);
#2384=VERTEX_POINT('',#6768);
#2385=VERTEX_POINT('',#6772);
#2386=VERTEX_POINT('',#6776);
#2387=VERTEX_POINT('',#6780);
#2388=VERTEX_POINT('',#6784);
#2389=VERTEX_POINT('',#6788);
#2390=VERTEX_POINT('',#6792);
#2391=VERTEX_POINT('',#6799);
#2392=VERTEX_POINT('',#6801);
#2393=VERTEX_POINT('',#6805);
#2394=VERTEX_POINT('',#6809);
#2395=VERTEX_POINT('',#6813);
#2396=VERTEX_POINT('',#6817);
#2397=VERTEX_POINT('',#6821);
#2398=VERTEX_POINT('',#6825);
#2399=VERTEX_POINT('',#6832);
#2400=VERTEX_POINT('',#6834);
#2401=VERTEX_POINT('',#6845);
#2402=VERTEX_POINT('',#6858);
#2403=VERTEX_POINT('',#6871);
#2404=VERTEX_POINT('',#6884);
#2405=VERTEX_POINT('',#6897);
#2406=VERTEX_POINT('',#6910);
#2407=VERTEX_POINT('',#6916);
#2408=VERTEX_POINT('',#6920);
#2409=VERTEX_POINT('',#6931);
#2410=VERTEX_POINT('',#6944);
#2411=VERTEX_POINT('',#6950);
#2412=VERTEX_POINT('',#6954);
#2413=VERTEX_POINT('',#6958);
#2414=VERTEX_POINT('',#6969);
#2415=VERTEX_POINT('',#6982);
#2416=VERTEX_POINT('',#6995);
#2417=VERTEX_POINT('',#7001);
#2418=VERTEX_POINT('',#7012);
#2419=VERTEX_POINT('',#7025);
#2420=VERTEX_POINT('',#7031);
#2421=VERTEX_POINT('',#7038);
#2422=VERTEX_POINT('',#7040);
#2423=VERTEX_POINT('',#7044);
#2424=VERTEX_POINT('',#7048);
#2425=VERTEX_POINT('',#7055);
#2426=VERTEX_POINT('',#7057);
#2427=VERTEX_POINT('',#7061);
#2428=VERTEX_POINT('',#7065);
#2429=VERTEX_POINT('',#7072);
#2430=VERTEX_POINT('',#7074);
#2431=VERTEX_POINT('',#7078);
#2432=VERTEX_POINT('',#7089);
#2433=VERTEX_POINT('',#7095);
#2434=VERTEX_POINT('',#7106);
#2435=VERTEX_POINT('',#7119);
#2436=VERTEX_POINT('',#7132);
#2437=VERTEX_POINT('',#7145);
#2438=VERTEX_POINT('',#7158);
#2439=VERTEX_POINT('',#7164);
#2440=VERTEX_POINT('',#7175);
#2441=VERTEX_POINT('',#7188);
#2442=VERTEX_POINT('',#7194);
#2443=VERTEX_POINT('',#7205);
#2444=VERTEX_POINT('',#7218);
#2445=VERTEX_POINT('',#7231);
#2446=VERTEX_POINT('',#7244);
#2447=VERTEX_POINT('',#7257);
#2448=VERTEX_POINT('',#7263);
#2449=VERTEX_POINT('',#7267);
#2450=VERTEX_POINT('',#7271);
#2451=VERTEX_POINT('',#7275);
#2452=VERTEX_POINT('',#7286);
#2453=VERTEX_POINT('',#7299);
#2454=VERTEX_POINT('',#7305);
#2455=VERTEX_POINT('',#7309);
#2456=VERTEX_POINT('',#7320);
#2457=VERTEX_POINT('',#7333);
#2458=VERTEX_POINT('',#7339);
#2459=VERTEX_POINT('',#7343);
#2460=VERTEX_POINT('',#7347);
#2461=VERTEX_POINT('',#7351);
#2462=VERTEX_POINT('',#7355);
#2463=VERTEX_POINT('',#7366);
#2464=VERTEX_POINT('',#7379);
#2465=VERTEX_POINT('',#7392);
#2466=VERTEX_POINT('',#7405);
#2467=VERTEX_POINT('',#7411);
#2468=LINE('',#5331,#2886);
#2469=LINE('',#5334,#2887);
#2470=LINE('',#5336,#2888);
#2471=LINE('',#5338,#2889);
#2472=LINE('',#5340,#2890);
#2473=LINE('',#5342,#2891);
#2474=LINE('',#5344,#2892);
#2475=LINE('',#5346,#2893);
#2476=LINE('',#5348,#2894);
#2477=LINE('',#5350,#2895);
#2478=LINE('',#5352,#2896);
#2479=LINE('',#5353,#2897);
#2480=LINE('',#5358,#2898);
#2481=LINE('',#5361,#2899);
#2482=LINE('',#5363,#2900);
#2483=LINE('',#5365,#2901);
#2484=LINE('',#5367,#2902);
#2485=LINE('',#5369,#2903);
#2486=LINE('',#5371,#2904);
#2487=LINE('',#5373,#2905);
#2488=LINE('',#5375,#2906);
#2489=LINE('',#5377,#2907);
#2490=LINE('',#5379,#2908);
#2491=LINE('',#5380,#2909);
#2492=LINE('',#5385,#2910);
#2493=LINE('',#5388,#2911);
#2494=LINE('',#5390,#2912);
#2495=LINE('',#5392,#2913);
#2496=LINE('',#5499,#2914);
#2497=LINE('',#5501,#2915);
#2498=LINE('',#5503,#2916);
#2499=LINE('',#5505,#2917);
#2500=LINE('',#5524,#2918);
#2501=LINE('',#5527,#2919);
#2502=LINE('',#5529,#2920);
#2503=LINE('',#5531,#2921);
#2504=LINE('',#5600,#2922);
#2505=LINE('',#5640,#2923);
#2506=LINE('',#5642,#2924);
#2507=LINE('',#5644,#2925);
#2508=LINE('',#5663,#2926);
#2509=LINE('',#5666,#2927);
#2510=LINE('',#5668,#2928);
#2511=LINE('',#5670,#2929);
#2512=LINE('',#5676,#2930);
#2513=LINE('',#5678,#2931);
#2514=LINE('',#5680,#2932);
#2515=LINE('',#5682,#2933);
#2516=LINE('',#5690,#2934);
#2517=LINE('',#5693,#2935);
#2518=LINE('',#5695,#2936);
#2519=LINE('',#5697,#2937);
#2520=LINE('',#5701,#2938);
#2521=LINE('',#5705,#2939);
#2522=LINE('',#5707,#2940);
#2523=LINE('',#5709,#2941);
#2524=LINE('',#5717,#2942);
#2525=LINE('',#5720,#2943);
#2526=LINE('',#5722,#2944);
#2527=LINE('',#5724,#2945);
#2528=LINE('',#5725,#2946);
#2529=LINE('',#5728,#2947);
#2530=LINE('',#5730,#2948);
#2531=LINE('',#5732,#2949);
#2532=LINE('',#5734,#2950);
#2533=LINE('',#5736,#2951);
#2534=LINE('',#5738,#2952);
#2535=LINE('',#5739,#2953);
#2536=LINE('',#5742,#2954);
#2537=LINE('',#5744,#2955);
#2538=LINE('',#5746,#2956);
#2539=LINE('',#5747,#2957);
#2540=LINE('',#5750,#2958);
#2541=LINE('',#5780,#2959);
#2542=LINE('',#5782,#2960);
#2543=LINE('',#5811,#2961);
#2544=LINE('',#5842,#2962);
#2545=LINE('',#5844,#2963);
#2546=LINE('',#5874,#2964);
#2547=LINE('',#5875,#2965);
#2548=LINE('',#5878,#2966);
#2549=LINE('',#5880,#2967);
#2550=LINE('',#5882,#2968);
#2551=LINE('',#5884,#2969);
#2552=LINE('',#5886,#2970);
#2553=LINE('',#5888,#2971);
#2554=LINE('',#5890,#2972);
#2555=LINE('',#5891,#2973);
#2556=LINE('',#5894,#2974);
#2557=LINE('',#5896,#2975);
#2558=LINE('',#5898,#2976);
#2559=LINE('',#5900,#2977);
#2560=LINE('',#5902,#2978);
#2561=LINE('',#5904,#2979);
#2562=LINE('',#5905,#2980);
#2563=LINE('',#5908,#2981);
#2564=LINE('',#5910,#2982);
#2565=LINE('',#5912,#2983);
#2566=LINE('',#5913,#2984);
#2567=LINE('',#5916,#2985);
#2568=LINE('',#5918,#2986);
#2569=LINE('',#5920,#2987);
#2570=LINE('',#5921,#2988);
#2571=LINE('',#5924,#2989);
#2572=LINE('',#5926,#2990);
#2573=LINE('',#5928,#2991);
#2574=LINE('',#5930,#2992);
#2575=LINE('',#5932,#2993);
#2576=LINE('',#5934,#2994);
#2577=LINE('',#5935,#2995);
#2578=LINE('',#5938,#2996);
#2579=LINE('',#5940,#2997);
#2580=LINE('',#5942,#2998);
#2581=LINE('',#5943,#2999);
#2582=LINE('',#5946,#3000);
#2583=LINE('',#5948,#3001);
#2584=LINE('',#5950,#3002);
#2585=LINE('',#5952,#3003);
#2586=LINE('',#5954,#3004);
#2587=LINE('',#5956,#3005);
#2588=LINE('',#5958,#3006);
#2589=LINE('',#5959,#3007);
#2590=LINE('',#5962,#3008);
#2591=LINE('',#5964,#3009);
#2592=LINE('',#5966,#3010);
#2593=LINE('',#5968,#3011);
#2594=LINE('',#5970,#3012);
#2595=LINE('',#5972,#3013);
#2596=LINE('',#5974,#3014);
#2597=LINE('',#5980,#3015);
#2598=LINE('',#5982,#3016);
#2599=LINE('',#5984,#3017);
#2600=LINE('',#6008,#3018);
#2601=LINE('',#6010,#3019);
#2602=LINE('',#6012,#3020);
#2603=LINE('',#6045,#3021);
#2604=LINE('',#6048,#3022);
#2605=LINE('',#6050,#3023);
#2606=LINE('',#6052,#3024);
#2607=LINE('',#6053,#3025);
#2608=LINE('',#6056,#3026);
#2609=LINE('',#6058,#3027);
#2610=LINE('',#6060,#3028);
#2611=LINE('',#6064,#3029);
#2612=LINE('',#6066,#3030);
#2613=LINE('',#6068,#3031);
#2614=LINE('',#6086,#3032);
#2615=LINE('',#6088,#3033);
#2616=LINE('',#6090,#3034);
#2617=LINE('',#6116,#3035);
#2618=LINE('',#6118,#3036);
#2619=LINE('',#6120,#3037);
#2620=LINE('',#6182,#3038);
#2621=LINE('',#6185,#3039);
#2622=LINE('',#6187,#3040);
#2623=LINE('',#6189,#3041);
#2624=LINE('',#6199,#3042);
#2625=LINE('',#6201,#3043);
#2626=LINE('',#6203,#3044);
#2627=LINE('',#6205,#3045);
#2628=LINE('',#6207,#3046);
#2629=LINE('',#6209,#3047);
#2630=LINE('',#6211,#3048);
#2631=LINE('',#6213,#3049);
#2632=LINE('',#6215,#3050);
#2633=LINE('',#6217,#3051);
#2634=LINE('',#6219,#3052);
#2635=LINE('',#6221,#3053);
#2636=LINE('',#6223,#3054);
#2637=LINE('',#6225,#3055);
#2638=LINE('',#6228,#3056);
#2639=LINE('',#6230,#3057);
#2640=LINE('',#6232,#3058);
#2641=LINE('',#6234,#3059);
#2642=LINE('',#6236,#3060);
#2643=LINE('',#6238,#3061);
#2644=LINE('',#6240,#3062);
#2645=LINE('',#6242,#3063);
#2646=LINE('',#6245,#3064);
#2647=LINE('',#6247,#3065);
#2648=LINE('',#6249,#3066);
#2649=LINE('',#6251,#3067);
#2650=LINE('',#6253,#3068);
#2651=LINE('',#6255,#3069);
#2652=LINE('',#6266,#3070);
#2653=LINE('',#6279,#3071);
#2654=LINE('',#6292,#3072);
#2655=LINE('',#6305,#3073);
#2656=LINE('',#6318,#3074);
#2657=LINE('',#6331,#3075);
#2658=LINE('',#6337,#3076);
#2659=LINE('',#6341,#3077);
#2660=LINE('',#6343,#3078);
#2661=LINE('',#6345,#3079);
#2662=LINE('',#6347,#3080);
#2663=LINE('',#6349,#3081);
#2664=LINE('',#6360,#3082);
#2665=LINE('',#6373,#3083);
#2666=LINE('',#6386,#3084);
#2667=LINE('',#6399,#3085);
#2668=LINE('',#6412,#3086);
#2669=LINE('',#6425,#3087);
#2670=LINE('',#6434,#3088);
#2671=LINE('',#6438,#3089);
#2672=LINE('',#6440,#3090);
#2673=LINE('',#6442,#3091);
#2674=LINE('',#6444,#3092);
#2675=LINE('',#6446,#3093);
#2676=LINE('',#6448,#3094);
#2677=LINE('',#6459,#3095);
#2678=LINE('',#6472,#3096);
#2679=LINE('',#6485,#3097);
#2680=LINE('',#6498,#3098);
#2681=LINE('',#6511,#3099);
#2682=LINE('',#6524,#3100);
#2683=LINE('',#6530,#3101);
#2684=LINE('',#6534,#3102);
#2685=LINE('',#6536,#3103);
#2686=LINE('',#6538,#3104);
#2687=LINE('',#6540,#3105);
#2688=LINE('',#6542,#3106);
#2689=LINE('',#6553,#3107);
#2690=LINE('',#6566,#3108);
#2691=LINE('',#6579,#3109);
#2692=LINE('',#6592,#3110);
#2693=LINE('',#6605,#3111);
#2694=LINE('',#6623,#3112);
#2695=LINE('',#6625,#3113);
#2696=LINE('',#6627,#3114);
#2697=LINE('',#6629,#3115);
#2698=LINE('',#6631,#3116);
#2699=LINE('',#6633,#3117);
#2700=LINE('',#6635,#3118);
#2701=LINE('',#6637,#3119);
#2702=LINE('',#6639,#3120);
#2703=LINE('',#6641,#3121);
#2704=LINE('',#6643,#3122);
#2705=LINE('',#6645,#3123);
#2706=LINE('',#6647,#3124);
#2707=LINE('',#6649,#3125);
#2708=LINE('',#6651,#3126);
#2709=LINE('',#6653,#3127);
#2710=LINE('',#6656,#3128);
#2711=LINE('',#6658,#3129);
#2712=LINE('',#6660,#3130);
#2713=LINE('',#6662,#3131);
#2714=LINE('',#6664,#3132);
#2715=LINE('',#6666,#3133);
#2716=LINE('',#6668,#3134);
#2717=LINE('',#6670,#3135);
#2718=LINE('',#6672,#3136);
#2719=LINE('',#6674,#3137);
#2720=LINE('',#6676,#3138);
#2721=LINE('',#6678,#3139);
#2722=LINE('',#6680,#3140);
#2723=LINE('',#6682,#3141);
#2724=LINE('',#6685,#3142);
#2725=LINE('',#6687,#3143);
#2726=LINE('',#6689,#3144);
#2727=LINE('',#6691,#3145);
#2728=LINE('',#6693,#3146);
#2729=LINE('',#6695,#3147);
#2730=LINE('',#6697,#3148);
#2731=LINE('',#6699,#3149);
#2732=LINE('',#6702,#3150);
#2733=LINE('',#6704,#3151);
#2734=LINE('',#6706,#3152);
#2735=LINE('',#6708,#3153);
#2736=LINE('',#6710,#3154);
#2737=LINE('',#6712,#3155);
#2738=LINE('',#6714,#3156);
#2739=LINE('',#6716,#3157);
#2740=LINE('',#6719,#3158);
#2741=LINE('',#6721,#3159);
#2742=LINE('',#6723,#3160);
#2743=LINE('',#6725,#3161);
#2744=LINE('',#6727,#3162);
#2745=LINE('',#6729,#3163);
#2746=LINE('',#6731,#3164);
#2747=LINE('',#6733,#3165);
#2748=LINE('',#6735,#3166);
#2749=LINE('',#6737,#3167);
#2750=LINE('',#6739,#3168);
#2751=LINE('',#6741,#3169);
#2752=LINE('',#6743,#3170);
#2753=LINE('',#6745,#3171);
#2754=LINE('',#6748,#3172);
#2755=LINE('',#6750,#3173);
#2756=LINE('',#6752,#3174);
#2757=LINE('',#6754,#3175);
#2758=LINE('',#6756,#3176);
#2759=LINE('',#6758,#3177);
#2760=LINE('',#6760,#3178);
#2761=LINE('',#6762,#3179);
#2762=LINE('',#6765,#3180);
#2763=LINE('',#6767,#3181);
#2764=LINE('',#6769,#3182);
#2765=LINE('',#6771,#3183);
#2766=LINE('',#6773,#3184);
#2767=LINE('',#6775,#3185);
#2768=LINE('',#6777,#3186);
#2769=LINE('',#6779,#3187);
#2770=LINE('',#6781,#3188);
#2771=LINE('',#6783,#3189);
#2772=LINE('',#6785,#3190);
#2773=LINE('',#6787,#3191);
#2774=LINE('',#6789,#3192);
#2775=LINE('',#6791,#3193);
#2776=LINE('',#6793,#3194);
#2777=LINE('',#6795,#3195);
#2778=LINE('',#6798,#3196);
#2779=LINE('',#6800,#3197);
#2780=LINE('',#6802,#3198);
#2781=LINE('',#6804,#3199);
#2782=LINE('',#6806,#3200);
#2783=LINE('',#6808,#3201);
#2784=LINE('',#6810,#3202);
#2785=LINE('',#6812,#3203);
#2786=LINE('',#6814,#3204);
#2787=LINE('',#6816,#3205);
#2788=LINE('',#6818,#3206);
#2789=LINE('',#6820,#3207);
#2790=LINE('',#6822,#3208);
#2791=LINE('',#6824,#3209);
#2792=LINE('',#6826,#3210);
#2793=LINE('',#6828,#3211);
#2794=LINE('',#6831,#3212);
#2795=LINE('',#6833,#3213);
#2796=LINE('',#6835,#3214);
#2797=LINE('',#6844,#3215);
#2798=LINE('',#6857,#3216);
#2799=LINE('',#6870,#3217);
#2800=LINE('',#6883,#3218);
#2801=LINE('',#6896,#3219);
#2802=LINE('',#6909,#3220);
#2803=LINE('',#6915,#3221);
#2804=LINE('',#6919,#3222);
#2805=LINE('',#6930,#3223);
#2806=LINE('',#6943,#3224);
#2807=LINE('',#6949,#3225);
#2808=LINE('',#6951,#3226);
#2809=LINE('',#6953,#3227);
#2810=LINE('',#6955,#3228);
#2811=LINE('',#6957,#3229);
#2812=LINE('',#6959,#3230);
#2813=LINE('',#6968,#3231);
#2814=LINE('',#6981,#3232);
#2815=LINE('',#6994,#3233);
#2816=LINE('',#7000,#3234);
#2817=LINE('',#7011,#3235);
#2818=LINE('',#7024,#3236);
#2819=LINE('',#7030,#3237);
#2820=LINE('',#7032,#3238);
#2821=LINE('',#7034,#3239);
#2822=LINE('',#7037,#3240);
#2823=LINE('',#7039,#3241);
#2824=LINE('',#7041,#3242);
#2825=LINE('',#7043,#3243);
#2826=LINE('',#7045,#3244);
#2827=LINE('',#7047,#3245);
#2828=LINE('',#7049,#3246);
#2829=LINE('',#7051,#3247);
#2830=LINE('',#7054,#3248);
#2831=LINE('',#7056,#3249);
#2832=LINE('',#7058,#3250);
#2833=LINE('',#7060,#3251);
#2834=LINE('',#7062,#3252);
#2835=LINE('',#7064,#3253);
#2836=LINE('',#7066,#3254);
#2837=LINE('',#7068,#3255);
#2838=LINE('',#7071,#3256);
#2839=LINE('',#7073,#3257);
#2840=LINE('',#7075,#3258);
#2841=LINE('',#7077,#3259);
#2842=LINE('',#7088,#3260);
#2843=LINE('',#7094,#3261);
#2844=LINE('',#7105,#3262);
#2845=LINE('',#7118,#3263);
#2846=LINE('',#7131,#3264);
#2847=LINE('',#7144,#3265);
#2848=LINE('',#7157,#3266);
#2849=LINE('',#7163,#3267);
#2850=LINE('',#7174,#3268);
#2851=LINE('',#7187,#3269);
#2852=LINE('',#7193,#3270);
#2853=LINE('',#7204,#3271);
#2854=LINE('',#7217,#3272);
#2855=LINE('',#7230,#3273);
#2856=LINE('',#7243,#3274);
#2857=LINE('',#7256,#3275);
#2858=LINE('',#7262,#3276);
#2859=LINE('',#7266,#3277);
#2860=LINE('',#7268,#3278);
#2861=LINE('',#7270,#3279);
#2862=LINE('',#7272,#3280);
#2863=LINE('',#7274,#3281);
#2864=LINE('',#7276,#3282);
#2865=LINE('',#7285,#3283);
#2866=LINE('',#7298,#3284);
#2867=LINE('',#7304,#3285);
#2868=LINE('',#7308,#3286);
#2869=LINE('',#7319,#3287);
#2870=LINE('',#7332,#3288);
#2871=LINE('',#7338,#3289);
#2872=LINE('',#7342,#3290);
#2873=LINE('',#7346,#3291);
#2874=LINE('',#7348,#3292);
#2875=LINE('',#7350,#3293);
#2876=LINE('',#7352,#3294);
#2877=LINE('',#7354,#3295);
#2878=LINE('',#7356,#3296);
#2879=LINE('',#7365,#3297);
#2880=LINE('',#7378,#3298);
#2881=LINE('',#7391,#3299);
#2882=LINE('',#7404,#3300);
#2883=LINE('',#7410,#3301);
#2884=LINE('',#7412,#3302);
#2885=LINE('',#7414,#3303);
#2886=VECTOR('',#4465,1000.);
#2887=VECTOR('',#4466,1000.);
#2888=VECTOR('',#4467,1000.);
#2889=VECTOR('',#4468,1000.);
#2890=VECTOR('',#4471,1000.);
#2891=VECTOR('',#4472,1000.);
#2892=VECTOR('',#4473,1000.);
#2893=VECTOR('',#4476,1000.);
#2894=VECTOR('',#4477,1000.);
#2895=VECTOR('',#4478,1000.);
#2896=VECTOR('',#4481,1000.);
#2897=VECTOR('',#4482,1000.);
#2898=VECTOR('',#4491,1000.);
#2899=VECTOR('',#4492,1000.);
#2900=VECTOR('',#4493,1000.);
#2901=VECTOR('',#4494,1000.);
#2902=VECTOR('',#4497,1000.);
#2903=VECTOR('',#4498,1000.);
#2904=VECTOR('',#4499,1000.);
#2905=VECTOR('',#4502,1000.);
#2906=VECTOR('',#4503,1000.);
#2907=VECTOR('',#4504,1000.);
#2908=VECTOR('',#4507,1000.);
#2909=VECTOR('',#4508,1000.);
#2910=VECTOR('',#4517,1000.);
#2911=VECTOR('',#4518,1000.);
#2912=VECTOR('',#4519,1000.);
#2913=VECTOR('',#4520,1000.);
#2914=VECTOR('',#4521,1000.);
#2915=VECTOR('',#4524,1000.);
#2916=VECTOR('',#4525,1000.);
#2917=VECTOR('',#4526,1000.);
#2918=VECTOR('',#4535,1000.);
#2919=VECTOR('',#4536,1000.);
#2920=VECTOR('',#4537,1000.);
#2921=VECTOR('',#4538,1000.);
#2922=VECTOR('',#4539,1000.);
#2923=VECTOR('',#4542,1000.);
#2924=VECTOR('',#4543,1000.);
#2925=VECTOR('',#4544,1000.);
#2926=VECTOR('',#4553,1000.);
#2927=VECTOR('',#4554,1000.);
#2928=VECTOR('',#4555,1000.);
#2929=VECTOR('',#4556,1000.);
#2930=VECTOR('',#4563,1000.);
#2931=VECTOR('',#4566,1000.);
#2932=VECTOR('',#4567,1000.);
#2933=VECTOR('',#4568,1000.);
#2934=VECTOR('',#4583,1000.);
#2935=VECTOR('',#4584,1000.);
#2936=VECTOR('',#4585,1000.);
#2937=VECTOR('',#4586,1000.);
#2938=VECTOR('',#4591,1000.);
#2939=VECTOR('',#4596,1000.);
#2940=VECTOR('',#4597,1000.);
#2941=VECTOR('',#4598,1000.);
#2942=VECTOR('',#4613,1000.);
#2943=VECTOR('',#4614,1000.);
#2944=VECTOR('',#4615,1000.);
#2945=VECTOR('',#4616,1000.);
#2946=VECTOR('',#4617,1000.);
#2947=VECTOR('',#4618,1000.);
#2948=VECTOR('',#4619,1000.);
#2949=VECTOR('',#4620,1000.);
#2950=VECTOR('',#4621,1000.);
#2951=VECTOR('',#4622,1000.);
#2952=VECTOR('',#4623,1000.);
#2953=VECTOR('',#4624,1000.);
#2954=VECTOR('',#4625,1000.);
#2955=VECTOR('',#4626,1000.);
#2956=VECTOR('',#4627,1000.);
#2957=VECTOR('',#4628,1000.);
#2958=VECTOR('',#4629,1000.);
#2959=VECTOR('',#4634,1000.);
#2960=VECTOR('',#4635,1000.);
#2961=VECTOR('',#4640,1000.);
#2962=VECTOR('',#4645,1000.);
#2963=VECTOR('',#4646,1000.);
#2964=VECTOR('',#4651,1000.);
#2965=VECTOR('',#4652,1000.);
#2966=VECTOR('',#4653,1000.);
#2967=VECTOR('',#4654,1000.);
#2968=VECTOR('',#4655,1000.);
#2969=VECTOR('',#4656,1000.);
#2970=VECTOR('',#4657,1000.);
#2971=VECTOR('',#4658,1000.);
#2972=VECTOR('',#4659,1000.);
#2973=VECTOR('',#4660,1000.);
#2974=VECTOR('',#4661,1000.);
#2975=VECTOR('',#4662,1000.);
#2976=VECTOR('',#4663,1000.);
#2977=VECTOR('',#4664,1000.);
#2978=VECTOR('',#4665,1000.);
#2979=VECTOR('',#4666,1000.);
#2980=VECTOR('',#4667,1000.);
#2981=VECTOR('',#4668,1000.);
#2982=VECTOR('',#4669,1000.);
#2983=VECTOR('',#4670,1000.);
#2984=VECTOR('',#4671,1000.);
#2985=VECTOR('',#4672,1000.);
#2986=VECTOR('',#4673,1000.);
#2987=VECTOR('',#4674,1000.);
#2988=VECTOR('',#4675,1000.);
#2989=VECTOR('',#4676,1000.);
#2990=VECTOR('',#4677,1000.);
#2991=VECTOR('',#4678,1000.);
#2992=VECTOR('',#4679,1000.);
#2993=VECTOR('',#4680,1000.);
#2994=VECTOR('',#4681,1000.);
#2995=VECTOR('',#4682,1000.);
#2996=VECTOR('',#4683,1000.);
#2997=VECTOR('',#4684,1000.);
#2998=VECTOR('',#4685,1000.);
#2999=VECTOR('',#4686,1000.);
#3000=VECTOR('',#4687,1000.);
#3001=VECTOR('',#4688,1000.);
#3002=VECTOR('',#4689,1000.);
#3003=VECTOR('',#4690,1000.);
#3004=VECTOR('',#4691,1000.);
#3005=VECTOR('',#4692,1000.);
#3006=VECTOR('',#4693,1000.);
#3007=VECTOR('',#4694,1000.);
#3008=VECTOR('',#4695,1000.);
#3009=VECTOR('',#4696,1000.);
#3010=VECTOR('',#4697,1000.);
#3011=VECTOR('',#4698,1000.);
#3012=VECTOR('',#4699,1000.);
#3013=VECTOR('',#4700,1000.);
#3014=VECTOR('',#4701,1000.);
#3015=VECTOR('',#4702,1000.);
#3016=VECTOR('',#4703,1000.);
#3017=VECTOR('',#4704,1000.);
#3018=VECTOR('',#4707,1000.);
#3019=VECTOR('',#4708,1000.);
#3020=VECTOR('',#4709,1000.);
#3021=VECTOR('',#4714,1000.);
#3022=VECTOR('',#4715,1000.);
#3023=VECTOR('',#4716,1000.);
#3024=VECTOR('',#4717,1000.);
#3025=VECTOR('',#4718,1000.);
#3026=VECTOR('',#4719,1000.);
#3027=VECTOR('',#4720,1000.);
#3028=VECTOR('',#4721,1000.);
#3029=VECTOR('',#4724,1000.);
#3030=VECTOR('',#4725,1000.);
#3031=VECTOR('',#4726,1000.);
#3032=VECTOR('',#4727,1000.);
#3033=VECTOR('',#4728,1000.);
#3034=VECTOR('',#4729,1000.);
#3035=VECTOR('',#4738,1000.);
#3036=VECTOR('',#4739,1000.);
#3037=VECTOR('',#4740,1000.);
#3038=VECTOR('',#4751,1000.);
#3039=VECTOR('',#4752,1000.);
#3040=VECTOR('',#4753,1000.);
#3041=VECTOR('',#4754,1000.);
#3042=VECTOR('',#4773,1000.);
#3043=VECTOR('',#4774,1000.);
#3044=VECTOR('',#4775,1000.);
#3045=VECTOR('',#4778,1000.);
#3046=VECTOR('',#4779,1000.);
#3047=VECTOR('',#4782,1000.);
#3048=VECTOR('',#4783,1000.);
#3049=VECTOR('',#4786,1000.);
#3050=VECTOR('',#4787,1000.);
#3051=VECTOR('',#4790,1000.);
#3052=VECTOR('',#4791,1000.);
#3053=VECTOR('',#4794,1000.);
#3054=VECTOR('',#4795,1000.);
#3055=VECTOR('',#4798,1000.);
#3056=VECTOR('',#4803,1000.);
#3057=VECTOR('',#4804,1000.);
#3058=VECTOR('',#4805,1000.);
#3059=VECTOR('',#4808,1000.);
#3060=VECTOR('',#4809,1000.);
#3061=VECTOR('',#4812,1000.);
#3062=VECTOR('',#4813,1000.);
#3063=VECTOR('',#4816,1000.);
#3064=VECTOR('',#4821,1000.);
#3065=VECTOR('',#4822,1000.);
#3066=VECTOR('',#4823,1000.);
#3067=VECTOR('',#4826,1000.);
#3068=VECTOR('',#4827,1000.);
#3069=VECTOR('',#4830,1000.);
#3070=VECTOR('',#4833,1000.);
#3071=VECTOR('',#4834,1000.);
#3072=VECTOR('',#4835,1000.);
#3073=VECTOR('',#4836,1000.);
#3074=VECTOR('',#4837,1000.);
#3075=VECTOR('',#4838,1000.);
#3076=VECTOR('',#4841,1000.);
#3077=VECTOR('',#4846,1000.);
#3078=VECTOR('',#4847,1000.);
#3079=VECTOR('',#4850,1000.);
#3080=VECTOR('',#4851,1000.);
#3081=VECTOR('',#4854,1000.);
#3082=VECTOR('',#4857,1000.);
#3083=VECTOR('',#4858,1000.);
#3084=VECTOR('',#4859,1000.);
#3085=VECTOR('',#4860,1000.);
#3086=VECTOR('',#4861,1000.);
#3087=VECTOR('',#4862,1000.);
#3088=VECTOR('',#4871,1000.);
#3089=VECTOR('',#4874,1000.);
#3090=VECTOR('',#4877,1000.);
#3091=VECTOR('',#4878,1000.);
#3092=VECTOR('',#4881,1000.);
#3093=VECTOR('',#4882,1000.);
#3094=VECTOR('',#4885,1000.);
#3095=VECTOR('',#4888,1000.);
#3096=VECTOR('',#4889,1000.);
#3097=VECTOR('',#4890,1000.);
#3098=VECTOR('',#4891,1000.);
#3099=VECTOR('',#4892,1000.);
#3100=VECTOR('',#4893,1000.);
#3101=VECTOR('',#4896,1000.);
#3102=VECTOR('',#4901,1000.);
#3103=VECTOR('',#4902,1000.);
#3104=VECTOR('',#4905,1000.);
#3105=VECTOR('',#4906,1000.);
#3106=VECTOR('',#4909,1000.);
#3107=VECTOR('',#4912,1000.);
#3108=VECTOR('',#4913,1000.);
#3109=VECTOR('',#4914,1000.);
#3110=VECTOR('',#4915,1000.);
#3111=VECTOR('',#4916,1000.);
#3112=VECTOR('',#4921,1000.);
#3113=VECTOR('',#4922,1000.);
#3114=VECTOR('',#4923,1000.);
#3115=VECTOR('',#4926,1000.);
#3116=VECTOR('',#4927,1000.);
#3117=VECTOR('',#4930,1000.);
#3118=VECTOR('',#4931,1000.);
#3119=VECTOR('',#4934,1000.);
#3120=VECTOR('',#4935,1000.);
#3121=VECTOR('',#4938,1000.);
#3122=VECTOR('',#4939,1000.);
#3123=VECTOR('',#4942,1000.);
#3124=VECTOR('',#4943,1000.);
#3125=VECTOR('',#4946,1000.);
#3126=VECTOR('',#4947,1000.);
#3127=VECTOR('',#4950,1000.);
#3128=VECTOR('',#4955,1000.);
#3129=VECTOR('',#4956,1000.);
#3130=VECTOR('',#4957,1000.);
#3131=VECTOR('',#4960,1000.);
#3132=VECTOR('',#4961,1000.);
#3133=VECTOR('',#4964,1000.);
#3134=VECTOR('',#4965,1000.);
#3135=VECTOR('',#4968,1000.);
#3136=VECTOR('',#4969,1000.);
#3137=VECTOR('',#4972,1000.);
#3138=VECTOR('',#4973,1000.);
#3139=VECTOR('',#4976,1000.);
#3140=VECTOR('',#4977,1000.);
#3141=VECTOR('',#4980,1000.);
#3142=VECTOR('',#4985,1000.);
#3143=VECTOR('',#4986,1000.);
#3144=VECTOR('',#4987,1000.);
#3145=VECTOR('',#4990,1000.);
#3146=VECTOR('',#4991,1000.);
#3147=VECTOR('',#4994,1000.);
#3148=VECTOR('',#4995,1000.);
#3149=VECTOR('',#4998,1000.);
#3150=VECTOR('',#5003,1000.);
#3151=VECTOR('',#5004,1000.);
#3152=VECTOR('',#5005,1000.);
#3153=VECTOR('',#5008,1000.);
#3154=VECTOR('',#5009,1000.);
#3155=VECTOR('',#5012,1000.);
#3156=VECTOR('',#5013,1000.);
#3157=VECTOR('',#5016,1000.);
#3158=VECTOR('',#5021,1000.);
#3159=VECTOR('',#5022,1000.);
#3160=VECTOR('',#5023,1000.);
#3161=VECTOR('',#5026,1000.);
#3162=VECTOR('',#5027,1000.);
#3163=VECTOR('',#5030,1000.);
#3164=VECTOR('',#5031,1000.);
#3165=VECTOR('',#5034,1000.);
#3166=VECTOR('',#5035,1000.);
#3167=VECTOR('',#5038,1000.);
#3168=VECTOR('',#5039,1000.);
#3169=VECTOR('',#5042,1000.);
#3170=VECTOR('',#5043,1000.);
#3171=VECTOR('',#5046,1000.);
#3172=VECTOR('',#5051,1000.);
#3173=VECTOR('',#5052,1000.);
#3174=VECTOR('',#5053,1000.);
#3175=VECTOR('',#5056,1000.);
#3176=VECTOR('',#5057,1000.);
#3177=VECTOR('',#5060,1000.);
#3178=VECTOR('',#5061,1000.);
#3179=VECTOR('',#5064,1000.);
#3180=VECTOR('',#5069,1000.);
#3181=VECTOR('',#5070,1000.);
#3182=VECTOR('',#5071,1000.);
#3183=VECTOR('',#5074,1000.);
#3184=VECTOR('',#5075,1000.);
#3185=VECTOR('',#5078,1000.);
#3186=VECTOR('',#5079,1000.);
#3187=VECTOR('',#5082,1000.);
#3188=VECTOR('',#5083,1000.);
#3189=VECTOR('',#5086,1000.);
#3190=VECTOR('',#5087,1000.);
#3191=VECTOR('',#5090,1000.);
#3192=VECTOR('',#5091,1000.);
#3193=VECTOR('',#5094,1000.);
#3194=VECTOR('',#5095,1000.);
#3195=VECTOR('',#5098,1000.);
#3196=VECTOR('',#5103,1000.);
#3197=VECTOR('',#5104,1000.);
#3198=VECTOR('',#5105,1000.);
#3199=VECTOR('',#5108,1000.);
#3200=VECTOR('',#5109,1000.);
#3201=VECTOR('',#5112,1000.);
#3202=VECTOR('',#5113,1000.);
#3203=VECTOR('',#5116,1000.);
#3204=VECTOR('',#5117,1000.);
#3205=VECTOR('',#5120,1000.);
#3206=VECTOR('',#5121,1000.);
#3207=VECTOR('',#5124,1000.);
#3208=VECTOR('',#5125,1000.);
#3209=VECTOR('',#5128,1000.);
#3210=VECTOR('',#5129,1000.);
#3211=VECTOR('',#5132,1000.);
#3212=VECTOR('',#5137,1000.);
#3213=VECTOR('',#5138,1000.);
#3214=VECTOR('',#5139,1000.);
#3215=VECTOR('',#5140,1000.);
#3216=VECTOR('',#5141,1000.);
#3217=VECTOR('',#5142,1000.);
#3218=VECTOR('',#5143,1000.);
#3219=VECTOR('',#5144,1000.);
#3220=VECTOR('',#5145,1000.);
#3221=VECTOR('',#5148,1000.);
#3222=VECTOR('',#5153,1000.);
#3223=VECTOR('',#5156,1000.);
#3224=VECTOR('',#5157,1000.);
#3225=VECTOR('',#5160,1000.);
#3226=VECTOR('',#5161,1000.);
#3227=VECTOR('',#5164,1000.);
#3228=VECTOR('',#5165,1000.);
#3229=VECTOR('',#5168,1000.);
#3230=VECTOR('',#5169,1000.);
#3231=VECTOR('',#5170,1000.);
#3232=VECTOR('',#5171,1000.);
#3233=VECTOR('',#5172,1000.);
#3234=VECTOR('',#5175,1000.);
#3235=VECTOR('',#5178,1000.);
#3236=VECTOR('',#5179,1000.);
#3237=VECTOR('',#5182,1000.);
#3238=VECTOR('',#5183,1000.);
#3239=VECTOR('',#5186,1000.);
#3240=VECTOR('',#5191,1000.);
#3241=VECTOR('',#5192,1000.);
#3242=VECTOR('',#5193,1000.);
#3243=VECTOR('',#5196,1000.);
#3244=VECTOR('',#5197,1000.);
#3245=VECTOR('',#5200,1000.);
#3246=VECTOR('',#5201,1000.);
#3247=VECTOR('',#5204,1000.);
#3248=VECTOR('',#5209,1000.);
#3249=VECTOR('',#5210,1000.);
#3250=VECTOR('',#5211,1000.);
#3251=VECTOR('',#5214,1000.);
#3252=VECTOR('',#5215,1000.);
#3253=VECTOR('',#5218,1000.);
#3254=VECTOR('',#5219,1000.);
#3255=VECTOR('',#5222,1000.);
#3256=VECTOR('',#5227,1000.);
#3257=VECTOR('',#5228,1000.);
#3258=VECTOR('',#5229,1000.);
#3259=VECTOR('',#5232,1000.);
#3260=VECTOR('',#5235,1000.);
#3261=VECTOR('',#5238,1000.);
#3262=VECTOR('',#5241,1000.);
#3263=VECTOR('',#5242,1000.);
#3264=VECTOR('',#5243,1000.);
#3265=VECTOR('',#5244,1000.);
#3266=VECTOR('',#5245,1000.);
#3267=VECTOR('',#5248,1000.);
#3268=VECTOR('',#5251,1000.);
#3269=VECTOR('',#5252,1000.);
#3270=VECTOR('',#5255,1000.);
#3271=VECTOR('',#5258,1000.);
#3272=VECTOR('',#5259,1000.);
#3273=VECTOR('',#5260,1000.);
#3274=VECTOR('',#5261,1000.);
#3275=VECTOR('',#5262,1000.);
#3276=VECTOR('',#5265,1000.);
#3277=VECTOR('',#5270,1000.);
#3278=VECTOR('',#5271,1000.);
#3279=VECTOR('',#5274,1000.);
#3280=VECTOR('',#5275,1000.);
#3281=VECTOR('',#5278,1000.);
#3282=VECTOR('',#5279,1000.);
#3283=VECTOR('',#5280,1000.);
#3284=VECTOR('',#5281,1000.);
#3285=VECTOR('',#5284,1000.);
#3286=VECTOR('',#5289,1000.);
#3287=VECTOR('',#5292,1000.);
#3288=VECTOR('',#5293,1000.);
#3289=VECTOR('',#5296,1000.);
#3290=VECTOR('',#5301,1000.);
#3291=VECTOR('',#5306,1000.);
#3292=VECTOR('',#5307,1000.);
#3293=VECTOR('',#5310,1000.);
#3294=VECTOR('',#5311,1000.);
#3295=VECTOR('',#5314,1000.);
#3296=VECTOR('',#5315,1000.);
#3297=VECTOR('',#5316,1000.);
#3298=VECTOR('',#5317,1000.);
#3299=VECTOR('',#5318,1000.);
#3300=VECTOR('',#5319,1000.);
#3301=VECTOR('',#5322,1000.);
#3302=VECTOR('',#5323,1000.);
#3303=VECTOR('',#5326,1000.);
#3304=EDGE_LOOP('',(#290,#291,#292,#293));
#3305=EDGE_LOOP('',(#294,#295,#296,#297));
#3306=EDGE_LOOP('',(#298,#299,#300,#301));
#3307=EDGE_LOOP('',(#302,#303,#304,#305));
#3308=EDGE_LOOP('',(#306,#307,#308,#309));
#3309=EDGE_LOOP('',(#310,#311,#312,#313));
#3310=EDGE_LOOP('',(#314,#315,#316,#317));
#3311=EDGE_LOOP('',(#318,#319,#320,#321));
#3312=EDGE_LOOP('',(#322,#323,#324,#325));
#3313=EDGE_LOOP('',(#326,#327,#328,#329));
#3314=EDGE_LOOP('',(#330,#331,#332,#333));
#3315=EDGE_LOOP('',(#334,#335,#336,#337));
#3316=EDGE_LOOP('',(#338,#339,#340,#341));
#3317=EDGE_LOOP('',(#342,#343,#344,#345));
#3318=EDGE_LOOP('',(#346,#347,#348,#349));
#3319=EDGE_LOOP('',(#350,#351,#352,#353));
#3320=EDGE_LOOP('',(#354,#355,#356,#357));
#3321=EDGE_LOOP('',(#358,#359,#360,#361));
#3322=EDGE_LOOP('',(#362,#363,#364,#365));
#3323=EDGE_LOOP('',(#366,#367,#368,#369));
#3324=EDGE_LOOP('',(#370,#371,#372,#373));
#3325=EDGE_LOOP('',(#374,#375,#376,#377));
#3326=EDGE_LOOP('',(#378,#379,#380,#381));
#3327=EDGE_LOOP('',(#382,#383,#384,#385));
#3328=EDGE_LOOP('',(#386,#387,#388,#389));
#3329=EDGE_LOOP('',(#390,#391,#392,#393));
#3330=EDGE_LOOP('',(#394,#395,#396,#397));
#3331=EDGE_LOOP('',(#398,#399,#400,#401));
#3332=EDGE_LOOP('',(#402,#403,#404,#405));
#3333=EDGE_LOOP('',(#406,#407,#408,#409));
#3334=EDGE_LOOP('',(#410,#411,#412,#413));
#3335=EDGE_LOOP('',(#414,#415,#416,#417));
#3336=EDGE_LOOP('',(#418,#419,#420,#421));
#3337=EDGE_LOOP('',(#422,#423,#424,#425));
#3338=EDGE_LOOP('',(#426,#427,#428,#429));
#3339=EDGE_LOOP('',(#430,#431,#432,#433));
#3340=EDGE_LOOP('',(#434,#435,#436,#437));
#3341=EDGE_LOOP('',(#438,#439,#440,#441,#442,#443,#444));
#3342=EDGE_LOOP('',(#445,#446,#447,#448));
#3343=EDGE_LOOP('',(#449,#450,#451,#452,#453,#454,#455,#456,#457,#458,#459,
#460,#461,#462,#463,#464,#465,#466,#467,#468));
#3344=EDGE_LOOP('',(#469,#470,#471,#472,#473,#474,#475,#476,#477,#478,#479,
#480,#481,#482,#483,#484,#485,#486,#487,#488));
#3345=EDGE_LOOP('',(#489,#490,#491,#492,#493,#494,#495,#496));
#3346=EDGE_LOOP('',(#497,#498,#499,#500,#501,#502,#503));
#3347=EDGE_LOOP('',(#504,#505,#506,#507));
#3348=EDGE_LOOP('',(#508,#509,#510,#511));
#3349=EDGE_LOOP('',(#512,#513,#514,#515,#516,#517,#518));
#3350=EDGE_LOOP('',(#519,#520,#521,#522));
#3351=EDGE_LOOP('',(#523,#524,#525,#526,#527,#528,#529,#530));
#3352=EDGE_LOOP('',(#531,#532,#533,#534,#535,#536,#537,#538));
#3353=EDGE_LOOP('',(#539,#540,#541,#542,#543,#544,#545,#546,#547,#548,#549,
#550,#551,#552,#553,#554,#555,#556,#557,#558,#559,#560));
#3354=EDGE_LOOP('',(#561,#562,#563,#564));
#3355=EDGE_LOOP('',(#565,#566,#567,#568));
#3356=EDGE_LOOP('',(#569,#570,#571,#572,#573,#574,#575,#576,#577,#578,#579,
#580,#581,#582,#583,#584,#585,#586,#587,#588,#589,#590,#591,#592,#593,#594,
#595,#596,#597,#598,#599,#600,#601,#602,#603,#604,#605,#606,#607));
#3357=EDGE_LOOP('',(#608,#609,#610,#611));
#3358=EDGE_LOOP('',(#612,#613,#614,#615));
#3359=EDGE_LOOP('',(#616,#617,#618,#619));
#3360=EDGE_LOOP('',(#620,#621,#622,#623));
#3361=EDGE_LOOP('',(#624,#625,#626,#627));
#3362=EDGE_LOOP('',(#628,#629,#630,#631));
#3363=EDGE_LOOP('',(#632,#633,#634,#635));
#3364=EDGE_LOOP('',(#636,#637,#638,#639));
#3365=EDGE_LOOP('',(#640,#641,#642,#643));
#3366=EDGE_LOOP('',(#644,#645,#646,#647));
#3367=EDGE_LOOP('',(#648,#649,#650,#651));
#3368=EDGE_LOOP('',(#652,#653,#654,#655));
#3369=EDGE_LOOP('',(#656,#657,#658,#659,#660,#661,#662));
#3370=EDGE_LOOP('',(#663,#664,#665,#666));
#3371=EDGE_LOOP('',(#667,#668,#669,#670));
#3372=EDGE_LOOP('',(#671,#672,#673,#674));
#3373=EDGE_LOOP('',(#675,#676,#677,#678));
#3374=EDGE_LOOP('',(#679,#680,#681,#682));
#3375=EDGE_LOOP('',(#683,#684,#685,#686));
#3376=EDGE_LOOP('',(#687,#688,#689,#690));
#3377=EDGE_LOOP('',(#691,#692,#693,#694));
#3378=EDGE_LOOP('',(#695,#696,#697,#698));
#3379=EDGE_LOOP('',(#699,#700,#701,#702));
#3380=EDGE_LOOP('',(#703,#704,#705,#706));
#3381=EDGE_LOOP('',(#707,#708,#709,#710));
#3382=EDGE_LOOP('',(#711,#712,#713,#714));
#3383=EDGE_LOOP('',(#715,#716,#717,#718));
#3384=EDGE_LOOP('',(#719,#720,#721,#722));
#3385=EDGE_LOOP('',(#723,#724,#725,#726));
#3386=EDGE_LOOP('',(#727,#728,#729,#730));
#3387=EDGE_LOOP('',(#731,#732,#733,#734));
#3388=EDGE_LOOP('',(#735,#736,#737,#738));
#3389=EDGE_LOOP('',(#739,#740,#741,#742));
#3390=EDGE_LOOP('',(#743,#744,#745,#746));
#3391=EDGE_LOOP('',(#747,#748,#749,#750));
#3392=EDGE_LOOP('',(#751,#752,#753,#754));
#3393=EDGE_LOOP('',(#755,#756,#757,#758));
#3394=EDGE_LOOP('',(#759,#760,#761,#762));
#3395=EDGE_LOOP('',(#763,#764,#765,#766,#767,#768,#769,#770,#771,#772,#773,
#774,#775,#776,#777,#778,#779,#780,#781,#782));
#3396=EDGE_LOOP('',(#783,#784,#785,#786));
#3397=EDGE_LOOP('',(#787,#788,#789,#790));
#3398=EDGE_LOOP('',(#791,#792,#793,#794));
#3399=EDGE_LOOP('',(#795,#796,#797,#798));
#3400=EDGE_LOOP('',(#799,#800,#801,#802));
#3401=EDGE_LOOP('',(#803,#804,#805,#806));
#3402=EDGE_LOOP('',(#807,#808,#809,#810));
#3403=EDGE_LOOP('',(#811,#812,#813,#814));
#3404=EDGE_LOOP('',(#815,#816,#817,#818));
#3405=EDGE_LOOP('',(#819,#820,#821,#822));
#3406=EDGE_LOOP('',(#823,#824,#825,#826));
#3407=EDGE_LOOP('',(#827,#828,#829,#830));
#3408=EDGE_LOOP('',(#831,#832,#833,#834));
#3409=EDGE_LOOP('',(#835,#836,#837,#838));
#3410=EDGE_LOOP('',(#839,#840,#841,#842));
#3411=EDGE_LOOP('',(#843,#844,#845,#846));
#3412=EDGE_LOOP('',(#847,#848,#849,#850));
#3413=EDGE_LOOP('',(#851,#852,#853,#854));
#3414=EDGE_LOOP('',(#855,#856,#857,#858));
#3415=EDGE_LOOP('',(#859,#860,#861,#862));
#3416=EDGE_LOOP('',(#863,#864,#865,#866,#867,#868,#869,#870,#871,#872,#873,
#874,#875,#876,#877,#878,#879,#880,#881,#882));
#3417=EDGE_LOOP('',(#883,#884,#885,#886));
#3418=EDGE_LOOP('',(#887,#888,#889,#890));
#3419=EDGE_LOOP('',(#891,#892,#893,#894));
#3420=EDGE_LOOP('',(#895,#896,#897,#898));
#3421=EDGE_LOOP('',(#899,#900,#901,#902));
#3422=EDGE_LOOP('',(#903,#904,#905,#906));
#3423=EDGE_LOOP('',(#907,#908,#909,#910));
#3424=EDGE_LOOP('',(#911,#912,#913,#914));
#3425=EDGE_LOOP('',(#915,#916,#917,#918,#919,#920,#921,#922));
#3426=EDGE_LOOP('',(#923,#924,#925,#926));
#3427=EDGE_LOOP('',(#927,#928,#929,#930));
#3428=EDGE_LOOP('',(#931,#932,#933,#934));
#3429=EDGE_LOOP('',(#935,#936,#937,#938));
#3430=EDGE_LOOP('',(#939,#940,#941,#942));
#3431=EDGE_LOOP('',(#943,#944,#945,#946));
#3432=EDGE_LOOP('',(#947,#948,#949,#950));
#3433=EDGE_LOOP('',(#951,#952,#953,#954,#955,#956,#957));
#3434=EDGE_LOOP('',(#958,#959,#960,#961));
#3435=EDGE_LOOP('',(#962,#963,#964,#965));
#3436=EDGE_LOOP('',(#966,#967,#968,#969));
#3437=EDGE_LOOP('',(#970,#971,#972,#973));
#3438=EDGE_LOOP('',(#974,#975,#976,#977));
#3439=EDGE_LOOP('',(#978,#979,#980,#981));
#3440=EDGE_LOOP('',(#982,#983,#984,#985));
#3441=EDGE_LOOP('',(#986,#987,#988,#989));
#3442=EDGE_LOOP('',(#990,#991,#992,#993));
#3443=EDGE_LOOP('',(#994,#995,#996,#997));
#3444=EDGE_LOOP('',(#998,#999,#1000,#1001));
#3445=EDGE_LOOP('',(#1002,#1003,#1004,#1005));
#3446=EDGE_LOOP('',(#1006,#1007,#1008,#1009));
#3447=EDGE_LOOP('',(#1010,#1011,#1012,#1013));
#3448=EDGE_LOOP('',(#1014,#1015,#1016,#1017));
#3449=EDGE_LOOP('',(#1018,#1019,#1020,#1021));
#3450=EDGE_LOOP('',(#1022,#1023,#1024,#1025));
#3451=EDGE_LOOP('',(#1026,#1027,#1028,#1029,#1030,#1031,#1032));
#3452=EDGE_LOOP('',(#1033,#1034,#1035,#1036));
#3453=EDGE_LOOP('',(#1037,#1038,#1039,#1040));
#3454=EDGE_LOOP('',(#1041,#1042,#1043,#1044));
#3455=EDGE_LOOP('',(#1045,#1046,#1047,#1048));
#3456=EDGE_LOOP('',(#1049,#1050,#1051,#1052));
#3457=EDGE_LOOP('',(#1053,#1054,#1055,#1056));
#3458=EDGE_LOOP('',(#1057,#1058,#1059,#1060));
#3459=EDGE_LOOP('',(#1061,#1062,#1063,#1064));
#3460=EDGE_LOOP('',(#1065,#1066,#1067,#1068));
#3461=EDGE_LOOP('',(#1069,#1070,#1071,#1072));
#3462=EDGE_LOOP('',(#1073,#1074,#1075,#1076));
#3463=EDGE_LOOP('',(#1077,#1078,#1079,#1080));
#3464=EDGE_LOOP('',(#1081,#1082,#1083,#1084));
#3465=EDGE_LOOP('',(#1085,#1086,#1087,#1088,#1089,#1090,#1091,#1092));
#3466=EDGE_LOOP('',(#1093,#1094,#1095,#1096));
#3467=EDGE_LOOP('',(#1097,#1098,#1099,#1100));
#3468=EDGE_LOOP('',(#1101,#1102,#1103,#1104));
#3469=EDGE_LOOP('',(#1105,#1106,#1107,#1108));
#3470=EDGE_LOOP('',(#1109,#1110,#1111,#1112));
#3471=EDGE_LOOP('',(#1113,#1114,#1115,#1116));
#3472=EDGE_LOOP('',(#1117,#1118,#1119,#1120));
#3473=EDGE_LOOP('',(#1121,#1122,#1123,#1124));
#3474=EDGE_LOOP('',(#1125,#1126,#1127,#1128,#1129,#1130,#1131,#1132));
#3475=EDGE_LOOP('',(#1133,#1134,#1135,#1136));
#3476=EDGE_LOOP('',(#1137,#1138,#1139,#1140));
#3477=EDGE_LOOP('',(#1141,#1142,#1143,#1144));
#3478=EDGE_LOOP('',(#1145,#1146,#1147,#1148));
#3479=EDGE_LOOP('',(#1149,#1150,#1151,#1152));
#3480=EDGE_LOOP('',(#1153,#1154,#1155,#1156));
#3481=EDGE_LOOP('',(#1157,#1158,#1159,#1160));
#3482=EDGE_LOOP('',(#1161,#1162,#1163,#1164));
#3483=EDGE_LOOP('',(#1165,#1166,#1167,#1168));
#3484=EDGE_LOOP('',(#1169,#1170,#1171,#1172));
#3485=EDGE_LOOP('',(#1173,#1174,#1175,#1176));
#3486=EDGE_LOOP('',(#1177,#1178,#1179,#1180));
#3487=EDGE_LOOP('',(#1181,#1182,#1183,#1184));
#3488=EDGE_LOOP('',(#1185,#1186,#1187,#1188));
#3489=EDGE_LOOP('',(#1189,#1190,#1191,#1192));
#3490=EDGE_LOOP('',(#1193,#1194,#1195,#1196));
#3491=EDGE_LOOP('',(#1197,#1198,#1199,#1200));
#3492=EDGE_LOOP('',(#1201,#1202,#1203,#1204));
#3493=EDGE_LOOP('',(#1205,#1206,#1207,#1208));
#3494=EDGE_LOOP('',(#1209,#1210,#1211,#1212));
#3495=EDGE_LOOP('',(#1213,#1214,#1215,#1216));
#3496=EDGE_LOOP('',(#1217,#1218,#1219,#1220));
#3497=EDGE_LOOP('',(#1221,#1222,#1223,#1224,#1225,#1226,#1227,#1228,#1229,
#1230,#1231,#1232,#1233,#1234,#1235,#1236,#1237,#1238,#1239,#1240,#1241,
#1242));
#3498=EDGE_LOOP('',(#1243,#1244,#1245,#1246));
#3499=EDGE_LOOP('',(#1247,#1248,#1249,#1250));
#3500=EDGE_LOOP('',(#1251,#1252,#1253,#1254));
#3501=EDGE_LOOP('',(#1255,#1256,#1257,#1258));
#3502=EDGE_LOOP('',(#1259,#1260,#1261,#1262));
#3503=EDGE_LOOP('',(#1263,#1264,#1265,#1266));
#3504=EDGE_LOOP('',(#1267,#1268,#1269,#1270));
#3505=EDGE_LOOP('',(#1271,#1272,#1273,#1274));
#3506=EDGE_LOOP('',(#1275,#1276,#1277,#1278));
#3507=EDGE_LOOP('',(#1279,#1280,#1281,#1282));
#3508=EDGE_LOOP('',(#1283,#1284,#1285,#1286));
#3509=EDGE_LOOP('',(#1287,#1288,#1289,#1290));
#3510=EDGE_LOOP('',(#1291,#1292,#1293,#1294));
#3511=EDGE_LOOP('',(#1295,#1296,#1297,#1298));
#3512=EDGE_LOOP('',(#1299,#1300,#1301,#1302));
#3513=EDGE_LOOP('',(#1303,#1304,#1305,#1306));
#3514=EDGE_LOOP('',(#1307,#1308,#1309,#1310));
#3515=EDGE_LOOP('',(#1311,#1312,#1313,#1314));
#3516=EDGE_LOOP('',(#1315,#1316,#1317,#1318));
#3517=EDGE_LOOP('',(#1319,#1320,#1321,#1322));
#3518=EDGE_LOOP('',(#1323,#1324,#1325,#1326));
#3519=EDGE_LOOP('',(#1327,#1328,#1329,#1330));
#3520=EDGE_LOOP('',(#1331,#1332,#1333,#1334));
#3521=EDGE_LOOP('',(#1335,#1336,#1337,#1338));
#3522=EDGE_LOOP('',(#1339,#1340,#1341,#1342));
#3523=EDGE_LOOP('',(#1343,#1344,#1345,#1346));
#3524=EDGE_LOOP('',(#1347,#1348,#1349,#1350));
#3525=EDGE_LOOP('',(#1351,#1352,#1353,#1354));
#3526=EDGE_LOOP('',(#1355,#1356,#1357,#1358));
#3527=EDGE_LOOP('',(#1359,#1360,#1361,#1362));
#3528=EDGE_LOOP('',(#1363,#1364,#1365,#1366));
#3529=EDGE_LOOP('',(#1367,#1368,#1369,#1370));
#3530=EDGE_LOOP('',(#1371,#1372,#1373,#1374));
#3531=EDGE_LOOP('',(#1375,#1376,#1377,#1378));
#3532=EDGE_LOOP('',(#1379,#1380,#1381,#1382));
#3533=EDGE_LOOP('',(#1383,#1384,#1385,#1386));
#3534=EDGE_LOOP('',(#1387,#1388,#1389,#1390));
#3535=EDGE_LOOP('',(#1391,#1392,#1393,#1394));
#3536=EDGE_LOOP('',(#1395,#1396,#1397,#1398));
#3537=EDGE_LOOP('',(#1399,#1400,#1401,#1402));
#3538=EDGE_LOOP('',(#1403,#1404,#1405,#1406));
#3539=EDGE_LOOP('',(#1407,#1408,#1409,#1410));
#3540=EDGE_LOOP('',(#1411,#1412,#1413,#1414));
#3541=EDGE_LOOP('',(#1415,#1416,#1417,#1418));
#3542=EDGE_LOOP('',(#1419,#1420,#1421,#1422));
#3543=EDGE_LOOP('',(#1423,#1424,#1425,#1426));
#3544=EDGE_LOOP('',(#1427,#1428,#1429,#1430));
#3545=EDGE_LOOP('',(#1431,#1432,#1433,#1434));
#3546=EDGE_LOOP('',(#1435,#1436,#1437,#1438));
#3547=EDGE_LOOP('',(#1439,#1440,#1441,#1442,#1443,#1444,#1445,#1446,#1447,
#1448,#1449,#1450,#1451,#1452,#1453,#1454,#1455,#1456,#1457,#1458,#1459,
#1460,#1461,#1462,#1463,#1464,#1465,#1466,#1467,#1468,#1469,#1470,#1471,
#1472,#1473,#1474,#1475,#1476,#1477));
#3548=FACE_BOUND('',#3304,.T.);
#3549=FACE_BOUND('',#3305,.T.);
#3550=FACE_BOUND('',#3306,.T.);
#3551=FACE_BOUND('',#3307,.T.);
#3552=FACE_BOUND('',#3308,.T.);
#3553=FACE_BOUND('',#3309,.T.);
#3554=FACE_BOUND('',#3310,.T.);
#3555=FACE_BOUND('',#3311,.T.);
#3556=FACE_BOUND('',#3312,.T.);
#3557=FACE_BOUND('',#3313,.T.);
#3558=FACE_BOUND('',#3314,.T.);
#3559=FACE_BOUND('',#3315,.T.);
#3560=FACE_BOUND('',#3316,.T.);
#3561=FACE_BOUND('',#3317,.T.);
#3562=FACE_BOUND('',#3318,.T.);
#3563=FACE_BOUND('',#3319,.T.);
#3564=FACE_BOUND('',#3320,.T.);
#3565=FACE_BOUND('',#3321,.T.);
#3566=FACE_BOUND('',#3322,.T.);
#3567=FACE_BOUND('',#3323,.T.);
#3568=FACE_BOUND('',#3324,.T.);
#3569=FACE_BOUND('',#3325,.T.);
#3570=FACE_BOUND('',#3326,.T.);
#3571=FACE_BOUND('',#3327,.T.);
#3572=FACE_BOUND('',#3328,.T.);
#3573=FACE_BOUND('',#3329,.T.);
#3574=FACE_BOUND('',#3330,.T.);
#3575=FACE_BOUND('',#3331,.T.);
#3576=FACE_BOUND('',#3332,.T.);
#3577=FACE_BOUND('',#3333,.T.);
#3578=FACE_BOUND('',#3334,.T.);
#3579=FACE_BOUND('',#3335,.T.);
#3580=FACE_BOUND('',#3336,.T.);
#3581=FACE_BOUND('',#3337,.T.);
#3582=FACE_BOUND('',#3338,.T.);
#3583=FACE_BOUND('',#3339,.T.);
#3584=FACE_BOUND('',#3340,.T.);
#3585=FACE_BOUND('',#3341,.T.);
#3586=FACE_BOUND('',#3342,.T.);
#3587=FACE_BOUND('',#3343,.T.);
#3588=FACE_BOUND('',#3344,.T.);
#3589=FACE_BOUND('',#3345,.T.);
#3590=FACE_BOUND('',#3346,.T.);
#3591=FACE_BOUND('',#3347,.T.);
#3592=FACE_BOUND('',#3348,.T.);
#3593=FACE_BOUND('',#3349,.T.);
#3594=FACE_BOUND('',#3350,.T.);
#3595=FACE_BOUND('',#3351,.T.);
#3596=FACE_BOUND('',#3352,.T.);
#3597=FACE_BOUND('',#3353,.T.);
#3598=FACE_BOUND('',#3354,.T.);
#3599=FACE_BOUND('',#3355,.T.);
#3600=FACE_BOUND('',#3356,.T.);
#3601=FACE_BOUND('',#3357,.T.);
#3602=FACE_BOUND('',#3358,.T.);
#3603=FACE_BOUND('',#3359,.T.);
#3604=FACE_BOUND('',#3360,.T.);
#3605=FACE_BOUND('',#3361,.T.);
#3606=FACE_BOUND('',#3362,.T.);
#3607=FACE_BOUND('',#3363,.T.);
#3608=FACE_BOUND('',#3364,.T.);
#3609=FACE_BOUND('',#3365,.T.);
#3610=FACE_BOUND('',#3366,.T.);
#3611=FACE_BOUND('',#3367,.T.);
#3612=FACE_BOUND('',#3368,.T.);
#3613=FACE_BOUND('',#3369,.T.);
#3614=FACE_BOUND('',#3370,.T.);
#3615=FACE_BOUND('',#3371,.T.);
#3616=FACE_BOUND('',#3372,.T.);
#3617=FACE_BOUND('',#3373,.T.);
#3618=FACE_BOUND('',#3374,.T.);
#3619=FACE_BOUND('',#3375,.T.);
#3620=FACE_BOUND('',#3376,.T.);
#3621=FACE_BOUND('',#3377,.T.);
#3622=FACE_BOUND('',#3378,.T.);
#3623=FACE_BOUND('',#3379,.T.);
#3624=FACE_BOUND('',#3380,.T.);
#3625=FACE_BOUND('',#3381,.T.);
#3626=FACE_BOUND('',#3382,.T.);
#3627=FACE_BOUND('',#3383,.T.);
#3628=FACE_BOUND('',#3384,.T.);
#3629=FACE_BOUND('',#3385,.T.);
#3630=FACE_BOUND('',#3386,.T.);
#3631=FACE_BOUND('',#3387,.T.);
#3632=FACE_BOUND('',#3388,.T.);
#3633=FACE_BOUND('',#3389,.T.);
#3634=FACE_BOUND('',#3390,.T.);
#3635=FACE_BOUND('',#3391,.T.);
#3636=FACE_BOUND('',#3392,.T.);
#3637=FACE_BOUND('',#3393,.T.);
#3638=FACE_BOUND('',#3394,.T.);
#3639=FACE_BOUND('',#3395,.T.);
#3640=FACE_BOUND('',#3396,.T.);
#3641=FACE_BOUND('',#3397,.T.);
#3642=FACE_BOUND('',#3398,.T.);
#3643=FACE_BOUND('',#3399,.T.);
#3644=FACE_BOUND('',#3400,.T.);
#3645=FACE_BOUND('',#3401,.T.);
#3646=FACE_BOUND('',#3402,.T.);
#3647=FACE_BOUND('',#3403,.T.);
#3648=FACE_BOUND('',#3404,.T.);
#3649=FACE_BOUND('',#3405,.T.);
#3650=FACE_BOUND('',#3406,.T.);
#3651=FACE_BOUND('',#3407,.T.);
#3652=FACE_BOUND('',#3408,.T.);
#3653=FACE_BOUND('',#3409,.T.);
#3654=FACE_BOUND('',#3410,.T.);
#3655=FACE_BOUND('',#3411,.T.);
#3656=FACE_BOUND('',#3412,.T.);
#3657=FACE_BOUND('',#3413,.T.);
#3658=FACE_BOUND('',#3414,.T.);
#3659=FACE_BOUND('',#3415,.T.);
#3660=FACE_BOUND('',#3416,.T.);
#3661=FACE_BOUND('',#3417,.T.);
#3662=FACE_BOUND('',#3418,.T.);
#3663=FACE_BOUND('',#3419,.T.);
#3664=FACE_BOUND('',#3420,.T.);
#3665=FACE_BOUND('',#3421,.T.);
#3666=FACE_BOUND('',#3422,.T.);
#3667=FACE_BOUND('',#3423,.T.);
#3668=FACE_BOUND('',#3424,.T.);
#3669=FACE_BOUND('',#3425,.T.);
#3670=FACE_BOUND('',#3426,.T.);
#3671=FACE_BOUND('',#3427,.T.);
#3672=FACE_BOUND('',#3428,.T.);
#3673=FACE_BOUND('',#3429,.T.);
#3674=FACE_BOUND('',#3430,.T.);
#3675=FACE_BOUND('',#3431,.T.);
#3676=FACE_BOUND('',#3432,.T.);
#3677=FACE_BOUND('',#3433,.T.);
#3678=FACE_BOUND('',#3434,.T.);
#3679=FACE_BOUND('',#3435,.T.);
#3680=FACE_BOUND('',#3436,.T.);
#3681=FACE_BOUND('',#3437,.T.);
#3682=FACE_BOUND('',#3438,.T.);
#3683=FACE_BOUND('',#3439,.T.);
#3684=FACE_BOUND('',#3440,.T.);
#3685=FACE_BOUND('',#3441,.T.);
#3686=FACE_BOUND('',#3442,.T.);
#3687=FACE_BOUND('',#3443,.T.);
#3688=FACE_BOUND('',#3444,.T.);
#3689=FACE_BOUND('',#3445,.T.);
#3690=FACE_BOUND('',#3446,.T.);
#3691=FACE_BOUND('',#3447,.T.);
#3692=FACE_BOUND('',#3448,.T.);
#3693=FACE_BOUND('',#3449,.T.);
#3694=FACE_BOUND('',#3450,.T.);
#3695=FACE_BOUND('',#3451,.T.);
#3696=FACE_BOUND('',#3452,.T.);
#3697=FACE_BOUND('',#3453,.T.);
#3698=FACE_BOUND('',#3454,.T.);
#3699=FACE_BOUND('',#3455,.T.);
#3700=FACE_BOUND('',#3456,.T.);
#3701=FACE_BOUND('',#3457,.T.);
#3702=FACE_BOUND('',#3458,.T.);
#3703=FACE_BOUND('',#3459,.T.);
#3704=FACE_BOUND('',#3460,.T.);
#3705=FACE_BOUND('',#3461,.T.);
#3706=FACE_BOUND('',#3462,.T.);
#3707=FACE_BOUND('',#3463,.T.);
#3708=FACE_BOUND('',#3464,.T.);
#3709=FACE_BOUND('',#3465,.T.);
#3710=FACE_BOUND('',#3466,.T.);
#3711=FACE_BOUND('',#3467,.T.);
#3712=FACE_BOUND('',#3468,.T.);
#3713=FACE_BOUND('',#3469,.T.);
#3714=FACE_BOUND('',#3470,.T.);
#3715=FACE_BOUND('',#3471,.T.);
#3716=FACE_BOUND('',#3472,.T.);
#3717=FACE_BOUND('',#3473,.T.);
#3718=FACE_BOUND('',#3474,.T.);
#3719=FACE_BOUND('',#3475,.T.);
#3720=FACE_BOUND('',#3476,.T.);
#3721=FACE_BOUND('',#3477,.T.);
#3722=FACE_BOUND('',#3478,.T.);
#3723=FACE_BOUND('',#3479,.T.);
#3724=FACE_BOUND('',#3480,.T.);
#3725=FACE_BOUND('',#3481,.T.);
#3726=FACE_BOUND('',#3482,.T.);
#3727=FACE_BOUND('',#3483,.T.);
#3728=FACE_BOUND('',#3484,.T.);
#3729=FACE_BOUND('',#3485,.T.);
#3730=FACE_BOUND('',#3486,.T.);
#3731=FACE_BOUND('',#3487,.T.);
#3732=FACE_BOUND('',#3488,.T.);
#3733=FACE_BOUND('',#3489,.T.);
#3734=FACE_BOUND('',#3490,.T.);
#3735=FACE_BOUND('',#3491,.T.);
#3736=FACE_BOUND('',#3492,.T.);
#3737=FACE_BOUND('',#3493,.T.);
#3738=FACE_BOUND('',#3494,.T.);
#3739=FACE_BOUND('',#3495,.T.);
#3740=FACE_BOUND('',#3496,.T.);
#3741=FACE_BOUND('',#3497,.T.);
#3742=FACE_BOUND('',#3498,.T.);
#3743=FACE_BOUND('',#3499,.T.);
#3744=FACE_BOUND('',#3500,.T.);
#3745=FACE_BOUND('',#3501,.T.);
#3746=FACE_BOUND('',#3502,.T.);
#3747=FACE_BOUND('',#3503,.T.);
#3748=FACE_BOUND('',#3504,.T.);
#3749=FACE_BOUND('',#3505,.T.);
#3750=FACE_BOUND('',#3506,.T.);
#3751=FACE_BOUND('',#3507,.T.);
#3752=FACE_BOUND('',#3508,.T.);
#3753=FACE_BOUND('',#3509,.T.);
#3754=FACE_BOUND('',#3510,.T.);
#3755=FACE_BOUND('',#3511,.T.);
#3756=FACE_BOUND('',#3512,.T.);
#3757=FACE_BOUND('',#3513,.T.);
#3758=FACE_BOUND('',#3514,.T.);
#3759=FACE_BOUND('',#3515,.T.);
#3760=FACE_BOUND('',#3516,.T.);
#3761=FACE_BOUND('',#3517,.T.);
#3762=FACE_BOUND('',#3518,.T.);
#3763=FACE_BOUND('',#3519,.T.);
#3764=FACE_BOUND('',#3520,.T.);
#3765=FACE_BOUND('',#3521,.T.);
#3766=FACE_BOUND('',#3522,.T.);
#3767=FACE_BOUND('',#3523,.T.);
#3768=FACE_BOUND('',#3524,.T.);
#3769=FACE_BOUND('',#3525,.T.);
#3770=FACE_BOUND('',#3526,.T.);
#3771=FACE_BOUND('',#3527,.T.);
#3772=FACE_BOUND('',#3528,.T.);
#3773=FACE_BOUND('',#3529,.T.);
#3774=FACE_BOUND('',#3530,.T.);
#3775=FACE_BOUND('',#3531,.T.);
#3776=FACE_BOUND('',#3532,.T.);
#3777=FACE_BOUND('',#3533,.T.);
#3778=FACE_BOUND('',#3534,.T.);
#3779=FACE_BOUND('',#3535,.T.);
#3780=FACE_BOUND('',#3536,.T.);
#3781=FACE_BOUND('',#3537,.T.);
#3782=FACE_BOUND('',#3538,.T.);
#3783=FACE_BOUND('',#3539,.T.);
#3784=FACE_BOUND('',#3540,.T.);
#3785=FACE_BOUND('',#3541,.T.);
#3786=FACE_BOUND('',#3542,.T.);
#3787=FACE_BOUND('',#3543,.T.);
#3788=FACE_BOUND('',#3544,.T.);
#3789=FACE_BOUND('',#3545,.T.);
#3790=FACE_BOUND('',#3546,.T.);
#3791=FACE_BOUND('',#3547,.T.);
#3792=PLANE('',#4237);
#3793=PLANE('',#4238);
#3794=PLANE('',#4239);
#3795=PLANE('',#4240);
#3796=PLANE('',#4241);
#3797=PLANE('',#4242);
#3798=PLANE('',#4244);
#3799=PLANE('',#4245);
#3800=PLANE('',#4246);
#3801=PLANE('',#4247);
#3802=PLANE('',#4248);
#3803=PLANE('',#4249);
#3804=PLANE('',#4251);
#3805=PLANE('',#4252);
#3806=PLANE('',#4253);
#3807=PLANE('',#4254);
#3808=PLANE('',#4256);
#3809=PLANE('',#4257);
#3810=PLANE('',#4258);
#3811=PLANE('',#4259);
#3812=PLANE('',#4261);
#3813=PLANE('',#4265);
#3814=PLANE('',#4269);
#3815=PLANE('',#4270);
#3816=PLANE('',#4272);
#3817=PLANE('',#4276);
#3818=PLANE('',#4280);
#3819=PLANE('',#4281);
#3820=PLANE('',#4283);
#3821=PLANE('',#4304);
#3822=PLANE('',#4313);
#3823=PLANE('',#4314);
#3824=PLANE('',#4315);
#3825=PLANE('',#4316);
#3826=PLANE('',#4317);
#3827=PLANE('',#4318);
#3828=PLANE('',#4319);
#3829=PLANE('',#4320);
#3830=PLANE('',#4321);
#3831=PLANE('',#4322);
#3832=PLANE('',#4323);
#3833=PLANE('',#4324);
#3834=PLANE('',#4325);
#3835=PLANE('',#4326);
#3836=PLANE('',#4327);
#3837=PLANE('',#4332);
#3838=PLANE('',#4333);
#3839=PLANE('',#4338);
#3840=PLANE('',#4341);
#3841=PLANE('',#4342);
#3842=PLANE('',#4347);
#3843=PLANE('',#4348);
#3844=PLANE('',#4351);
#3845=PLANE('',#4352);
#3846=PLANE('',#4353);
#3847=PLANE('',#4354);
#3848=PLANE('',#4355);
#3849=PLANE('',#4356);
#3850=PLANE('',#4357);
#3851=PLANE('',#4358);
#3852=PLANE('',#4359);
#3853=PLANE('',#4360);
#3854=PLANE('',#4361);
#3855=PLANE('',#4362);
#3856=PLANE('',#4363);
#3857=PLANE('',#4364);
#3858=PLANE('',#4365);
#3859=PLANE('',#4366);
#3860=PLANE('',#4367);
#3861=PLANE('',#4368);
#3862=PLANE('',#4369);
#3863=PLANE('',#4370);
#3864=PLANE('',#4371);
#3865=PLANE('',#4372);
#3866=PLANE('',#4373);
#3867=PLANE('',#4374);
#3868=PLANE('',#4375);
#3869=PLANE('',#4376);
#3870=PLANE('',#4377);
#3871=PLANE('',#4378);
#3872=PLANE('',#4379);
#3873=PLANE('',#4380);
#3874=PLANE('',#4381);
#3875=PLANE('',#4382);
#3876=PLANE('',#4383);
#3877=PLANE('',#4384);
#3878=PLANE('',#4385);
#3879=PLANE('',#4386);
#3880=PLANE('',#4387);
#3881=PLANE('',#4388);
#3882=PLANE('',#4389);
#3883=PLANE('',#4390);
#3884=PLANE('',#4391);
#3885=PLANE('',#4392);
#3886=PLANE('',#4393);
#3887=PLANE('',#4394);
#3888=PLANE('',#4395);
#3889=PLANE('',#4396);
#3890=PLANE('',#4397);
#3891=PLANE('',#4398);
#3892=PLANE('',#4399);
#3893=PLANE('',#4400);
#3894=PLANE('',#4401);
#3895=PLANE('',#4402);
#3896=PLANE('',#4403);
#3897=PLANE('',#4404);
#3898=PLANE('',#4405);
#3899=PLANE('',#4406);
#3900=PLANE('',#4407);
#3901=PLANE('',#4408);
#3902=PLANE('',#4409);
#3903=PLANE('',#4410);
#3904=PLANE('',#4415);
#3905=PLANE('',#4416);
#3906=PLANE('',#4417);
#3907=PLANE('',#4420);
#3908=PLANE('',#4421);
#3909=PLANE('',#4422);
#3910=PLANE('',#4423);
#3911=PLANE('',#4424);
#3912=PLANE('',#4425);
#3913=PLANE('',#4426);
#3914=PLANE('',#4427);
#3915=PLANE('',#4428);
#3916=PLANE('',#4429);
#3917=PLANE('',#4430);
#3918=PLANE('',#4431);
#3919=PLANE('',#4432);
#3920=PLANE('',#4433);
#3921=PLANE('',#4444);
#3922=PLANE('',#4445);
#3923=PLANE('',#4446);
#3924=PLANE('',#4455);
#3925=PLANE('',#4456);
#3926=PLANE('',#4457);
#3927=PLANE('',#4458);
#3928=PLANE('',#4459);
#3929=PLANE('',#4460);
#3930=ADVANCED_FACE('',(#3548),#3792,.F.);
#3931=ADVANCED_FACE('',(#3549),#3793,.T.);
#3932=ADVANCED_FACE('',(#3550),#3794,.T.);
#3933=ADVANCED_FACE('',(#3551),#3795,.F.);
#3934=ADVANCED_FACE('',(#3552),#3796,.F.);
#3935=ADVANCED_FACE('',(#3553),#3797,.T.);
#3936=ADVANCED_FACE('',(#3554),#3798,.T.);
#3937=ADVANCED_FACE('',(#3555),#3799,.F.);
#3938=ADVANCED_FACE('',(#3556),#3800,.F.);
#3939=ADVANCED_FACE('',(#3557),#3801,.T.);
#3940=ADVANCED_FACE('',(#3558),#3802,.T.);
#3941=ADVANCED_FACE('',(#3559),#3803,.F.);
#3942=ADVANCED_FACE('',(#3560),#3804,.F.);
#3943=ADVANCED_FACE('',(#3561),#214,.T.);
#3944=ADVANCED_FACE('',(#3562),#3805,.F.);
#3945=ADVANCED_FACE('',(#3563),#215,.F.);
#3946=ADVANCED_FACE('',(#3564),#3806,.F.);
#3947=ADVANCED_FACE('',(#3565),#3807,.T.);
#3948=ADVANCED_FACE('',(#3566),#3808,.T.);
#3949=ADVANCED_FACE('',(#3567),#216,.F.);
#3950=ADVANCED_FACE('',(#3568),#3809,.T.);
#3951=ADVANCED_FACE('',(#3569),#217,.T.);
#3952=ADVANCED_FACE('',(#3570),#3810,.T.);
#3953=ADVANCED_FACE('',(#3571),#3811,.F.);
#3954=ADVANCED_FACE('',(#3572),#3812,.F.);
#3955=ADVANCED_FACE('',(#3573),#62,.T.);
#3956=ADVANCED_FACE('',(#3574),#3813,.F.);
#3957=ADVANCED_FACE('',(#3575),#63,.F.);
#3958=ADVANCED_FACE('',(#3576),#3814,.F.);
#3959=ADVANCED_FACE('',(#3577),#3815,.T.);
#3960=ADVANCED_FACE('',(#3578),#3816,.T.);
#3961=ADVANCED_FACE('',(#3579),#64,.T.);
#3962=ADVANCED_FACE('',(#3580),#3817,.T.);
#3963=ADVANCED_FACE('',(#3581),#65,.F.);
#3964=ADVANCED_FACE('',(#3582),#3818,.T.);
#3965=ADVANCED_FACE('',(#3583),#3819,.F.);
#3966=ADVANCED_FACE('',(#3584,#3585,#3586,#3587,#3588,#3589,#3590,#3591,
#3592,#3593,#3594,#3595,#3596,#3597,#3598,#3599,#3600),#3820,.T.);
#3967=ADVANCED_FACE('',(#3601),#3821,.F.);
#3968=ADVANCED_FACE('',(#3602),#66,.T.);
#3969=ADVANCED_FACE('',(#3603),#67,.T.);
#3970=ADVANCED_FACE('',(#3604),#68,.T.);
#3971=ADVANCED_FACE('',(#3605),#69,.T.);
#3972=ADVANCED_FACE('',(#3606),#3822,.T.);
#3973=ADVANCED_FACE('',(#3607),#3823,.T.);
#3974=ADVANCED_FACE('',(#3608),#3824,.T.);
#3975=ADVANCED_FACE('',(#3609),#3825,.T.);
#3976=ADVANCED_FACE('',(#3610),#3826,.T.);
#3977=ADVANCED_FACE('',(#3611),#3827,.T.);
#3978=ADVANCED_FACE('',(#3612),#3828,.T.);
#3979=ADVANCED_FACE('',(#3613),#3829,.T.);
#3980=ADVANCED_FACE('',(#3614),#3830,.T.);
#3981=ADVANCED_FACE('',(#3615),#3831,.T.);
#3982=ADVANCED_FACE('',(#3616),#3832,.T.);
#3983=ADVANCED_FACE('',(#3617),#3833,.T.);
#3984=ADVANCED_FACE('',(#3618),#3834,.T.);
#3985=ADVANCED_FACE('',(#3619),#3835,.T.);
#3986=ADVANCED_FACE('',(#3620),#3836,.F.);
#3987=ADVANCED_FACE('',(#3621),#70,.F.);
#3988=ADVANCED_FACE('',(#3622),#218,.T.);
#3989=ADVANCED_FACE('',(#3623),#219,.T.);
#3990=ADVANCED_FACE('',(#3624),#220,.T.);
#3991=ADVANCED_FACE('',(#3625),#221,.T.);
#3992=ADVANCED_FACE('',(#3626),#222,.T.);
#3993=ADVANCED_FACE('',(#3627),#223,.T.);
#3994=ADVANCED_FACE('',(#3628),#71,.F.);
#3995=ADVANCED_FACE('',(#3629),#3837,.F.);
#3996=ADVANCED_FACE('',(#3630),#3838,.T.);
#3997=ADVANCED_FACE('',(#3631),#72,.T.);
#3998=ADVANCED_FACE('',(#3632),#224,.T.);
#3999=ADVANCED_FACE('',(#3633),#225,.T.);
#4000=ADVANCED_FACE('',(#3634),#226,.T.);
#4001=ADVANCED_FACE('',(#3635),#227,.T.);
#4002=ADVANCED_FACE('',(#3636),#228,.T.);
#4003=ADVANCED_FACE('',(#3637),#229,.T.);
#4004=ADVANCED_FACE('',(#3638),#73,.T.);
#4005=ADVANCED_FACE('',(#3639),#3839,.T.);
#4006=ADVANCED_FACE('',(#3640),#74,.F.);
#4007=ADVANCED_FACE('',(#3641),#3840,.F.);
#4008=ADVANCED_FACE('',(#3642),#3841,.T.);
#4009=ADVANCED_FACE('',(#3643),#75,.T.);
#4010=ADVANCED_FACE('',(#3644),#230,.T.);
#4011=ADVANCED_FACE('',(#3645),#231,.T.);
#4012=ADVANCED_FACE('',(#3646),#232,.T.);
#4013=ADVANCED_FACE('',(#3647),#233,.T.);
#4014=ADVANCED_FACE('',(#3648),#234,.T.);
#4015=ADVANCED_FACE('',(#3649),#235,.T.);
#4016=ADVANCED_FACE('',(#3650),#76,.T.);
#4017=ADVANCED_FACE('',(#3651),#3842,.T.);
#4018=ADVANCED_FACE('',(#3652),#3843,.F.);
#4019=ADVANCED_FACE('',(#3653),#77,.F.);
#4020=ADVANCED_FACE('',(#3654),#236,.T.);
#4021=ADVANCED_FACE('',(#3655),#237,.T.);
#4022=ADVANCED_FACE('',(#3656),#238,.T.);
#4023=ADVANCED_FACE('',(#3657),#239,.T.);
#4024=ADVANCED_FACE('',(#3658),#240,.T.);
#4025=ADVANCED_FACE('',(#3659),#241,.T.);
#4026=ADVANCED_FACE('',(#3660),#3844,.T.);
#4027=ADVANCED_FACE('',(#3661),#3845,.T.);
#4028=ADVANCED_FACE('',(#3662),#3846,.T.);
#4029=ADVANCED_FACE('',(#3663),#3847,.T.);
#4030=ADVANCED_FACE('',(#3664),#3848,.T.);
#4031=ADVANCED_FACE('',(#3665),#3849,.T.);
#4032=ADVANCED_FACE('',(#3666),#3850,.T.);
#4033=ADVANCED_FACE('',(#3667),#3851,.T.);
#4034=ADVANCED_FACE('',(#3668),#3852,.T.);
#4035=ADVANCED_FACE('',(#3669),#3853,.T.);
#4036=ADVANCED_FACE('',(#3670),#3854,.T.);
#4037=ADVANCED_FACE('',(#3671),#3855,.T.);
#4038=ADVANCED_FACE('',(#3672),#3856,.T.);
#4039=ADVANCED_FACE('',(#3673),#3857,.T.);
#4040=ADVANCED_FACE('',(#3674),#3858,.T.);
#4041=ADVANCED_FACE('',(#3675),#3859,.T.);
#4042=ADVANCED_FACE('',(#3676),#3860,.T.);
#4043=ADVANCED_FACE('',(#3677),#3861,.T.);
#4044=ADVANCED_FACE('',(#3678),#3862,.T.);
#4045=ADVANCED_FACE('',(#3679),#3863,.T.);
#4046=ADVANCED_FACE('',(#3680),#3864,.T.);
#4047=ADVANCED_FACE('',(#3681),#3865,.T.);
#4048=ADVANCED_FACE('',(#3682),#3866,.T.);
#4049=ADVANCED_FACE('',(#3683),#3867,.T.);
#4050=ADVANCED_FACE('',(#3684),#3868,.T.);
#4051=ADVANCED_FACE('',(#3685),#3869,.T.);
#4052=ADVANCED_FACE('',(#3686),#3870,.T.);
#4053=ADVANCED_FACE('',(#3687),#3871,.T.);
#4054=ADVANCED_FACE('',(#3688),#3872,.T.);
#4055=ADVANCED_FACE('',(#3689),#3873,.T.);
#4056=ADVANCED_FACE('',(#3690),#3874,.T.);
#4057=ADVANCED_FACE('',(#3691),#3875,.T.);
#4058=ADVANCED_FACE('',(#3692),#3876,.T.);
#4059=ADVANCED_FACE('',(#3693),#3877,.T.);
#4060=ADVANCED_FACE('',(#3694),#3878,.T.);
#4061=ADVANCED_FACE('',(#3695),#3879,.T.);
#4062=ADVANCED_FACE('',(#3696),#3880,.T.);
#4063=ADVANCED_FACE('',(#3697),#3881,.T.);
#4064=ADVANCED_FACE('',(#3698),#3882,.T.);
#4065=ADVANCED_FACE('',(#3699),#3883,.T.);
#4066=ADVANCED_FACE('',(#3700),#3884,.T.);
#4067=ADVANCED_FACE('',(#3701),#3885,.T.);
#4068=ADVANCED_FACE('',(#3702),#3886,.T.);
#4069=ADVANCED_FACE('',(#3703),#3887,.T.);
#4070=ADVANCED_FACE('',(#3704),#3888,.T.);
#4071=ADVANCED_FACE('',(#3705),#3889,.T.);
#4072=ADVANCED_FACE('',(#3706),#3890,.T.);
#4073=ADVANCED_FACE('',(#3707),#3891,.T.);
#4074=ADVANCED_FACE('',(#3708),#3892,.T.);
#4075=ADVANCED_FACE('',(#3709),#3893,.T.);
#4076=ADVANCED_FACE('',(#3710),#3894,.T.);
#4077=ADVANCED_FACE('',(#3711),#3895,.T.);
#4078=ADVANCED_FACE('',(#3712),#3896,.T.);
#4079=ADVANCED_FACE('',(#3713),#3897,.T.);
#4080=ADVANCED_FACE('',(#3714),#3898,.T.);
#4081=ADVANCED_FACE('',(#3715),#3899,.T.);
#4082=ADVANCED_FACE('',(#3716),#3900,.T.);
#4083=ADVANCED_FACE('',(#3717),#3901,.T.);
#4084=ADVANCED_FACE('',(#3718),#3902,.T.);
#4085=ADVANCED_FACE('',(#3719),#3903,.T.);
#4086=ADVANCED_FACE('',(#3720),#242,.T.);
#4087=ADVANCED_FACE('',(#3721),#243,.T.);
#4088=ADVANCED_FACE('',(#3722),#244,.T.);
#4089=ADVANCED_FACE('',(#3723),#245,.T.);
#4090=ADVANCED_FACE('',(#3724),#246,.T.);
#4091=ADVANCED_FACE('',(#3725),#247,.T.);
#4092=ADVANCED_FACE('',(#3726),#78,.F.);
#4093=ADVANCED_FACE('',(#3727),#79,.F.);
#4094=ADVANCED_FACE('',(#3728),#248,.T.);
#4095=ADVANCED_FACE('',(#3729),#249,.T.);
#4096=ADVANCED_FACE('',(#3730),#3904,.T.);
#4097=ADVANCED_FACE('',(#3731),#3905,.T.);
#4098=ADVANCED_FACE('',(#3732),#3906,.T.);
#4099=ADVANCED_FACE('',(#3733),#250,.T.);
#4100=ADVANCED_FACE('',(#3734),#251,.T.);
#4101=ADVANCED_FACE('',(#3735),#252,.T.);
#4102=ADVANCED_FACE('',(#3736),#80,.T.);
#4103=ADVANCED_FACE('',(#3737),#253,.T.);
#4104=ADVANCED_FACE('',(#3738),#254,.T.);
#4105=ADVANCED_FACE('',(#3739),#3907,.T.);
#4106=ADVANCED_FACE('',(#3740),#3908,.T.);
#4107=ADVANCED_FACE('',(#3741),#3909,.T.);
#4108=ADVANCED_FACE('',(#3742),#3910,.T.);
#4109=ADVANCED_FACE('',(#3743),#3911,.T.);
#4110=ADVANCED_FACE('',(#3744),#3912,.T.);
#4111=ADVANCED_FACE('',(#3745),#3913,.T.);
#4112=ADVANCED_FACE('',(#3746),#3914,.T.);
#4113=ADVANCED_FACE('',(#3747),#3915,.T.);
#4114=ADVANCED_FACE('',(#3748),#3916,.T.);
#4115=ADVANCED_FACE('',(#3749),#3917,.T.);
#4116=ADVANCED_FACE('',(#3750),#3918,.T.);
#4117=ADVANCED_FACE('',(#3751),#3919,.T.);
#4118=ADVANCED_FACE('',(#3752),#3920,.T.);
#4119=ADVANCED_FACE('',(#3753),#81,.F.);
#4120=ADVANCED_FACE('',(#3754),#255,.T.);
#4121=ADVANCED_FACE('',(#3755),#82,.F.);
#4122=ADVANCED_FACE('',(#3756),#256,.T.);
#4123=ADVANCED_FACE('',(#3757),#257,.T.);
#4124=ADVANCED_FACE('',(#3758),#258,.T.);
#4125=ADVANCED_FACE('',(#3759),#259,.T.);
#4126=ADVANCED_FACE('',(#3760),#260,.T.);
#4127=ADVANCED_FACE('',(#3761),#83,.F.);
#4128=ADVANCED_FACE('',(#3762),#261,.T.);
#4129=ADVANCED_FACE('',(#3763),#262,.T.);
#4130=ADVANCED_FACE('',(#3764),#84,.F.);
#4131=ADVANCED_FACE('',(#3765),#263,.T.);
#4132=ADVANCED_FACE('',(#3766),#264,.T.);
#4133=ADVANCED_FACE('',(#3767),#265,.T.);
#4134=ADVANCED_FACE('',(#3768),#266,.T.);
#4135=ADVANCED_FACE('',(#3769),#267,.T.);
#4136=ADVANCED_FACE('',(#3770),#85,.F.);
#4137=ADVANCED_FACE('',(#3771),#3921,.T.);
#4138=ADVANCED_FACE('',(#3772),#3922,.T.);
#4139=ADVANCED_FACE('',(#3773),#3923,.T.);
#4140=ADVANCED_FACE('',(#3774),#268,.T.);
#4141=ADVANCED_FACE('',(#3775),#269,.T.);
#4142=ADVANCED_FACE('',(#3776),#86,.T.);
#4143=ADVANCED_FACE('',(#3777),#87,.T.);
#4144=ADVANCED_FACE('',(#3778),#270,.T.);
#4145=ADVANCED_FACE('',(#3779),#271,.T.);
#4146=ADVANCED_FACE('',(#3780),#88,.T.);
#4147=ADVANCED_FACE('',(#3781),#89,.T.);
#4148=ADVANCED_FACE('',(#3782),#3924,.T.);
#4149=ADVANCED_FACE('',(#3783),#3925,.T.);
#4150=ADVANCED_FACE('',(#3784),#3926,.T.);
#4151=ADVANCED_FACE('',(#3785),#272,.T.);
#4152=ADVANCED_FACE('',(#3786),#273,.T.);
#4153=ADVANCED_FACE('',(#3787),#274,.T.);
#4154=ADVANCED_FACE('',(#3788),#275,.T.);
#4155=ADVANCED_FACE('',(#3789),#3927,.T.);
#4156=ADVANCED_FACE('',(#3790),#3928,.T.);
#4157=ADVANCED_FACE('',(#3791),#3929,.T.);
#4158=CLOSED_SHELL('',(#3930,#3931,#3932,#3933,#3934,#3935));
#4159=CLOSED_SHELL('',(#3936,#3937,#3938,#3939,#3940,#3941));
#4160=CLOSED_SHELL('',(#3942,#3943,#3944,#3945,#3946,#3947));
#4161=CLOSED_SHELL('',(#3948,#3949,#3950,#3951,#3952,#3953));
#4162=CLOSED_SHELL('',(#3954,#3955,#3956,#3957,#3958,#3959));
#4163=CLOSED_SHELL('',(#3960,#3961,#3962,#3963,#3964,#3965));
#4164=CLOSED_SHELL('',(#3966,#3967,#3968,#3969,#3970,#3971,#3972,#3973,
#3974,#3975,#3976,#3977,#3978,#3979,#3980,#3981,#3982,#3983,#3984,#3985,
#3986,#3987,#3988,#3989,#3990,#3991,#3992,#3993,#3994,#3995,#3996,#3997,
#3998,#3999,#4000,#4001,#4002,#4003,#4004,#4005,#4006,#4007,#4008,#4009,
#4010,#4011,#4012,#4013,#4014,#4015,#4016,#4017,#4018,#4019,#4020,#4021,
#4022,#4023,#4024,#4025,#4026,#4027,#4028,#4029,#4030,#4031,#4032,#4033,
#4034,#4035,#4036,#4037,#4038,#4039,#4040,#4041,#4042,#4043,#4044,#4045,
#4046,#4047,#4048,#4049,#4050,#4051,#4052,#4053,#4054,#4055,#4056,#4057,
#4058,#4059,#4060,#4061,#4062,#4063,#4064,#4065,#4066,#4067,#4068,#4069,
#4070,#4071,#4072,#4073,#4074,#4075,#4076,#4077,#4078,#4079,#4080,#4081,
#4082,#4083,#4084,#4085,#4086,#4087,#4088,#4089,#4090,#4091,#4092,#4093,
#4094,#4095,#4096,#4097,#4098,#4099,#4100,#4101,#4102,#4103,#4104,#4105,
#4106,#4107,#4108,#4109,#4110,#4111,#4112,#4113,#4114,#4115,#4116,#4117,
#4118,#4119,#4120,#4121,#4122,#4123,#4124,#4125,#4126,#4127,#4128,#4129,
#4130,#4131,#4132,#4133,#4134,#4135,#4136,#4137,#4138,#4139,#4140,#4141,
#4142,#4143,#4144,#4145,#4146,#4147,#4148,#4149,#4150,#4151,#4152,#4153,
#4154,#4155,#4156,#4157));
#4165=STYLED_ITEM('',(#4172),#4215);
#4166=STYLED_ITEM('',(#4173),#4216);
#4167=STYLED_ITEM('',(#4174),#4217);
#4168=STYLED_ITEM('',(#4175),#4218);
#4169=STYLED_ITEM('',(#4176),#4219);
#4170=STYLED_ITEM('',(#4177),#4220);
#4171=STYLED_ITEM('',(#4178),#4221);
#4172=PRESENTATION_STYLE_ASSIGNMENT((#4179));
#4173=PRESENTATION_STYLE_ASSIGNMENT((#4180));
#4174=PRESENTATION_STYLE_ASSIGNMENT((#4181));
#4175=PRESENTATION_STYLE_ASSIGNMENT((#4182));
#4176=PRESENTATION_STYLE_ASSIGNMENT((#4183));
#4177=PRESENTATION_STYLE_ASSIGNMENT((#4184));
#4178=PRESENTATION_STYLE_ASSIGNMENT((#4185));
#4179=SURFACE_STYLE_USAGE(.BOTH.,#4186);
#4180=SURFACE_STYLE_USAGE(.BOTH.,#4187);
#4181=SURFACE_STYLE_USAGE(.BOTH.,#4188);
#4182=SURFACE_STYLE_USAGE(.BOTH.,#4189);
#4183=SURFACE_STYLE_USAGE(.BOTH.,#4190);
#4184=SURFACE_STYLE_USAGE(.BOTH.,#4191);
#4185=SURFACE_STYLE_USAGE(.BOTH.,#4192);
#4186=SURFACE_SIDE_STYLE('',(#4193));
#4187=SURFACE_SIDE_STYLE('',(#4194));
#4188=SURFACE_SIDE_STYLE('',(#4195));
#4189=SURFACE_SIDE_STYLE('',(#4196));
#4190=SURFACE_SIDE_STYLE('',(#4197));
#4191=SURFACE_SIDE_STYLE('',(#4198));
#4192=SURFACE_SIDE_STYLE('',(#4199));
#4193=SURFACE_STYLE_FILL_AREA(#4200);
#4194=SURFACE_STYLE_FILL_AREA(#4201);
#4195=SURFACE_STYLE_FILL_AREA(#4202);
#4196=SURFACE_STYLE_FILL_AREA(#4203);
#4197=SURFACE_STYLE_FILL_AREA(#4204);
#4198=SURFACE_STYLE_FILL_AREA(#4205);
#4199=SURFACE_STYLE_FILL_AREA(#4206);
#4200=FILL_AREA_STYLE('',(#4207));
#4201=FILL_AREA_STYLE('',(#4208));
#4202=FILL_AREA_STYLE('',(#4209));
#4203=FILL_AREA_STYLE('',(#4210));
#4204=FILL_AREA_STYLE('',(#4211));
#4205=FILL_AREA_STYLE('',(#4212));
#4206=FILL_AREA_STYLE('',(#4213));
#4207=FILL_AREA_STYLE_COLOUR('',#4214);
#4208=FILL_AREA_STYLE_COLOUR('',#4214);
#4209=FILL_AREA_STYLE_COLOUR('',#4214);
#4210=FILL_AREA_STYLE_COLOUR('',#4214);
#4211=FILL_AREA_STYLE_COLOUR('',#4214);
#4212=FILL_AREA_STYLE_COLOUR('',#4214);
#4213=FILL_AREA_STYLE_COLOUR('',#4214);
#4214=COLOUR_RGB('',0.917647058823529,0.917647058823529,0.917647058823529);
#4215=MANIFOLD_SOLID_BREP('Part 33',#4158);
#4216=MANIFOLD_SOLID_BREP('Part 31',#4159);
#4217=MANIFOLD_SOLID_BREP('Part 32',#4160);
#4218=MANIFOLD_SOLID_BREP('Part 30',#4161);
#4219=MANIFOLD_SOLID_BREP('Part 29',#4162);
#4220=MANIFOLD_SOLID_BREP('Part 28',#4163);
#4221=MANIFOLD_SOLID_BREP('Part 27',#4164);
#4222=SHAPE_DEFINITION_REPRESENTATION(#7458,#4229);
#4223=SHAPE_DEFINITION_REPRESENTATION(#7459,#4230);
#4224=SHAPE_DEFINITION_REPRESENTATION(#7460,#4231);
#4225=SHAPE_DEFINITION_REPRESENTATION(#7461,#4232);
#4226=SHAPE_DEFINITION_REPRESENTATION(#7462,#4233);
#4227=SHAPE_DEFINITION_REPRESENTATION(#7463,#4234);
#4228=SHAPE_DEFINITION_REPRESENTATION(#7464,#4235);
#4229=SHAPE_REPRESENTATION('Part 33',(#4236),#7423);
#4230=SHAPE_REPRESENTATION('Part 31',(#4243),#7424);
#4231=SHAPE_REPRESENTATION('Part 32',(#4250),#7425);
#4232=SHAPE_REPRESENTATION('Part 30',(#4255),#7426);
#4233=SHAPE_REPRESENTATION('Part 29',(#4260),#7427);
#4234=SHAPE_REPRESENTATION('Part 28',(#4271),#7428);
#4235=SHAPE_REPRESENTATION('Part 27',(#4282),#7429);
#4236=AXIS2_PLACEMENT_3D('',#5329,#4461,#4462);
#4237=AXIS2_PLACEMENT_3D('',#5330,#4463,#4464);
#4238=AXIS2_PLACEMENT_3D('',#5339,#4469,#4470);
#4239=AXIS2_PLACEMENT_3D('',#5345,#4474,#4475);
#4240=AXIS2_PLACEMENT_3D('',#5351,#4479,#4480);
#4241=AXIS2_PLACEMENT_3D('',#5354,#4483,#4484);
#4242=AXIS2_PLACEMENT_3D('',#5355,#4485,#4486);
#4243=AXIS2_PLACEMENT_3D('',#5356,#4487,#4488);
#4244=AXIS2_PLACEMENT_3D('',#5357,#4489,#4490);
#4245=AXIS2_PLACEMENT_3D('',#5366,#4495,#4496);
#4246=AXIS2_PLACEMENT_3D('',#5372,#4500,#4501);
#4247=AXIS2_PLACEMENT_3D('',#5378,#4505,#4506);
#4248=AXIS2_PLACEMENT_3D('',#5381,#4509,#4510);
#4249=AXIS2_PLACEMENT_3D('',#5382,#4511,#4512);
#4250=AXIS2_PLACEMENT_3D('',#5383,#4513,#4514);
#4251=AXIS2_PLACEMENT_3D('',#5384,#4515,#4516);
#4252=AXIS2_PLACEMENT_3D('',#5500,#4522,#4523);
#4253=AXIS2_PLACEMENT_3D('',#5520,#4527,#4528);
#4254=AXIS2_PLACEMENT_3D('',#5521,#4529,#4530);
#4255=AXIS2_PLACEMENT_3D('',#5522,#4531,#4532);
#4256=AXIS2_PLACEMENT_3D('',#5523,#4533,#4534);
#4257=AXIS2_PLACEMENT_3D('',#5639,#4540,#4541);
#4258=AXIS2_PLACEMENT_3D('',#5659,#4545,#4546);
#4259=AXIS2_PLACEMENT_3D('',#5660,#4547,#4548);
#4260=AXIS2_PLACEMENT_3D('',#5661,#4549,#4550);
#4261=AXIS2_PLACEMENT_3D('',#5662,#4551,#4552);
#4262=AXIS2_PLACEMENT_3D('',#5671,#4557,#4558);
#4263=AXIS2_PLACEMENT_3D('',#5672,#4559,#4560);
#4264=AXIS2_PLACEMENT_3D('',#5674,#4561,#4562);
#4265=AXIS2_PLACEMENT_3D('',#5677,#4564,#4565);
#4266=AXIS2_PLACEMENT_3D('',#5683,#4569,#4570);
#4267=AXIS2_PLACEMENT_3D('',#5684,#4571,#4572);
#4268=AXIS2_PLACEMENT_3D('',#5685,#4573,#4574);
#4269=AXIS2_PLACEMENT_3D('',#5686,#4575,#4576);
#4270=AXIS2_PLACEMENT_3D('',#5687,#4577,#4578);
#4271=AXIS2_PLACEMENT_3D('',#5688,#4579,#4580);
#4272=AXIS2_PLACEMENT_3D('',#5689,#4581,#4582);
#4273=AXIS2_PLACEMENT_3D('',#5698,#4587,#4588);
#4274=AXIS2_PLACEMENT_3D('',#5699,#4589,#4590);
#4275=AXIS2_PLACEMENT_3D('',#5703,#4592,#4593);
#4276=AXIS2_PLACEMENT_3D('',#5704,#4594,#4595);
#4277=AXIS2_PLACEMENT_3D('',#5710,#4599,#4600);
#4278=AXIS2_PLACEMENT_3D('',#5711,#4601,#4602);
#4279=AXIS2_PLACEMENT_3D('',#5712,#4603,#4604);
#4280=AXIS2_PLACEMENT_3D('',#5713,#4605,#4606);
#4281=AXIS2_PLACEMENT_3D('',#5714,#4607,#4608);
#4282=AXIS2_PLACEMENT_3D('',#5715,#4609,#4610);
#4283=AXIS2_PLACEMENT_3D('',#5716,#4611,#4612);
#4284=AXIS2_PLACEMENT_3D('',#5752,#4630,#4631);
#4285=AXIS2_PLACEMENT_3D('',#5778,#4632,#4633);
#4286=AXIS2_PLACEMENT_3D('',#5784,#4636,#4637);
#4287=AXIS2_PLACEMENT_3D('',#5810,#4638,#4639);
#4288=AXIS2_PLACEMENT_3D('',#5814,#4641,#4642);
#4289=AXIS2_PLACEMENT_3D('',#5840,#4643,#4644);
#4290=AXIS2_PLACEMENT_3D('',#5846,#4647,#4648);
#4291=AXIS2_PLACEMENT_3D('',#5872,#4649,#4650);
#4292=AXIS2_PLACEMENT_3D('',#5994,#4705,#4706);
#4293=AXIS2_PLACEMENT_3D('',#6022,#4710,#4711);
#4294=AXIS2_PLACEMENT_3D('',#6024,#4712,#4713);
#4295=AXIS2_PLACEMENT_3D('',#6061,#4722,#4723);
#4296=AXIS2_PLACEMENT_3D('',#6092,#4730,#4731);
#4297=AXIS2_PLACEMENT_3D('',#6094,#4732,#4733);
#4298=AXIS2_PLACEMENT_3D('',#6104,#4734,#4735);
#4299=AXIS2_PLACEMENT_3D('',#6106,#4736,#4737);
#4300=AXIS2_PLACEMENT_3D('',#6122,#4741,#4742);
#4301=AXIS2_PLACEMENT_3D('',#6144,#4743,#4744);
#4302=AXIS2_PLACEMENT_3D('',#6154,#4745,#4746);
#4303=AXIS2_PLACEMENT_3D('',#6176,#4747,#4748);
#4304=AXIS2_PLACEMENT_3D('',#6181,#4749,#4750);
#4305=AXIS2_PLACEMENT_3D('',#6190,#4755,#4756);
#4306=AXIS2_PLACEMENT_3D('',#6191,#4757,#4758);
#4307=AXIS2_PLACEMENT_3D('',#6192,#4759,#4760);
#4308=AXIS2_PLACEMENT_3D('',#6193,#4761,#4762);
#4309=AXIS2_PLACEMENT_3D('',#6194,#4763,#4764);
#4310=AXIS2_PLACEMENT_3D('',#6195,#4765,#4766);
#4311=AXIS2_PLACEMENT_3D('',#6196,#4767,#4768);
#4312=AXIS2_PLACEMENT_3D('',#6197,#4769,#4770);
#4313=AXIS2_PLACEMENT_3D('',#6198,#4771,#4772);
#4314=AXIS2_PLACEMENT_3D('',#6204,#4776,#4777);
#4315=AXIS2_PLACEMENT_3D('',#6208,#4780,#4781);
#4316=AXIS2_PLACEMENT_3D('',#6212,#4784,#4785);
#4317=AXIS2_PLACEMENT_3D('',#6216,#4788,#4789);
#4318=AXIS2_PLACEMENT_3D('',#6220,#4792,#4793);
#4319=AXIS2_PLACEMENT_3D('',#6224,#4796,#4797);
#4320=AXIS2_PLACEMENT_3D('',#6226,#4799,#4800);
#4321=AXIS2_PLACEMENT_3D('',#6227,#4801,#4802);
#4322=AXIS2_PLACEMENT_3D('',#6233,#4806,#4807);
#4323=AXIS2_PLACEMENT_3D('',#6237,#4810,#4811);
#4324=AXIS2_PLACEMENT_3D('',#6241,#4814,#4815);
#4325=AXIS2_PLACEMENT_3D('',#6243,#4817,#4818);
#4326=AXIS2_PLACEMENT_3D('',#6244,#4819,#4820);
#4327=AXIS2_PLACEMENT_3D('',#6250,#4824,#4825);
#4328=AXIS2_PLACEMENT_3D('',#6254,#4828,#4829);
#4329=AXIS2_PLACEMENT_3D('',#6257,#4831,#4832);
#4330=AXIS2_PLACEMENT_3D('',#6336,#4839,#4840);
#4331=AXIS2_PLACEMENT_3D('',#6339,#4842,#4843);
#4332=AXIS2_PLACEMENT_3D('',#6340,#4844,#4845);
#4333=AXIS2_PLACEMENT_3D('',#6344,#4848,#4849);
#4334=AXIS2_PLACEMENT_3D('',#6348,#4852,#4853);
#4335=AXIS2_PLACEMENT_3D('',#6351,#4855,#4856);
#4336=AXIS2_PLACEMENT_3D('',#6430,#4863,#4864);
#4337=AXIS2_PLACEMENT_3D('',#6431,#4865,#4866);
#4338=AXIS2_PLACEMENT_3D('',#6432,#4867,#4868);
#4339=AXIS2_PLACEMENT_3D('',#6433,#4869,#4870);
#4340=AXIS2_PLACEMENT_3D('',#6436,#4872,#4873);
#4341=AXIS2_PLACEMENT_3D('',#6439,#4875,#4876);
#4342=AXIS2_PLACEMENT_3D('',#6443,#4879,#4880);
#4343=AXIS2_PLACEMENT_3D('',#6447,#4883,#4884);
#4344=AXIS2_PLACEMENT_3D('',#6450,#4886,#4887);
#4345=AXIS2_PLACEMENT_3D('',#6529,#4894,#4895);
#4346=AXIS2_PLACEMENT_3D('',#6532,#4897,#4898);
#4347=AXIS2_PLACEMENT_3D('',#6533,#4899,#4900);
#4348=AXIS2_PLACEMENT_3D('',#6537,#4903,#4904);
#4349=AXIS2_PLACEMENT_3D('',#6541,#4907,#4908);
#4350=AXIS2_PLACEMENT_3D('',#6544,#4910,#4911);
#4351=AXIS2_PLACEMENT_3D('',#6621,#4917,#4918);
#4352=AXIS2_PLACEMENT_3D('',#6622,#4919,#4920);
#4353=AXIS2_PLACEMENT_3D('',#6628,#4924,#4925);
#4354=AXIS2_PLACEMENT_3D('',#6632,#4928,#4929);
#4355=AXIS2_PLACEMENT_3D('',#6636,#4932,#4933);
#4356=AXIS2_PLACEMENT_3D('',#6640,#4936,#4937);
#4357=AXIS2_PLACEMENT_3D('',#6644,#4940,#4941);
#4358=AXIS2_PLACEMENT_3D('',#6648,#4944,#4945);
#4359=AXIS2_PLACEMENT_3D('',#6652,#4948,#4949);
#4360=AXIS2_PLACEMENT_3D('',#6654,#4951,#4952);
#4361=AXIS2_PLACEMENT_3D('',#6655,#4953,#4954);
#4362=AXIS2_PLACEMENT_3D('',#6661,#4958,#4959);
#4363=AXIS2_PLACEMENT_3D('',#6665,#4962,#4963);
#4364=AXIS2_PLACEMENT_3D('',#6669,#4966,#4967);
#4365=AXIS2_PLACEMENT_3D('',#6673,#4970,#4971);
#4366=AXIS2_PLACEMENT_3D('',#6677,#4974,#4975);
#4367=AXIS2_PLACEMENT_3D('',#6681,#4978,#4979);
#4368=AXIS2_PLACEMENT_3D('',#6683,#4981,#4982);
#4369=AXIS2_PLACEMENT_3D('',#6684,#4983,#4984);
#4370=AXIS2_PLACEMENT_3D('',#6690,#4988,#4989);
#4371=AXIS2_PLACEMENT_3D('',#6694,#4992,#4993);
#4372=AXIS2_PLACEMENT_3D('',#6698,#4996,#4997);
#4373=AXIS2_PLACEMENT_3D('',#6700,#4999,#5000);
#4374=AXIS2_PLACEMENT_3D('',#6701,#5001,#5002);
#4375=AXIS2_PLACEMENT_3D('',#6707,#5006,#5007);
#4376=AXIS2_PLACEMENT_3D('',#6711,#5010,#5011);
#4377=AXIS2_PLACEMENT_3D('',#6715,#5014,#5015);
#4378=AXIS2_PLACEMENT_3D('',#6717,#5017,#5018);
#4379=AXIS2_PLACEMENT_3D('',#6718,#5019,#5020);
#4380=AXIS2_PLACEMENT_3D('',#6724,#5024,#5025);
#4381=AXIS2_PLACEMENT_3D('',#6728,#5028,#5029);
#4382=AXIS2_PLACEMENT_3D('',#6732,#5032,#5033);
#4383=AXIS2_PLACEMENT_3D('',#6736,#5036,#5037);
#4384=AXIS2_PLACEMENT_3D('',#6740,#5040,#5041);
#4385=AXIS2_PLACEMENT_3D('',#6744,#5044,#5045);
#4386=AXIS2_PLACEMENT_3D('',#6746,#5047,#5048);
#4387=AXIS2_PLACEMENT_3D('',#6747,#5049,#5050);
#4388=AXIS2_PLACEMENT_3D('',#6753,#5054,#5055);
#4389=AXIS2_PLACEMENT_3D('',#6757,#5058,#5059);
#4390=AXIS2_PLACEMENT_3D('',#6761,#5062,#5063);
#4391=AXIS2_PLACEMENT_3D('',#6763,#5065,#5066);
#4392=AXIS2_PLACEMENT_3D('',#6764,#5067,#5068);
#4393=AXIS2_PLACEMENT_3D('',#6770,#5072,#5073);
#4394=AXIS2_PLACEMENT_3D('',#6774,#5076,#5077);
#4395=AXIS2_PLACEMENT_3D('',#6778,#5080,#5081);
#4396=AXIS2_PLACEMENT_3D('',#6782,#5084,#5085);
#4397=AXIS2_PLACEMENT_3D('',#6786,#5088,#5089);
#4398=AXIS2_PLACEMENT_3D('',#6790,#5092,#5093);
#4399=AXIS2_PLACEMENT_3D('',#6794,#5096,#5097);
#4400=AXIS2_PLACEMENT_3D('',#6796,#5099,#5100);
#4401=AXIS2_PLACEMENT_3D('',#6797,#5101,#5102);
#4402=AXIS2_PLACEMENT_3D('',#6803,#5106,#5107);
#4403=AXIS2_PLACEMENT_3D('',#6807,#5110,#5111);
#4404=AXIS2_PLACEMENT_3D('',#6811,#5114,#5115);
#4405=AXIS2_PLACEMENT_3D('',#6815,#5118,#5119);
#4406=AXIS2_PLACEMENT_3D('',#6819,#5122,#5123);
#4407=AXIS2_PLACEMENT_3D('',#6823,#5126,#5127);
#4408=AXIS2_PLACEMENT_3D('',#6827,#5130,#5131);
#4409=AXIS2_PLACEMENT_3D('',#6829,#5133,#5134);
#4410=AXIS2_PLACEMENT_3D('',#6830,#5135,#5136);
#4411=AXIS2_PLACEMENT_3D('',#6914,#5146,#5147);
#4412=AXIS2_PLACEMENT_3D('',#6917,#5149,#5150);
#4413=AXIS2_PLACEMENT_3D('',#6918,#5151,#5152);
#4414=AXIS2_PLACEMENT_3D('',#6921,#5154,#5155);
#4415=AXIS2_PLACEMENT_3D('',#6948,#5158,#5159);
#4416=AXIS2_PLACEMENT_3D('',#6952,#5162,#5163);
#4417=AXIS2_PLACEMENT_3D('',#6956,#5166,#5167);
#4418=AXIS2_PLACEMENT_3D('',#6999,#5173,#5174);
#4419=AXIS2_PLACEMENT_3D('',#7002,#5176,#5177);
#4420=AXIS2_PLACEMENT_3D('',#7029,#5180,#5181);
#4421=AXIS2_PLACEMENT_3D('',#7033,#5184,#5185);
#4422=AXIS2_PLACEMENT_3D('',#7035,#5187,#5188);
#4423=AXIS2_PLACEMENT_3D('',#7036,#5189,#5190);
#4424=AXIS2_PLACEMENT_3D('',#7042,#5194,#5195);
#4425=AXIS2_PLACEMENT_3D('',#7046,#5198,#5199);
#4426=AXIS2_PLACEMENT_3D('',#7050,#5202,#5203);
#4427=AXIS2_PLACEMENT_3D('',#7052,#5205,#5206);
#4428=AXIS2_PLACEMENT_3D('',#7053,#5207,#5208);
#4429=AXIS2_PLACEMENT_3D('',#7059,#5212,#5213);
#4430=AXIS2_PLACEMENT_3D('',#7063,#5216,#5217);
#4431=AXIS2_PLACEMENT_3D('',#7067,#5220,#5221);
#4432=AXIS2_PLACEMENT_3D('',#7069,#5223,#5224);
#4433=AXIS2_PLACEMENT_3D('',#7070,#5225,#5226);
#4434=AXIS2_PLACEMENT_3D('',#7076,#5230,#5231);
#4435=AXIS2_PLACEMENT_3D('',#7079,#5233,#5234);
#4436=AXIS2_PLACEMENT_3D('',#7093,#5236,#5237);
#4437=AXIS2_PLACEMENT_3D('',#7096,#5239,#5240);
#4438=AXIS2_PLACEMENT_3D('',#7162,#5246,#5247);
#4439=AXIS2_PLACEMENT_3D('',#7165,#5249,#5250);
#4440=AXIS2_PLACEMENT_3D('',#7192,#5253,#5254);
#4441=AXIS2_PLACEMENT_3D('',#7195,#5256,#5257);
#4442=AXIS2_PLACEMENT_3D('',#7261,#5263,#5264);
#4443=AXIS2_PLACEMENT_3D('',#7264,#5266,#5267);
#4444=AXIS2_PLACEMENT_3D('',#7265,#5268,#5269);
#4445=AXIS2_PLACEMENT_3D('',#7269,#5272,#5273);
#4446=AXIS2_PLACEMENT_3D('',#7273,#5276,#5277);
#4447=AXIS2_PLACEMENT_3D('',#7303,#5282,#5283);
#4448=AXIS2_PLACEMENT_3D('',#7306,#5285,#5286);
#4449=AXIS2_PLACEMENT_3D('',#7307,#5287,#5288);
#4450=AXIS2_PLACEMENT_3D('',#7310,#5290,#5291);
#4451=AXIS2_PLACEMENT_3D('',#7337,#5294,#5295);
#4452=AXIS2_PLACEMENT_3D('',#7340,#5297,#5298);
#4453=AXIS2_PLACEMENT_3D('',#7341,#5299,#5300);
#4454=AXIS2_PLACEMENT_3D('',#7344,#5302,#5303);
#4455=AXIS2_PLACEMENT_3D('',#7345,#5304,#5305);
#4456=AXIS2_PLACEMENT_3D('',#7349,#5308,#5309);
#4457=AXIS2_PLACEMENT_3D('',#7353,#5312,#5313);
#4458=AXIS2_PLACEMENT_3D('',#7409,#5320,#5321);
#4459=AXIS2_PLACEMENT_3D('',#7413,#5324,#5325);
#4460=AXIS2_PLACEMENT_3D('',#7415,#5327,#5328);
#4461=DIRECTION('',(0.,0.,1.));
#4462=DIRECTION('',(1.,0.,0.));
#4463=DIRECTION('',(0.,-1.,0.));
#4464=DIRECTION('',(-1.,0.,0.));
#4465=DIRECTION('',(0.,0.,-1.));
#4466=DIRECTION('',(1.,0.,0.));
#4467=DIRECTION('',(0.,0.,-1.));
#4468=DIRECTION('',(1.,0.,0.));
#4469=DIRECTION('',(0.,0.,1.));
#4470=DIRECTION('',(0.,-1.,0.));
#4471=DIRECTION('',(0.,-1.,0.));
#4472=DIRECTION('',(0.,-1.,0.));
#4473=DIRECTION('',(1.,0.,0.));
#4474=DIRECTION('',(0.,-1.,0.));
#4475=DIRECTION('',(-1.,0.,0.));
#4476=DIRECTION('',(0.,0.,-1.));
#4477=DIRECTION('',(0.,0.,-1.));
#4478=DIRECTION('',(1.,0.,0.));
#4479=DIRECTION('',(0.,0.,1.));
#4480=DIRECTION('',(0.,-1.,0.));
#4481=DIRECTION('',(0.,-1.,0.));
#4482=DIRECTION('',(0.,-1.,0.));
#4483=DIRECTION('',(1.,0.,0.));
#4484=DIRECTION('',(0.,0.,-1.));
#4485=DIRECTION('',(1.,0.,0.));
#4486=DIRECTION('',(0.,0.,-1.));
#4487=DIRECTION('',(0.,0.,1.));
#4488=DIRECTION('',(1.,0.,0.));
#4489=DIRECTION('',(0.,1.,0.));
#4490=DIRECTION('',(1.,0.,0.));
#4491=DIRECTION('',(0.,0.,-1.));
#4492=DIRECTION('',(-1.,0.,0.));
#4493=DIRECTION('',(0.,0.,-1.));
#4494=DIRECTION('',(-1.,0.,0.));
#4495=DIRECTION('',(0.,0.,-1.));
#4496=DIRECTION('',(0.,1.,0.));
#4497=DIRECTION('',(0.,-1.,0.));
#4498=DIRECTION('',(-1.,0.,0.));
#4499=DIRECTION('',(0.,-1.,0.));
#4500=DIRECTION('',(0.,1.,0.));
#4501=DIRECTION('',(1.,0.,0.));
#4502=DIRECTION('',(0.,0.,-1.));
#4503=DIRECTION('',(-1.,0.,0.));
#4504=DIRECTION('',(0.,0.,-1.));
#4505=DIRECTION('',(0.,0.,-1.));
#4506=DIRECTION('',(0.,1.,0.));
#4507=DIRECTION('',(0.,-1.,0.));
#4508=DIRECTION('',(0.,-1.,0.));
#4509=DIRECTION('',(1.,0.,0.));
#4510=DIRECTION('',(0.,0.,-1.));
#4511=DIRECTION('',(1.,0.,0.));
#4512=DIRECTION('',(0.,0.,-1.));
#4513=DIRECTION('',(0.,0.,1.));
#4514=DIRECTION('',(1.,0.,0.));
#4515=DIRECTION('',(0.,-0.98942685940346,0.145032720070353));
#4516=DIRECTION('',(0.,-0.145032720070353,-0.98942685940346));
#4517=DIRECTION('',(0.,-0.145032720070353,-0.98942685940346));
#4518=DIRECTION('',(1.,0.,0.));
#4519=DIRECTION('',(0.,-0.145032720070353,-0.98942685940346));
#4520=DIRECTION('',(1.,0.,0.));
#4521=DIRECTION('',(1.,0.,0.));
#4522=DIRECTION('',(0.,-0.443370889437096,0.896338247761278));
#4523=DIRECTION('',(0.,-0.896338247761278,-0.443370889437096));
#4524=DIRECTION('',(0.,-0.896338247761278,-0.443370889437096));
#4525=DIRECTION('',(0.,-0.896338247761278,-0.443370889437096));
#4526=DIRECTION('',(1.,0.,0.));
#4527=DIRECTION('',(1.,0.,0.));
#4528=DIRECTION('',(0.,0.,-1.));
#4529=DIRECTION('',(1.,0.,0.));
#4530=DIRECTION('',(0.,0.,-1.));
#4531=DIRECTION('',(0.,0.,1.));
#4532=DIRECTION('',(1.,0.,0.));
#4533=DIRECTION('',(0.,0.98942685940346,-0.145032720070353));
#4534=DIRECTION('',(0.,0.145032720070353,0.98942685940346));
#4535=DIRECTION('',(0.,-0.145032720070353,-0.98942685940346));
#4536=DIRECTION('',(-1.,0.,0.));
#4537=DIRECTION('',(0.,-0.145032720070353,-0.98942685940346));
#4538=DIRECTION('',(-1.,0.,0.));
#4539=DIRECTION('',(-1.,0.,0.));
#4540=DIRECTION('',(0.,0.443370889437096,-0.896338247761278));
#4541=DIRECTION('',(0.,0.896338247761278,0.443370889437096));
#4542=DIRECTION('',(0.,-0.896338247761278,-0.443370889437096));
#4543=DIRECTION('',(-1.,0.,0.));
#4544=DIRECTION('',(0.,-0.896338247761278,-0.443370889437096));
#4545=DIRECTION('',(1.,0.,0.));
#4546=DIRECTION('',(0.,0.,-1.));
#4547=DIRECTION('',(1.,0.,0.));
#4548=DIRECTION('',(0.,0.,-1.));
#4549=DIRECTION('',(0.,0.,1.));
#4550=DIRECTION('',(1.,0.,0.));
#4551=DIRECTION('',(0.,-0.983912143389909,0.17865299910686));
#4552=DIRECTION('',(0.,-0.17865299910686,-0.983912143389909));
#4553=DIRECTION('',(0.,-0.17865299910686,-0.983912143389909));
#4554=DIRECTION('',(1.,0.,0.));
#4555=DIRECTION('',(0.,-0.17865299910686,-0.983912143389909));
#4556=DIRECTION('',(1.,0.,0.));
#4557=DIRECTION('',(1.,0.,0.));
#4558=DIRECTION('',(0.,-1.,0.));
#4559=DIRECTION('',(1.,0.,0.));
#4560=DIRECTION('',(0.,-1.,0.));
#4561=DIRECTION('',(1.,0.,0.));
#4562=DIRECTION('',(0.,-1.,0.));
#4563=DIRECTION('',(1.,0.,0.));
#4564=DIRECTION('',(0.,-0.982236071794543,-0.187649405183242));
#4565=DIRECTION('',(0.,0.187649405183242,-0.982236071794543));
#4566=DIRECTION('',(0.,0.187649405183242,-0.982236071794543));
#4567=DIRECTION('',(0.,0.187649405183242,-0.982236071794543));
#4568=DIRECTION('',(1.,0.,0.));
#4569=DIRECTION('',(1.,0.,0.));
#4570=DIRECTION('',(0.,-1.,0.));
#4571=DIRECTION('',(1.,0.,0.));
#4572=DIRECTION('',(0.,-1.,0.));
#4573=DIRECTION('',(1.,0.,0.));
#4574=DIRECTION('',(0.,-1.,0.));
#4575=DIRECTION('',(1.,0.,0.));
#4576=DIRECTION('',(0.,0.,-1.));
#4577=DIRECTION('',(1.,0.,0.));
#4578=DIRECTION('',(0.,0.,-1.));
#4579=DIRECTION('',(0.,0.,1.));
#4580=DIRECTION('',(1.,0.,0.));
#4581=DIRECTION('',(0.,0.983912143389909,-0.17865299910686));
#4582=DIRECTION('',(0.,0.17865299910686,0.983912143389909));
#4583=DIRECTION('',(0.,-0.17865299910686,-0.983912143389909));
#4584=DIRECTION('',(-1.,0.,0.));
#4585=DIRECTION('',(0.,-0.17865299910686,-0.983912143389909));
#4586=DIRECTION('',(-1.,0.,0.));
#4587=DIRECTION('',(-1.,0.,0.));
#4588=DIRECTION('',(0.,1.,0.));
#4589=DIRECTION('',(1.,0.,0.));
#4590=DIRECTION('',(0.,-1.,0.));
#4591=DIRECTION('',(-1.,0.,0.));
#4592=DIRECTION('',(1.,0.,0.));
#4593=DIRECTION('',(0.,-1.,0.));
#4594=DIRECTION('',(0.,0.982236071794543,0.187649405183242));
#4595=DIRECTION('',(0.,-0.187649405183242,0.982236071794543));
#4596=DIRECTION('',(0.,0.187649405183242,-0.982236071794543));
#4597=DIRECTION('',(-1.,0.,0.));
#4598=DIRECTION('',(0.,0.187649405183242,-0.982236071794543));
#4599=DIRECTION('',(-1.,0.,0.));
#4600=DIRECTION('',(0.,1.,0.));
#4601=DIRECTION('',(1.,0.,0.));
#4602=DIRECTION('',(0.,-1.,0.));
#4603=DIRECTION('',(1.,0.,0.));
#4604=DIRECTION('',(0.,-1.,0.));
#4605=DIRECTION('',(1.,0.,0.));
#4606=DIRECTION('',(0.,0.,-1.));
#4607=DIRECTION('',(1.,0.,0.));
#4608=DIRECTION('',(0.,0.,-1.));
#4609=DIRECTION('',(0.,0.,1.));
#4610=DIRECTION('',(1.,0.,0.));
#4611=DIRECTION('',(0.,0.,1.));
#4612=DIRECTION('',(1.,0.,0.));
#4613=DIRECTION('',(-1.98254111540206E-16,1.,0.));
#4614=DIRECTION('',(-1.,-9.50166845106583E-17,0.));
#4615=DIRECTION('',(-3.96508223080414E-16,1.,0.));
#4616=DIRECTION('',(-1.,-1.26688912680878E-16,0.));
#4617=DIRECTION('',(-1.,0.,0.));
#4618=DIRECTION('',(-0.327054115890723,0.945005611242038,0.));
#4619=DIRECTION('',(-0.329984761804029,-0.943986258892119,0.));
#4620=DIRECTION('',(-1.,0.,0.));
#4621=DIRECTION('',(0.330715938967003,0.943730346928175,0.));
#4622=DIRECTION('',(1.,0.,0.));
#4623=DIRECTION('',(0.328520624941273,-0.944496796706159,0.));
#4624=DIRECTION('',(-1.,0.,0.));
#4625=DIRECTION('',(0.,1.,0.));
#4626=DIRECTION('',(1.,0.,0.));
#4627=DIRECTION('',(0.,-1.,0.));
#4628=DIRECTION('',(-1.,0.,0.));
#4629=DIRECTION('',(0.,-1.,0.));
#4630=DIRECTION('',(0.,0.,1.));
#4631=DIRECTION('',(1.,0.,0.));
#4632=DIRECTION('',(0.,0.,1.));
#4633=DIRECTION('',(1.,0.,0.));
#4634=DIRECTION('',(0.,-1.,0.));
#4635=DIRECTION('',(1.,0.,0.));
#4636=DIRECTION('',(0.,0.,1.));
#4637=DIRECTION('',(1.,0.,0.));
#4638=DIRECTION('',(0.,0.,1.));
#4639=DIRECTION('',(1.,0.,0.));
#4640=DIRECTION('',(-1.,0.,0.));
#4641=DIRECTION('',(0.,0.,1.));
#4642=DIRECTION('',(1.,0.,0.));
#4643=DIRECTION('',(0.,0.,1.));
#4644=DIRECTION('',(1.,0.,0.));
#4645=DIRECTION('',(1.,0.,0.));
#4646=DIRECTION('',(0.,1.,0.));
#4647=DIRECTION('',(0.,0.,1.));
#4648=DIRECTION('',(1.,0.,0.));
#4649=DIRECTION('',(0.,0.,1.));
#4650=DIRECTION('',(1.,0.,0.));
#4651=DIRECTION('',(0.,1.,0.));
#4652=DIRECTION('',(-1.,0.,0.));
#4653=DIRECTION('',(0.,-1.,0.));
#4654=DIRECTION('',(-1.,0.,0.));
#4655=DIRECTION('',(0.,1.,0.));
#4656=DIRECTION('',(-1.,0.,0.));
#4657=DIRECTION('',(0.,1.,0.));
#4658=DIRECTION('',(1.,0.,0.));
#4659=DIRECTION('',(0.,-1.,0.));
#4660=DIRECTION('',(1.,0.,0.));
#4661=DIRECTION('',(0.,-1.,0.));
#4662=DIRECTION('',(-1.,0.,0.));
#4663=DIRECTION('',(-0.494420378153918,0.869222922883501,0.));
#4664=DIRECTION('',(0.,1.,0.));
#4665=DIRECTION('',(0.493462337455642,-0.869767165115363,0.));
#4666=DIRECTION('',(0.,1.,0.));
#4667=DIRECTION('',(0.,-1.,0.));
#4668=DIRECTION('',(-1.,0.,0.));
#4669=DIRECTION('',(0.,1.,0.));
#4670=DIRECTION('',(1.,0.,0.));
#4671=DIRECTION('',(0.,-1.,0.));
#4672=DIRECTION('',(-1.,0.,0.));
#4673=DIRECTION('',(0.,1.,0.));
#4674=DIRECTION('',(1.,0.,0.));
#4675=DIRECTION('',(1.,0.,0.));
#4676=DIRECTION('',(0.,-1.,0.));
#4677=DIRECTION('',(-1.,0.,0.));
#4678=DIRECTION('',(-0.494420378153918,0.869222922883501,0.));
#4679=DIRECTION('',(0.,1.,0.));
#4680=DIRECTION('',(0.493462337455642,-0.869767165115363,0.));
#4681=DIRECTION('',(0.,1.,0.));
#4682=DIRECTION('',(1.,0.,0.));
#4683=DIRECTION('',(0.,-1.,0.));
#4684=DIRECTION('',(-1.,0.,0.));
#4685=DIRECTION('',(0.,1.,0.));
#4686=DIRECTION('',(0.,-1.,0.));
#4687=DIRECTION('',(-1.,0.,0.));
#4688=DIRECTION('',(0.,1.,0.));
#4689=DIRECTION('',(-0.373199863388556,-0.927750969801036,0.));
#4690=DIRECTION('',(-1.,0.,0.));
#4691=DIRECTION('',(0.,1.,0.));
#4692=DIRECTION('',(0.397715622299734,0.917508737712473,0.));
#4693=DIRECTION('',(1.,0.,0.));
#4694=DIRECTION('',(0.,-1.,0.));
#4695=DIRECTION('',(-1.,0.,0.));
#4696=DIRECTION('',(0.,1.,0.));
#4697=DIRECTION('',(1.,0.,0.));
#4698=DIRECTION('',(0.398973765574323,-0.916962340766209,0.));
#4699=DIRECTION('',(0.,-1.,0.));
#4700=DIRECTION('',(-1.,0.,0.));
#4701=DIRECTION('',(-0.375066966246849,0.926997718891683,0.));
#4702=DIRECTION('',(-1.,0.,0.));
#4703=DIRECTION('',(0.,1.,0.));
#4704=DIRECTION('',(1.,0.,0.));
#4705=DIRECTION('',(0.,0.,1.));
#4706=DIRECTION('',(1.,0.,0.));
#4707=DIRECTION('',(-1.,0.,0.));
#4708=DIRECTION('',(0.,1.,0.));
#4709=DIRECTION('',(1.,0.,0.));
#4710=DIRECTION('',(0.,0.,1.));
#4711=DIRECTION('',(1.,0.,0.));
#4712=DIRECTION('',(0.,0.,1.));
#4713=DIRECTION('',(1.,0.,0.));
#4714=DIRECTION('',(1.,0.,0.));
#4715=DIRECTION('',(0.336218720762067,-0.941783930532433,0.));
#4716=DIRECTION('',(-1.,0.,0.));
#4717=DIRECTION('',(0.326277963269673,0.945273870729851,0.));
#4718=DIRECTION('',(0.,-1.,0.));
#4719=DIRECTION('',(-1.,0.,0.));
#4720=DIRECTION('',(0.,1.,0.));
#4721=DIRECTION('',(1.,0.,0.));
#4722=DIRECTION('',(0.,0.,1.));
#4723=DIRECTION('',(1.,0.,0.));
#4724=DIRECTION('',(-1.,0.,0.));
#4725=DIRECTION('',(0.,1.,0.));
#4726=DIRECTION('',(1.,0.,0.));
#4727=DIRECTION('',(-1.,0.,0.));
#4728=DIRECTION('',(0.,1.,0.));
#4729=DIRECTION('',(1.,0.,0.));
#4730=DIRECTION('',(0.,0.,1.));
#4731=DIRECTION('',(1.,0.,0.));
#4732=DIRECTION('',(0.,0.,1.));
#4733=DIRECTION('',(1.,0.,0.));
#4734=DIRECTION('',(0.,0.,1.));
#4735=DIRECTION('',(1.,0.,0.));
#4736=DIRECTION('',(0.,0.,1.));
#4737=DIRECTION('',(1.,0.,0.));
#4738=DIRECTION('',(-1.,0.,0.));
#4739=DIRECTION('',(0.,1.,0.));
#4740=DIRECTION('',(1.,0.,0.));
#4741=DIRECTION('',(0.,0.,1.));
#4742=DIRECTION('',(1.,0.,0.));
#4743=DIRECTION('',(0.,0.,1.));
#4744=DIRECTION('',(1.,0.,0.));
#4745=DIRECTION('',(0.,0.,1.));
#4746=DIRECTION('',(1.,0.,0.));
#4747=DIRECTION('',(0.,0.,1.));
#4748=DIRECTION('',(1.,0.,0.));
#4749=DIRECTION('',(0.,0.,1.));
#4750=DIRECTION('',(1.,0.,0.));
#4751=DIRECTION('',(-3.96508223080414E-16,1.,0.));
#4752=DIRECTION('',(1.,9.50166845106583E-17,0.));
#4753=DIRECTION('',(1.98254111540206E-16,-1.,0.));
#4754=DIRECTION('',(-1.,-1.26688912680878E-16,0.));
#4755=DIRECTION('',(1.98254111540206E-16,-1.,0.));
#4756=DIRECTION('',(-1.,-1.98254111540206E-16,0.));
#4757=DIRECTION('',(0.707106781186548,-0.707106781186547,0.));
#4758=DIRECTION('',(0.707106781186548,0.707106781186548,0.));
#4759=DIRECTION('',(-0.707106781186547,-0.707106781186548,0.));
#4760=DIRECTION('',(-0.707106781186548,0.707106781186547,0.));
#4761=DIRECTION('',(-1.,-1.26688912680878E-16,0.));
#4762=DIRECTION('',(-1.26688912680878E-16,1.,0.));
#4763=DIRECTION('',(-0.707106781186548,0.707106781186547,0.));
#4764=DIRECTION('',(-0.707106781186547,-0.707106781186548,0.));
#4765=DIRECTION('',(1.,9.50166845106583E-17,0.));
#4766=DIRECTION('',(9.50166845106583E-17,-1.,0.));
#4767=DIRECTION('',(0.707106781186547,0.707106781186548,0.));
#4768=DIRECTION('',(0.707106781186548,-0.707106781186547,0.));
#4769=DIRECTION('',(-3.96508223080414E-16,1.,0.));
#4770=DIRECTION('',(1.,3.96508223080414E-16,0.));
#4771=DIRECTION('',(0.945005611242038,0.327054115890723,0.));
#4772=DIRECTION('',(0.327054115890723,-0.945005611242038,0.));
#4773=DIRECTION('',(0.,0.,1.));
#4774=DIRECTION('',(-0.327054115890723,0.945005611242038,0.));
#4775=DIRECTION('',(0.,0.,1.));
#4776=DIRECTION('',(0.,1.,0.));
#4777=DIRECTION('',(1.,0.,0.));
#4778=DIRECTION('',(0.,0.,1.));
#4779=DIRECTION('',(-1.,0.,0.));
#4780=DIRECTION('',(-0.944496796706159,-0.328520624941273,0.));
#4781=DIRECTION('',(-0.328520624941273,0.944496796706159,0.));
#4782=DIRECTION('',(0.,0.,1.));
#4783=DIRECTION('',(0.328520624941273,-0.944496796706159,0.));
#4784=DIRECTION('',(0.,-1.,0.));
#4785=DIRECTION('',(-1.,0.,0.));
#4786=DIRECTION('',(0.,0.,1.));
#4787=DIRECTION('',(1.,0.,0.));
#4788=DIRECTION('',(0.943730346928175,-0.330715938967003,0.));
#4789=DIRECTION('',(-0.330715938967003,-0.943730346928175,0.));
#4790=DIRECTION('',(0.,0.,1.));
#4791=DIRECTION('',(0.330715938967003,0.943730346928175,0.));
#4792=DIRECTION('',(0.,1.,0.));
#4793=DIRECTION('',(1.,0.,0.));
#4794=DIRECTION('',(0.,0.,1.));
#4795=DIRECTION('',(-1.,0.,0.));
#4796=DIRECTION('',(-0.943986258892119,0.329984761804029,0.));
#4797=DIRECTION('',(0.329984761804029,0.943986258892119,0.));
#4798=DIRECTION('',(-0.329984761804029,-0.943986258892119,0.));
#4799=DIRECTION('',(0.,0.,1.));
#4800=DIRECTION('',(1.,0.,0.));
#4801=DIRECTION('',(1.,0.,0.));
#4802=DIRECTION('',(0.,-1.,0.));
#4803=DIRECTION('',(0.,0.,1.));
#4804=DIRECTION('',(0.,1.,0.));
#4805=DIRECTION('',(0.,0.,1.));
#4806=DIRECTION('',(0.,1.,0.));
#4807=DIRECTION('',(1.,0.,0.));
#4808=DIRECTION('',(0.,0.,1.));
#4809=DIRECTION('',(-1.,0.,0.));
#4810=DIRECTION('',(-1.,0.,0.));
#4811=DIRECTION('',(0.,1.,0.));
#4812=DIRECTION('',(0.,0.,1.));
#4813=DIRECTION('',(0.,-1.,0.));
#4814=DIRECTION('',(0.,-1.,0.));
#4815=DIRECTION('',(-1.,0.,0.));
#4816=DIRECTION('',(1.,0.,0.));
#4817=DIRECTION('',(0.,0.,1.));
#4818=DIRECTION('',(1.,0.,0.));
#4819=DIRECTION('',(-1.,0.,0.));
#4820=DIRECTION('',(0.,1.,0.));
#4821=DIRECTION('',(0.,0.,1.));
#4822=DIRECTION('',(0.,-1.,0.));
#4823=DIRECTION('',(0.,0.,1.));
#4824=DIRECTION('',(0.,1.,0.));
#4825=DIRECTION('',(1.,0.,0.));
#4826=DIRECTION('',(0.,0.,1.));
#4827=DIRECTION('',(-1.,0.,0.));
#4828=DIRECTION('',(0.,0.,1.));
#4829=DIRECTION('',(-0.352795766725912,0.935700351063457,0.));
#4830=DIRECTION('',(0.,0.,1.));
#4831=DIRECTION('',(0.,0.,1.));
#4832=DIRECTION('',(1.,0.,0.));
#4833=DIRECTION('',(0.,0.,1.));
#4834=DIRECTION('',(0.,0.,1.));
#4835=DIRECTION('',(0.,0.,1.));
#4836=DIRECTION('',(0.,0.,1.));
#4837=DIRECTION('',(0.,0.,1.));
#4838=DIRECTION('',(0.,0.,1.));
#4839=DIRECTION('',(0.,0.,1.));
#4840=DIRECTION('',(-0.312324444268307,-0.949975495216847,0.));
#4841=DIRECTION('',(0.,0.,1.));
#4842=DIRECTION('',(0.,0.,1.));
#4843=DIRECTION('',(1.,0.,0.));
#4844=DIRECTION('',(0.,-1.,0.));
#4845=DIRECTION('',(-1.,0.,0.));
#4846=DIRECTION('',(0.,0.,1.));
#4847=DIRECTION('',(1.,0.,0.));
#4848=DIRECTION('',(-1.,0.,0.));
#4849=DIRECTION('',(0.,1.,0.));
#4850=DIRECTION('',(0.,0.,1.));
#4851=DIRECTION('',(0.,-1.,0.));
#4852=DIRECTION('',(0.,0.,1.));
#4853=DIRECTION('',(-0.306452352108821,-0.951885999417457,0.));
#4854=DIRECTION('',(0.,0.,1.));
#4855=DIRECTION('',(0.,0.,1.));
#4856=DIRECTION('',(1.,0.,0.));
#4857=DIRECTION('',(0.,0.,1.));
#4858=DIRECTION('',(0.,0.,1.));
#4859=DIRECTION('',(0.,0.,1.));
#4860=DIRECTION('',(0.,0.,1.));
#4861=DIRECTION('',(0.,0.,1.));
#4862=DIRECTION('',(0.,0.,1.));
#4863=DIRECTION('',(0.,0.,1.));
#4864=DIRECTION('',(-0.31129434714918,0.950313542696812,0.));
#4865=DIRECTION('',(0.,0.,1.));
#4866=DIRECTION('',(1.,0.,0.));
#4867=DIRECTION('',(0.,0.,1.));
#4868=DIRECTION('',(1.,0.,0.));
#4869=DIRECTION('',(0.,0.,1.));
#4870=DIRECTION('',(0.359977511829362,0.93296098041512,0.));
#4871=DIRECTION('',(0.,0.,1.));
#4872=DIRECTION('',(0.,0.,1.));
#4873=DIRECTION('',(1.,0.,0.));
#4874=DIRECTION('',(0.,0.,1.));
#4875=DIRECTION('',(0.,1.,0.));
#4876=DIRECTION('',(1.,0.,0.));
#4877=DIRECTION('',(0.,0.,1.));
#4878=DIRECTION('',(-1.,0.,0.));
#4879=DIRECTION('',(1.,0.,0.));
#4880=DIRECTION('',(0.,-1.,0.));
#4881=DIRECTION('',(0.,0.,1.));
#4882=DIRECTION('',(0.,1.,0.));
#4883=DIRECTION('',(0.,0.,1.));
#4884=DIRECTION('',(0.306452352108875,0.95188599941744,0.));
#4885=DIRECTION('',(0.,0.,1.));
#4886=DIRECTION('',(0.,0.,1.));
#4887=DIRECTION('',(1.,0.,0.));
#4888=DIRECTION('',(0.,0.,1.));
#4889=DIRECTION('',(0.,0.,1.));
#4890=DIRECTION('',(0.,0.,1.));
#4891=DIRECTION('',(0.,0.,1.));
#4892=DIRECTION('',(0.,0.,1.));
#4893=DIRECTION('',(0.,0.,1.));
#4894=DIRECTION('',(0.,0.,1.));
#4895=DIRECTION('',(0.316916029110352,-0.948453599546613,0.));
#4896=DIRECTION('',(0.,0.,1.));
#4897=DIRECTION('',(0.,0.,1.));
#4898=DIRECTION('',(1.,0.,0.));
#4899=DIRECTION('',(1.,0.,0.));
#4900=DIRECTION('',(0.,-1.,0.));
#4901=DIRECTION('',(0.,0.,1.));
#4902=DIRECTION('',(0.,1.,0.));
#4903=DIRECTION('',(0.,-1.,0.));
#4904=DIRECTION('',(-1.,0.,0.));
#4905=DIRECTION('',(0.,0.,1.));
#4906=DIRECTION('',(1.,0.,0.));
#4907=DIRECTION('',(0.,0.,1.));
#4908=DIRECTION('',(0.314425028423804,-0.949282308642002,0.));
#4909=DIRECTION('',(0.,0.,1.));
#4910=DIRECTION('',(0.,0.,1.));
#4911=DIRECTION('',(1.,0.,0.));
#4912=DIRECTION('',(0.,0.,1.));
#4913=DIRECTION('',(0.,0.,1.));
#4914=DIRECTION('',(0.,0.,1.));
#4915=DIRECTION('',(0.,0.,1.));
#4916=DIRECTION('',(0.,0.,1.));
#4917=DIRECTION('',(0.,0.,1.));
#4918=DIRECTION('',(1.,0.,0.));
#4919=DIRECTION('',(-1.,0.,0.));
#4920=DIRECTION('',(0.,1.,0.));
#4921=DIRECTION('',(0.,0.,1.));
#4922=DIRECTION('',(0.,-1.,0.));
#4923=DIRECTION('',(0.,0.,1.));
#4924=DIRECTION('',(0.,1.,0.));
#4925=DIRECTION('',(1.,0.,0.));
#4926=DIRECTION('',(0.,0.,1.));
#4927=DIRECTION('',(-1.,0.,0.));
#4928=DIRECTION('',(-1.,0.,0.));
#4929=DIRECTION('',(0.,1.,0.));
#4930=DIRECTION('',(0.,0.,1.));
#4931=DIRECTION('',(0.,-1.,0.));
#4932=DIRECTION('',(0.,-1.,0.));
#4933=DIRECTION('',(-1.,0.,0.));
#4934=DIRECTION('',(0.,0.,1.));
#4935=DIRECTION('',(1.,0.,0.));
#4936=DIRECTION('',(1.,0.,0.));
#4937=DIRECTION('',(0.,-1.,0.));
#4938=DIRECTION('',(0.,0.,1.));
#4939=DIRECTION('',(0.,1.,0.));
#4940=DIRECTION('',(0.,1.,0.));
#4941=DIRECTION('',(1.,0.,0.));
#4942=DIRECTION('',(0.,0.,1.));
#4943=DIRECTION('',(-1.,0.,0.));
#4944=DIRECTION('',(1.,0.,0.));
#4945=DIRECTION('',(0.,-1.,0.));
#4946=DIRECTION('',(0.,0.,1.));
#4947=DIRECTION('',(0.,1.,0.));
#4948=DIRECTION('',(0.,1.,0.));
#4949=DIRECTION('',(1.,0.,0.));
#4950=DIRECTION('',(-1.,0.,0.));
#4951=DIRECTION('',(0.,0.,1.));
#4952=DIRECTION('',(1.,0.,0.));
#4953=DIRECTION('',(-1.,0.,0.));
#4954=DIRECTION('',(0.,1.,0.));
#4955=DIRECTION('',(0.,0.,1.));
#4956=DIRECTION('',(0.,-1.,0.));
#4957=DIRECTION('',(0.,0.,1.));
#4958=DIRECTION('',(0.,-1.,0.));
#4959=DIRECTION('',(-1.,0.,0.));
#4960=DIRECTION('',(0.,0.,1.));
#4961=DIRECTION('',(1.,0.,0.));
#4962=DIRECTION('',(1.,0.,0.));
#4963=DIRECTION('',(0.,-1.,0.));
#4964=DIRECTION('',(0.,0.,1.));
#4965=DIRECTION('',(0.,1.,0.));
#4966=DIRECTION('',(-0.869767165115363,-0.493462337455641,0.));
#4967=DIRECTION('',(-0.493462337455642,0.869767165115363,0.));
#4968=DIRECTION('',(0.,0.,1.));
#4969=DIRECTION('',(0.493462337455642,-0.869767165115363,0.));
#4970=DIRECTION('',(1.,0.,0.));
#4971=DIRECTION('',(0.,-1.,0.));
#4972=DIRECTION('',(0.,0.,1.));
#4973=DIRECTION('',(0.,1.,0.));
#4974=DIRECTION('',(0.869222922883501,0.494420378153918,0.));
#4975=DIRECTION('',(0.494420378153918,-0.869222922883501,0.));
#4976=DIRECTION('',(0.,0.,1.));
#4977=DIRECTION('',(-0.494420378153918,0.869222922883501,0.));
#4978=DIRECTION('',(0.,1.,0.));
#4979=DIRECTION('',(1.,0.,0.));
#4980=DIRECTION('',(-1.,0.,0.));
#4981=DIRECTION('',(0.,0.,1.));
#4982=DIRECTION('',(1.,0.,0.));
#4983=DIRECTION('',(0.,1.,0.));
#4984=DIRECTION('',(1.,0.,0.));
#4985=DIRECTION('',(0.,0.,1.));
#4986=DIRECTION('',(-1.,0.,0.));
#4987=DIRECTION('',(0.,0.,1.));
#4988=DIRECTION('',(-1.,0.,0.));
#4989=DIRECTION('',(0.,1.,0.));
#4990=DIRECTION('',(0.,0.,1.));
#4991=DIRECTION('',(0.,-1.,0.));
#4992=DIRECTION('',(0.,-1.,0.));
#4993=DIRECTION('',(-1.,0.,0.));
#4994=DIRECTION('',(0.,0.,1.));
#4995=DIRECTION('',(1.,0.,0.));
#4996=DIRECTION('',(1.,0.,0.));
#4997=DIRECTION('',(0.,-1.,0.));
#4998=DIRECTION('',(0.,1.,0.));
#4999=DIRECTION('',(0.,0.,1.));
#5000=DIRECTION('',(1.,0.,0.));
#5001=DIRECTION('',(0.,1.,0.));
#5002=DIRECTION('',(1.,0.,0.));
#5003=DIRECTION('',(0.,0.,1.));
#5004=DIRECTION('',(-1.,0.,0.));
#5005=DIRECTION('',(0.,0.,1.));
#5006=DIRECTION('',(-1.,0.,0.));
#5007=DIRECTION('',(0.,1.,0.));
#5008=DIRECTION('',(0.,0.,1.));
#5009=DIRECTION('',(0.,-1.,0.));
#5010=DIRECTION('',(0.,-1.,0.));
#5011=DIRECTION('',(-1.,0.,0.));
#5012=DIRECTION('',(0.,0.,1.));
#5013=DIRECTION('',(1.,0.,0.));
#5014=DIRECTION('',(1.,0.,0.));
#5015=DIRECTION('',(0.,-1.,0.));
#5016=DIRECTION('',(0.,1.,0.));
#5017=DIRECTION('',(0.,0.,1.));
#5018=DIRECTION('',(1.,0.,0.));
#5019=DIRECTION('',(-1.,0.,0.));
#5020=DIRECTION('',(0.,1.,0.));
#5021=DIRECTION('',(0.,0.,1.));
#5022=DIRECTION('',(0.,-1.,0.));
#5023=DIRECTION('',(0.,0.,1.));
#5024=DIRECTION('',(0.,-1.,0.));
#5025=DIRECTION('',(-1.,0.,0.));
#5026=DIRECTION('',(0.,0.,1.));
#5027=DIRECTION('',(1.,0.,0.));
#5028=DIRECTION('',(1.,0.,0.));
#5029=DIRECTION('',(0.,-1.,0.));
#5030=DIRECTION('',(0.,0.,1.));
#5031=DIRECTION('',(0.,1.,0.));
#5032=DIRECTION('',(-0.869767165115363,-0.493462337455641,0.));
#5033=DIRECTION('',(-0.493462337455642,0.869767165115363,0.));
#5034=DIRECTION('',(0.,0.,1.));
#5035=DIRECTION('',(0.493462337455642,-0.869767165115363,0.));
#5036=DIRECTION('',(1.,0.,0.));
#5037=DIRECTION('',(0.,-1.,0.));
#5038=DIRECTION('',(0.,0.,1.));
#5039=DIRECTION('',(0.,1.,0.));
#5040=DIRECTION('',(0.869222922883501,0.494420378153918,0.));
#5041=DIRECTION('',(0.494420378153918,-0.869222922883501,0.));
#5042=DIRECTION('',(0.,0.,1.));
#5043=DIRECTION('',(-0.494420378153918,0.869222922883501,0.));
#5044=DIRECTION('',(0.,1.,0.));
#5045=DIRECTION('',(1.,0.,0.));
#5046=DIRECTION('',(-1.,0.,0.));
#5047=DIRECTION('',(0.,0.,1.));
#5048=DIRECTION('',(1.,0.,0.));
#5049=DIRECTION('',(-1.,0.,0.));
#5050=DIRECTION('',(0.,1.,0.));
#5051=DIRECTION('',(0.,0.,1.));
#5052=DIRECTION('',(0.,-1.,0.));
#5053=DIRECTION('',(0.,0.,1.));
#5054=DIRECTION('',(0.,-1.,0.));
#5055=DIRECTION('',(-1.,0.,0.));
#5056=DIRECTION('',(0.,0.,1.));
#5057=DIRECTION('',(1.,0.,0.));
#5058=DIRECTION('',(1.,0.,0.));
#5059=DIRECTION('',(0.,-1.,0.));
#5060=DIRECTION('',(0.,0.,1.));
#5061=DIRECTION('',(0.,1.,0.));
#5062=DIRECTION('',(0.,1.,0.));
#5063=DIRECTION('',(1.,0.,0.));
#5064=DIRECTION('',(-1.,0.,0.));
#5065=DIRECTION('',(0.,0.,1.));
#5066=DIRECTION('',(1.,0.,0.));
#5067=DIRECTION('',(0.,1.,0.));
#5068=DIRECTION('',(1.,0.,0.));
#5069=DIRECTION('',(0.,0.,1.));
#5070=DIRECTION('',(-1.,0.,0.));
#5071=DIRECTION('',(0.,0.,1.));
#5072=DIRECTION('',(-1.,0.,0.));
#5073=DIRECTION('',(0.,1.,0.));
#5074=DIRECTION('',(0.,0.,1.));
#5075=DIRECTION('',(0.,-1.,0.));
#5076=DIRECTION('',(0.,-1.,0.));
#5077=DIRECTION('',(-1.,0.,0.));
#5078=DIRECTION('',(0.,0.,1.));
#5079=DIRECTION('',(1.,0.,0.));
#5080=DIRECTION('',(0.917508737712473,-0.397715622299734,0.));
#5081=DIRECTION('',(-0.397715622299734,-0.917508737712473,0.));
#5082=DIRECTION('',(0.,0.,1.));
#5083=DIRECTION('',(0.397715622299734,0.917508737712473,0.));
#5084=DIRECTION('',(1.,0.,0.));
#5085=DIRECTION('',(0.,-1.,0.));
#5086=DIRECTION('',(0.,0.,1.));
#5087=DIRECTION('',(0.,1.,0.));
#5088=DIRECTION('',(0.,1.,0.));
#5089=DIRECTION('',(1.,0.,0.));
#5090=DIRECTION('',(0.,0.,1.));
#5091=DIRECTION('',(-1.,0.,0.));
#5092=DIRECTION('',(-0.927750969801037,0.373199863388556,0.));
#5093=DIRECTION('',(0.373199863388556,0.927750969801037,0.));
#5094=DIRECTION('',(0.,0.,1.));
#5095=DIRECTION('',(-0.373199863388556,-0.927750969801036,0.));
#5096=DIRECTION('',(1.,0.,0.));
#5097=DIRECTION('',(0.,-1.,0.));
#5098=DIRECTION('',(0.,1.,0.));
#5099=DIRECTION('',(0.,0.,1.));
#5100=DIRECTION('',(1.,0.,0.));
#5101=DIRECTION('',(0.,1.,0.));
#5102=DIRECTION('',(1.,0.,0.));
#5103=DIRECTION('',(0.,0.,1.));
#5104=DIRECTION('',(-1.,0.,0.));
#5105=DIRECTION('',(0.,0.,1.));
#5106=DIRECTION('',(-1.,0.,0.));
#5107=DIRECTION('',(0.,1.,0.));
#5108=DIRECTION('',(0.,0.,1.));
#5109=DIRECTION('',(0.,-1.,0.));
#5110=DIRECTION('',(0.926997718891683,0.375066966246849,0.));
#5111=DIRECTION('',(0.375066966246849,-0.926997718891684,0.));
#5112=DIRECTION('',(0.,0.,1.));
#5113=DIRECTION('',(-0.375066966246849,0.926997718891683,0.));
#5114=DIRECTION('',(0.,1.,0.));
#5115=DIRECTION('',(1.,0.,0.));
#5116=DIRECTION('',(0.,0.,1.));
#5117=DIRECTION('',(-1.,0.,0.));
#5118=DIRECTION('',(-1.,0.,0.));
#5119=DIRECTION('',(0.,1.,0.));
#5120=DIRECTION('',(0.,0.,1.));
#5121=DIRECTION('',(0.,-1.,0.));
#5122=DIRECTION('',(-0.916962340766209,-0.398973765574323,0.));
#5123=DIRECTION('',(-0.398973765574323,0.916962340766209,0.));
#5124=DIRECTION('',(0.,0.,1.));
#5125=DIRECTION('',(0.398973765574323,-0.916962340766209,0.));
#5126=DIRECTION('',(0.,-1.,0.));
#5127=DIRECTION('',(-1.,0.,0.));
#5128=DIRECTION('',(0.,0.,1.));
#5129=DIRECTION('',(1.,0.,0.));
#5130=DIRECTION('',(1.,0.,0.));
#5131=DIRECTION('',(0.,-1.,0.));
#5132=DIRECTION('',(0.,1.,0.));
#5133=DIRECTION('',(0.,0.,1.));
#5134=DIRECTION('',(1.,0.,0.));
#5135=DIRECTION('',(0.,1.,0.));
#5136=DIRECTION('',(1.,0.,0.));
#5137=DIRECTION('',(0.,0.,1.));
#5138=DIRECTION('',(-1.,0.,0.));
#5139=DIRECTION('',(0.,0.,1.));
#5140=DIRECTION('',(0.,0.,1.));
#5141=DIRECTION('',(0.,0.,1.));
#5142=DIRECTION('',(0.,0.,1.));
#5143=DIRECTION('',(0.,0.,1.));
#5144=DIRECTION('',(0.,0.,1.));
#5145=DIRECTION('',(0.,0.,1.));
#5146=DIRECTION('',(0.,0.,1.));
#5147=DIRECTION('',(0.984358760698918,0.176175566510486,0.));
#5148=DIRECTION('',(0.,0.,1.));
#5149=DIRECTION('',(0.,0.,1.));
#5150=DIRECTION('',(1.,0.,0.));
#5151=DIRECTION('',(0.,0.,1.));
#5152=DIRECTION('',(0.848882436305153,0.528581695987127,0.));
#5153=DIRECTION('',(0.,0.,1.));
#5154=DIRECTION('',(0.,0.,1.));
#5155=DIRECTION('',(1.,0.,0.));
#5156=DIRECTION('',(0.,0.,1.));
#5157=DIRECTION('',(0.,0.,1.));
#5158=DIRECTION('',(0.,-1.,0.));
#5159=DIRECTION('',(-1.,0.,0.));
#5160=DIRECTION('',(0.,0.,1.));
#5161=DIRECTION('',(1.,0.,0.));
#5162=DIRECTION('',(1.,0.,0.));
#5163=DIRECTION('',(0.,-1.,0.));
#5164=DIRECTION('',(0.,0.,1.));
#5165=DIRECTION('',(0.,1.,0.));
#5166=DIRECTION('',(0.,1.,0.));
#5167=DIRECTION('',(1.,0.,0.));
#5168=DIRECTION('',(0.,0.,1.));
#5169=DIRECTION('',(-1.,0.,0.));
#5170=DIRECTION('',(0.,0.,1.));
#5171=DIRECTION('',(0.,0.,1.));
#5172=DIRECTION('',(0.,0.,1.));
#5173=DIRECTION('',(0.,0.,1.));
#5174=DIRECTION('',(0.99284156337249,0.119438812954879,0.));
#5175=DIRECTION('',(0.,0.,1.));
#5176=DIRECTION('',(0.,0.,1.));
#5177=DIRECTION('',(1.,0.,0.));
#5178=DIRECTION('',(0.,0.,1.));
#5179=DIRECTION('',(0.,0.,1.));
#5180=DIRECTION('',(0.,-1.,0.));
#5181=DIRECTION('',(-1.,0.,0.));
#5182=DIRECTION('',(0.,0.,1.));
#5183=DIRECTION('',(1.,0.,0.));
#5184=DIRECTION('',(1.,0.,0.));
#5185=DIRECTION('',(0.,-1.,0.));
#5186=DIRECTION('',(0.,1.,0.));
#5187=DIRECTION('',(0.,0.,1.));
#5188=DIRECTION('',(1.,0.,0.));
#5189=DIRECTION('',(-0.941783930532433,-0.336218720762067,0.));
#5190=DIRECTION('',(-0.336218720762067,0.941783930532433,0.));
#5191=DIRECTION('',(0.,0.,1.));
#5192=DIRECTION('',(0.336218720762067,-0.941783930532433,0.));
#5193=DIRECTION('',(0.,0.,1.));
#5194=DIRECTION('',(0.,-1.,0.));
#5195=DIRECTION('',(-1.,0.,0.));
#5196=DIRECTION('',(0.,0.,1.));
#5197=DIRECTION('',(1.,0.,0.));
#5198=DIRECTION('',(0.94527387072985,-0.326277963269673,0.));
#5199=DIRECTION('',(-0.326277963269673,-0.945273870729851,0.));
#5200=DIRECTION('',(0.,0.,1.));
#5201=DIRECTION('',(0.326277963269673,0.945273870729851,0.));
#5202=DIRECTION('',(0.,1.,0.));
#5203=DIRECTION('',(1.,0.,0.));
#5204=DIRECTION('',(-1.,0.,0.));
#5205=DIRECTION('',(0.,0.,1.));
#5206=DIRECTION('',(1.,0.,0.));
#5207=DIRECTION('',(0.,1.,0.));
#5208=DIRECTION('',(1.,0.,0.));
#5209=DIRECTION('',(0.,0.,1.));
#5210=DIRECTION('',(-1.,0.,0.));
#5211=DIRECTION('',(0.,0.,1.));
#5212=DIRECTION('',(-1.,0.,0.));
#5213=DIRECTION('',(0.,1.,0.));
#5214=DIRECTION('',(0.,0.,1.));
#5215=DIRECTION('',(0.,-1.,0.));
#5216=DIRECTION('',(0.,-1.,0.));
#5217=DIRECTION('',(-1.,0.,0.));
#5218=DIRECTION('',(0.,0.,1.));
#5219=DIRECTION('',(1.,0.,0.));
#5220=DIRECTION('',(1.,0.,0.));
#5221=DIRECTION('',(0.,-1.,0.));
#5222=DIRECTION('',(0.,1.,0.));
#5223=DIRECTION('',(0.,0.,1.));
#5224=DIRECTION('',(1.,0.,0.));
#5225=DIRECTION('',(0.,1.,0.));
#5226=DIRECTION('',(1.,0.,0.));
#5227=DIRECTION('',(0.,0.,1.));
#5228=DIRECTION('',(-1.,0.,0.));
#5229=DIRECTION('',(0.,0.,1.));
#5230=DIRECTION('',(0.,0.,1.));
#5231=DIRECTION('',(0.0559205727256164,-0.998435220505586,0.));
#5232=DIRECTION('',(0.,0.,1.));
#5233=DIRECTION('',(0.,0.,1.));
#5234=DIRECTION('',(1.,0.,0.));
#5235=DIRECTION('',(0.,0.,1.));
#5236=DIRECTION('',(0.,0.,1.));
#5237=DIRECTION('',(0.37009901542407,-0.9289923136292,0.));
#5238=DIRECTION('',(0.,0.,1.));
#5239=DIRECTION('',(0.,0.,1.));
#5240=DIRECTION('',(1.,0.,0.));
#5241=DIRECTION('',(0.,0.,1.));
#5242=DIRECTION('',(0.,0.,1.));
#5243=DIRECTION('',(0.,0.,1.));
#5244=DIRECTION('',(0.,0.,1.));
#5245=DIRECTION('',(0.,0.,1.));
#5246=DIRECTION('',(0.,0.,1.));
#5247=DIRECTION('',(0.571949380336967,0.820288916377735,0.));
#5248=DIRECTION('',(0.,0.,1.));
#5249=DIRECTION('',(0.,0.,1.));
#5250=DIRECTION('',(1.,0.,0.));
#5251=DIRECTION('',(0.,0.,1.));
#5252=DIRECTION('',(0.,0.,1.));
#5253=DIRECTION('',(0.,0.,1.));
#5254=DIRECTION('',(0.673693284645128,-0.739011067727716,0.));
#5255=DIRECTION('',(0.,0.,1.));
#5256=DIRECTION('',(0.,0.,1.));
#5257=DIRECTION('',(1.,0.,0.));
#5258=DIRECTION('',(0.,0.,1.));
#5259=DIRECTION('',(0.,0.,1.));
#5260=DIRECTION('',(0.,0.,1.));
#5261=DIRECTION('',(0.,0.,1.));
#5262=DIRECTION('',(0.,0.,1.));
#5263=DIRECTION('',(0.,0.,1.));
#5264=DIRECTION('',(0.120270432306107,0.992741166222547,0.));
#5265=DIRECTION('',(0.,0.,1.));
#5266=DIRECTION('',(0.,0.,1.));
#5267=DIRECTION('',(1.,0.,0.));
#5268=DIRECTION('',(0.,-1.,0.));
#5269=DIRECTION('',(-1.,0.,0.));
#5270=DIRECTION('',(0.,0.,1.));
#5271=DIRECTION('',(1.,0.,0.));
#5272=DIRECTION('',(1.,0.,0.));
#5273=DIRECTION('',(0.,-1.,0.));
#5274=DIRECTION('',(0.,0.,1.));
#5275=DIRECTION('',(0.,1.,0.));
#5276=DIRECTION('',(0.,1.,0.));
#5277=DIRECTION('',(1.,0.,0.));
#5278=DIRECTION('',(0.,0.,1.));
#5279=DIRECTION('',(-1.,0.,0.));
#5280=DIRECTION('',(0.,0.,1.));
#5281=DIRECTION('',(0.,0.,1.));
#5282=DIRECTION('',(0.,0.,1.));
#5283=DIRECTION('',(0.87315318923958,0.487445902763322,0.));
#5284=DIRECTION('',(0.,0.,1.));
#5285=DIRECTION('',(0.,0.,1.));
#5286=DIRECTION('',(1.,0.,0.));
#5287=DIRECTION('',(0.,0.,1.));
#5288=DIRECTION('',(0.991438866641545,0.13057171865503,0.));
#5289=DIRECTION('',(0.,0.,1.));
#5290=DIRECTION('',(0.,0.,1.));
#5291=DIRECTION('',(1.,0.,0.));
#5292=DIRECTION('',(0.,0.,1.));
#5293=DIRECTION('',(0.,0.,1.));
#5294=DIRECTION('',(0.,0.,1.));
#5295=DIRECTION('',(0.248171741752701,-0.968716050551156,0.));
#5296=DIRECTION('',(0.,0.,1.));
#5297=DIRECTION('',(0.,0.,1.));
#5298=DIRECTION('',(1.,0.,0.));
#5299=DIRECTION('',(0.,0.,1.));
#5300=DIRECTION('',(0.0211716599580495,-0.999775855286884,0.));
#5301=DIRECTION('',(0.,0.,1.));
#5302=DIRECTION('',(0.,0.,1.));
#5303=DIRECTION('',(1.,0.,0.));
#5304=DIRECTION('',(0.,-1.,0.));
#5305=DIRECTION('',(-1.,0.,0.));
#5306=DIRECTION('',(0.,0.,1.));
#5307=DIRECTION('',(1.,0.,0.));
#5308=DIRECTION('',(1.,0.,0.));
#5309=DIRECTION('',(0.,-1.,0.));
#5310=DIRECTION('',(0.,0.,1.));
#5311=DIRECTION('',(0.,1.,0.));
#5312=DIRECTION('',(0.,1.,0.));
#5313=DIRECTION('',(1.,0.,0.));
#5314=DIRECTION('',(0.,0.,1.));
#5315=DIRECTION('',(-1.,0.,0.));
#5316=DIRECTION('',(0.,0.,1.));
#5317=DIRECTION('',(0.,0.,1.));
#5318=DIRECTION('',(0.,0.,1.));
#5319=DIRECTION('',(0.,0.,1.));
#5320=DIRECTION('',(0.,-1.,0.));
#5321=DIRECTION('',(-1.,0.,0.));
#5322=DIRECTION('',(0.,0.,1.));
#5323=DIRECTION('',(1.,0.,0.));
#5324=DIRECTION('',(1.,0.,0.));
#5325=DIRECTION('',(0.,-1.,0.));
#5326=DIRECTION('',(0.,1.,0.));
#5327=DIRECTION('',(0.,0.,1.));
#5328=DIRECTION('',(1.,0.,0.));
#5329=CARTESIAN_POINT('',(0.,0.,0.));
#5330=CARTESIAN_POINT('',(-127.5,-64.2713382840157,10.51563071087));
#5331=CARTESIAN_POINT('',(-117.5,-64.2713382840157,10.51563071087));
#5332=CARTESIAN_POINT('',(-117.5,-64.2713382840157,15.664866194129));
#5333=CARTESIAN_POINT('',(-117.5,-64.2713382840157,5.36639522761107));
#5334=CARTESIAN_POINT('',(-127.5,-64.2713382840157,5.36639522761107));
#5335=CARTESIAN_POINT('',(-127.5,-64.2713382840157,5.36639522761107));
#5336=CARTESIAN_POINT('',(-127.5,-64.2713382840157,10.51563071087));
#5337=CARTESIAN_POINT('',(-127.5,-64.2713382840157,15.664866194129));
#5338=CARTESIAN_POINT('',(-127.5,-64.2713382840157,15.664866194129));
#5339=CARTESIAN_POINT('',(-127.5,-69.4205723702908,15.664866194129));
#5340=CARTESIAN_POINT('',(-117.5,-69.4205723702908,15.664866194129));
#5341=CARTESIAN_POINT('',(-117.5,-74.5698064565659,15.664866194129));
#5342=CARTESIAN_POINT('',(-127.5,-69.4205723702908,15.664866194129));
#5343=CARTESIAN_POINT('',(-127.5,-74.5698064565659,15.664866194129));
#5344=CARTESIAN_POINT('',(-127.5,-74.5698064565659,15.664866194129));
#5345=CARTESIAN_POINT('',(-127.5,-74.5698064565659,10.51563071087));
#5346=CARTESIAN_POINT('',(-117.5,-74.5698064565659,10.51563071087));
#5347=CARTESIAN_POINT('',(-117.5,-74.5698064565659,5.36639522761107));
#5348=CARTESIAN_POINT('',(-127.5,-74.5698064565659,10.51563071087));
#5349=CARTESIAN_POINT('',(-127.5,-74.5698064565659,5.36639522761107));
#5350=CARTESIAN_POINT('',(-127.5,-74.5698064565659,5.36639522761107));
#5351=CARTESIAN_POINT('',(-127.5,-69.4205723702908,5.36639522761107));
#5352=CARTESIAN_POINT('',(-117.5,-69.4205723702908,5.36639522761107));
#5353=CARTESIAN_POINT('',(-127.5,-69.4205723702908,5.36639522761107));
#5354=CARTESIAN_POINT('',(-127.5,-93.9723910186526,31.8759423340048));
#5355=CARTESIAN_POINT('',(-117.5,-93.9723910186526,31.8759423340048));
#5356=CARTESIAN_POINT('',(0.,0.,0.));
#5357=CARTESIAN_POINT('',(52.5,-64.2713382840157,10.51563071087));
#5358=CARTESIAN_POINT('',(42.5,-64.2713382840157,10.51563071087));
#5359=CARTESIAN_POINT('',(42.5,-64.2713382840157,15.664866194129));
#5360=CARTESIAN_POINT('',(42.5,-64.2713382840157,5.36639522761107));
#5361=CARTESIAN_POINT('',(52.5,-64.2713382840157,15.664866194129));
#5362=CARTESIAN_POINT('',(52.5,-64.2713382840157,15.664866194129));
#5363=CARTESIAN_POINT('',(52.5,-64.2713382840157,10.51563071087));
#5364=CARTESIAN_POINT('',(52.5,-64.2713382840157,5.36639522761107));
#5365=CARTESIAN_POINT('',(52.5,-64.2713382840157,5.36639522761107));
#5366=CARTESIAN_POINT('',(52.5,-69.4205723702908,15.664866194129));
#5367=CARTESIAN_POINT('',(42.5,-69.4205723702908,15.664866194129));
#5368=CARTESIAN_POINT('',(42.5,-74.5698064565659,15.664866194129));
#5369=CARTESIAN_POINT('',(52.5,-74.5698064565659,15.664866194129));
#5370=CARTESIAN_POINT('',(52.5,-74.5698064565659,15.664866194129));
#5371=CARTESIAN_POINT('',(52.5,-69.4205723702908,15.664866194129));
#5372=CARTESIAN_POINT('',(52.5,-74.5698064565659,10.51563071087));
#5373=CARTESIAN_POINT('',(42.5,-74.5698064565659,10.51563071087));
#5374=CARTESIAN_POINT('',(42.5,-74.5698064565659,5.36639522761107));
#5375=CARTESIAN_POINT('',(52.5,-74.5698064565659,5.36639522761107));
#5376=CARTESIAN_POINT('',(52.5,-74.5698064565659,5.36639522761107));
#5377=CARTESIAN_POINT('',(52.5,-74.5698064565659,10.51563071087));
#5378=CARTESIAN_POINT('',(52.5,-69.4205723702908,5.36639522761107));
#5379=CARTESIAN_POINT('',(42.5,-69.4205723702908,5.36639522761107));
#5380=CARTESIAN_POINT('',(52.5,-69.4205723702908,5.36639522761107));
#5381=CARTESIAN_POINT('',(52.5,-93.9723910186526,31.8759423340048));
#5382=CARTESIAN_POINT('',(42.5,-93.9723910186526,31.8759423340048));
#5383=CARTESIAN_POINT('',(0.,0.,0.));
#5384=CARTESIAN_POINT('',(-127.5,-107.353807941432,54.6550678332187));
#5385=CARTESIAN_POINT('',(-117.5,-107.353807941432,54.6550678332187));
#5386=CARTESIAN_POINT('',(-117.5,-106.867550933102,57.9723577050681));
#5387=CARTESIAN_POINT('',(-117.5,-107.840064079925,51.3377827147911));
#5388=CARTESIAN_POINT('',(-127.5,-107.840064079925,51.3377827147911));
#5389=CARTESIAN_POINT('',(-127.5,-107.840064079925,51.3377827147911));
#5390=CARTESIAN_POINT('',(-127.5,-107.353807941432,54.6550678332187));
#5391=CARTESIAN_POINT('',(-127.5,-106.867550933102,57.9723577050681));
#5392=CARTESIAN_POINT('',(-127.5,-106.867550933102,57.9723577050681));
#5393=CARTESIAN_POINT('',(-127.5,-106.867550933102,57.9723577050681));
#5394=CARTESIAN_POINT('',(-117.5,-106.867550933102,57.9723577050681));
#5395=CARTESIAN_POINT('',(-127.5,-107.98134195744,58.1761690782057));
#5396=CARTESIAN_POINT('',(-117.5,-107.98134195744,58.1761690782057));
#5397=CARTESIAN_POINT('',(-127.5,-110.176966941208,58.4441793878283));
#5398=CARTESIAN_POINT('',(-117.5,-110.176966941208,58.4441793878283));
#5399=CARTESIAN_POINT('',(-127.5,-113.501896273912,58.3079113645176));
#5400=CARTESIAN_POINT('',(-117.5,-113.501896273912,58.3079113645176));
#5401=CARTESIAN_POINT('',(-127.5,-116.946623101384,57.3534168071578));
#5402=CARTESIAN_POINT('',(-117.5,-116.946623101384,57.3534168071578));
#5403=CARTESIAN_POINT('',(-127.5,-120.203923636706,55.1766913513948));
#5404=CARTESIAN_POINT('',(-117.5,-120.203923636706,55.1766913513948));
#5405=CARTESIAN_POINT('',(-127.5,-122.462467635769,51.9797307791955));
#5406=CARTESIAN_POINT('',(-117.5,-122.462467635769,51.9797307791955));
#5407=CARTESIAN_POINT('',(-127.5,-123.508628122814,48.5671635347024));
#5408=CARTESIAN_POINT('',(-117.5,-123.508628122814,48.5671635347024));
#5409=CARTESIAN_POINT('',(-127.5,-123.739145346717,45.2487348306945));
#5410=CARTESIAN_POINT('',(-117.5,-123.739145346717,45.2487348306945));
#5411=CARTESIAN_POINT('',(-127.5,-123.329575380785,40.8439390279486));
#5412=CARTESIAN_POINT('',(-117.5,-123.329575380785,40.8439390279486));
#5413=CARTESIAN_POINT('',(-127.5,-121.793779408291,35.0446888331841));
#5414=CARTESIAN_POINT('',(-117.5,-121.793779408291,35.0446888331841));
#5415=CARTESIAN_POINT('',(-127.5,-118.541857541524,27.0075844141549));
#5416=CARTESIAN_POINT('',(-117.5,-118.541857541524,27.0075844141549));
#5417=CARTESIAN_POINT('',(-127.5,-113.870051867829,17.6679912143612));
#5418=CARTESIAN_POINT('',(-117.5,-113.870051867829,17.6679912143612));
#5419=CARTESIAN_POINT('',(-127.5,-109.801112226071,10.5049628992907));
#5420=CARTESIAN_POINT('',(-117.5,-109.801112226071,10.5049628992907));
#5421=CARTESIAN_POINT('',(-127.5,-107.525664806806,6.68124746496524));
#5422=CARTESIAN_POINT('',(-117.5,-107.525664806806,6.68124746496524));
#5423=CARTESIAN_POINT('',(-117.5,-106.867550933102,57.9723577050681));
#5424=CARTESIAN_POINT('',(-117.5,-107.329529712483,58.0568946849222));
#5425=CARTESIAN_POINT('',(-117.5,-108.34835698193,58.2173281133118));
#5426=CARTESIAN_POINT('',(-117.5,-109.917018837504,58.364862413672));
#5427=CARTESIAN_POINT('',(-117.5,-111.59047254261,58.3854894403985));
#5428=CARTESIAN_POINT('',(-117.5,-113.00154766115,58.2655100812426));
#5429=CARTESIAN_POINT('',(-117.5,-114.142330312479,58.0669281241777));
#5430=CARTESIAN_POINT('',(-117.5,-115.002270947645,57.8605838538719));
#5431=CARTESIAN_POINT('',(-117.5,-115.863388550334,57.5907011764765));
#5432=CARTESIAN_POINT('',(-117.5,-116.720149341249,57.2514655127017));
#5433=CARTESIAN_POINT('',(-117.5,-117.564552527014,56.8382586444575));
#5434=CARTESIAN_POINT('',(-117.5,-118.386261677761,56.3486024712918));
#5435=CARTESIAN_POINT('',(-117.5,-119.173271468817,55.7830707523588));
#5436=CARTESIAN_POINT('',(-117.5,-119.913069185205,55.1458569376867));
#5437=CARTESIAN_POINT('',(-117.5,-120.594109967221,54.4447418444905));
#5438=CARTESIAN_POINT('',(-117.5,-121.207241163464,53.6903576320022));
#5439=CARTESIAN_POINT('',(-117.5,-121.746687188581,52.8948973176991));
#5440=CARTESIAN_POINT('',(-117.5,-122.210356691761,52.0706198773116));
#5441=CARTESIAN_POINT('',(-117.5,-122.599486197871,51.2285454100716));
#5442=CARTESIAN_POINT('',(-117.5,-122.917831849028,50.3775901368272));
#5443=CARTESIAN_POINT('',(-117.5,-123.17072389755,49.5242567620763));
#5444=CARTESIAN_POINT('',(-117.5,-123.428597672178,48.3887152009774));
#5445=CARTESIAN_POINT('',(-117.5,-123.617585835897,46.9794428506108));
#5446=CARTESIAN_POINT('',(-117.5,-123.673443753289,45.3045780603803));
#5447=CARTESIAN_POINT('',(-117.5,-123.589016706172,43.6331471540201));
#5448=CARTESIAN_POINT('',(-117.5,-123.384527229939,41.9493079269238));
#5449=CARTESIAN_POINT('',(-117.5,-123.072626188119,40.2378091494225));
#5450=CARTESIAN_POINT('',(-117.5,-122.66096224976,38.4855526054657));
#5451=CARTESIAN_POINT('',(-117.5,-122.154038767077,36.6817797898129));
#5452=CARTESIAN_POINT('',(-117.5,-121.354497542058,34.1966873849388));
#5453=CARTESIAN_POINT('',(-117.5,-120.126939764704,30.9225070443065));
#5454=CARTESIAN_POINT('',(-117.5,-118.292547642563,26.685997514549));
#5455=CARTESIAN_POINT('',(-117.5,-116.096071701398,22.1178421531699));
#5456=CARTESIAN_POINT('',(-117.5,-113.53575100105,17.2020518549869));
#5457=CARTESIAN_POINT('',(-117.5,-110.68601121829,12.0655963616171));
#5458=CARTESIAN_POINT('',(-117.5,-108.585406403578,8.46206220305447));
#5459=CARTESIAN_POINT('',(-117.5,-107.525664806806,6.68124746496524));
#5460=CARTESIAN_POINT('',(-117.5,-107.525664701275,6.68124752782922));
#5461=CARTESIAN_POINT('',(-127.5,-106.867550933102,57.9723577050681));
#5462=CARTESIAN_POINT('',(-127.5,-107.329529712483,58.0568946849222));
#5463=CARTESIAN_POINT('',(-127.5,-108.34835698193,58.2173281133118));
#5464=CARTESIAN_POINT('',(-127.5,-109.917018837504,58.364862413672));
#5465=CARTESIAN_POINT('',(-127.5,-111.59047254261,58.3854894403985));
#5466=CARTESIAN_POINT('',(-127.5,-113.00154766115,58.2655100812426));
#5467=CARTESIAN_POINT('',(-127.5,-114.142330312479,58.0669281241777));
#5468=CARTESIAN_POINT('',(-127.5,-115.002270947645,57.8605838538719));
#5469=CARTESIAN_POINT('',(-127.5,-115.863388550334,57.5907011764765));
#5470=CARTESIAN_POINT('',(-127.5,-116.720149341249,57.2514655127017));
#5471=CARTESIAN_POINT('',(-127.5,-117.564552527014,56.8382586444575));
#5472=CARTESIAN_POINT('',(-127.5,-118.386261677761,56.3486024712918));
#5473=CARTESIAN_POINT('',(-127.5,-119.173271468817,55.7830707523588));
#5474=CARTESIAN_POINT('',(-127.5,-119.913069185205,55.1458569376867));
#5475=CARTESIAN_POINT('',(-127.5,-120.594109967221,54.4447418444905));
#5476=CARTESIAN_POINT('',(-127.5,-121.207241163464,53.6903576320022));
#5477=CARTESIAN_POINT('',(-127.5,-121.746687188581,52.8948973176991));
#5478=CARTESIAN_POINT('',(-127.5,-122.210356691761,52.0706198773116));
#5479=CARTESIAN_POINT('',(-127.5,-122.599486197871,51.2285454100716));
#5480=CARTESIAN_POINT('',(-127.5,-122.917831849028,50.3775901368272));
#5481=CARTESIAN_POINT('',(-127.5,-123.17072389755,49.5242567620763));
#5482=CARTESIAN_POINT('',(-127.5,-123.428597672178,48.3887152009774));
#5483=CARTESIAN_POINT('',(-127.5,-123.617585835897,46.9794428506108));
#5484=CARTESIAN_POINT('',(-127.5,-123.673443753289,45.3045780603803));
#5485=CARTESIAN_POINT('',(-127.5,-123.589016706172,43.6331471540201));
#5486=CARTESIAN_POINT('',(-127.5,-123.384527229939,41.9493079269238));
#5487=CARTESIAN_POINT('',(-127.5,-123.072626188119,40.2378091494225));
#5488=CARTESIAN_POINT('',(-127.5,-122.66096224976,38.4855526054657));
#5489=CARTESIAN_POINT('',(-127.5,-122.154038767077,36.6817797898129));
#5490=CARTESIAN_POINT('',(-127.5,-121.354497542058,34.1966873849388));
#5491=CARTESIAN_POINT('',(-127.5,-120.126939764704,30.9225070443065));
#5492=CARTESIAN_POINT('',(-127.5,-118.292547642563,26.685997514549));
#5493=CARTESIAN_POINT('',(-127.5,-116.096071701398,22.1178421531699));
#5494=CARTESIAN_POINT('',(-127.5,-113.53575100105,17.2020518549869));
#5495=CARTESIAN_POINT('',(-127.5,-110.68601121829,12.0655963616171));
#5496=CARTESIAN_POINT('',(-127.5,-108.585406403578,8.46206220305447));
#5497=CARTESIAN_POINT('',(-127.5,-107.525664806806,6.68124746496524));
#5498=CARTESIAN_POINT('',(-127.5,-107.525664701275,6.68124752782922));
#5499=CARTESIAN_POINT('',(-127.5,-107.525664701275,6.68124752782922));
#5500=CARTESIAN_POINT('',(-127.5,-104.513731984786,8.17109055390783));
#5501=CARTESIAN_POINT('',(-117.5,-104.513731984786,8.17109055390783));
#5502=CARTESIAN_POINT('',(-117.5,-101.501799268296,9.66093357998644));
#5503=CARTESIAN_POINT('',(-127.5,-104.513731984786,8.17109055390783));
#5504=CARTESIAN_POINT('',(-127.5,-101.501799268296,9.66093357998644));
#5505=CARTESIAN_POINT('',(-127.5,-101.501799268296,9.66093357998644));
#5506=CARTESIAN_POINT('',(-127.5,-107.840064079925,51.3377827147911));
#5507=CARTESIAN_POINT('',(-117.5,-107.840064079925,51.3377827147911));
#5508=CARTESIAN_POINT('',(-127.5,-121.823117273426,54.0491009343736));
#5509=CARTESIAN_POINT('',(-117.5,-121.823117273426,54.0491009343736));
#5510=CARTESIAN_POINT('',(-127.5,-119.710362336216,40.1568178894387));
#5511=CARTESIAN_POINT('',(-117.5,-119.710362336216,40.1568178894387));
#5512=CARTESIAN_POINT('',(-127.5,-101.501799268296,9.66093357998644));
#5513=CARTESIAN_POINT('',(-117.5,-101.501799268296,9.66093357998644));
#5514=CARTESIAN_POINT('',(-117.5,-107.840064079925,51.3377827147911));
#5515=CARTESIAN_POINT('',(-117.5,-128.814643870177,55.4047600441648));
#5516=CARTESIAN_POINT('',(-117.5,-101.501799268296,9.66093357998644));
#5517=CARTESIAN_POINT('',(-127.5,-107.840064079925,51.3377827147911));
#5518=CARTESIAN_POINT('',(-127.5,-128.814643870177,55.4047600441648));
#5519=CARTESIAN_POINT('',(-127.5,-101.501799268296,9.66093357998644));
#5520=CARTESIAN_POINT('',(-127.5,-93.9723910186526,31.8759423340048));
#5521=CARTESIAN_POINT('',(-117.5,-93.9723910186526,31.8759423340048));
#5522=CARTESIAN_POINT('',(0.,0.,0.));
#5523=CARTESIAN_POINT('',(52.5,-107.353807941432,54.6550678332187));
#5524=CARTESIAN_POINT('',(42.5,-107.353807941432,54.6550678332187));
#5525=CARTESIAN_POINT('',(42.5,-106.867550933102,57.9723577050681));
#5526=CARTESIAN_POINT('',(42.5,-107.840064079925,51.3377827147911));
#5527=CARTESIAN_POINT('',(52.5,-106.867550933102,57.9723577050681));
#5528=CARTESIAN_POINT('',(52.5,-106.867550933102,57.9723577050681));
#5529=CARTESIAN_POINT('',(52.5,-107.353807941432,54.6550678332187));
#5530=CARTESIAN_POINT('',(52.5,-107.840064079925,51.3377827147911));
#5531=CARTESIAN_POINT('',(52.5,-107.840064079925,51.3377827147911));
#5532=CARTESIAN_POINT('',(52.5,-106.867550933102,57.9723577050681));
#5533=CARTESIAN_POINT('',(42.5,-106.867550933102,57.9723577050681));
#5534=CARTESIAN_POINT('',(52.5,-107.98134195744,58.1761690782057));
#5535=CARTESIAN_POINT('',(42.5,-107.98134195744,58.1761690782057));
#5536=CARTESIAN_POINT('',(52.5,-110.176966941208,58.4441793878283));
#5537=CARTESIAN_POINT('',(42.5,-110.176966941208,58.4441793878283));
#5538=CARTESIAN_POINT('',(52.5,-113.501896273912,58.3079113645176));
#5539=CARTESIAN_POINT('',(42.5,-113.501896273912,58.3079113645176));
#5540=CARTESIAN_POINT('',(52.5,-116.946623101384,57.3534168071578));
#5541=CARTESIAN_POINT('',(42.5,-116.946623101384,57.3534168071578));
#5542=CARTESIAN_POINT('',(52.5,-120.203923636706,55.1766913513948));
#5543=CARTESIAN_POINT('',(42.5,-120.203923636706,55.1766913513948));
#5544=CARTESIAN_POINT('',(52.5,-122.462467635769,51.9797307791955));
#5545=CARTESIAN_POINT('',(42.5,-122.462467635769,51.9797307791955));
#5546=CARTESIAN_POINT('',(52.5,-123.508628122814,48.5671635347024));
#5547=CARTESIAN_POINT('',(42.5,-123.508628122814,48.5671635347024));
#5548=CARTESIAN_POINT('',(52.5,-123.739145346717,45.2487348306945));
#5549=CARTESIAN_POINT('',(42.5,-123.739145346717,45.2487348306945));
#5550=CARTESIAN_POINT('',(52.5,-123.329575380785,40.8439390279486));
#5551=CARTESIAN_POINT('',(42.5,-123.329575380785,40.8439390279486));
#5552=CARTESIAN_POINT('',(52.5,-121.793779408291,35.0446888331841));
#5553=CARTESIAN_POINT('',(42.5,-121.793779408291,35.0446888331841));
#5554=CARTESIAN_POINT('',(52.5,-118.541857541524,27.0075844141549));
#5555=CARTESIAN_POINT('',(42.5,-118.541857541524,27.0075844141549));
#5556=CARTESIAN_POINT('',(52.5,-113.870051867829,17.6679912143612));
#5557=CARTESIAN_POINT('',(42.5,-113.870051867829,17.6679912143612));
#5558=CARTESIAN_POINT('',(52.5,-109.801112226071,10.5049628992907));
#5559=CARTESIAN_POINT('',(42.5,-109.801112226071,10.5049628992907));
#5560=CARTESIAN_POINT('',(52.5,-107.525664806806,6.68124746496524));
#5561=CARTESIAN_POINT('',(42.5,-107.525664806806,6.68124746496524));
#5562=CARTESIAN_POINT('',(42.5,-106.867550933102,57.9723577050681));
#5563=CARTESIAN_POINT('',(42.5,-107.329529712483,58.0568946849222));
#5564=CARTESIAN_POINT('',(42.5,-108.34835698193,58.2173281133118));
#5565=CARTESIAN_POINT('',(42.5,-109.917018837504,58.364862413672));
#5566=CARTESIAN_POINT('',(42.5,-111.59047254261,58.3854894403985));
#5567=CARTESIAN_POINT('',(42.5,-113.00154766115,58.2655100812426));
#5568=CARTESIAN_POINT('',(42.5,-114.142330312479,58.0669281241777));
#5569=CARTESIAN_POINT('',(42.5,-115.002270947645,57.8605838538719));
#5570=CARTESIAN_POINT('',(42.5,-115.863388550334,57.5907011764765));
#5571=CARTESIAN_POINT('',(42.5,-116.720149341249,57.2514655127017));
#5572=CARTESIAN_POINT('',(42.5,-117.564552527014,56.8382586444575));
#5573=CARTESIAN_POINT('',(42.5,-118.386261677761,56.3486024712918));
#5574=CARTESIAN_POINT('',(42.5,-119.173271468817,55.7830707523588));
#5575=CARTESIAN_POINT('',(42.5,-119.913069185205,55.1458569376867));
#5576=CARTESIAN_POINT('',(42.5,-120.594109967221,54.4447418444905));
#5577=CARTESIAN_POINT('',(42.5,-121.207241163464,53.6903576320022));
#5578=CARTESIAN_POINT('',(42.5,-121.746687188581,52.8948973176991));
#5579=CARTESIAN_POINT('',(42.5,-122.210356691761,52.0706198773116));
#5580=CARTESIAN_POINT('',(42.5,-122.599486197871,51.2285454100716));
#5581=CARTESIAN_POINT('',(42.5,-122.917831849028,50.3775901368272));
#5582=CARTESIAN_POINT('',(42.5,-123.17072389755,49.5242567620763));
#5583=CARTESIAN_POINT('',(42.5,-123.428597672178,48.3887152009774));
#5584=CARTESIAN_POINT('',(42.5,-123.617585835897,46.9794428506108));
#5585=CARTESIAN_POINT('',(42.5,-123.673443753289,45.3045780603803));
#5586=CARTESIAN_POINT('',(42.5,-123.589016706172,43.6331471540201));
#5587=CARTESIAN_POINT('',(42.5,-123.384527229939,41.9493079269238));
#5588=CARTESIAN_POINT('',(42.5,-123.072626188119,40.2378091494225));
#5589=CARTESIAN_POINT('',(42.5,-122.66096224976,38.4855526054657));
#5590=CARTESIAN_POINT('',(42.5,-122.154038767077,36.6817797898129));
#5591=CARTESIAN_POINT('',(42.5,-121.354497542058,34.1966873849388));
#5592=CARTESIAN_POINT('',(42.5,-120.126939764704,30.9225070443065));
#5593=CARTESIAN_POINT('',(42.5,-118.292547642563,26.685997514549));
#5594=CARTESIAN_POINT('',(42.5,-116.096071701398,22.1178421531699));
#5595=CARTESIAN_POINT('',(42.5,-113.53575100105,17.2020518549869));
#5596=CARTESIAN_POINT('',(42.5,-110.68601121829,12.0655963616171));
#5597=CARTESIAN_POINT('',(42.5,-108.585406403578,8.46206220305447));
#5598=CARTESIAN_POINT('',(42.5,-107.525664806806,6.68124746496524));
#5599=CARTESIAN_POINT('',(42.5,-107.525664701275,6.68124752782922));
#5600=CARTESIAN_POINT('',(52.5,-107.525664701275,6.68124752782922));
#5601=CARTESIAN_POINT('',(52.5,-107.525664701275,6.68124752782922));
#5602=CARTESIAN_POINT('',(52.5,-106.867550933102,57.9723577050681));
#5603=CARTESIAN_POINT('',(52.5,-107.329529712483,58.0568946849222));
#5604=CARTESIAN_POINT('',(52.5,-108.34835698193,58.2173281133118));
#5605=CARTESIAN_POINT('',(52.5,-109.917018837504,58.364862413672));
#5606=CARTESIAN_POINT('',(52.5,-111.59047254261,58.3854894403985));
#5607=CARTESIAN_POINT('',(52.5,-113.00154766115,58.2655100812426));
#5608=CARTESIAN_POINT('',(52.5,-114.142330312479,58.0669281241777));
#5609=CARTESIAN_POINT('',(52.5,-115.002270947645,57.8605838538719));
#5610=CARTESIAN_POINT('',(52.5,-115.863388550334,57.5907011764765));
#5611=CARTESIAN_POINT('',(52.5,-116.720149341249,57.2514655127017));
#5612=CARTESIAN_POINT('',(52.5,-117.564552527014,56.8382586444575));
#5613=CARTESIAN_POINT('',(52.5,-118.386261677761,56.3486024712918));
#5614=CARTESIAN_POINT('',(52.5,-119.173271468817,55.7830707523588));
#5615=CARTESIAN_POINT('',(52.5,-119.913069185205,55.1458569376867));
#5616=CARTESIAN_POINT('',(52.5,-120.594109967221,54.4447418444905));
#5617=CARTESIAN_POINT('',(52.5,-121.207241163464,53.6903576320022));
#5618=CARTESIAN_POINT('',(52.5,-121.746687188581,52.8948973176991));
#5619=CARTESIAN_POINT('',(52.5,-122.210356691761,52.0706198773116));
#5620=CARTESIAN_POINT('',(52.5,-122.599486197871,51.2285454100716));
#5621=CARTESIAN_POINT('',(52.5,-122.917831849028,50.3775901368272));
#5622=CARTESIAN_POINT('',(52.5,-123.17072389755,49.5242567620763));
#5623=CARTESIAN_POINT('',(52.5,-123.428597672178,48.3887152009774));
#5624=CARTESIAN_POINT('',(52.5,-123.617585835897,46.9794428506108));
#5625=CARTESIAN_POINT('',(52.5,-123.673443753289,45.3045780603803));
#5626=CARTESIAN_POINT('',(52.5,-123.589016706172,43.6331471540201));
#5627=CARTESIAN_POINT('',(52.5,-123.384527229939,41.9493079269238));
#5628=CARTESIAN_POINT('',(52.5,-123.072626188119,40.2378091494225));
#5629=CARTESIAN_POINT('',(52.5,-122.66096224976,38.4855526054657));
#5630=CARTESIAN_POINT('',(52.5,-122.154038767077,36.6817797898129));
#5631=CARTESIAN_POINT('',(52.5,-121.354497542058,34.1966873849388));
#5632=CARTESIAN_POINT('',(52.5,-120.126939764704,30.9225070443065));
#5633=CARTESIAN_POINT('',(52.5,-118.292547642563,26.685997514549));
#5634=CARTESIAN_POINT('',(52.5,-116.096071701398,22.1178421531699));
#5635=CARTESIAN_POINT('',(52.5,-113.53575100105,17.2020518549869));
#5636=CARTESIAN_POINT('',(52.5,-110.68601121829,12.0655963616171));
#5637=CARTESIAN_POINT('',(52.5,-108.585406403578,8.46206220305447));
#5638=CARTESIAN_POINT('',(52.5,-107.525664806806,6.68124746496524));
#5639=CARTESIAN_POINT('',(52.5,-104.513731984786,8.17109055390783));
#5640=CARTESIAN_POINT('',(42.5,-104.513731984786,8.17109055390783));
#5641=CARTESIAN_POINT('',(42.5,-101.501799268296,9.66093357998644));
#5642=CARTESIAN_POINT('',(52.5,-101.501799268296,9.66093357998644));
#5643=CARTESIAN_POINT('',(52.5,-101.501799268296,9.66093357998644));
#5644=CARTESIAN_POINT('',(52.5,-104.513731984786,8.17109055390783));
#5645=CARTESIAN_POINT('',(52.5,-107.840064079925,51.3377827147911));
#5646=CARTESIAN_POINT('',(42.5,-107.840064079925,51.3377827147911));
#5647=CARTESIAN_POINT('',(52.5,-121.823117273426,54.0491009343736));
#5648=CARTESIAN_POINT('',(42.5,-121.823117273426,54.0491009343736));
#5649=CARTESIAN_POINT('',(52.5,-119.710362336216,40.1568178894387));
#5650=CARTESIAN_POINT('',(42.5,-119.710362336216,40.1568178894387));
#5651=CARTESIAN_POINT('',(52.5,-101.501799268296,9.66093357998644));
#5652=CARTESIAN_POINT('',(42.5,-101.501799268296,9.66093357998644));
#5653=CARTESIAN_POINT('',(42.5,-107.840064079925,51.3377827147911));
#5654=CARTESIAN_POINT('',(42.5,-128.814643870177,55.4047600441648));
#5655=CARTESIAN_POINT('',(42.5,-101.501799268296,9.66093357998644));
#5656=CARTESIAN_POINT('',(52.5,-107.840064079925,51.3377827147911));
#5657=CARTESIAN_POINT('',(52.5,-128.814643870177,55.4047600441648));
#5658=CARTESIAN_POINT('',(52.5,-101.501799268296,9.66093357998644));
#5659=CARTESIAN_POINT('',(52.5,-93.9723910186526,31.8759423340048));
#5660=CARTESIAN_POINT('',(42.5,-93.9723910186526,31.8759423340048));
#5661=CARTESIAN_POINT('',(0.,0.,0.));
#5662=CARTESIAN_POINT('',(-130.,-59.5148956111043,92.7710335171522));
#5663=CARTESIAN_POINT('',(-115.,-59.5148956111043,92.7710335171522));
#5664=CARTESIAN_POINT('',(-115.,-58.934273364007,95.9687479831694));
#5665=CARTESIAN_POINT('',(-115.,-60.0955178582016,89.573319051135));
#5666=CARTESIAN_POINT('',(-130.,-60.0955178582016,89.573319051135));
#5667=CARTESIAN_POINT('',(-130.,-60.0955178582016,89.573319051135));
#5668=CARTESIAN_POINT('',(-130.,-59.5148956111043,92.7710335171522));
#5669=CARTESIAN_POINT('',(-130.,-58.934273364007,95.9687479831694));
#5670=CARTESIAN_POINT('',(-130.,-58.934273364007,95.9687479831694));
#5671=CARTESIAN_POINT('',(-130.,-66.371684008082,55.0080102140505));
#5672=CARTESIAN_POINT('',(-115.,-66.371684008082,55.0080102140505));
#5673=CARTESIAN_POINT('',(-115.,-58.5597486336893,14.1170481150066));
#5674=CARTESIAN_POINT('',(-130.,-66.371684008082,55.0080102140505));
#5675=CARTESIAN_POINT('',(-130.,-58.5597486336893,14.1170481150066));
#5676=CARTESIAN_POINT('',(-130.,-58.5597486336893,14.1170481150066));
#5677=CARTESIAN_POINT('',(-130.,-59.1696092005349,17.3093153483389));
#5678=CARTESIAN_POINT('',(-115.,-59.1696092005349,17.3093153483389));
#5679=CARTESIAN_POINT('',(-115.,-59.7794697673804,20.5015825816712));
#5680=CARTESIAN_POINT('',(-130.,-59.1696092005349,17.3093153483389));
#5681=CARTESIAN_POINT('',(-130.,-59.7794697673804,20.5015825816712));
#5682=CARTESIAN_POINT('',(-130.,-59.7794697673804,20.5015825816712));
#5683=CARTESIAN_POINT('',(-130.,-66.371684008082,55.0080102140505));
#5684=CARTESIAN_POINT('',(-115.,-66.371684008082,55.0080102140505));
#5685=CARTESIAN_POINT('',(-130.,-66.371684008082,55.0080102140505));
#5686=CARTESIAN_POINT('',(-130.,-83.2809578260852,55.0080102140505));
#5687=CARTESIAN_POINT('',(-115.,-83.2809578260852,55.0080102140505));
#5688=CARTESIAN_POINT('',(0.,0.,0.));
#5689=CARTESIAN_POINT('',(55.,-59.5148956111043,92.7710335171522));
#5690=CARTESIAN_POINT('',(40.,-59.5148956111043,92.7710335171522));
#5691=CARTESIAN_POINT('',(40.,-58.934273364007,95.9687479831694));
#5692=CARTESIAN_POINT('',(40.,-60.0955178582016,89.573319051135));
#5693=CARTESIAN_POINT('',(55.,-58.934273364007,95.9687479831694));
#5694=CARTESIAN_POINT('',(55.,-58.934273364007,95.9687479831694));
#5695=CARTESIAN_POINT('',(55.,-59.5148956111043,92.7710335171522));
#5696=CARTESIAN_POINT('',(55.,-60.0955178582016,89.573319051135));
#5697=CARTESIAN_POINT('',(55.,-60.0955178582016,89.573319051135));
#5698=CARTESIAN_POINT('',(55.,-66.371684008082,55.0080102140505));
#5699=CARTESIAN_POINT('',(40.,-66.371684008082,55.0080102140505));
#5700=CARTESIAN_POINT('',(40.,-58.5597486336893,14.1170481150066));
#5701=CARTESIAN_POINT('',(55.,-58.5597486336893,14.1170481150066));
#5702=CARTESIAN_POINT('',(55.,-58.5597486336893,14.1170481150066));
#5703=CARTESIAN_POINT('',(55.,-66.371684008082,55.0080102140505));
#5704=CARTESIAN_POINT('',(55.,-59.1696092005349,17.3093153483389));
#5705=CARTESIAN_POINT('',(40.,-59.1696092005349,17.3093153483389));
#5706=CARTESIAN_POINT('',(40.,-59.7794697673804,20.5015825816712));
#5707=CARTESIAN_POINT('',(55.,-59.7794697673804,20.5015825816712));
#5708=CARTESIAN_POINT('',(55.,-59.7794697673804,20.5015825816712));
#5709=CARTESIAN_POINT('',(55.,-59.1696092005349,17.3093153483389));
#5710=CARTESIAN_POINT('',(55.,-66.371684008082,55.0080102140505));
#5711=CARTESIAN_POINT('',(40.,-66.371684008082,55.0080102140505));
#5712=CARTESIAN_POINT('',(55.,-66.371684008082,55.0080102140505));
#5713=CARTESIAN_POINT('',(55.,-83.2809578260852,55.0080102140505));
#5714=CARTESIAN_POINT('',(40.,-83.2809578260852,55.0080102140505));
#5715=CARTESIAN_POINT('',(0.,0.,0.));
#5716=CARTESIAN_POINT('',(-38.0940950206629,-83.7080815434456,10.));
#5717=CARTESIAN_POINT('',(59.3770791595507,-48.7080815434456,10.));
#5718=CARTESIAN_POINT('',(59.3770791595507,-106.637011543446,10.));
#5719=CARTESIAN_POINT('',(59.3770791595507,-60.7791515434456,10.));
#5720=CARTESIAN_POINT('',(-147.636339200876,-60.7791515434457,10.));
#5721=CARTESIAN_POINT('',(-135.565269200876,-60.7791515434457,10.));
#5722=CARTESIAN_POINT('',(-135.565269200876,-83.7080815434457,10.));
#5723=CARTESIAN_POINT('',(-135.565269200876,-106.637011543446,10.));
#5724=CARTESIAN_POINT('',(-38.0940950206629,-106.637011543446,10.));
#5725=CARTESIAN_POINT('',(-77.4764437558675,-90.7674099770619,10.));
#5726=CARTESIAN_POINT('',(-76.106810997088,-90.7674099770619,10.));
#5727=CARTESIAN_POINT('',(-78.8460765146469,-90.7674099770619,10.));
#5728=CARTESIAN_POINT('',(-80.9561945972052,-84.6703351153986,10.));
#5729=CARTESIAN_POINT('',(-83.0663126797634,-78.5732602537353,10.));
#5730=CARTESIAN_POINT('',(-85.1976379792318,-84.6703351153986,10.));
#5731=CARTESIAN_POINT('',(-87.3289632787002,-90.7674099770619,10.));
#5732=CARTESIAN_POINT('',(-88.7091996459347,-90.7674099770619,10.));
#5733=CARTESIAN_POINT('',(-90.0894360131692,-90.7674099770619,10.));
#5734=CARTESIAN_POINT('',(-87.240599874908,-82.6379768281775,10.));
#5735=CARTESIAN_POINT('',(-84.3917637366468,-74.5085436792931,10.));
#5736=CARTESIAN_POINT('',(-83.0769162882185,-74.5085436792931,10.));
#5737=CARTESIAN_POINT('',(-81.7620688397902,-74.5085436792931,10.));
#5738=CARTESIAN_POINT('',(-78.9344399184391,-82.6379768281775,10.));
#5739=CARTESIAN_POINT('',(19.0199277213904,-90.7674099770619,10.));
#5740=CARTESIAN_POINT('',(20.3683532632597,-90.7674099770619,10.));
#5741=CARTESIAN_POINT('',(17.6715021795211,-90.7674099770619,10.));
#5742=CARTESIAN_POINT('',(17.6715021795211,-82.6273732197224,10.));
#5743=CARTESIAN_POINT('',(17.6715021795211,-74.4873364623829,10.));
#5744=CARTESIAN_POINT('',(19.0199277213904,-74.4873364623829,10.));
#5745=CARTESIAN_POINT('',(20.3683532632597,-74.4873364623829,10.));
#5746=CARTESIAN_POINT('',(20.3683532632597,-82.6273732197224,10.));
#5747=CARTESIAN_POINT('',(6.00093836939535,-74.4802673900796,10.));
#5748=CARTESIAN_POINT('',(6.71444010928565,-74.4802673900796,10.));
#5749=CARTESIAN_POINT('',(5.28762714620147,-74.4802673900796,10.));
#5750=CARTESIAN_POINT('',(6.71444010928565,-75.4664029764008,10.));
#5751=CARTESIAN_POINT('',(6.71444010928565,-76.4525409791252,10.));
#5752=CARTESIAN_POINT('',(7.14714201741511,-80.1548459441756,10.));
#5753=CARTESIAN_POINT('',(5.30239291668594,-76.9155627985932,10.));
#5754=CARTESIAN_POINT('',(5.30239291668594,-76.9155627985932,10.));
#5755=CARTESIAN_POINT('',(4.63966738824428,-77.2902236306722,10.));
#5756=CARTESIAN_POINT('',(4.15366866738706,-78.020105345996,10.));
#5757=CARTESIAN_POINT('',(4.15366866738706,-78.020105345996,10.));
#5758=CARTESIAN_POINT('',(4.15366866738706,-78.020105345996,10.));
#5759=CARTESIAN_POINT('',(3.66766994652984,-78.7499870613197,10.));
#5760=CARTESIAN_POINT('',(3.3796052501672,-79.8757368256326,10.));
#5761=CARTESIAN_POINT('',(3.3796052501672,-79.8757368256326,10.));
#5762=CARTESIAN_POINT('',(3.3796052501672,-79.8757368256326,10.));
#5763=CARTESIAN_POINT('',(3.09154055380455,-81.0014865899455,10.));
#5764=CARTESIAN_POINT('',(3.07033333689443,-82.5496134243853,10.));
#5765=CARTESIAN_POINT('',(3.07033333689443,-82.5496134243853,10.));
#5766=CARTESIAN_POINT('',(3.07033333689443,-82.5496134243853,10.));
#5767=CARTESIAN_POINT('',(3.09154055380455,-84.1189474757351,10.));
#5768=CARTESIAN_POINT('',(3.3796052501672,-85.234093631593,10.));
#5769=CARTESIAN_POINT('',(3.3796052501672,-85.234093631593,10.));
#5770=CARTESIAN_POINT('',(3.3796052501672,-85.234093631593,10.));
#5771=CARTESIAN_POINT('',(3.66766994652984,-86.3492397874508,10.));
#5772=CARTESIAN_POINT('',(4.16427227584213,-87.1003287196847,10.));
#5773=CARTESIAN_POINT('',(4.16427227584213,-87.1003287196847,10.));
#5774=CARTESIAN_POINT('',(4.16427227584213,-87.1003287196847,10.));
#5775=CARTESIAN_POINT('',(4.66087460515441,-87.8514176519186,10.));
#5776=CARTESIAN_POINT('',(5.32360013359608,-88.2384493605285,10.));
#5777=CARTESIAN_POINT('',(5.32360013359608,-88.2384493605285,10.));
#5778=CARTESIAN_POINT('',(7.01370321869539,-85.4042199182414,10.));
#5779=CARTESIAN_POINT('',(6.71444010928565,-88.6896505733295,10.));
#5780=CARTESIAN_POINT('',(6.71444010928565,-89.7282563484654,10.));
#5781=CARTESIAN_POINT('',(6.71444010928565,-90.7674099770619,10.));
#5782=CARTESIAN_POINT('',(6.28093676278357,-90.7674099770619,10.));
#5783=CARTESIAN_POINT('',(5.84744532158366,-90.7673468271284,10.));
#5784=CARTESIAN_POINT('',(7.08000420536358,-84.2293201993364,10.));
#5785=CARTESIAN_POINT('',(4.19608310120732,-90.2248586777776,10.));
#5786=CARTESIAN_POINT('',(4.19608310120732,-90.2248586777776,10.));
#5787=CARTESIAN_POINT('',(3.02438436692247,-89.6611001615833,10.));
#5788=CARTESIAN_POINT('',(2.1743284224413,-88.6131101926075,10.));
#5789=CARTESIAN_POINT('',(2.1743284224413,-88.6131101926075,10.));
#5790=CARTESIAN_POINT('',(2.1743284224413,-88.6131101926075,10.));
#5791=CARTESIAN_POINT('',(1.32427247796012,-87.5651202236318,10.));
#5792=CARTESIAN_POINT('',(0.848877365557957,-86.039967874178,10.));
#5793=CARTESIAN_POINT('',(0.848877365557957,-86.039967874178,10.));
#5794=CARTESIAN_POINT('',(0.848877365557957,-86.039967874178,10.));
#5795=CARTESIAN_POINT('',(0.37348225315581,-84.5148155247243,10.));
#5796=CARTESIAN_POINT('',(0.37348225315581,-82.5496134243853,10.));
#5797=CARTESIAN_POINT('',(0.37348225315581,-82.5496134243853,10.));
#5798=CARTESIAN_POINT('',(0.37348225315581,-82.5496134243853,10.));
#5799=CARTESIAN_POINT('',(0.37348225315581,-80.5844113240462,10.));
#5800=CARTESIAN_POINT('',(0.848877365557957,-79.0698625830476,10.));
#5801=CARTESIAN_POINT('',(0.848877365557957,-79.0698625830476,10.));
#5802=CARTESIAN_POINT('',(0.848877365557957,-79.0698625830476,10.));
#5803=CARTESIAN_POINT('',(1.32427247796012,-77.5553138420489,10.));
#5804=CARTESIAN_POINT('',(2.1743284224413,-76.5073238730731,10.));
#5805=CARTESIAN_POINT('',(2.1743284224413,-76.5073238730731,10.));
#5806=CARTESIAN_POINT('',(2.1743284224413,-76.5073238730731,10.));
#5807=CARTESIAN_POINT('',(3.02438436692247,-75.4593339040974,10.));
#5808=CARTESIAN_POINT('',(4.18547949275226,-74.895575387903,10.));
#5809=CARTESIAN_POINT('',(4.18547949275226,-74.895575387903,10.));
#5810=CARTESIAN_POINT('',(7.0021527781874,-80.7008915913807,10.));
#5811=CARTESIAN_POINT('',(8.32758628985039,-74.4802673900796,10.));
#5812=CARTESIAN_POINT('',(9.05709914812349,-74.4802648715158,10.));
#5813=CARTESIAN_POINT('',(7.59807414720787,-74.4802673900796,10.));
#5814=CARTESIAN_POINT('',(7.37433965547502,-80.4016145573288,10.));
#5815=CARTESIAN_POINT('',(10.1058275468311,-74.8849717794479,10.));
#5816=CARTESIAN_POINT('',(10.1058275468311,-74.8849717794479,10.));
#5817=CARTESIAN_POINT('',(11.2669226726609,-75.4593339040974,10.));
#5818=CARTESIAN_POINT('',(12.1169786171421,-76.5073238730731,10.));
#5819=CARTESIAN_POINT('',(12.1169786171421,-76.5073238730731,10.));
#5820=CARTESIAN_POINT('',(12.1169786171421,-76.5073238730731,10.));
#5821=CARTESIAN_POINT('',(12.9670345616233,-77.5553138420489,10.));
#5822=CARTESIAN_POINT('',(13.4530332824805,-79.0698625830476,10.));
#5823=CARTESIAN_POINT('',(13.4530332824805,-79.0698625830476,10.));
#5824=CARTESIAN_POINT('',(13.4530332824805,-79.0698625830476,10.));
#5825=CARTESIAN_POINT('',(13.9390320033377,-80.5844113240462,10.));
#5826=CARTESIAN_POINT('',(13.9390320033377,-82.5496134243853,10.));
#5827=CARTESIAN_POINT('',(13.9390320033377,-82.5496134243853,10.));
#5828=CARTESIAN_POINT('',(13.9390320033377,-82.5496134243853,10.));
#5829=CARTESIAN_POINT('',(13.9390320033377,-84.5148155247243,10.));
#5830=CARTESIAN_POINT('',(13.4530332824805,-86.039967874178,10.));
#5831=CARTESIAN_POINT('',(13.4530332824805,-86.039967874178,10.));
#5832=CARTESIAN_POINT('',(13.4530332824805,-86.039967874178,10.));
#5833=CARTESIAN_POINT('',(12.9670345616233,-87.5651202236318,10.));
#5834=CARTESIAN_POINT('',(12.1169786171421,-88.6131101926075,10.));
#5835=CARTESIAN_POINT('',(12.1169786171421,-88.6131101926075,10.));
#5836=CARTESIAN_POINT('',(12.1169786171421,-88.6131101926075,10.));
#5837=CARTESIAN_POINT('',(11.2669226726609,-89.6611001615833,10.));
#5838=CARTESIAN_POINT('',(10.118198423362,-90.2248586777776,10.));
#5839=CARTESIAN_POINT('',(10.118198423362,-90.2248586777776,10.));
#5840=CARTESIAN_POINT('',(7.31058163472047,-84.4761684218341,10.));
#5841=CARTESIAN_POINT('',(8.47616188676473,-90.7672314617961,10.));
#5842=CARTESIAN_POINT('',(8.03713455424456,-90.7674099770619,10.));
#5843=CARTESIAN_POINT('',(7.59807414720787,-90.7674099770619,10.));
#5844=CARTESIAN_POINT('',(7.59807414720787,-89.7282563484654,10.));
#5845=CARTESIAN_POINT('',(7.59807414720787,-88.6891206675201,10.));
#5846=CARTESIAN_POINT('',(7.17846290348214,-85.0850353135545,10.));
#5847=CARTESIAN_POINT('',(9.01365587595926,-88.2154748755425,10.));
#5848=CARTESIAN_POINT('',(9.01365587595926,-88.2154748755425,10.));
#5849=CARTESIAN_POINT('',(9.67638140440093,-87.8302104350084,10.));
#5850=CARTESIAN_POINT('',(10.1623801252581,-87.0897251112296,10.));
#5851=CARTESIAN_POINT('',(10.1623801252581,-87.0897251112296,10.));
#5852=CARTESIAN_POINT('',(10.1623801252581,-87.0897251112296,10.));
#5853=CARTESIAN_POINT('',(10.6483788461154,-86.3492397874508,10.));
#5854=CARTESIAN_POINT('',(10.9346762744022,-85.234093631593,10.));
#5855=CARTESIAN_POINT('',(10.9346762744022,-85.234093631593,10.));
#5856=CARTESIAN_POINT('',(10.9346762744022,-85.234093631593,10.));
#5857=CARTESIAN_POINT('',(11.220973702689,-84.1189474757351,10.));
#5858=CARTESIAN_POINT('',(11.2421809195991,-82.5496134243853,10.));
#5859=CARTESIAN_POINT('',(11.2421809195991,-82.5496134243853,10.));
#5860=CARTESIAN_POINT('',(11.2421809195991,-82.5496134243853,10.));
#5861=CARTESIAN_POINT('',(11.220973702689,-80.9802793730354,10.));
#5862=CARTESIAN_POINT('',(10.9346762744022,-79.8651332171776,10.));
#5863=CARTESIAN_POINT('',(10.9346762744022,-79.8651332171776,10.));
#5864=CARTESIAN_POINT('',(10.9346762744022,-79.8651332171776,10.));
#5865=CARTESIAN_POINT('',(10.6483788461154,-78.7499870613197,10.));
#5866=CARTESIAN_POINT('',(10.1500092487272,-78.0095017375409,10.));
#5867=CARTESIAN_POINT('',(10.1500092487272,-78.0095017375409,10.));
#5868=CARTESIAN_POINT('',(10.1500092487272,-78.0095017375409,10.));
#5869=CARTESIAN_POINT('',(9.6516396513391,-77.2690164137621,10.));
#5870=CARTESIAN_POINT('',(8.98891412289744,-76.8819847051522,10.));
#5871=CARTESIAN_POINT('',(8.98891412289744,-76.8819847051522,10.));
#5872=CARTESIAN_POINT('',(7.29881103779814,-79.7162141474386,10.));
#5873=CARTESIAN_POINT('',(7.59807414720787,-76.4307834923511,10.));
#5874=CARTESIAN_POINT('',(7.59807414720787,-75.4557993679457,10.));
#5875=CARTESIAN_POINT('',(-4.88414027248139,-76.2970189720476,10.));
#5876=CARTESIAN_POINT('',(-2.4541466681953,-76.2970189720476,10.));
#5877=CARTESIAN_POINT('',(-7.31413387676749,-76.2970189720476,10.));
#5878=CARTESIAN_POINT('',(-7.31413387676749,-83.5322144745548,10.));
#5879=CARTESIAN_POINT('',(-7.31413387676749,-90.7674099770619,10.));
#5880=CARTESIAN_POINT('',(-8.65018854210588,-90.7674099770619,10.));
#5881=CARTESIAN_POINT('',(-9.98624320744428,-90.7674099770619,10.));
#5882=CARTESIAN_POINT('',(-9.98624320744428,-83.5322144745548,10.));
#5883=CARTESIAN_POINT('',(-9.98624320744428,-76.2970189720476,10.));
#5884=CARTESIAN_POINT('',(-12.4162368117304,-76.2970189720476,10.));
#5885=CARTESIAN_POINT('',(-14.8462304160165,-76.2970189720476,10.));
#5886=CARTESIAN_POINT('',(-14.8462304160165,-75.3921777172153,10.));
#5887=CARTESIAN_POINT('',(-14.8462304160165,-74.4873364623829,10.));
#5888=CARTESIAN_POINT('',(-8.65018854210588,-74.4873364623829,10.));
#5889=CARTESIAN_POINT('',(-2.4541466681953,-74.4873364623829,10.));
#5890=CARTESIAN_POINT('',(-2.4541466681953,-75.3921777172153,10.));
#5891=CARTESIAN_POINT('',(28.0983838270034,-74.4873364623829,10.));
#5892=CARTESIAN_POINT('',(26.7517255532099,-74.4873364623829,10.));
#5893=CARTESIAN_POINT('',(29.4450421007968,-74.4873364623829,10.));
#5894=CARTESIAN_POINT('',(29.4450421007968,-82.6273732197224,10.));
#5895=CARTESIAN_POINT('',(29.4450421007968,-90.7674099770619,10.));
#5896=CARTESIAN_POINT('',(28.0983838270034,-90.7674099770619,10.));
#5897=CARTESIAN_POINT('',(26.7517255532099,-90.7674099770619,10.));
#5898=CARTESIAN_POINT('',(24.012460035651,-85.9516044703858,10.));
#5899=CARTESIAN_POINT('',(21.2731945180921,-81.1357989637097,10.));
#5900=CARTESIAN_POINT('',(21.2731945180921,-78.5944674706454,10.));
#5901=CARTESIAN_POINT('',(21.2731945180921,-76.0531359775811,10.));
#5902=CARTESIAN_POINT('',(24.012460035651,-80.8813123607881,10.));
#5903=CARTESIAN_POINT('',(26.7517255532099,-85.7094887439951,10.));
#5904=CARTESIAN_POINT('',(26.7517255532099,-80.098412603189,10.));
#5905=CARTESIAN_POINT('',(-33.8231550144341,-82.6273732197224,10.));
#5906=CARTESIAN_POINT('',(-33.8231550144341,-74.4873364623829,10.));
#5907=CARTESIAN_POINT('',(-33.8231550144341,-90.7674099770619,10.));
#5908=CARTESIAN_POINT('',(-35.1698132882275,-90.7674099770619,10.));
#5909=CARTESIAN_POINT('',(-36.516471562021,-90.7674099770619,10.));
#5910=CARTESIAN_POINT('',(-36.516471562021,-82.6273732197224,10.));
#5911=CARTESIAN_POINT('',(-36.516471562021,-74.4873364623829,10.));
#5912=CARTESIAN_POINT('',(-35.1698132882275,-74.4873364623829,10.));
#5913=CARTESIAN_POINT('',(-69.9425799485426,-82.6273732197224,10.));
#5914=CARTESIAN_POINT('',(-69.9425799485426,-74.4873364623829,10.));
#5915=CARTESIAN_POINT('',(-69.9425799485426,-90.7674099770619,10.));
#5916=CARTESIAN_POINT('',(-71.268031005426,-90.7674099770619,10.));
#5917=CARTESIAN_POINT('',(-72.5934820623093,-90.7674099770619,10.));
#5918=CARTESIAN_POINT('',(-72.5934820623093,-82.6273732197224,10.));
#5919=CARTESIAN_POINT('',(-72.5934820623093,-74.4873364623829,10.));
#5920=CARTESIAN_POINT('',(-71.268031005426,-74.4873364623829,10.));
#5921=CARTESIAN_POINT('',(-19.3315567925096,-74.4873364623829,10.));
#5922=CARTESIAN_POINT('',(-20.6782150663031,-74.4873364623829,10.));
#5923=CARTESIAN_POINT('',(-17.9848985187162,-74.4873364623829,10.));
#5924=CARTESIAN_POINT('',(-17.9848985187162,-82.6273732197224,10.));
#5925=CARTESIAN_POINT('',(-17.9848985187162,-90.7674099770619,10.));
#5926=CARTESIAN_POINT('',(-19.3315567925096,-90.7674099770619,10.));
#5927=CARTESIAN_POINT('',(-20.6782150663031,-90.7674099770619,10.));
#5928=CARTESIAN_POINT('',(-23.417480583862,-85.9516044703858,10.));
#5929=CARTESIAN_POINT('',(-26.1567461014209,-81.1357989637097,10.));
#5930=CARTESIAN_POINT('',(-26.1567461014209,-78.5944674706454,10.));
#5931=CARTESIAN_POINT('',(-26.1567461014209,-76.0531359775811,10.));
#5932=CARTESIAN_POINT('',(-23.417480583862,-80.8813123607881,10.));
#5933=CARTESIAN_POINT('',(-20.6782150663031,-85.7094887439951,10.));
#5934=CARTESIAN_POINT('',(-20.6782150663031,-80.098412603189,10.));
#5935=CARTESIAN_POINT('',(-28.4100128981225,-74.4873364623829,10.));
#5936=CARTESIAN_POINT('',(-29.7584384399918,-74.4873364623829,10.));
#5937=CARTESIAN_POINT('',(-27.0615873562532,-74.4873364623829,10.));
#5938=CARTESIAN_POINT('',(-27.0615873562532,-82.6273732197224,10.));
#5939=CARTESIAN_POINT('',(-27.0615873562532,-90.7674099770619,10.));
#5940=CARTESIAN_POINT('',(-28.4100128981225,-90.7674099770619,10.));
#5941=CARTESIAN_POINT('',(-29.7584384399918,-90.7674099770619,10.));
#5942=CARTESIAN_POINT('',(-29.7584384399918,-82.6273732197224,10.));
#5943=CARTESIAN_POINT('',(-40.6271371064351,-82.6273732197224,10.));
#5944=CARTESIAN_POINT('',(-40.6271371064351,-74.4873364623829,10.));
#5945=CARTESIAN_POINT('',(-40.6271371064351,-90.7674099770619,10.));
#5946=CARTESIAN_POINT('',(-41.9737953802286,-90.7674099770619,10.));
#5947=CARTESIAN_POINT('',(-43.3204536540221,-90.7674099770619,10.));
#5948=CARTESIAN_POINT('',(-43.3204536540221,-85.1669374447109,10.));
#5949=CARTESIAN_POINT('',(-43.3204536540221,-79.5664649123598,10.));
#5950=CARTESIAN_POINT('',(-45.1425070402177,-84.0959729907491,10.));
#5951=CARTESIAN_POINT('',(-46.9645604264133,-88.6254810691384,10.));
#5952=CARTESIAN_POINT('',(-47.3303849181131,-88.6254810691384,10.));
#5953=CARTESIAN_POINT('',(-47.6962094098129,-88.6254810691384,10.));
#5954=CARTESIAN_POINT('',(-47.6962094098129,-86.6037263903724,10.));
#5955=CARTESIAN_POINT('',(-47.6962094098129,-84.5819717116064,10.));
#5956=CARTESIAN_POINT('',(-45.5083315319175,-79.5346540869946,10.));
#5957=CARTESIAN_POINT('',(-43.3204536540221,-74.4873364623829,10.));
#5958=CARTESIAN_POINT('',(-41.9737953802286,-74.4873364623829,10.));
#5959=CARTESIAN_POINT('',(-52.9732718842844,-85.1669374447109,10.));
#5960=CARTESIAN_POINT('',(-52.9732718842844,-79.5664649123599,10.));
#5961=CARTESIAN_POINT('',(-52.9732718842844,-90.7674099770619,10.));
#5962=CARTESIAN_POINT('',(-54.3216974261537,-90.7674099770619,10.));
#5963=CARTESIAN_POINT('',(-55.670122968023,-90.7674099770619,10.));
#5964=CARTESIAN_POINT('',(-55.670122968023,-82.6273732197224,10.));
#5965=CARTESIAN_POINT('',(-55.670122968023,-74.4873364623829,10.));
#5966=CARTESIAN_POINT('',(-54.3216974261537,-74.4873364623829,10.));
#5967=CARTESIAN_POINT('',(-52.9732718842844,-74.4873364623829,10.));
#5968=CARTESIAN_POINT('',(-50.7871612744648,-79.5116796020087,10.));
#5969=CARTESIAN_POINT('',(-48.6010506646452,-84.5360227416344,10.));
#5970=CARTESIAN_POINT('',(-48.6010506646452,-86.5807519053864,10.));
#5971=CARTESIAN_POINT('',(-48.6010506646452,-88.6254810691384,10.));
#5972=CARTESIAN_POINT('',(-48.9545042798141,-88.6254810691384,10.));
#5973=CARTESIAN_POINT('',(-49.307957894983,-88.6254810691384,10.));
#5974=CARTESIAN_POINT('',(-51.1406148896337,-84.0959729907491,10.));
#5975=CARTESIAN_POINT('',(-65.4802280570354,-90.6896501817247,10.));
#5976=CARTESIAN_POINT('',(-66.121746368567,-90.7674099770619,10.));
#5977=CARTESIAN_POINT('',(-66.4292510137639,-90.7674099770619,10.));
#5978=CARTESIAN_POINT('',(-65.4802280570354,-90.6896501817247,10.));
#5979=CARTESIAN_POINT('',(-66.4292510137639,-90.7674099770619,10.));
#5980=CARTESIAN_POINT('',(-67.7334948537371,-90.7674099770619,10.));
#5981=CARTESIAN_POINT('',(-69.0377386937103,-90.7674099770619,10.));
#5982=CARTESIAN_POINT('',(-69.0377386937103,-89.7954125353474,10.));
#5983=CARTESIAN_POINT('',(-69.0377386937103,-88.823415093633,10.));
#5984=CARTESIAN_POINT('',(-68.1753118726982,-88.823415093633,10.));
#5985=CARTESIAN_POINT('',(-67.3128850516861,-88.823415093633,10.));
#5986=CARTESIAN_POINT('',(-67.3128850516861,-88.823415093633,10.));
#5987=CARTESIAN_POINT('',(-64.6195685040992,-88.823415093633,10.));
#5988=CARTESIAN_POINT('',(-63.4266625529042,-87.1003287196847,10.));
#5989=CARTESIAN_POINT('',(-63.4266625529042,-87.1003287196847,10.));
#5990=CARTESIAN_POINT('',(-63.4266625529042,-87.1003287196847,10.));
#5991=CARTESIAN_POINT('',(-62.2337566017092,-85.3772423457364,10.));
#5992=CARTESIAN_POINT('',(-62.2337566017092,-82.1077964054242,10.));
#5993=CARTESIAN_POINT('',(-62.2337566017092,-82.1077964054242,10.));
#5994=CARTESIAN_POINT('',(-70.6937166439597,-82.1064867651897,10.));
#5995=CARTESIAN_POINT('',(-62.4758723280999,-80.0966453351132,10.));
#5996=CARTESIAN_POINT('',(-62.4758723280999,-80.0966453351132,10.));
#5997=CARTESIAN_POINT('',(-62.7179880544906,-79.1034406764886,10.));
#5998=CARTESIAN_POINT('',(-63.4142916763733,-78.2975664339035,10.));
#5999=CARTESIAN_POINT('',(-63.4142916763733,-78.2975664339035,10.));
#6000=CARTESIAN_POINT('',(-63.4142916763733,-78.2975664339035,10.));
#6001=CARTESIAN_POINT('',(-64.110595298256,-77.4916921913185,10.));
#6002=CARTESIAN_POINT('',(-65.303501249451,-76.9933225939304,10.));
#6003=CARTESIAN_POINT('',(-65.303501249451,-76.9933225939304,10.));
#6004=CARTESIAN_POINT('',(-65.303501249451,-76.9933225939304,10.));
#6005=CARTESIAN_POINT('',(-66.496407200646,-76.4949529965422,10.));
#6006=CARTESIAN_POINT('',(-68.3944531141029,-76.4949529965422,10.));
#6007=CARTESIAN_POINT('',(-68.3944531141029,-76.4949529965422,10.));
#6008=CARTESIAN_POINT('',(-68.7160959039066,-76.4949529965422,10.));
#6009=CARTESIAN_POINT('',(-69.0377386937103,-76.4949529965422,10.));
#6010=CARTESIAN_POINT('',(-69.0377386937103,-75.4911447294626,10.));
#6011=CARTESIAN_POINT('',(-69.0377386937103,-74.4873364623829,10.));
#6012=CARTESIAN_POINT('',(-68.3626422887377,-74.4873364623829,10.));
#6013=CARTESIAN_POINT('',(-67.6875458837651,-74.4873364623829,10.));
#6014=CARTESIAN_POINT('',(-67.6875458837651,-74.4873364623829,10.));
#6015=CARTESIAN_POINT('',(-65.6339803796339,-74.4873364623829,10.));
#6016=CARTESIAN_POINT('',(-64.0770172048149,-75.1376911142937,10.));
#6017=CARTESIAN_POINT('',(-64.0770172048149,-75.1376911142937,10.));
#6018=CARTESIAN_POINT('',(-64.0770172048149,-75.1376911142937,10.));
#6019=CARTESIAN_POINT('',(-62.520054029996,-75.7880457662044,10.));
#6020=CARTESIAN_POINT('',(-61.4932712779304,-76.8713810966971,10.));
#6021=CARTESIAN_POINT('',(-61.4932712779304,-76.8713810966971,10.));
#6022=CARTESIAN_POINT('',(-66.6524415061894,-81.8002004834539,10.));
#6023=CARTESIAN_POINT('',(-59.9576143901052,-79.3349900168134,10.));
#6024=CARTESIAN_POINT('',(-67.5908374403769,-82.1695645160757,10.));
#6025=CARTESIAN_POINT('',(-59.4485384373778,-82.1749525947393,10.));
#6026=CARTESIAN_POINT('',(-59.4485421141784,-82.1749525923062,10.));
#6027=CARTESIAN_POINT('',(-59.4485421141784,-84.1825691264655,10.));
#6028=CARTESIAN_POINT('',(-59.8797555246844,-85.608754463672,10.));
#6029=CARTESIAN_POINT('',(-59.8797555246844,-85.608754463672,10.));
#6030=CARTESIAN_POINT('',(-59.8797555246844,-85.608754463672,10.));
#6031=CARTESIAN_POINT('',(-60.3109689351905,-87.0349398008784,10.));
#6032=CARTESIAN_POINT('',(-60.9736944636321,-87.994566366062,10.));
#6033=CARTESIAN_POINT('',(-60.9736944636321,-87.994566366062,10.));
#6034=CARTESIAN_POINT('',(-60.9736944636321,-87.994566366062,10.));
#6035=CARTESIAN_POINT('',(-61.6364199920738,-88.9541929312455,10.));
#6036=CARTESIAN_POINT('',(-62.4652687196448,-89.5073478389848,10.));
#6037=CARTESIAN_POINT('',(-62.4652687196448,-89.5073478389848,10.));
#6038=CARTESIAN_POINT('',(-62.4652687196448,-89.5073478389848,10.));
#6039=CARTESIAN_POINT('',(-63.2941174472159,-90.0605027467241,10.));
#6040=CARTESIAN_POINT('',(-64.0664135963599,-90.3361965665558,10.));
#6041=CARTESIAN_POINT('',(-64.0664135963599,-90.3361965665558,10.));
#6042=CARTESIAN_POINT('',(-64.0664135963599,-90.3361965665558,10.));
#6043=CARTESIAN_POINT('',(-64.8387097455039,-90.6118903863876,10.));
#6044=CARTESIAN_POINT('',(-65.4802280570354,-90.6896501817247,10.));
#6045=CARTESIAN_POINT('',(-83.0875198966735,-85.5963835871411,10.));
#6046=CARTESIAN_POINT('',(-84.5684905442312,-85.5963835871411,10.));
#6047=CARTESIAN_POINT('',(-81.6065492491159,-85.5963835871411,10.));
#6048=CARTESIAN_POINT('',(-81.2866737273881,-86.4923885015942,10.));
#6049=CARTESIAN_POINT('',(-80.9667982056602,-87.3883934160473,10.));
#6050=CARTESIAN_POINT('',(-83.0769162882185,-87.3883934160473,10.));
#6051=CARTESIAN_POINT('',(-85.1870343707767,-87.3883934160473,10.));
#6052=CARTESIAN_POINT('',(-84.877762457504,-86.4923885015942,10.));
#6053=CARTESIAN_POINT('',(-101.534264072338,-82.6273732197224,10.));
#6054=CARTESIAN_POINT('',(-101.534264072338,-74.4873364623829,10.));
#6055=CARTESIAN_POINT('',(-101.534264072338,-90.7674099770619,10.));
#6056=CARTESIAN_POINT('',(-102.859715129221,-90.7674099770619,10.));
#6057=CARTESIAN_POINT('',(-104.185166186104,-90.7674099770619,10.));
#6058=CARTESIAN_POINT('',(-104.185166186104,-82.6273732197224,10.));
#6059=CARTESIAN_POINT('',(-104.185166186104,-74.4873364623829,10.));
#6060=CARTESIAN_POINT('',(-102.859715129221,-74.4873364623829,10.));
#6061=CARTESIAN_POINT('',(-98.4167968290297,-80.8433690994248,10.));
#6062=CARTESIAN_POINT('',(-97.5137291997917,-90.7338318836208,10.));
#6063=CARTESIAN_POINT('',(-98.0668692493769,-90.7678313762261,10.));
#6064=CARTESIAN_POINT('',(-99.3481534625182,-90.7674099770619,10.));
#6065=CARTESIAN_POINT('',(-100.629422817505,-90.7674099770619,10.));
#6066=CARTESIAN_POINT('',(-100.629422817505,-89.7954125353474,10.));
#6067=CARTESIAN_POINT('',(-100.629422817505,-88.823415093633,10.));
#6068=CARTESIAN_POINT('',(-99.4241459897795,-88.823415093633,10.));
#6069=CARTESIAN_POINT('',(-98.2188691620536,-88.823415093633,10.));
#6070=CARTESIAN_POINT('',(-98.2188691620536,-88.823415093633,10.));
#6071=CARTESIAN_POINT('',(-97.0489376958446,-88.823415093633,10.));
#6072=CARTESIAN_POINT('',(-96.3862121674029,-88.0723261613991,10.));
#6073=CARTESIAN_POINT('',(-96.3862121674029,-88.0723261613991,10.));
#6074=CARTESIAN_POINT('',(-96.3862121674029,-88.0723261613991,10.));
#6075=CARTESIAN_POINT('',(-95.7234866389613,-87.3212372291652,10.));
#6076=CARTESIAN_POINT('',(-95.7234866389613,-86.062942359164,10.));
#6077=CARTESIAN_POINT('',(-95.7234866389613,-86.062942359164,10.));
#6078=CARTESIAN_POINT('',(-95.7234866389613,-86.062942359164,10.));
#6079=CARTESIAN_POINT('',(-95.7234866389613,-84.8682691398932,10.));
#6080=CARTESIAN_POINT('',(-96.4091866523889,-84.051791288853,10.));
#6081=CARTESIAN_POINT('',(-96.4091866523889,-84.051791288853,10.));
#6082=CARTESIAN_POINT('',(-96.4091866523889,-84.051791288853,10.));
#6083=CARTESIAN_POINT('',(-97.0948866658165,-83.2353134378129,10.));
#6084=CARTESIAN_POINT('',(-98.4203377226999,-83.2353134378129,10.));
#6085=CARTESIAN_POINT('',(-98.4203377226999,-83.2353134378129,10.));
#6086=CARTESIAN_POINT('',(-99.5248802701026,-83.2353134378129,10.));
#6087=CARTESIAN_POINT('',(-100.629422817505,-83.2353134378129,10.));
#6088=CARTESIAN_POINT('',(-100.629422817505,-82.3393085233598,10.));
#6089=CARTESIAN_POINT('',(-100.629422817505,-81.4433036089066,10.));
#6090=CARTESIAN_POINT('',(-100.099242394752,-81.4433036089066,10.));
#6091=CARTESIAN_POINT('',(-99.5690619632278,-81.4433213069387,10.));
#6092=CARTESIAN_POINT('',(-99.5808699469926,-57.6174376197513,10.));
#6093=CARTESIAN_POINT('',(-98.5740958618773,-81.4219232694782,10.));
#6094=CARTESIAN_POINT('',(-98.6570815791189,-79.1109910975843,10.));
#6095=CARTESIAN_POINT('',(-97.6250670885699,-81.1799806656058,10.));
#6096=CARTESIAN_POINT('',(-97.6250670885699,-81.1799806656058,10.));
#6097=CARTESIAN_POINT('',(-97.1832500696088,-80.9590721561253,10.));
#6098=CARTESIAN_POINT('',(-96.9057889817012,-80.4288917333719,10.));
#6099=CARTESIAN_POINT('',(-96.9057889817012,-80.4288917333719,10.));
#6100=CARTESIAN_POINT('',(-96.9057889817012,-80.4288917333719,10.));
#6101=CARTESIAN_POINT('',(-96.6283278937936,-79.8987113106186,10.));
#6102=CARTESIAN_POINT('',(-96.6283278937936,-78.905506651994,10.));
#6103=CARTESIAN_POINT('',(-96.6283278937936,-78.905506651994,10.));
#6104=CARTESIAN_POINT('',(-99.9509460508979,-78.9320717794203,10.));
#6105=CARTESIAN_POINT('',(-96.7395648529395,-78.0748635036788,10.));
#6106=CARTESIAN_POINT('',(-98.4750912888649,-78.5391948283036,10.));
#6107=CARTESIAN_POINT('',(-97.1814828015329,-77.2902236306722,10.));
#6108=CARTESIAN_POINT('',(-97.1814828015329,-77.2902236306722,10.));
#6109=CARTESIAN_POINT('',(-97.5119619317158,-76.9367700155033,10.));
#6110=CARTESIAN_POINT('',(-98.1305057582614,-76.7158615060228,10.));
#6111=CARTESIAN_POINT('',(-98.1305057582614,-76.7158615060228,10.));
#6112=CARTESIAN_POINT('',(-98.1305057582614,-76.7158615060228,10.));
#6113=CARTESIAN_POINT('',(-98.7490495848069,-76.4949529965422,10.));
#6114=CARTESIAN_POINT('',(-99.7669959964933,-76.4949529965422,10.));
#6115=CARTESIAN_POINT('',(-99.7669959964933,-76.4949529965422,10.));
#6116=CARTESIAN_POINT('',(-100.198209406999,-76.4949529965422,10.));
#6117=CARTESIAN_POINT('',(-100.629422817505,-76.4949529965422,10.));
#6118=CARTESIAN_POINT('',(-100.629422817505,-75.4911447294626,10.));
#6119=CARTESIAN_POINT('',(-100.629422817505,-74.4873364623829,10.));
#6120=CARTESIAN_POINT('',(-100.065664301311,-74.4873364623829,10.));
#6121=CARTESIAN_POINT('',(-99.5019051315978,-74.4875494120931,10.));
#6122=CARTESIAN_POINT('',(-99.4764665663297,-82.7767278717587,10.));
#6123=CARTESIAN_POINT('',(-97.4907547148057,-74.7294521887736,10.));
#6124=CARTESIAN_POINT('',(-97.4907547148057,-74.7294521887736,10.));
#6125=CARTESIAN_POINT('',(-96.5187572730913,-74.9715679151643,10.));
#6126=CARTESIAN_POINT('',(-95.7676683408574,-75.5017483379177,10.));
#6127=CARTESIAN_POINT('',(-95.7676683408574,-75.5017483379177,10.));
#6128=CARTESIAN_POINT('',(-95.7676683408574,-75.5017483379177,10.));
#6129=CARTESIAN_POINT('',(-95.0165794086235,-76.031928760671,10.));
#6130=CARTESIAN_POINT('',(-94.5747623896624,-76.8819847051522,10.));
#6131=CARTESIAN_POINT('',(-94.5747623896624,-76.8819847051522,10.));
#6132=CARTESIAN_POINT('',(-94.5747623896624,-76.8819847051522,10.));
#6133=CARTESIAN_POINT('',(-94.1329453707013,-77.7320406496333,10.));
#6134=CARTESIAN_POINT('',(-94.1329453707013,-78.905506651994,10.));
#6135=CARTESIAN_POINT('',(-94.1329453707013,-78.905506651994,10.));
#6136=CARTESIAN_POINT('',(-94.1329453707013,-78.905506651994,10.));
#6137=CARTESIAN_POINT('',(-94.1329453707013,-79.58767212927,10.));
#6138=CARTESIAN_POINT('',(-94.3538538801818,-80.1514306454644,10.));
#6139=CARTESIAN_POINT('',(-94.3538538801818,-80.1514306454644,10.));
#6140=CARTESIAN_POINT('',(-94.3538538801818,-80.1514306454644,10.));
#6141=CARTESIAN_POINT('',(-94.5747623896624,-80.7151891616587,10.));
#6142=CARTESIAN_POINT('',(-94.9070087879211,-81.1357989637097,10.));
#6143=CARTESIAN_POINT('',(-94.9070087879211,-81.1357989637097,10.));
#6144=CARTESIAN_POINT('',(-97.3566419057692,-79.2241582215121,10.));
#6145=CARTESIAN_POINT('',(-95.6687013286101,-81.8321025855924,10.));
#6146=CARTESIAN_POINT('',(-95.6687013286101,-81.8321025855924,10.));
#6147=CARTESIAN_POINT('',(-96.0981474710403,-82.1077964054242,10.));
#6148=CARTESIAN_POINT('',(-96.4975500561811,-82.1961598092164,10.));
#6149=CARTESIAN_POINT('',(-96.4975500561811,-82.1961598092164,10.));
#6150=CARTESIAN_POINT('',(-96.4975500561811,-82.1961598092164,10.));
#6151=CARTESIAN_POINT('',(-95.9885768503379,-82.2633159960985,10.));
#6152=CARTESIAN_POINT('',(-95.4142147256885,-82.5284062074751,10.));
#6153=CARTESIAN_POINT('',(-95.4142147256885,-82.5284062074751,10.));
#6154=CARTESIAN_POINT('',(-97.0452306314448,-85.983792560799,10.));
#6155=CARTESIAN_POINT('',(-94.3432502717268,-83.279495139709,10.));
#6156=CARTESIAN_POINT('',(-94.3432502717268,-83.279495139709,10.));
#6157=CARTESIAN_POINT('',(-93.8466479424145,-83.7654938605662,10.));
#6158=CARTESIAN_POINT('',(-93.5144015441557,-84.4600302143731,10.));
#6159=CARTESIAN_POINT('',(-93.5144015441557,-84.4600302143731,10.));
#6160=CARTESIAN_POINT('',(-93.5144015441557,-84.4600302143731,10.));
#6161=CARTESIAN_POINT('',(-93.182155145897,-85.15456656818,10.));
#6162=CARTESIAN_POINT('',(-93.182155145897,-86.062942359164,10.));
#6163=CARTESIAN_POINT('',(-93.182155145897,-86.062942359164,10.));
#6164=CARTESIAN_POINT('',(-93.182155145897,-86.062942359164,10.));
#6165=CARTESIAN_POINT('',(-93.182155145897,-87.1657176384909,10.));
#6166=CARTESIAN_POINT('',(-93.5144015441557,-87.9609882726209,10.));
#6167=CARTESIAN_POINT('',(-93.5144015441557,-87.9609882726209,10.));
#6168=CARTESIAN_POINT('',(-93.5144015441557,-87.9609882726209,10.));
#6169=CARTESIAN_POINT('',(-93.8466479424145,-88.7562589067509,10.));
#6170=CARTESIAN_POINT('',(-94.3432502717268,-89.2758357210492,10.));
#6171=CARTESIAN_POINT('',(-94.3432502717268,-89.2758357210492,10.));
#6172=CARTESIAN_POINT('',(-94.3432502717268,-89.2758357210492,10.));
#6173=CARTESIAN_POINT('',(-94.8398526010391,-89.7954125353474,10.));
#6174=CARTESIAN_POINT('',(-95.4248183341436,-90.0940808401652,10.));
#6175=CARTESIAN_POINT('',(-95.4248183341436,-90.0940808401652,10.));
#6176=CARTESIAN_POINT('',(-98.307859174538,-84.5614634424848,10.));
#6177=CARTESIAN_POINT('',(-96.5523353665323,-90.5465014675813,10.));
#6178=CARTESIAN_POINT('',(-96.5523353665323,-90.5465014675813,10.));
#6179=CARTESIAN_POINT('',(-97.0948866658165,-90.7002537901798,10.));
#6180=CARTESIAN_POINT('',(-97.5137291997917,-90.7338318836208,10.));
#6181=CARTESIAN_POINT('',(-38.0940950206629,-83.7080815434456,0.));
#6182=CARTESIAN_POINT('',(-147.457342190898,-83.7080815434456,0.));
#6183=CARTESIAN_POINT('',(-147.457342190898,-118.529084533467,0.));
#6184=CARTESIAN_POINT('',(-147.457342190898,-48.8870785534241,0.));
#6185=CARTESIAN_POINT('',(-38.0940950206629,-48.8870785534241,0.));
#6186=CARTESIAN_POINT('',(71.2691521495722,-48.8870785534241,0.));
#6187=CARTESIAN_POINT('',(71.2691521495722,-83.7080815434456,0.));
#6188=CARTESIAN_POINT('',(71.2691521495722,-118.529084533467,-4.33680868994202E-16));
#6189=CARTESIAN_POINT('',(-38.0940950206629,-118.529084533467,0.));
#6190=CARTESIAN_POINT('',(59.3770791595507,-83.7080815434456,-2.07107));
#6191=CARTESIAN_POINT('',(59.3770791595507,-60.7791515434456,-2.07107));
#6192=CARTESIAN_POINT('',(59.3770791595507,-106.637011543446,-2.07107));
#6193=CARTESIAN_POINT('',(-38.0940950206629,-106.637011543446,-2.07107));
#6194=CARTESIAN_POINT('',(-135.565269200876,-106.637011543446,-2.07107));
#6195=CARTESIAN_POINT('',(-38.0940950206629,-60.7791515434456,-2.07107));
#6196=CARTESIAN_POINT('',(-135.565269200876,-60.7791515434457,-2.07107));
#6197=CARTESIAN_POINT('',(-135.565269200876,-83.7080815434457,-2.07107));
#6198=CARTESIAN_POINT('',(-80.9561945972052,-84.6703351153986,8.5));
#6199=CARTESIAN_POINT('',(-78.8460765146469,-90.7674099770619,8.5));
#6200=CARTESIAN_POINT('',(-78.8460765146469,-90.7674099770619,8.5));
#6201=CARTESIAN_POINT('',(-80.9561945972052,-84.6703351153986,8.5));
#6202=CARTESIAN_POINT('',(-83.0663126797634,-78.5732602537353,8.5));
#6203=CARTESIAN_POINT('',(-83.0663126797634,-78.5732602537353,8.5));
#6204=CARTESIAN_POINT('',(-77.4764437558675,-90.7674099770619,8.5));
#6205=CARTESIAN_POINT('',(-76.106810997088,-90.7674099770619,8.5));
#6206=CARTESIAN_POINT('',(-76.106810997088,-90.7674099770619,8.5));
#6207=CARTESIAN_POINT('',(-77.4764437558675,-90.7674099770619,8.5));
#6208=CARTESIAN_POINT('',(-78.9344399184391,-82.6379768281775,8.5));
#6209=CARTESIAN_POINT('',(-81.7620688397902,-74.5085436792931,8.5));
#6210=CARTESIAN_POINT('',(-81.7620688397902,-74.5085436792931,8.5));
#6211=CARTESIAN_POINT('',(-78.9344399184391,-82.6379768281775,8.5));
#6212=CARTESIAN_POINT('',(-83.0769162882185,-74.5085436792931,8.5));
#6213=CARTESIAN_POINT('',(-84.3917637366468,-74.5085436792931,8.5));
#6214=CARTESIAN_POINT('',(-84.3917637366468,-74.5085436792931,8.5));
#6215=CARTESIAN_POINT('',(-83.0769162882185,-74.5085436792931,8.5));
#6216=CARTESIAN_POINT('',(-87.240599874908,-82.6379768281775,8.5));
#6217=CARTESIAN_POINT('',(-90.0894360131692,-90.7674099770619,8.5));
#6218=CARTESIAN_POINT('',(-90.0894360131692,-90.7674099770619,8.5));
#6219=CARTESIAN_POINT('',(-87.240599874908,-82.6379768281775,8.5));
#6220=CARTESIAN_POINT('',(-88.7091996459347,-90.7674099770619,8.5));
#6221=CARTESIAN_POINT('',(-87.3289632787002,-90.7674099770619,8.5));
#6222=CARTESIAN_POINT('',(-87.3289632787002,-90.7674099770619,8.5));
#6223=CARTESIAN_POINT('',(-88.7091996459347,-90.7674099770619,8.5));
#6224=CARTESIAN_POINT('',(-85.1976379792318,-84.6703351153986,8.5));
#6225=CARTESIAN_POINT('',(-85.1976379792318,-84.6703351153986,8.5));
#6226=CARTESIAN_POINT('',(-38.0940950206629,-83.7080815434456,8.5));
#6227=CARTESIAN_POINT('',(17.6715021795211,-82.6273732197224,8.5));
#6228=CARTESIAN_POINT('',(17.6715021795211,-90.7674099770619,8.5));
#6229=CARTESIAN_POINT('',(17.6715021795211,-90.7674099770619,8.5));
#6230=CARTESIAN_POINT('',(17.6715021795211,-82.6273732197224,8.5));
#6231=CARTESIAN_POINT('',(17.6715021795211,-74.4873364623829,8.5));
#6232=CARTESIAN_POINT('',(17.6715021795211,-74.4873364623829,8.5));
#6233=CARTESIAN_POINT('',(19.0199277213904,-90.7674099770619,8.5));
#6234=CARTESIAN_POINT('',(20.3683532632597,-90.7674099770619,8.5));
#6235=CARTESIAN_POINT('',(20.3683532632597,-90.7674099770619,8.5));
#6236=CARTESIAN_POINT('',(19.0199277213904,-90.7674099770619,8.5));
#6237=CARTESIAN_POINT('',(20.3683532632597,-82.6273732197224,8.5));
#6238=CARTESIAN_POINT('',(20.3683532632597,-74.4873364623829,8.5));
#6239=CARTESIAN_POINT('',(20.3683532632597,-74.4873364623829,8.5));
#6240=CARTESIAN_POINT('',(20.3683532632597,-82.6273732197224,8.5));
#6241=CARTESIAN_POINT('',(19.0199277213904,-74.4873364623829,8.5));
#6242=CARTESIAN_POINT('',(19.0199277213904,-74.4873364623829,8.5));
#6243=CARTESIAN_POINT('',(-38.0940950206629,-83.7080815434456,8.5));
#6244=CARTESIAN_POINT('',(6.71444010928565,-75.4664029764008,8.5));
#6245=CARTESIAN_POINT('',(6.71444010928565,-74.4802673900796,8.5));
#6246=CARTESIAN_POINT('',(6.71444010928565,-74.4802673900796,8.5));
#6247=CARTESIAN_POINT('',(6.71444010928565,-75.4664029764008,8.5));
#6248=CARTESIAN_POINT('',(6.71444010928565,-76.4525409791252,8.5));
#6249=CARTESIAN_POINT('',(6.71444010928565,-76.452538562722,8.5));
#6250=CARTESIAN_POINT('',(6.00093836939535,-74.4802673900796,8.5));
#6251=CARTESIAN_POINT('',(5.28762714620147,-74.4802673900796,8.5));
#6252=CARTESIAN_POINT('',(5.28762714620147,-74.4802673900796,8.5));
#6253=CARTESIAN_POINT('',(6.00093836939535,-74.4802673900796,8.5));
#6254=CARTESIAN_POINT('',(7.0021527781874,-80.7008915913807,8.5));
#6255=CARTESIAN_POINT('',(4.18547949275226,-74.895575387903,8.5));
#6256=CARTESIAN_POINT('',(4.18547949275226,-74.895575387903,8.5));
#6257=CARTESIAN_POINT('',(7.0021527781874,-80.7008915913807,8.5));
#6258=CARTESIAN_POINT('',(2.1743284224413,-76.5073238730731,8.5));
#6259=CARTESIAN_POINT('',(2.1743284224413,-76.5073238730731,10.));
#6260=CARTESIAN_POINT('',(2.74103238542875,-75.808663893756,8.5));
#6261=CARTESIAN_POINT('',(2.74103238542875,-75.808663893756,10.));
#6262=CARTESIAN_POINT('',(3.4114160755324,-75.2714143986993,8.5));
#6263=CARTESIAN_POINT('',(3.4114160755324,-75.2714143986993,10.));
#6264=CARTESIAN_POINT('',(4.18547949275226,-74.895575387903,8.5));
#6265=CARTESIAN_POINT('',(4.18547949275226,-74.895575387903,10.));
#6266=CARTESIAN_POINT('',(2.1743284224413,-76.5073238730731,8.5));
#6267=CARTESIAN_POINT('',(2.1743284224413,-76.5073238730731,8.5));
#6268=CARTESIAN_POINT('',(2.1743284224413,-76.5073238730731,8.5));
#6269=CARTESIAN_POINT('',(3.02438436692247,-75.4593339040974,8.5));
#6270=CARTESIAN_POINT('',(4.18547949275226,-74.895575387903,8.5));
#6271=CARTESIAN_POINT('',(0.848877365557957,-79.0698625830476,8.5));
#6272=CARTESIAN_POINT('',(0.848877365557957,-79.0698625830476,10.));
#6273=CARTESIAN_POINT('',(1.16580744049273,-78.0601634223818,8.5));
#6274=CARTESIAN_POINT('',(1.16580744049273,-78.0601634223818,10.));
#6275=CARTESIAN_POINT('',(1.60762445945384,-77.2059838523903,8.5));
#6276=CARTESIAN_POINT('',(1.60762445945384,-77.2059838523903,10.));
#6277=CARTESIAN_POINT('',(2.1743284224413,-76.5073238730731,8.5));
#6278=CARTESIAN_POINT('',(2.1743284224413,-76.5073238730731,10.));
#6279=CARTESIAN_POINT('',(0.848877365557957,-79.0698625830476,8.5));
#6280=CARTESIAN_POINT('',(0.848877365557957,-79.0698625830476,8.5));
#6281=CARTESIAN_POINT('',(0.848877365557957,-79.0698625830476,8.5));
#6282=CARTESIAN_POINT('',(1.32427247796012,-77.5553138420489,8.5));
#6283=CARTESIAN_POINT('',(2.1743284224413,-76.5073238730731,8.5));
#6284=CARTESIAN_POINT('',(0.37348225315581,-82.5496134243853,8.5));
#6285=CARTESIAN_POINT('',(0.37348225315581,-82.5496134243853,10.));
#6286=CARTESIAN_POINT('',(0.37348225315581,-81.2394786908259,8.5));
#6287=CARTESIAN_POINT('',(0.37348225315581,-81.2394786908259,10.));
#6288=CARTESIAN_POINT('',(0.531947290623192,-80.0795617437133,8.5));
#6289=CARTESIAN_POINT('',(0.531947290623192,-80.0795617437133,10.));
#6290=CARTESIAN_POINT('',(0.848877365557957,-79.0698625830476,8.5));
#6291=CARTESIAN_POINT('',(0.848877365557957,-79.0698625830476,10.));
#6292=CARTESIAN_POINT('',(0.37348225315581,-82.5496134243853,8.5));
#6293=CARTESIAN_POINT('',(0.37348225315581,-82.5496134243853,8.5));
#6294=CARTESIAN_POINT('',(0.37348225315581,-82.5496134243853,8.5));
#6295=CARTESIAN_POINT('',(0.37348225315581,-80.5844113240462,8.5));
#6296=CARTESIAN_POINT('',(0.848877365557957,-79.0698625830476,8.5));
#6297=CARTESIAN_POINT('',(0.848877365557957,-86.039967874178,8.5));
#6298=CARTESIAN_POINT('',(0.848877365557957,-86.039967874178,10.));
#6299=CARTESIAN_POINT('',(0.531947290623192,-85.0231996412089,8.5));
#6300=CARTESIAN_POINT('',(0.531947290623192,-85.0231996412089,10.));
#6301=CARTESIAN_POINT('',(0.37348225315581,-83.8597481579447,8.5));
#6302=CARTESIAN_POINT('',(0.37348225315581,-83.8597481579447,10.));
#6303=CARTESIAN_POINT('',(0.37348225315581,-82.5496134243853,8.5));
#6304=CARTESIAN_POINT('',(0.37348225315581,-82.5496134243853,10.));
#6305=CARTESIAN_POINT('',(0.848877365557957,-86.039967874178,8.5));
#6306=CARTESIAN_POINT('',(0.848877365557957,-86.039967874178,8.5));
#6307=CARTESIAN_POINT('',(0.848877365557957,-86.039967874178,8.5));
#6308=CARTESIAN_POINT('',(0.37348225315581,-84.5148155247243,8.5));
#6309=CARTESIAN_POINT('',(0.37348225315581,-82.5496134243853,8.5));
#6310=CARTESIAN_POINT('',(2.1743284224413,-88.6131101926075,8.5));
#6311=CARTESIAN_POINT('',(2.1743284224413,-88.6131101926075,10.));
#6312=CARTESIAN_POINT('',(1.60762445945384,-87.9144502132904,8.5));
#6313=CARTESIAN_POINT('',(1.60762445945384,-87.9144502132904,10.));
#6314=CARTESIAN_POINT('',(1.16580744049273,-87.0567361071472,8.5));
#6315=CARTESIAN_POINT('',(1.16580744049273,-87.0567361071472,10.));
#6316=CARTESIAN_POINT('',(0.848877365557957,-86.039967874178,8.5));
#6317=CARTESIAN_POINT('',(0.848877365557957,-86.039967874178,10.));
#6318=CARTESIAN_POINT('',(2.1743284224413,-88.6131101926075,8.5));
#6319=CARTESIAN_POINT('',(2.1743284224413,-88.6131101926075,8.5));
#6320=CARTESIAN_POINT('',(2.1743284224413,-88.6131101926075,8.5));
#6321=CARTESIAN_POINT('',(1.32427247796012,-87.5651202236318,8.5));
#6322=CARTESIAN_POINT('',(0.848877365557957,-86.039967874178,8.5));
#6323=CARTESIAN_POINT('',(4.19608310120732,-90.2248586777776,8.5));
#6324=CARTESIAN_POINT('',(4.19608310120732,-90.2248586777776,10.));
#6325=CARTESIAN_POINT('',(3.41495061168409,-89.8490196669814,8.5));
#6326=CARTESIAN_POINT('',(3.41495061168409,-89.8490196669814,10.));
#6327=CARTESIAN_POINT('',(2.74103238542875,-89.3117701719247,8.5));
#6328=CARTESIAN_POINT('',(2.74103238542875,-89.3117701719247,10.));
#6329=CARTESIAN_POINT('',(2.1743284224413,-88.6131101926075,8.5));
#6330=CARTESIAN_POINT('',(2.1743284224413,-88.6131101926075,10.));
#6331=CARTESIAN_POINT('',(4.19608310120732,-90.2248586777776,8.5));
#6332=CARTESIAN_POINT('',(4.19608310120732,-90.2248586777776,8.5));
#6333=CARTESIAN_POINT('',(4.19608310120732,-90.2248586777776,8.5));
#6334=CARTESIAN_POINT('',(3.02438436692247,-89.6611001615833,8.5));
#6335=CARTESIAN_POINT('',(2.1743284224413,-88.6131101926075,8.5));
#6336=CARTESIAN_POINT('',(7.08000420536358,-84.2293201993364,8.5));
#6337=CARTESIAN_POINT('',(5.8474334162815,-90.7674099789621,8.5));
#6338=CARTESIAN_POINT('',(5.84744532175664,-90.767346827161,8.50000025));
#6339=CARTESIAN_POINT('',(7.08000420536358,-84.2293201993364,8.5));
#6340=CARTESIAN_POINT('',(6.28093676278357,-90.7674099770619,8.5));
#6341=CARTESIAN_POINT('',(6.71444010928565,-90.7674099770619,8.5));
#6342=CARTESIAN_POINT('',(6.71444010928565,-90.7674099770619,8.5));
#6343=CARTESIAN_POINT('',(6.28093676278357,-90.7674099770619,8.5));
#6344=CARTESIAN_POINT('',(6.71444010928565,-89.7282563484654,8.5));
#6345=CARTESIAN_POINT('',(6.71444010928565,-88.6896505733295,8.5));
#6346=CARTESIAN_POINT('',(6.71444010928565,-88.6896505733295,8.5));
#6347=CARTESIAN_POINT('',(6.71444010928565,-89.7282563484654,8.5));
#6348=CARTESIAN_POINT('',(7.01370321869539,-85.4042199182414,8.5));
#6349=CARTESIAN_POINT('',(5.32360013359608,-88.2384493605285,8.5));
#6350=CARTESIAN_POINT('',(5.32360013359608,-88.2384493605285,8.5));
#6351=CARTESIAN_POINT('',(7.01370321869539,-85.4042199182414,8.5));
#6352=CARTESIAN_POINT('',(4.16427227584213,-87.1003287196847,8.5));
#6353=CARTESIAN_POINT('',(4.16427227584213,-87.1003287196847,10.));
#6354=CARTESIAN_POINT('',(4.49534049538365,-87.6010546745073,8.5));
#6355=CARTESIAN_POINT('',(4.49534049538365,-87.6010546745073,10.));
#6356=CARTESIAN_POINT('',(4.88178311463497,-87.9804282214552,8.5));
#6357=CARTESIAN_POINT('',(4.88178311463497,-87.9804282214552,10.));
#6358=CARTESIAN_POINT('',(5.32360013359608,-88.2384493605285,8.5));
#6359=CARTESIAN_POINT('',(5.32360013359608,-88.2384493605285,10.));
#6360=CARTESIAN_POINT('',(4.16427227584213,-87.1003287196847,8.5));
#6361=CARTESIAN_POINT('',(4.16427227584213,-87.1003287196847,8.5));
#6362=CARTESIAN_POINT('',(4.16427227584213,-87.1003287196847,8.5));
#6363=CARTESIAN_POINT('',(4.66087460515441,-87.8514176519186,8.5));
#6364=CARTESIAN_POINT('',(5.32360013359608,-88.2384493605285,8.5));
#6365=CARTESIAN_POINT('',(3.3796052501672,-85.234093631593,8.5));
#6366=CARTESIAN_POINT('',(3.3796052501672,-85.234093631593,10.));
#6367=CARTESIAN_POINT('',(3.57164838107563,-85.9775244021649,8.5));
#6368=CARTESIAN_POINT('',(3.57164838107563,-85.9775244021649,10.));
#6369=CARTESIAN_POINT('',(3.8332040563006,-86.5996027648621,8.5));
#6370=CARTESIAN_POINT('',(3.8332040563006,-86.5996027648621,10.));
#6371=CARTESIAN_POINT('',(4.16427227584213,-87.1003287196847,8.5));
#6372=CARTESIAN_POINT('',(4.16427227584213,-87.1003287196847,10.));
#6373=CARTESIAN_POINT('',(3.3796052501672,-85.234093631593,8.5));
#6374=CARTESIAN_POINT('',(3.3796052501672,-85.234093631593,8.5));
#6375=CARTESIAN_POINT('',(3.3796052501672,-85.234093631593,8.5));
#6376=CARTESIAN_POINT('',(3.66766994652984,-86.3492397874508,8.5));
#6377=CARTESIAN_POINT('',(4.16427227584213,-87.1003287196847,8.5));
#6378=CARTESIAN_POINT('',(3.07033333689443,-82.5496134243853,8.5));
#6379=CARTESIAN_POINT('',(3.07033333689443,-82.5496134243853,10.));
#6380=CARTESIAN_POINT('',(3.08447148150118,-83.5958361252852,8.5));
#6381=CARTESIAN_POINT('',(3.08447148150118,-83.5958361252852,10.));
#6382=CARTESIAN_POINT('',(3.18756211925877,-84.4906628610211,8.5));
#6383=CARTESIAN_POINT('',(3.18756211925877,-84.4906628610211,10.));
#6384=CARTESIAN_POINT('',(3.3796052501672,-85.234093631593,8.5));
#6385=CARTESIAN_POINT('',(3.3796052501672,-85.234093631593,10.));
#6386=CARTESIAN_POINT('',(3.07033333689443,-82.5496134243853,8.5));
#6387=CARTESIAN_POINT('',(3.07033333689443,-82.5496134243853,8.5));
#6388=CARTESIAN_POINT('',(3.07033333689443,-82.5496134243853,8.5));
#6389=CARTESIAN_POINT('',(3.09154055380455,-84.1189474757351,8.5));
#6390=CARTESIAN_POINT('',(3.3796052501672,-85.234093631593,8.5));
#6391=CARTESIAN_POINT('',(3.3796052501672,-79.8757368256326,8.5));
#6392=CARTESIAN_POINT('',(3.3796052501672,-79.8757368256326,10.));
#6393=CARTESIAN_POINT('',(3.18756211925877,-80.6262366685079,8.5));
#6394=CARTESIAN_POINT('',(3.18756211925877,-80.6262366685079,10.));
#6395=CARTESIAN_POINT('',(3.08447148150118,-81.5175288680921,8.5));
#6396=CARTESIAN_POINT('',(3.08447148150118,-81.5175288680921,10.));
#6397=CARTESIAN_POINT('',(3.07033333689443,-82.5496134243853,8.5));
#6398=CARTESIAN_POINT('',(3.07033333689443,-82.5496134243853,10.));
#6399=CARTESIAN_POINT('',(3.3796052501672,-79.8757368256326,8.5));
#6400=CARTESIAN_POINT('',(3.3796052501672,-79.8757368256326,8.5));
#6401=CARTESIAN_POINT('',(3.3796052501672,-79.8757368256326,8.5));
#6402=CARTESIAN_POINT('',(3.09154055380455,-81.0014865899455,8.5));
#6403=CARTESIAN_POINT('',(3.07033333689443,-82.5496134243853,8.5));
#6404=CARTESIAN_POINT('',(4.15366866738706,-78.020105345996,8.5));
#6405=CARTESIAN_POINT('',(4.15366866738706,-78.020105345996,10.));
#6406=CARTESIAN_POINT('',(3.82966952014891,-78.5066931562118,8.5));
#6407=CARTESIAN_POINT('',(3.82966952014891,-78.5066931562118,10.));
#6408=CARTESIAN_POINT('',(3.57164838107563,-79.1252369827573,8.5));
#6409=CARTESIAN_POINT('',(3.57164838107563,-79.1252369827573,10.));
#6410=CARTESIAN_POINT('',(3.3796052501672,-79.8757368256326,8.5));
#6411=CARTESIAN_POINT('',(3.3796052501672,-79.8757368256326,10.));
#6412=CARTESIAN_POINT('',(4.15366866738706,-78.020105345996,8.5));
#6413=CARTESIAN_POINT('',(4.15366866738706,-78.020105345996,8.5));
#6414=CARTESIAN_POINT('',(4.15366866738706,-78.020105345996,8.5));
#6415=CARTESIAN_POINT('',(3.66766994652984,-78.7499870613197,8.5));
#6416=CARTESIAN_POINT('',(3.3796052501672,-79.8757368256326,8.5));
#6417=CARTESIAN_POINT('',(5.30239291668594,-76.9155627985932,8.5));
#6418=CARTESIAN_POINT('',(5.30239291668594,-76.9155627985932,10.));
#6419=CARTESIAN_POINT('',(4.86057589772483,-77.1653366866459,8.5));
#6420=CARTESIAN_POINT('',(4.86057589772483,-77.1653366866459,10.));
#6421=CARTESIAN_POINT('',(4.47766781462521,-77.5335175357801,8.5));
#6422=CARTESIAN_POINT('',(4.47766781462521,-77.5335175357801,10.));
#6423=CARTESIAN_POINT('',(4.15366866738706,-78.020105345996,8.5));
#6424=CARTESIAN_POINT('',(4.15366866738706,-78.020105345996,10.));
#6425=CARTESIAN_POINT('',(5.30239291668594,-76.9155627985932,8.5));
#6426=CARTESIAN_POINT('',(5.30239291668594,-76.9155627985932,8.5));
#6427=CARTESIAN_POINT('',(5.30239291668594,-76.9155627985932,8.5));
#6428=CARTESIAN_POINT('',(4.63966738824428,-77.2902236306722,8.5));
#6429=CARTESIAN_POINT('',(4.15366866738706,-78.020105345996,8.5));
#6430=CARTESIAN_POINT('',(7.14714201741511,-80.1548459441756,8.5));
#6431=CARTESIAN_POINT('',(7.14714201741511,-80.1548459441756,8.5));
#6432=CARTESIAN_POINT('',(-38.0940950206629,-83.7080815434456,8.5));
#6433=CARTESIAN_POINT('',(7.37433965547502,-80.4016145573288,8.50000000000009));
#6434=CARTESIAN_POINT('',(9.0570984324929,-74.4802673895739,8.5));
#6435=CARTESIAN_POINT('',(9.05709914812349,-74.4802648716422,8.5));
#6436=CARTESIAN_POINT('',(7.37433965547502,-80.4016145573288,8.5));
#6437=CARTESIAN_POINT('',(10.1058275468311,-74.8849717794479,8.5));
#6438=CARTESIAN_POINT('',(10.1058275468311,-74.8849717794479,8.5));
#6439=CARTESIAN_POINT('',(8.32758628985039,-74.4802673900796,8.5));
#6440=CARTESIAN_POINT('',(7.59807414720787,-74.4802673900796,8.5));
#6441=CARTESIAN_POINT('',(7.59807414720787,-74.4802673900796,8.5));
#6442=CARTESIAN_POINT('',(8.32758628985039,-74.4802673900796,8.5));
#6443=CARTESIAN_POINT('',(7.59807414720787,-75.4557993679457,8.5));
#6444=CARTESIAN_POINT('',(7.59807414720787,-76.4307834923511,8.5));
#6445=CARTESIAN_POINT('',(7.59807414720787,-76.4307834923511,8.5));
#6446=CARTESIAN_POINT('',(7.59807414720787,-75.4557993679457,8.5));
#6447=CARTESIAN_POINT('',(7.29881103779814,-79.7162141474386,8.5));
#6448=CARTESIAN_POINT('',(8.98891412289744,-76.8819847051522,8.5));
#6449=CARTESIAN_POINT('',(8.98891412289744,-76.8819847051522,8.5));
#6450=CARTESIAN_POINT('',(7.29881103779814,-79.7162141474386,8.5));
#6451=CARTESIAN_POINT('',(10.1500092487272,-78.0095017375409,8.5));
#6452=CARTESIAN_POINT('',(10.1500092487272,-78.0095017375409,10.));
#6453=CARTESIAN_POINT('',(9.81776285046848,-77.5158448550217,8.5));
#6454=CARTESIAN_POINT('',(9.81776285046848,-77.5158448550217,10.));
#6455=CARTESIAN_POINT('',(9.43073114185855,-77.1400058442255,8.5));
#6456=CARTESIAN_POINT('',(9.43073114185855,-77.1400058442255,10.));
#6457=CARTESIAN_POINT('',(8.98891412289744,-76.8819847051522,8.5));
#6458=CARTESIAN_POINT('',(8.98891412289744,-76.8819847051522,10.));
#6459=CARTESIAN_POINT('',(10.1500092487272,-78.0095017375409,8.5));
#6460=CARTESIAN_POINT('',(10.1500092487272,-78.0095017375409,8.5));
#6461=CARTESIAN_POINT('',(10.1500092487272,-78.0095017375409,8.5));
#6462=CARTESIAN_POINT('',(9.6516396513391,-77.2690164137621,8.5));
#6463=CARTESIAN_POINT('',(8.98891412289744,-76.8819847051522,8.5));
#6464=CARTESIAN_POINT('',(10.9346762744022,-79.8651332171776,8.5));
#6465=CARTESIAN_POINT('',(10.9346762744022,-79.8651332171776,10.));
#6466=CARTESIAN_POINT('',(10.743811322211,-79.1217024466057,8.5));
#6467=CARTESIAN_POINT('',(10.743811322211,-79.1217024466057,10.));
#6468=CARTESIAN_POINT('',(10.482255646986,-78.5031586200601,8.5));
#6469=CARTESIAN_POINT('',(10.482255646986,-78.5031586200601,10.));
#6470=CARTESIAN_POINT('',(10.1500092487272,-78.0095017375409,8.5));
#6471=CARTESIAN_POINT('',(10.1500092487272,-78.0095017375409,10.));
#6472=CARTESIAN_POINT('',(10.9346762744022,-79.8651332171776,8.5));
#6473=CARTESIAN_POINT('',(10.9346762744022,-79.8651332171776,8.5));
#6474=CARTESIAN_POINT('',(10.9346762744022,-79.8651332171776,8.5));
#6475=CARTESIAN_POINT('',(10.6483788461154,-78.7499870613197,8.5));
#6476=CARTESIAN_POINT('',(10.1500092487272,-78.0095017375409,8.5));
#6477=CARTESIAN_POINT('',(11.2421809195991,-82.5496134243853,8.5));
#6478=CARTESIAN_POINT('',(11.2421809195991,-82.5496134243853,10.));
#6479=CARTESIAN_POINT('',(11.2280427749923,-81.5033907234854,8.5));
#6480=CARTESIAN_POINT('',(11.2280427749923,-81.5033907234854,10.));
#6481=CARTESIAN_POINT('',(11.1255412265934,-80.6085639877495,8.5));
#6482=CARTESIAN_POINT('',(11.1255412265934,-80.6085639877495,10.));
#6483=CARTESIAN_POINT('',(10.9346762744022,-79.8651332171776,8.5));
#6484=CARTESIAN_POINT('',(10.9346762744022,-79.8651332171776,10.));
#6485=CARTESIAN_POINT('',(11.2421809195991,-82.5496134243853,8.5));
#6486=CARTESIAN_POINT('',(11.2421809195991,-82.5496134243853,8.5));
#6487=CARTESIAN_POINT('',(11.2421809195991,-82.5496134243853,8.5));
#6488=CARTESIAN_POINT('',(11.220973702689,-80.9802793730354,8.5));
#6489=CARTESIAN_POINT('',(10.9346762744022,-79.8651332171776,8.5));
#6490=CARTESIAN_POINT('',(10.9346762744022,-85.234093631593,8.5));
#6491=CARTESIAN_POINT('',(10.9346762744022,-85.234093631593,10.));
#6492=CARTESIAN_POINT('',(11.1255412265934,-84.4906628610211,8.5));
#6493=CARTESIAN_POINT('',(11.1255412265934,-84.4906628610211,10.));
#6494=CARTESIAN_POINT('',(11.2280427749923,-83.5958361252852,8.5));
#6495=CARTESIAN_POINT('',(11.2280427749923,-83.5958361252852,10.));
#6496=CARTESIAN_POINT('',(11.2421809195991,-82.5496134243853,8.5));
#6497=CARTESIAN_POINT('',(11.2421809195991,-82.5496134243853,10.));
#6498=CARTESIAN_POINT('',(10.9346762744022,-85.234093631593,8.5));
#6499=CARTESIAN_POINT('',(10.9346762744022,-85.234093631593,8.5));
#6500=CARTESIAN_POINT('',(10.9346762744022,-85.234093631593,8.5));
#6501=CARTESIAN_POINT('',(11.220973702689,-84.1189474757351,8.5));
#6502=CARTESIAN_POINT('',(11.2421809195991,-82.5496134243853,8.5));
#6503=CARTESIAN_POINT('',(10.1623801252581,-87.0897251112296,8.5));
#6504=CARTESIAN_POINT('',(10.1623801252581,-87.0897251112296,10.));
#6505=CARTESIAN_POINT('',(10.4863792724963,-86.5960682287104,8.5));
#6506=CARTESIAN_POINT('',(10.4863792724963,-86.5960682287104,10.));
#6507=CARTESIAN_POINT('',(10.743811322211,-85.9775244021649,8.5));
#6508=CARTESIAN_POINT('',(10.743811322211,-85.9775244021649,10.));
#6509=CARTESIAN_POINT('',(10.9346762744022,-85.234093631593,8.5));
#6510=CARTESIAN_POINT('',(10.9346762744022,-85.234093631593,10.));
#6511=CARTESIAN_POINT('',(10.1623801252581,-87.0897251112296,8.5));
#6512=CARTESIAN_POINT('',(10.1623801252581,-87.0897251112296,8.5));
#6513=CARTESIAN_POINT('',(10.1623801252581,-87.0897251112296,8.5));
#6514=CARTESIAN_POINT('',(10.6483788461154,-86.3492397874508,8.5));
#6515=CARTESIAN_POINT('',(10.9346762744022,-85.234093631593,8.5));
#6516=CARTESIAN_POINT('',(9.01365587595926,-88.2154748755425,8.5));
#6517=CARTESIAN_POINT('',(9.01365587595926,-88.2154748755425,10.));
#6518=CARTESIAN_POINT('',(9.45547289492037,-87.9586319151864,8.5));
#6519=CARTESIAN_POINT('',(9.45547289492037,-87.9586319151864,10.));
#6520=CARTESIAN_POINT('',(9.83838097802,-87.5833819937488,8.5));
#6521=CARTESIAN_POINT('',(9.83838097802,-87.5833819937488,10.));
#6522=CARTESIAN_POINT('',(10.1623801252581,-87.0897251112296,8.5));
#6523=CARTESIAN_POINT('',(10.1623801252581,-87.0897251112296,10.));
#6524=CARTESIAN_POINT('',(9.01365587595926,-88.2154748755425,8.5));
#6525=CARTESIAN_POINT('',(9.01365587595926,-88.2154748755425,8.5));
#6526=CARTESIAN_POINT('',(9.01365587595926,-88.2154748755425,8.5));
#6527=CARTESIAN_POINT('',(9.67638140440093,-87.8302104350084,8.5));
#6528=CARTESIAN_POINT('',(10.1623801252581,-87.0897251112296,8.5));
#6529=CARTESIAN_POINT('',(7.17846290348214,-85.0850353135545,8.5));
#6530=CARTESIAN_POINT('',(7.59807414720787,-88.6891206675201,8.5));
#6531=CARTESIAN_POINT('',(7.59807414720787,-88.6891206675201,8.5));
#6532=CARTESIAN_POINT('',(7.17846290348214,-85.0850353135545,8.5));
#6533=CARTESIAN_POINT('',(7.59807414720787,-89.7282563484654,8.5));
#6534=CARTESIAN_POINT('',(7.59807414720787,-90.7674099770619,8.5));
#6535=CARTESIAN_POINT('',(7.59807414720787,-90.7674099770619,8.5));
#6536=CARTESIAN_POINT('',(7.59807414720787,-89.7282563484654,8.5));
#6537=CARTESIAN_POINT('',(8.03713455424456,-90.7674099770619,8.5));
#6538=CARTESIAN_POINT('',(8.47619496128126,-90.7674099770619,8.5));
#6539=CARTESIAN_POINT('',(8.47616188676474,-90.7672314617961,8.5));
#6540=CARTESIAN_POINT('',(8.03713455424456,-90.7674099770619,8.5));
#6541=CARTESIAN_POINT('',(7.31058163472047,-84.4761684218341,8.5));
#6542=CARTESIAN_POINT('',(10.118198423362,-90.2248586777776,8.5));
#6543=CARTESIAN_POINT('',(10.118198423362,-90.2248586777776,8.5));
#6544=CARTESIAN_POINT('',(7.31058163472047,-84.4761684218341,8.5));
#6545=CARTESIAN_POINT('',(12.1169786171421,-88.6131101926075,8.5));
#6546=CARTESIAN_POINT('',(12.1169786171421,-88.6131101926075,10.));
#6547=CARTESIAN_POINT('',(11.5502746541546,-89.3117701719247,8.5));
#6548=CARTESIAN_POINT('',(11.5502746541546,-89.3117701719247,10.));
#6549=CARTESIAN_POINT('',(10.8840145895613,-89.8490196669814,8.5));
#6550=CARTESIAN_POINT('',(10.8840145895613,-89.8490196669814,10.));
#6551=CARTESIAN_POINT('',(10.118198423362,-90.2248586777776,8.5));
#6552=CARTESIAN_POINT('',(10.118198423362,-90.2248586777776,10.));
#6553=CARTESIAN_POINT('',(12.1169786171421,-88.6131101926075,8.5));
#6554=CARTESIAN_POINT('',(12.1169786171421,-88.6131101926075,8.5));
#6555=CARTESIAN_POINT('',(12.1169786171421,-88.6131101926075,8.5));
#6556=CARTESIAN_POINT('',(11.2669226726609,-89.6611001615833,8.5));
#6557=CARTESIAN_POINT('',(10.118198423362,-90.2248586777776,8.5));
#6558=CARTESIAN_POINT('',(13.4530332824805,-86.039967874178,8.5));
#6559=CARTESIAN_POINT('',(13.4530332824805,-86.039967874178,10.));
#6560=CARTESIAN_POINT('',(13.1290341352423,-87.0567361071472,8.5));
#6561=CARTESIAN_POINT('',(13.1290341352423,-87.0567361071472,10.));
#6562=CARTESIAN_POINT('',(12.6836825801295,-87.9144502132904,8.5));
#6563=CARTESIAN_POINT('',(12.6836825801295,-87.9144502132904,10.));
#6564=CARTESIAN_POINT('',(12.1169786171421,-88.6131101926075,8.5));
#6565=CARTESIAN_POINT('',(12.1169786171421,-88.6131101926075,10.));
#6566=CARTESIAN_POINT('',(13.4530332824805,-86.039967874178,8.5));
#6567=CARTESIAN_POINT('',(13.4530332824805,-86.039967874178,8.5));
#6568=CARTESIAN_POINT('',(13.4530332824805,-86.039967874178,8.5));
#6569=CARTESIAN_POINT('',(12.9670345616233,-87.5651202236318,8.5));
#6570=CARTESIAN_POINT('',(12.1169786171421,-88.6131101926075,8.5));
#6571=CARTESIAN_POINT('',(13.9390320033377,-82.5496134243853,8.5));
#6572=CARTESIAN_POINT('',(13.9390320033377,-82.5496134243853,10.));
#6573=CARTESIAN_POINT('',(13.9390320033377,-83.8597481579447,8.5));
#6574=CARTESIAN_POINT('',(13.9390320033377,-83.8597481579447,10.));
#6575=CARTESIAN_POINT('',(13.7770324297186,-85.0231996412089,8.5));
#6576=CARTESIAN_POINT('',(13.7770324297186,-85.0231996412089,10.));
#6577=CARTESIAN_POINT('',(13.4530332824805,-86.039967874178,8.5));
#6578=CARTESIAN_POINT('',(13.4530332824805,-86.039967874178,10.));
#6579=CARTESIAN_POINT('',(13.9390320033377,-82.5496134243853,8.5));
#6580=CARTESIAN_POINT('',(13.9390320033377,-82.5496134243853,8.5));
#6581=CARTESIAN_POINT('',(13.9390320033377,-82.5496134243853,8.5));
#6582=CARTESIAN_POINT('',(13.9390320033377,-84.5148155247243,8.5));
#6583=CARTESIAN_POINT('',(13.4530332824805,-86.039967874178,8.5));
#6584=CARTESIAN_POINT('',(13.4530332824805,-79.0698625830476,8.5));
#6585=CARTESIAN_POINT('',(13.4530332824805,-79.0698625830476,10.));
#6586=CARTESIAN_POINT('',(13.7770324297186,-80.0795617437133,8.5));
#6587=CARTESIAN_POINT('',(13.7770324297186,-80.0795617437133,10.));
#6588=CARTESIAN_POINT('',(13.9390320033377,-81.2394786908259,8.5));
#6589=CARTESIAN_POINT('',(13.9390320033377,-81.2394786908259,10.));
#6590=CARTESIAN_POINT('',(13.9390320033377,-82.5496134243853,8.5));
#6591=CARTESIAN_POINT('',(13.9390320033377,-82.5496134243853,10.));
#6592=CARTESIAN_POINT('',(13.4530332824805,-79.0698625830476,8.5));
#6593=CARTESIAN_POINT('',(13.4530332824805,-79.0698625830476,8.5));
#6594=CARTESIAN_POINT('',(13.4530332824805,-79.0698625830476,8.5));
#6595=CARTESIAN_POINT('',(13.9390320033377,-80.5844113240462,8.5));
#6596=CARTESIAN_POINT('',(13.9390320033377,-82.5496134243853,8.5));
#6597=CARTESIAN_POINT('',(12.1169786171421,-76.5073238730731,8.5));
#6598=CARTESIAN_POINT('',(12.1169786171421,-76.5073238730731,10.));
#6599=CARTESIAN_POINT('',(12.6836825801295,-77.2059838523903,8.5));
#6600=CARTESIAN_POINT('',(12.6836825801295,-77.2059838523903,10.));
#6601=CARTESIAN_POINT('',(13.1290341352423,-78.0601634223818,8.5));
#6602=CARTESIAN_POINT('',(13.1290341352423,-78.0601634223818,10.));
#6603=CARTESIAN_POINT('',(13.4530332824805,-79.0698625830476,8.5));
#6604=CARTESIAN_POINT('',(13.4530332824805,-79.0698625830476,10.));
#6605=CARTESIAN_POINT('',(12.1169786171421,-76.5073238730731,8.5));
#6606=CARTESIAN_POINT('',(12.1169786171421,-76.5073238730731,8.5));
#6607=CARTESIAN_POINT('',(12.1169786171421,-76.5073238730731,8.5));
#6608=CARTESIAN_POINT('',(12.9670345616233,-77.5553138420489,8.5));
#6609=CARTESIAN_POINT('',(13.4530332824805,-79.0698625830476,8.5));
#6610=CARTESIAN_POINT('',(10.1058275468311,-74.8849717794479,8.5));
#6611=CARTESIAN_POINT('',(10.1058275468311,-74.8849717794479,10.));
#6612=CARTESIAN_POINT('',(10.879890964051,-75.2678798625476,8.5));
#6613=CARTESIAN_POINT('',(10.879890964051,-75.2678798625476,10.));
#6614=CARTESIAN_POINT('',(11.5502746541546,-75.808663893756,8.5));
#6615=CARTESIAN_POINT('',(11.5502746541546,-75.808663893756,10.));
#6616=CARTESIAN_POINT('',(12.1169786171421,-76.5073238730731,8.5));
#6617=CARTESIAN_POINT('',(12.1169786171421,-76.5073238730731,10.));
#6618=CARTESIAN_POINT('',(10.1058275468311,-74.8849717794479,8.5));
#6619=CARTESIAN_POINT('',(11.2669226726609,-75.4593339040974,8.5));
#6620=CARTESIAN_POINT('',(12.1169786171421,-76.5073238730731,8.5));
#6621=CARTESIAN_POINT('',(-38.0940950206629,-83.7080815434456,8.5));
#6622=CARTESIAN_POINT('',(-7.31413387676749,-83.5322144745548,8.5));
#6623=CARTESIAN_POINT('',(-7.31413387676749,-76.2970189720476,8.5));
#6624=CARTESIAN_POINT('',(-7.31413387676749,-76.2970189720476,8.5));
#6625=CARTESIAN_POINT('',(-7.31413387676749,-83.5322144745548,8.5));
#6626=CARTESIAN_POINT('',(-7.31413387676749,-90.7674099770619,8.5));
#6627=CARTESIAN_POINT('',(-7.31413387676749,-90.7674099770619,8.5));
#6628=CARTESIAN_POINT('',(-4.88414027248139,-76.2970189720476,8.5));
#6629=CARTESIAN_POINT('',(-2.4541466681953,-76.2970189720476,8.5));
#6630=CARTESIAN_POINT('',(-2.4541466681953,-76.2970189720476,8.5));
#6631=CARTESIAN_POINT('',(-4.88414027248139,-76.2970189720476,8.5));
#6632=CARTESIAN_POINT('',(-2.4541466681953,-75.3921777172153,8.5));
#6633=CARTESIAN_POINT('',(-2.4541466681953,-74.4873364623829,8.5));
#6634=CARTESIAN_POINT('',(-2.4541466681953,-74.4873364623829,8.5));
#6635=CARTESIAN_POINT('',(-2.4541466681953,-75.3921777172153,8.5));
#6636=CARTESIAN_POINT('',(-8.65018854210588,-74.4873364623829,8.5));
#6637=CARTESIAN_POINT('',(-14.8462304160165,-74.4873364623829,8.5));
#6638=CARTESIAN_POINT('',(-14.8462304160165,-74.4873364623829,8.5));
#6639=CARTESIAN_POINT('',(-8.65018854210588,-74.4873364623829,8.5));
#6640=CARTESIAN_POINT('',(-14.8462304160165,-75.3921777172153,8.5));
#6641=CARTESIAN_POINT('',(-14.8462304160165,-76.2970189720476,8.5));
#6642=CARTESIAN_POINT('',(-14.8462304160165,-76.2970189720476,8.5));
#6643=CARTESIAN_POINT('',(-14.8462304160165,-75.3921777172153,8.5));
#6644=CARTESIAN_POINT('',(-12.4162368117304,-76.2970189720476,8.5));
#6645=CARTESIAN_POINT('',(-9.98624320744428,-76.2970189720476,8.5));
#6646=CARTESIAN_POINT('',(-9.98624320744428,-76.2970189720476,8.5));
#6647=CARTESIAN_POINT('',(-12.4162368117304,-76.2970189720476,8.5));
#6648=CARTESIAN_POINT('',(-9.98624320744428,-83.5322144745548,8.5));
#6649=CARTESIAN_POINT('',(-9.98624320744428,-90.7674099770619,8.5));
#6650=CARTESIAN_POINT('',(-9.98624320744428,-90.7674099770619,8.5));
#6651=CARTESIAN_POINT('',(-9.98624320744428,-83.5322144745548,8.5));
#6652=CARTESIAN_POINT('',(-8.65018854210588,-90.7674099770619,8.5));
#6653=CARTESIAN_POINT('',(-8.65018854210588,-90.7674099770619,8.5));
#6654=CARTESIAN_POINT('',(-38.0940950206629,-83.7080815434456,8.5));
#6655=CARTESIAN_POINT('',(29.4450421007968,-82.6273732197224,8.5));
#6656=CARTESIAN_POINT('',(29.4450421007968,-74.4873364623829,8.5));
#6657=CARTESIAN_POINT('',(29.4450421007968,-74.4873364623829,8.5));
#6658=CARTESIAN_POINT('',(29.4450421007968,-82.6273732197224,8.5));
#6659=CARTESIAN_POINT('',(29.4450421007968,-90.7674099770619,8.5));
#6660=CARTESIAN_POINT('',(29.4450421007968,-90.7674099770619,8.5));
#6661=CARTESIAN_POINT('',(28.0983838270034,-74.4873364623829,8.5));
#6662=CARTESIAN_POINT('',(26.7517255532099,-74.4873364623829,8.5));
#6663=CARTESIAN_POINT('',(26.7517255532099,-74.4873364623829,8.5));
#6664=CARTESIAN_POINT('',(28.0983838270034,-74.4873364623829,8.5));
#6665=CARTESIAN_POINT('',(26.7517255532099,-80.098412603189,8.5));
#6666=CARTESIAN_POINT('',(26.7517255532099,-85.7094887439951,8.5));
#6667=CARTESIAN_POINT('',(26.7517255532099,-85.7094887439951,8.5));
#6668=CARTESIAN_POINT('',(26.7517255532099,-80.098412603189,8.5));
#6669=CARTESIAN_POINT('',(24.012460035651,-80.8813123607881,8.5));
#6670=CARTESIAN_POINT('',(21.2731945180921,-76.0531359775811,8.5));
#6671=CARTESIAN_POINT('',(21.2731945180921,-76.0531359775811,8.5));
#6672=CARTESIAN_POINT('',(24.012460035651,-80.8813123607881,8.5));
#6673=CARTESIAN_POINT('',(21.2731945180921,-78.5944674706454,8.5));
#6674=CARTESIAN_POINT('',(21.2731945180921,-81.1357989637097,8.5));
#6675=CARTESIAN_POINT('',(21.2731945180921,-81.1357989637097,8.5));
#6676=CARTESIAN_POINT('',(21.2731945180921,-78.5944674706454,8.5));
#6677=CARTESIAN_POINT('',(24.012460035651,-85.9516044703858,8.5));
#6678=CARTESIAN_POINT('',(26.7517255532099,-90.7674099770619,8.5));
#6679=CARTESIAN_POINT('',(26.7517255532099,-90.7674099770619,8.5));
#6680=CARTESIAN_POINT('',(24.012460035651,-85.9516044703858,8.5));
#6681=CARTESIAN_POINT('',(28.0983838270034,-90.7674099770619,8.5));
#6682=CARTESIAN_POINT('',(28.0983838270034,-90.7674099770619,8.5));
#6683=CARTESIAN_POINT('',(-38.0940950206629,-83.7080815434456,8.5));
#6684=CARTESIAN_POINT('',(-35.1698132882275,-90.7674099770619,8.5));
#6685=CARTESIAN_POINT('',(-33.8231550144341,-90.7674099770619,8.5));
#6686=CARTESIAN_POINT('',(-33.8231550144341,-90.7674099770619,8.5));
#6687=CARTESIAN_POINT('',(-35.1698132882275,-90.7674099770619,8.5));
#6688=CARTESIAN_POINT('',(-36.516471562021,-90.7674099770619,8.5));
#6689=CARTESIAN_POINT('',(-36.516471562021,-90.7674099770619,8.5));
#6690=CARTESIAN_POINT('',(-33.8231550144341,-82.6273732197224,8.5));
#6691=CARTESIAN_POINT('',(-33.8231550144341,-74.4873364623829,8.5));
#6692=CARTESIAN_POINT('',(-33.8231550144341,-74.4873364623829,8.5));
#6693=CARTESIAN_POINT('',(-33.8231550144341,-82.6273732197224,8.5));
#6694=CARTESIAN_POINT('',(-35.1698132882275,-74.4873364623829,8.5));
#6695=CARTESIAN_POINT('',(-36.516471562021,-74.4873364623829,8.5));
#6696=CARTESIAN_POINT('',(-36.516471562021,-74.4873364623829,8.5));
#6697=CARTESIAN_POINT('',(-35.1698132882275,-74.4873364623829,8.5));
#6698=CARTESIAN_POINT('',(-36.516471562021,-82.6273732197224,8.5));
#6699=CARTESIAN_POINT('',(-36.516471562021,-82.6273732197224,8.5));
#6700=CARTESIAN_POINT('',(-38.0940950206629,-83.7080815434456,8.5));
#6701=CARTESIAN_POINT('',(-71.268031005426,-90.7674099770619,8.5));
#6702=CARTESIAN_POINT('',(-69.9425799485426,-90.7674099770619,8.5));
#6703=CARTESIAN_POINT('',(-69.9425799485426,-90.7674099770619,8.5));
#6704=CARTESIAN_POINT('',(-71.268031005426,-90.7674099770619,8.5));
#6705=CARTESIAN_POINT('',(-72.5934820623093,-90.7674099770619,8.5));
#6706=CARTESIAN_POINT('',(-72.5934820623093,-90.7674099770619,8.5));
#6707=CARTESIAN_POINT('',(-69.9425799485426,-82.6273732197224,8.5));
#6708=CARTESIAN_POINT('',(-69.9425799485426,-74.4873364623829,8.5));
#6709=CARTESIAN_POINT('',(-69.9425799485426,-74.4873364623829,8.5));
#6710=CARTESIAN_POINT('',(-69.9425799485426,-82.6273732197224,8.5));
#6711=CARTESIAN_POINT('',(-71.268031005426,-74.4873364623829,8.5));
#6712=CARTESIAN_POINT('',(-72.5934820623093,-74.4873364623829,8.5));
#6713=CARTESIAN_POINT('',(-72.5934820623093,-74.4873364623829,8.5));
#6714=CARTESIAN_POINT('',(-71.268031005426,-74.4873364623829,8.5));
#6715=CARTESIAN_POINT('',(-72.5934820623093,-82.6273732197224,8.5));
#6716=CARTESIAN_POINT('',(-72.5934820623093,-82.6273732197224,8.5));
#6717=CARTESIAN_POINT('',(-38.0940950206629,-83.7080815434456,8.5));
#6718=CARTESIAN_POINT('',(-17.9848985187162,-82.6273732197224,8.5));
#6719=CARTESIAN_POINT('',(-17.9848985187162,-74.4873364623829,8.5));
#6720=CARTESIAN_POINT('',(-17.9848985187162,-74.4873364623829,8.5));
#6721=CARTESIAN_POINT('',(-17.9848985187162,-82.6273732197224,8.5));
#6722=CARTESIAN_POINT('',(-17.9848985187162,-90.7674099770619,8.5));
#6723=CARTESIAN_POINT('',(-17.9848985187162,-90.7674099770619,8.5));
#6724=CARTESIAN_POINT('',(-19.3315567925096,-74.4873364623829,8.5));
#6725=CARTESIAN_POINT('',(-20.6782150663031,-74.4873364623829,8.5));
#6726=CARTESIAN_POINT('',(-20.6782150663031,-74.4873364623829,8.5));
#6727=CARTESIAN_POINT('',(-19.3315567925096,-74.4873364623829,8.5));
#6728=CARTESIAN_POINT('',(-20.6782150663031,-80.098412603189,8.5));
#6729=CARTESIAN_POINT('',(-20.6782150663031,-85.7094887439951,8.5));
#6730=CARTESIAN_POINT('',(-20.6782150663031,-85.7094887439951,8.5));
#6731=CARTESIAN_POINT('',(-20.6782150663031,-80.098412603189,8.5));
#6732=CARTESIAN_POINT('',(-23.417480583862,-80.8813123607881,8.5));
#6733=CARTESIAN_POINT('',(-26.1567461014209,-76.0531359775811,8.5));
#6734=CARTESIAN_POINT('',(-26.1567461014209,-76.0531359775811,8.5));
#6735=CARTESIAN_POINT('',(-23.417480583862,-80.8813123607881,8.5));
#6736=CARTESIAN_POINT('',(-26.1567461014209,-78.5944674706454,8.5));
#6737=CARTESIAN_POINT('',(-26.1567461014209,-81.1357989637097,8.5));
#6738=CARTESIAN_POINT('',(-26.1567461014209,-81.1357989637097,8.5));
#6739=CARTESIAN_POINT('',(-26.1567461014209,-78.5944674706454,8.5));
#6740=CARTESIAN_POINT('',(-23.417480583862,-85.9516044703858,8.5));
#6741=CARTESIAN_POINT('',(-20.6782150663031,-90.7674099770619,8.5));
#6742=CARTESIAN_POINT('',(-20.6782150663031,-90.7674099770619,8.5));
#6743=CARTESIAN_POINT('',(-23.417480583862,-85.9516044703858,8.5));
#6744=CARTESIAN_POINT('',(-19.3315567925096,-90.7674099770619,8.5));
#6745=CARTESIAN_POINT('',(-19.3315567925096,-90.7674099770619,8.5));
#6746=CARTESIAN_POINT('',(-38.0940950206629,-83.7080815434456,8.5));
#6747=CARTESIAN_POINT('',(-27.0615873562532,-82.6273732197224,8.5));
#6748=CARTESIAN_POINT('',(-27.0615873562532,-74.4873364623829,8.5));
#6749=CARTESIAN_POINT('',(-27.0615873562532,-74.4873364623829,8.5));
#6750=CARTESIAN_POINT('',(-27.0615873562532,-82.6273732197224,8.5));
#6751=CARTESIAN_POINT('',(-27.0615873562532,-90.7674099770619,8.5));
#6752=CARTESIAN_POINT('',(-27.0615873562532,-90.7674099770619,8.5));
#6753=CARTESIAN_POINT('',(-28.4100128981225,-74.4873364623829,8.5));
#6754=CARTESIAN_POINT('',(-29.7584384399918,-74.4873364623829,8.5));
#6755=CARTESIAN_POINT('',(-29.7584384399918,-74.4873364623829,8.5));
#6756=CARTESIAN_POINT('',(-28.4100128981225,-74.4873364623829,8.5));
#6757=CARTESIAN_POINT('',(-29.7584384399918,-82.6273732197224,8.5));
#6758=CARTESIAN_POINT('',(-29.7584384399918,-90.7674099770619,8.5));
#6759=CARTESIAN_POINT('',(-29.7584384399918,-90.7674099770619,8.5));
#6760=CARTESIAN_POINT('',(-29.7584384399918,-82.6273732197224,8.5));
#6761=CARTESIAN_POINT('',(-28.4100128981225,-90.7674099770619,8.5));
#6762=CARTESIAN_POINT('',(-28.4100128981225,-90.7674099770619,8.5));
#6763=CARTESIAN_POINT('',(-38.0940950206629,-83.7080815434456,8.5));
#6764=CARTESIAN_POINT('',(-41.9737953802286,-90.7674099770619,8.5));
#6765=CARTESIAN_POINT('',(-40.6271371064351,-90.7674099770619,8.5));
#6766=CARTESIAN_POINT('',(-40.6271371064351,-90.7674099770619,8.5));
#6767=CARTESIAN_POINT('',(-41.9737953802286,-90.7674099770619,8.5));
#6768=CARTESIAN_POINT('',(-43.3204536540221,-90.7674099770619,8.5));
#6769=CARTESIAN_POINT('',(-43.3204536540221,-90.7674099770619,8.5));
#6770=CARTESIAN_POINT('',(-40.6271371064351,-82.6273732197224,8.5));
#6771=CARTESIAN_POINT('',(-40.6271371064351,-74.4873364623829,8.5));
#6772=CARTESIAN_POINT('',(-40.6271371064351,-74.4873364623829,8.5));
#6773=CARTESIAN_POINT('',(-40.6271371064351,-82.6273732197224,8.5));
#6774=CARTESIAN_POINT('',(-41.9737953802286,-74.4873364623829,8.5));
#6775=CARTESIAN_POINT('',(-43.3204536540221,-74.4873364623829,8.5));
#6776=CARTESIAN_POINT('',(-43.3204536540221,-74.4873364623829,8.5));
#6777=CARTESIAN_POINT('',(-41.9737953802286,-74.4873364623829,8.5));
#6778=CARTESIAN_POINT('',(-45.5083315319175,-79.5346540869946,8.5));
#6779=CARTESIAN_POINT('',(-47.6962094098129,-84.5819717116064,8.5));
#6780=CARTESIAN_POINT('',(-47.6962094098129,-84.5819717116064,8.5));
#6781=CARTESIAN_POINT('',(-45.5083315319175,-79.5346540869946,8.5));
#6782=CARTESIAN_POINT('',(-47.6962094098129,-86.6037263903724,8.5));
#6783=CARTESIAN_POINT('',(-47.6962094098129,-88.6254810691384,8.5));
#6784=CARTESIAN_POINT('',(-47.6962094098129,-88.6254810691384,8.5));
#6785=CARTESIAN_POINT('',(-47.6962094098129,-86.6037263903724,8.5));
#6786=CARTESIAN_POINT('',(-47.3303849181131,-88.6254810691384,8.5));
#6787=CARTESIAN_POINT('',(-46.9645604264133,-88.6254810691384,8.5));
#6788=CARTESIAN_POINT('',(-46.9645604264133,-88.6254810691384,8.5));
#6789=CARTESIAN_POINT('',(-47.3303849181131,-88.6254810691384,8.5));
#6790=CARTESIAN_POINT('',(-45.1425070402177,-84.0959729907491,8.5));
#6791=CARTESIAN_POINT('',(-43.3204536540221,-79.5664649123598,8.5));
#6792=CARTESIAN_POINT('',(-43.3204536540221,-79.5664649123598,8.5));
#6793=CARTESIAN_POINT('',(-45.1425070402177,-84.0959729907491,8.5));
#6794=CARTESIAN_POINT('',(-43.3204536540221,-85.1669374447109,8.5));
#6795=CARTESIAN_POINT('',(-43.3204536540221,-85.1669374447109,8.5));
#6796=CARTESIAN_POINT('',(-38.0940950206629,-83.7080815434456,8.5));
#6797=CARTESIAN_POINT('',(-54.3216974261537,-90.7674099770619,8.5));
#6798=CARTESIAN_POINT('',(-52.9732718842844,-90.7674099770619,8.5));
#6799=CARTESIAN_POINT('',(-52.9732718842844,-90.7674099770619,8.5));
#6800=CARTESIAN_POINT('',(-54.3216974261537,-90.7674099770619,8.5));
#6801=CARTESIAN_POINT('',(-55.670122968023,-90.7674099770619,8.5));
#6802=CARTESIAN_POINT('',(-55.670122968023,-90.7674099770619,8.5));
#6803=CARTESIAN_POINT('',(-52.9732718842844,-85.1669374447109,8.5));
#6804=CARTESIAN_POINT('',(-52.9732718842844,-79.5664649123599,8.5));
#6805=CARTESIAN_POINT('',(-52.9732718842844,-79.5664649123599,8.5));
#6806=CARTESIAN_POINT('',(-52.9732718842844,-85.1669374447109,8.5));
#6807=CARTESIAN_POINT('',(-51.1406148896337,-84.0959729907491,8.5));
#6808=CARTESIAN_POINT('',(-49.307957894983,-88.6254810691384,8.5));
#6809=CARTESIAN_POINT('',(-49.307957894983,-88.6254810691384,8.5));
#6810=CARTESIAN_POINT('',(-51.1406148896337,-84.0959729907491,8.5));
#6811=CARTESIAN_POINT('',(-48.9545042798141,-88.6254810691384,8.5));
#6812=CARTESIAN_POINT('',(-48.6010506646452,-88.6254810691384,8.5));
#6813=CARTESIAN_POINT('',(-48.6010506646452,-88.6254810691384,8.5));
#6814=CARTESIAN_POINT('',(-48.9545042798141,-88.6254810691384,8.5));
#6815=CARTESIAN_POINT('',(-48.6010506646452,-86.5807519053864,8.5));
#6816=CARTESIAN_POINT('',(-48.6010506646452,-84.5360227416344,8.5));
#6817=CARTESIAN_POINT('',(-48.6010506646452,-84.5360227416344,8.5));
#6818=CARTESIAN_POINT('',(-48.6010506646452,-86.5807519053864,8.5));
#6819=CARTESIAN_POINT('',(-50.7871612744648,-79.5116796020087,8.5));
#6820=CARTESIAN_POINT('',(-52.9732718842844,-74.4873364623829,8.5));
#6821=CARTESIAN_POINT('',(-52.9732718842844,-74.4873364623829,8.5));
#6822=CARTESIAN_POINT('',(-50.7871612744648,-79.5116796020087,8.5));
#6823=CARTESIAN_POINT('',(-54.3216974261537,-74.4873364623829,8.5));
#6824=CARTESIAN_POINT('',(-55.670122968023,-74.4873364623829,8.5));
#6825=CARTESIAN_POINT('',(-55.670122968023,-74.4873364623829,8.5));
#6826=CARTESIAN_POINT('',(-54.3216974261537,-74.4873364623829,8.5));
#6827=CARTESIAN_POINT('',(-55.670122968023,-82.6273732197224,8.5));
#6828=CARTESIAN_POINT('',(-55.670122968023,-82.6273732197224,8.5));
#6829=CARTESIAN_POINT('',(-38.0940950206629,-83.7080815434456,8.5));
#6830=CARTESIAN_POINT('',(-67.7334948537371,-90.7674099770619,8.5));
#6831=CARTESIAN_POINT('',(-66.4292510137639,-90.7674099770619,8.5));
#6832=CARTESIAN_POINT('',(-66.4292510137639,-90.7674099770619,8.5));
#6833=CARTESIAN_POINT('',(-67.7334948537371,-90.7674099770619,8.5));
#6834=CARTESIAN_POINT('',(-69.0377386937103,-90.7674099770619,8.5));
#6835=CARTESIAN_POINT('',(-69.0377386937103,-90.7674099770619,8.5));
#6836=CARTESIAN_POINT('',(-65.4802280570354,-90.6896501817247,8.5));
#6837=CARTESIAN_POINT('',(-65.4802280570354,-90.6896501817247,10.));
#6838=CARTESIAN_POINT('',(-65.9079069313898,-90.7414900452828,8.5));
#6839=CARTESIAN_POINT('',(-65.9079069313898,-90.7414900452828,10.));
#6840=CARTESIAN_POINT('',(-66.224247916966,-90.7674099770619,8.5));
#6841=CARTESIAN_POINT('',(-66.224247916966,-90.7674099770619,10.));
#6842=CARTESIAN_POINT('',(-66.4292510137639,-90.7674099770619,8.5));
#6843=CARTESIAN_POINT('',(-66.4292510137639,-90.7674099770619,10.));
#6844=CARTESIAN_POINT('',(-65.4802280570354,-90.6896501817247,8.5));
#6845=CARTESIAN_POINT('',(-65.4802280570354,-90.6896501817247,8.5));
#6846=CARTESIAN_POINT('',(-65.4802280570354,-90.6896501817247,8.5));
#6847=CARTESIAN_POINT('',(-66.121746368567,-90.7674099770619,8.5));
#6848=CARTESIAN_POINT('',(-66.4292510137639,-90.7674099770619,8.5));
#6849=CARTESIAN_POINT('',(-64.0664135963599,-90.3361965665558,8.5));
#6850=CARTESIAN_POINT('',(-64.0664135963599,-90.3361965665558,10.));
#6851=CARTESIAN_POINT('',(-64.5812776957892,-90.5199924464437,8.5));
#6852=CARTESIAN_POINT('',(-64.5812776957892,-90.5199924464437,10.));
#6853=CARTESIAN_POINT('',(-65.0525491826811,-90.6378103181666,8.5));
#6854=CARTESIAN_POINT('',(-65.0525491826811,-90.6378103181666,10.));
#6855=CARTESIAN_POINT('',(-65.4802280570354,-90.6896501817247,8.5));
#6856=CARTESIAN_POINT('',(-65.4802280570354,-90.6896501817247,10.));
#6857=CARTESIAN_POINT('',(-64.0664135963599,-90.3361965665558,8.5));
#6858=CARTESIAN_POINT('',(-64.0664135963599,-90.3361965665558,8.5));
#6859=CARTESIAN_POINT('',(-64.0664135963599,-90.3361965665558,8.5));
#6860=CARTESIAN_POINT('',(-64.8387097455039,-90.6118903863876,8.5));
#6861=CARTESIAN_POINT('',(-65.4802280570354,-90.6896501817247,8.5));
#6862=CARTESIAN_POINT('',(-62.4652687196448,-89.5073478389848,8.5));
#6863=CARTESIAN_POINT('',(-62.4652687196448,-89.5073478389848,10.));
#6864=CARTESIAN_POINT('',(-63.0178345380255,-89.8761177774777,8.5));
#6865=CARTESIAN_POINT('',(-63.0178345380255,-89.8761177774777,10.));
#6866=CARTESIAN_POINT('',(-63.5515494969306,-90.152400686668,8.5));
#6867=CARTESIAN_POINT('',(-63.5515494969306,-90.152400686668,10.));
#6868=CARTESIAN_POINT('',(-64.0664135963599,-90.3361965665558,8.5));
#6869=CARTESIAN_POINT('',(-64.0664135963599,-90.3361965665558,10.));
#6870=CARTESIAN_POINT('',(-62.4652687196448,-89.5073478389848,8.5));
#6871=CARTESIAN_POINT('',(-62.4652687196448,-89.5073478389848,8.5));
#6872=CARTESIAN_POINT('',(-62.4652687196448,-89.5073478389848,8.5));
#6873=CARTESIAN_POINT('',(-63.2941174472159,-90.0605027467241,8.5));
#6874=CARTESIAN_POINT('',(-64.0664135963599,-90.3361965665558,8.5));
#6875=CARTESIAN_POINT('',(-60.9736944636321,-87.994566366062,8.5));
#6876=CARTESIAN_POINT('',(-60.9736944636321,-87.994566366062,10.));
#6877=CARTESIAN_POINT('',(-61.4155114825932,-88.6343174095177,8.5));
#6878=CARTESIAN_POINT('',(-61.4155114825932,-88.6343174095177,10.));
#6879=CARTESIAN_POINT('',(-61.9127029012641,-89.138577900492,8.5));
#6880=CARTESIAN_POINT('',(-61.9127029012641,-89.138577900492,10.));
#6881=CARTESIAN_POINT('',(-62.4652687196448,-89.5073478389848,8.5));
#6882=CARTESIAN_POINT('',(-62.4652687196448,-89.5073478389848,10.));
#6883=CARTESIAN_POINT('',(-60.9736944636321,-87.994566366062,8.5));
#6884=CARTESIAN_POINT('',(-60.9736944636321,-87.994566366062,8.5));
#6885=CARTESIAN_POINT('',(-60.9736944636321,-87.994566366062,8.5));
#6886=CARTESIAN_POINT('',(-61.6364199920738,-88.9541929312455,8.5));
#6887=CARTESIAN_POINT('',(-62.4652687196448,-89.5073478389848,8.5));
#6888=CARTESIAN_POINT('',(-59.8797555246844,-85.608754463672,8.5));
#6889=CARTESIAN_POINT('',(-59.8797555246844,-85.608754463672,10.));
#6890=CARTESIAN_POINT('',(-60.1672311316885,-86.5595446884763,8.5));
#6891=CARTESIAN_POINT('',(-60.1672311316885,-86.5595446884763,10.));
#6892=CARTESIAN_POINT('',(-60.531877444671,-87.3548153226062,8.5));
#6893=CARTESIAN_POINT('',(-60.531877444671,-87.3548153226062,10.));
#6894=CARTESIAN_POINT('',(-60.9736944636321,-87.994566366062,8.5));
#6895=CARTESIAN_POINT('',(-60.9736944636321,-87.994566366062,10.));
#6896=CARTESIAN_POINT('',(-59.8797555246844,-85.608754463672,8.5));
#6897=CARTESIAN_POINT('',(-59.8797555246844,-85.608754463672,8.5));
#6898=CARTESIAN_POINT('',(-59.8797555246844,-85.608754463672,8.5));
#6899=CARTESIAN_POINT('',(-60.3109689351905,-87.0349398008784,8.5));
#6900=CARTESIAN_POINT('',(-60.9736944636321,-87.994566366062,8.5));
#6901=CARTESIAN_POINT('',(-59.4485421141784,-82.1749525923062,8.5));
#6902=CARTESIAN_POINT('',(-59.4485421141784,-82.1749525923062,10.));
#6903=CARTESIAN_POINT('',(-59.4485421141784,-83.5133636150791,8.5));
#6904=CARTESIAN_POINT('',(-59.4485421141784,-83.5133636150791,10.));
#6905=CARTESIAN_POINT('',(-59.5922799176804,-84.6579642388677,8.5));
#6906=CARTESIAN_POINT('',(-59.5922799176804,-84.6579642388677,10.));
#6907=CARTESIAN_POINT('',(-59.8797555246844,-85.608754463672,8.5));
#6908=CARTESIAN_POINT('',(-59.8797555246844,-85.608754463672,10.));
#6909=CARTESIAN_POINT('',(-59.4485421141784,-82.1749525923062,8.5));
#6910=CARTESIAN_POINT('',(-59.4485384373778,-82.1749525947393,8.5));
#6911=CARTESIAN_POINT('',(-59.4485421141784,-82.1749525923062,8.5));
#6912=CARTESIAN_POINT('',(-59.4485421141784,-84.1825691264655,8.5));
#6913=CARTESIAN_POINT('',(-59.8797555246844,-85.608754463672,8.5));
#6914=CARTESIAN_POINT('',(-67.5908374403769,-82.1695645160757,8.5));
#6915=CARTESIAN_POINT('',(-59.9575153200216,-79.3349527944242,8.5));
#6916=CARTESIAN_POINT('',(-59.9576143901052,-79.3349900168134,8.5));
#6917=CARTESIAN_POINT('',(-67.5908374403769,-82.1695645160757,8.5));
#6918=CARTESIAN_POINT('',(-66.6524415061894,-81.8002004834539,8.5));
#6919=CARTESIAN_POINT('',(-61.4932712779304,-76.8713810966971,8.5));
#6920=CARTESIAN_POINT('',(-61.4932712779304,-76.8713810966971,8.5));
#6921=CARTESIAN_POINT('',(-66.6524415061894,-81.8002004834539,8.5));
#6922=CARTESIAN_POINT('',(-64.0770172048149,-75.1376911142937,8.5));
#6923=CARTESIAN_POINT('',(-64.0770172048149,-75.1376911142937,10.));
#6924=CARTESIAN_POINT('',(-63.0390417549356,-75.5712608822342,8.5));
#6925=CARTESIAN_POINT('',(-63.0390417549356,-75.5712608822342,10.));
#6926=CARTESIAN_POINT('',(-62.1777931126408,-76.1491575430353,8.5));
#6927=CARTESIAN_POINT('',(-62.1777931126408,-76.1491575430353,10.));
#6928=CARTESIAN_POINT('',(-61.4932712779304,-76.8713810966971,8.5));
#6929=CARTESIAN_POINT('',(-61.4932712779304,-76.8713810966971,10.));
#6930=CARTESIAN_POINT('',(-64.0770172048149,-75.1376911142937,8.5));
#6931=CARTESIAN_POINT('',(-64.0770172048149,-75.1376911142937,8.5));
#6932=CARTESIAN_POINT('',(-64.0770172048149,-75.1376911142937,8.5));
#6933=CARTESIAN_POINT('',(-62.520054029996,-75.7880457662044,8.5));
#6934=CARTESIAN_POINT('',(-61.4932712779304,-76.8713810966971,8.5));
#6935=CARTESIAN_POINT('',(-67.6875458837651,-74.4873364623829,8.5));
#6936=CARTESIAN_POINT('',(-67.6875458837651,-74.4873364623829,10.));
#6937=CARTESIAN_POINT('',(-66.3185022143443,-74.4873364623829,8.5));
#6938=CARTESIAN_POINT('',(-66.3185022143443,-74.4873364623829,10.));
#6939=CARTESIAN_POINT('',(-65.1149926546942,-74.7041213463532,8.5));
#6940=CARTESIAN_POINT('',(-65.1149926546942,-74.7041213463532,10.));
#6941=CARTESIAN_POINT('',(-64.0770172048149,-75.1376911142937,8.5));
#6942=CARTESIAN_POINT('',(-64.0770172048149,-75.1376911142937,10.));
#6943=CARTESIAN_POINT('',(-67.6875458837651,-74.4873364623829,8.5));
#6944=CARTESIAN_POINT('',(-67.6875458837651,-74.4873364623829,8.5));
#6945=CARTESIAN_POINT('',(-67.6875458837651,-74.4873364623829,8.5));
#6946=CARTESIAN_POINT('',(-65.6339803796339,-74.4873364623829,8.5));
#6947=CARTESIAN_POINT('',(-64.0770172048149,-75.1376911142937,8.5));
#6948=CARTESIAN_POINT('',(-68.3626422887377,-74.4873364623829,8.5));
#6949=CARTESIAN_POINT('',(-69.0377386937103,-74.4873364623829,8.5));
#6950=CARTESIAN_POINT('',(-69.0377386937103,-74.4873364623829,8.5));
#6951=CARTESIAN_POINT('',(-68.3626422887377,-74.4873364623829,8.5));
#6952=CARTESIAN_POINT('',(-69.0377386937103,-75.4911447294626,8.5));
#6953=CARTESIAN_POINT('',(-69.0377386937103,-76.4949529965422,8.5));
#6954=CARTESIAN_POINT('',(-69.0377386937103,-76.4949529965422,8.5));
#6955=CARTESIAN_POINT('',(-69.0377386937103,-75.4911447294626,8.5));
#6956=CARTESIAN_POINT('',(-68.7160959039066,-76.4949529965422,8.5));
#6957=CARTESIAN_POINT('',(-68.3944531141029,-76.4949529965422,8.5));
#6958=CARTESIAN_POINT('',(-68.3944531141029,-76.4949529965422,8.5));
#6959=CARTESIAN_POINT('',(-68.7160959039066,-76.4949529965422,8.5));
#6960=CARTESIAN_POINT('',(-65.303501249451,-76.9933225939304,8.5));
#6961=CARTESIAN_POINT('',(-65.303501249451,-76.9933225939304,10.));
#6962=CARTESIAN_POINT('',(-66.098771883581,-76.6610761956716,8.5));
#6963=CARTESIAN_POINT('',(-66.098771883581,-76.6610761956716,10.));
#6964=CARTESIAN_POINT('',(-67.1290891717983,-76.4949529965422,8.5));
#6965=CARTESIAN_POINT('',(-67.1290891717983,-76.4949529965422,10.));
#6966=CARTESIAN_POINT('',(-68.3944531141029,-76.4949529965422,8.5));
#6967=CARTESIAN_POINT('',(-68.3944531141029,-76.4949529965422,10.));
#6968=CARTESIAN_POINT('',(-65.303501249451,-76.9933225939304,8.5));
#6969=CARTESIAN_POINT('',(-65.303501249451,-76.9933225939304,8.5));
#6970=CARTESIAN_POINT('',(-65.303501249451,-76.9933225939304,8.5));
#6971=CARTESIAN_POINT('',(-66.496407200646,-76.4949529965422,8.5));
#6972=CARTESIAN_POINT('',(-68.3944531141029,-76.4949529965422,8.5));
#6973=CARTESIAN_POINT('',(-63.4142916763733,-78.2975664339035,8.5));
#6974=CARTESIAN_POINT('',(-63.4142916763733,-78.2975664339035,10.));
#6975=CARTESIAN_POINT('',(-63.8784940909618,-77.7603169388468,8.5));
#6976=CARTESIAN_POINT('',(-63.8784940909618,-77.7603169388468,10.));
#6977=CARTESIAN_POINT('',(-64.508230615321,-77.3255689921891,8.5));
#6978=CARTESIAN_POINT('',(-64.508230615321,-77.3255689921891,10.));
#6979=CARTESIAN_POINT('',(-65.303501249451,-76.9933225939304,8.5));
#6980=CARTESIAN_POINT('',(-65.303501249451,-76.9933225939304,10.));
#6981=CARTESIAN_POINT('',(-63.4142916763733,-78.2975664339035,8.5));
#6982=CARTESIAN_POINT('',(-63.4142916763733,-78.2975664339035,8.5));
#6983=CARTESIAN_POINT('',(-63.4142916763733,-78.2975664339035,8.5));
#6984=CARTESIAN_POINT('',(-64.110595298256,-77.4916921913185,8.5));
#6985=CARTESIAN_POINT('',(-65.303501249451,-76.9933225939304,8.5));
#6986=CARTESIAN_POINT('',(-62.4758723280999,-80.0966453351132,8.5));
#6987=CARTESIAN_POINT('',(-62.4758723280999,-80.0966453351132,10.));
#6988=CARTESIAN_POINT('',(-62.6372828123604,-79.4345088960301,8.5));
#6989=CARTESIAN_POINT('',(-62.6372828123604,-79.4345088960301,10.));
#6990=CARTESIAN_POINT('',(-62.9500892617848,-78.8348159289602,8.5));
#6991=CARTESIAN_POINT('',(-62.9500892617848,-78.8348159289602,10.));
#6992=CARTESIAN_POINT('',(-63.4142916763733,-78.2975664339035,8.5));
#6993=CARTESIAN_POINT('',(-63.4142916763733,-78.2975664339035,10.));
#6994=CARTESIAN_POINT('',(-62.4758723280999,-80.0966453351132,8.5));
#6995=CARTESIAN_POINT('',(-62.4758723280999,-80.0966453351132,8.5));
#6996=CARTESIAN_POINT('',(-62.4758723280999,-80.0966453351132,8.5));
#6997=CARTESIAN_POINT('',(-62.7179880544906,-79.1034406764886,8.5));
#6998=CARTESIAN_POINT('',(-63.4142916763733,-78.2975664339035,8.5));
#6999=CARTESIAN_POINT('',(-70.6937166439597,-82.1064867651897,8.5));
#7000=CARTESIAN_POINT('',(-62.2337566017092,-82.1077964054242,8.5));
#7001=CARTESIAN_POINT('',(-62.2337566017092,-82.1077964054242,8.5));
#7002=CARTESIAN_POINT('',(-70.6937166439597,-82.1064867651897,8.5));
#7003=CARTESIAN_POINT('',(-63.4266625529042,-87.1003287196847,8.5));
#7004=CARTESIAN_POINT('',(-63.4266625529042,-87.1003287196847,10.));
#7005=CARTESIAN_POINT('',(-62.6313919187742,-85.9516044703858,8.5));
#7006=CARTESIAN_POINT('',(-62.6313919187742,-85.9516044703858,10.));
#7007=CARTESIAN_POINT('',(-62.2337566017092,-84.287427032299,8.5));
#7008=CARTESIAN_POINT('',(-62.2337566017092,-84.287427032299,10.));
#7009=CARTESIAN_POINT('',(-62.2337566017092,-82.1077964054242,8.5));
#7010=CARTESIAN_POINT('',(-62.2337566017092,-82.1077964054242,10.));
#7011=CARTESIAN_POINT('',(-63.4266625529042,-87.1003287196847,8.5));
#7012=CARTESIAN_POINT('',(-63.4266625529042,-87.1003287196847,8.5));
#7013=CARTESIAN_POINT('',(-63.4266625529042,-87.1003287196847,8.5));
#7014=CARTESIAN_POINT('',(-62.2337566017092,-85.3772423457364,8.5));
#7015=CARTESIAN_POINT('',(-62.2337566017092,-82.1077964054242,8.5));
#7016=CARTESIAN_POINT('',(-67.3128850516861,-88.823415093633,8.5));
#7017=CARTESIAN_POINT('',(-67.3128850516861,-88.823415093633,10.));
#7018=CARTESIAN_POINT('',(-65.5173406866282,-88.823415093633,8.5));
#7019=CARTESIAN_POINT('',(-65.5173406866282,-88.823415093633,10.));
#7020=CARTESIAN_POINT('',(-64.2219331870342,-88.2490529689835,8.5));
#7021=CARTESIAN_POINT('',(-64.2219331870342,-88.2490529689835,10.));
#7022=CARTESIAN_POINT('',(-63.4266625529042,-87.1003287196847,8.5));
#7023=CARTESIAN_POINT('',(-63.4266625529042,-87.1003287196847,10.));
#7024=CARTESIAN_POINT('',(-67.3128850516861,-88.823415093633,8.5));
#7025=CARTESIAN_POINT('',(-67.3128850516861,-88.823415093633,8.5));
#7026=CARTESIAN_POINT('',(-67.3128850516861,-88.823415093633,8.5));
#7027=CARTESIAN_POINT('',(-64.6195685040992,-88.823415093633,8.5));
#7028=CARTESIAN_POINT('',(-63.4266625529042,-87.1003287196847,8.5));
#7029=CARTESIAN_POINT('',(-68.1753118726982,-88.823415093633,8.5));
#7030=CARTESIAN_POINT('',(-69.0377386937103,-88.823415093633,8.5));
#7031=CARTESIAN_POINT('',(-69.0377386937103,-88.823415093633,8.5));
#7032=CARTESIAN_POINT('',(-68.1753118726982,-88.823415093633,8.5));
#7033=CARTESIAN_POINT('',(-69.0377386937103,-89.7954125353474,8.5));
#7034=CARTESIAN_POINT('',(-69.0377386937103,-89.7954125353474,8.5));
#7035=CARTESIAN_POINT('',(-38.0940950206629,-83.7080815434456,8.5));
#7036=CARTESIAN_POINT('',(-81.2866737273881,-86.4923885015942,8.5));
#7037=CARTESIAN_POINT('',(-81.6065492491159,-85.5963835871411,8.5));
#7038=CARTESIAN_POINT('',(-81.6065492491159,-85.5963835871411,8.5));
#7039=CARTESIAN_POINT('',(-81.2866737273881,-86.4923885015942,8.5));
#7040=CARTESIAN_POINT('',(-80.9667982056602,-87.3883934160473,8.5));
#7041=CARTESIAN_POINT('',(-80.9667982056602,-87.3883934160473,8.5));
#7042=CARTESIAN_POINT('',(-83.0875198966735,-85.5963835871411,8.5));
#7043=CARTESIAN_POINT('',(-84.5684905442312,-85.5963835871411,8.5));
#7044=CARTESIAN_POINT('',(-84.5684905442312,-85.5963835871411,8.5));
#7045=CARTESIAN_POINT('',(-83.0875198966735,-85.5963835871411,8.5));
#7046=CARTESIAN_POINT('',(-84.877762457504,-86.4923885015942,8.5));
#7047=CARTESIAN_POINT('',(-85.1870343707767,-87.3883934160473,8.5));
#7048=CARTESIAN_POINT('',(-85.1870343707767,-87.3883934160473,8.5));
#7049=CARTESIAN_POINT('',(-84.877762457504,-86.4923885015942,8.5));
#7050=CARTESIAN_POINT('',(-83.0769162882185,-87.3883934160473,8.5));
#7051=CARTESIAN_POINT('',(-83.0769162882185,-87.3883934160473,8.5));
#7052=CARTESIAN_POINT('',(-38.0940950206629,-83.7080815434456,8.5));
#7053=CARTESIAN_POINT('',(-102.859715129221,-90.7674099770619,8.5));
#7054=CARTESIAN_POINT('',(-101.534264072338,-90.7674099770619,8.5));
#7055=CARTESIAN_POINT('',(-101.534264072338,-90.7674099770619,8.5));
#7056=CARTESIAN_POINT('',(-102.859715129221,-90.7674099770619,8.5));
#7057=CARTESIAN_POINT('',(-104.185166186104,-90.7674099770619,8.5));
#7058=CARTESIAN_POINT('',(-104.185166186104,-90.7674099770619,8.5));
#7059=CARTESIAN_POINT('',(-101.534264072338,-82.6273732197224,8.5));
#7060=CARTESIAN_POINT('',(-101.534264072338,-74.4873364623829,8.5));
#7061=CARTESIAN_POINT('',(-101.534264072338,-74.4873364623829,8.5));
#7062=CARTESIAN_POINT('',(-101.534264072338,-82.6273732197224,8.5));
#7063=CARTESIAN_POINT('',(-102.859715129221,-74.4873364623829,8.5));
#7064=CARTESIAN_POINT('',(-104.185166186104,-74.4873364623829,8.5));
#7065=CARTESIAN_POINT('',(-104.185166186104,-74.4873364623829,8.5));
#7066=CARTESIAN_POINT('',(-102.859715129221,-74.4873364623829,8.5));
#7067=CARTESIAN_POINT('',(-104.185166186104,-82.6273732197224,8.5));
#7068=CARTESIAN_POINT('',(-104.185166186104,-82.6273732197224,8.5));
#7069=CARTESIAN_POINT('',(-38.0940950206629,-83.7080815434456,8.5));
#7070=CARTESIAN_POINT('',(-99.3481534625182,-90.7674099770619,8.5));
#7071=CARTESIAN_POINT('',(-98.066884107531,-90.7674099770619,8.5));
#7072=CARTESIAN_POINT('',(-98.0668692493769,-90.7678313762261,8.5));
#7073=CARTESIAN_POINT('',(-99.3481534625182,-90.7674099770619,8.5));
#7074=CARTESIAN_POINT('',(-100.629422817505,-90.7674099770619,8.5));
#7075=CARTESIAN_POINT('',(-100.629422817505,-90.7674099770619,8.5));
#7076=CARTESIAN_POINT('',(-98.4167968290297,-80.8433690994248,8.5));
#7077=CARTESIAN_POINT('',(-97.5137291997917,-90.7338318836208,8.5));
#7078=CARTESIAN_POINT('',(-97.5137291997917,-90.7338318836208,8.5));
#7079=CARTESIAN_POINT('',(-98.4167968290297,-80.8433690994248,8.5));
#7080=CARTESIAN_POINT('',(-96.5523353665323,-90.5465014675813,8.5));
#7081=CARTESIAN_POINT('',(-96.5523353665323,-90.5465014675813,10.));
#7082=CARTESIAN_POINT('',(-96.9140362327218,-90.6490030159803,8.5));
#7083=CARTESIAN_POINT('',(-96.9140362327218,-90.6490030159803,10.));
#7084=CARTESIAN_POINT('',(-97.2345008438082,-90.7114464879935,8.5));
#7085=CARTESIAN_POINT('',(-97.2345008438082,-90.7114464879935,10.));
#7086=CARTESIAN_POINT('',(-97.5137291997917,-90.7338318836208,8.5));
#7087=CARTESIAN_POINT('',(-97.5137291997917,-90.7338318836208,10.));
#7088=CARTESIAN_POINT('',(-96.5523353665323,-90.5465014675813,8.5));
#7089=CARTESIAN_POINT('',(-96.5523353665323,-90.5465014675813,8.5));
#7090=CARTESIAN_POINT('',(-96.5523353665323,-90.5465014675813,8.5));
#7091=CARTESIAN_POINT('',(-97.0948866658165,-90.7002537901798,8.5));
#7092=CARTESIAN_POINT('',(-97.5137291997917,-90.7338318836208,8.5));
#7093=CARTESIAN_POINT('',(-98.307859174538,-84.5614634424848,8.5));
#7094=CARTESIAN_POINT('',(-95.4248183341436,-90.0940808401652,8.5));
#7095=CARTESIAN_POINT('',(-95.4248183341436,-90.0940808401652,8.5));
#7096=CARTESIAN_POINT('',(-98.307859174538,-84.5614634424848,8.5));
#7097=CARTESIAN_POINT('',(-94.3432502717268,-89.2758357210492,8.5));
#7098=CARTESIAN_POINT('',(-94.3432502717268,-89.2758357210492,10.));
#7099=CARTESIAN_POINT('',(-94.6743184912683,-89.6222202639147,8.5));
#7100=CARTESIAN_POINT('',(-94.6743184912683,-89.6222202639147,10.));
#7101=CARTESIAN_POINT('',(-95.0348411787406,-89.8949686369533,8.5));
#7102=CARTESIAN_POINT('',(-95.0348411787406,-89.8949686369533,10.));
#7103=CARTESIAN_POINT('',(-95.4248183341436,-90.0940808401652,8.5));
#7104=CARTESIAN_POINT('',(-95.4248183341436,-90.0940808401652,10.));
#7105=CARTESIAN_POINT('',(-94.3432502717268,-89.2758357210492,8.5));
#7106=CARTESIAN_POINT('',(-94.3432502717268,-89.2758357210492,8.5));
#7107=CARTESIAN_POINT('',(-94.3432502717268,-89.2758357210492,8.5));
#7108=CARTESIAN_POINT('',(-94.8398526010391,-89.7954125353474,8.5));
#7109=CARTESIAN_POINT('',(-95.4248183341436,-90.0940808401652,8.5));
#7110=CARTESIAN_POINT('',(-93.5144015441557,-87.9609882726209,8.5));
#7111=CARTESIAN_POINT('',(-93.5144015441557,-87.9609882726209,10.));
#7112=CARTESIAN_POINT('',(-93.7358991429949,-88.4911686953743,8.5));
#7113=CARTESIAN_POINT('',(-93.7358991429949,-88.4911686953743,10.));
#7114=CARTESIAN_POINT('',(-94.0121820521853,-88.9294511781837,8.5));
#7115=CARTESIAN_POINT('',(-94.0121820521853,-88.9294511781837,10.));
#7116=CARTESIAN_POINT('',(-94.3432502717268,-89.2758357210492,8.5));
#7117=CARTESIAN_POINT('',(-94.3432502717268,-89.2758357210492,10.));
#7118=CARTESIAN_POINT('',(-93.5144015441557,-87.9609882726209,8.5));
#7119=CARTESIAN_POINT('',(-93.5144015441557,-87.9609882726209,8.5));
#7120=CARTESIAN_POINT('',(-93.5144015441557,-87.9609882726209,8.5));
#7121=CARTESIAN_POINT('',(-93.8466479424145,-88.7562589067509,8.5));
#7122=CARTESIAN_POINT('',(-94.3432502717268,-89.2758357210492,8.5));
#7123=CARTESIAN_POINT('',(-93.182155145897,-86.062942359164,8.5));
#7124=CARTESIAN_POINT('',(-93.182155145897,-86.062942359164,10.));
#7125=CARTESIAN_POINT('',(-93.182155145897,-86.7981258787153,8.5));
#7126=CARTESIAN_POINT('',(-93.182155145897,-86.7981258787153,10.));
#7127=CARTESIAN_POINT('',(-93.2929039453166,-87.4308078498676,8.5));
#7128=CARTESIAN_POINT('',(-93.2929039453166,-87.4308078498676,10.));
#7129=CARTESIAN_POINT('',(-93.5144015441557,-87.9609882726209,8.5));
#7130=CARTESIAN_POINT('',(-93.5144015441557,-87.9609882726209,10.));
#7131=CARTESIAN_POINT('',(-93.182155145897,-86.062942359164,8.5));
#7132=CARTESIAN_POINT('',(-93.182155145897,-86.062942359164,8.5));
#7133=CARTESIAN_POINT('',(-93.182155145897,-86.062942359164,8.5));
#7134=CARTESIAN_POINT('',(-93.182155145897,-87.1657176384909,8.5));
#7135=CARTESIAN_POINT('',(-93.5144015441557,-87.9609882726209,8.5));
#7136=CARTESIAN_POINT('',(-93.5144015441557,-84.4600302143731,8.5));
#7137=CARTESIAN_POINT('',(-93.5144015441557,-84.4600302143731,10.));
#7138=CARTESIAN_POINT('',(-93.2929039453166,-84.9230544502444,8.5));
#7139=CARTESIAN_POINT('',(-93.2929039453166,-84.9230544502444,10.));
#7140=CARTESIAN_POINT('',(-93.182155145897,-85.457358498508,8.5));
#7141=CARTESIAN_POINT('',(-93.182155145897,-85.457358498508,10.));
#7142=CARTESIAN_POINT('',(-93.182155145897,-86.062942359164,8.5));
#7143=CARTESIAN_POINT('',(-93.182155145897,-86.062942359164,10.));
#7144=CARTESIAN_POINT('',(-93.5144015441557,-84.4600302143731,8.5));
#7145=CARTESIAN_POINT('',(-93.5144015441557,-84.4600302143731,8.5));
#7146=CARTESIAN_POINT('',(-93.5144015441557,-84.4600302143731,8.5));
#7147=CARTESIAN_POINT('',(-93.182155145897,-85.15456656818,8.5));
#7148=CARTESIAN_POINT('',(-93.182155145897,-86.062942359164,8.5));
#7149=CARTESIAN_POINT('',(-94.3432502717268,-83.279495139709,8.5));
#7150=CARTESIAN_POINT('',(-94.3432502717268,-83.279495139709,10.));
#7151=CARTESIAN_POINT('',(-94.0121820521853,-83.6034942869471,8.5));
#7152=CARTESIAN_POINT('',(-94.0121820521853,-83.6034942869471,10.));
#7153=CARTESIAN_POINT('',(-93.7358991429949,-83.9970059785018,8.5));
#7154=CARTESIAN_POINT('',(-93.7358991429949,-83.9970059785018,10.));
#7155=CARTESIAN_POINT('',(-93.5144015441557,-84.4600302143731,8.5));
#7156=CARTESIAN_POINT('',(-93.5144015441557,-84.4600302143731,10.));
#7157=CARTESIAN_POINT('',(-94.3432502717268,-83.279495139709,8.5));
#7158=CARTESIAN_POINT('',(-94.3432502717268,-83.279495139709,8.5));
#7159=CARTESIAN_POINT('',(-94.3432502717268,-83.279495139709,8.5));
#7160=CARTESIAN_POINT('',(-93.8466479424145,-83.7654938605662,8.5));
#7161=CARTESIAN_POINT('',(-93.5144015441557,-84.4600302143731,8.5));
#7162=CARTESIAN_POINT('',(-97.0452306314448,-85.983792560799,8.5));
#7163=CARTESIAN_POINT('',(-95.4142147256885,-82.5284062074751,8.5));
#7164=CARTESIAN_POINT('',(-95.4142147256885,-82.5284062074751,8.5));
#7165=CARTESIAN_POINT('',(-97.0452306314448,-85.983792560799,8.5));
#7166=CARTESIAN_POINT('',(-96.4975500561811,-82.1961598092164,8.5));
#7167=CARTESIAN_POINT('',(-96.4975500561811,-82.1961598092164,10.));
#7168=CARTESIAN_POINT('',(-96.158234585619,-82.2409306004711,8.5));
#7169=CARTESIAN_POINT('',(-96.158234585619,-82.2409306004711,10.));
#7170=CARTESIAN_POINT('',(-95.7971228087881,-82.3516793998907,8.5));
#7171=CARTESIAN_POINT('',(-95.7971228087881,-82.3516793998907,10.));
#7172=CARTESIAN_POINT('',(-95.4142147256885,-82.5284062074751,8.5));
#7173=CARTESIAN_POINT('',(-95.4142147256885,-82.5284062074751,10.));
#7174=CARTESIAN_POINT('',(-96.4975500561811,-82.1961598092164,8.5));
#7175=CARTESIAN_POINT('',(-96.4975500561811,-82.1961598092164,8.5));
#7176=CARTESIAN_POINT('',(-96.4975500561811,-82.1961598092164,8.5));
#7177=CARTESIAN_POINT('',(-95.9885768503379,-82.2633159960985,8.5));
#7178=CARTESIAN_POINT('',(-95.4142147256885,-82.5284062074751,8.5));
#7179=CARTESIAN_POINT('',(-95.6687013286101,-81.8321025855924,8.5));
#7180=CARTESIAN_POINT('',(-95.6687013286101,-81.8321025855924,10.));
#7181=CARTESIAN_POINT('',(-95.9549987568969,-82.0158984654803,8.5));
#7182=CARTESIAN_POINT('',(-95.9549987568969,-82.0158984654803,10.));
#7183=CARTESIAN_POINT('',(-96.2312816660872,-82.1372508733549,8.5));
#7184=CARTESIAN_POINT('',(-96.2312816660872,-82.1372508733549,10.));
#7185=CARTESIAN_POINT('',(-96.4975500561811,-82.1961598092164,8.5));
#7186=CARTESIAN_POINT('',(-96.4975500561811,-82.1961598092164,10.));
#7187=CARTESIAN_POINT('',(-95.6687013286101,-81.8321025855924,8.5));
#7188=CARTESIAN_POINT('',(-95.6687013286101,-81.8321025855924,8.5));
#7189=CARTESIAN_POINT('',(-95.6687013286101,-81.8321025855924,8.5));
#7190=CARTESIAN_POINT('',(-96.0981474710403,-82.1077964054242,8.5));
#7191=CARTESIAN_POINT('',(-96.4975500561811,-82.1961598092164,8.5));
#7192=CARTESIAN_POINT('',(-97.3566419057692,-79.2241582215121,8.5));
#7193=CARTESIAN_POINT('',(-94.9070087879211,-81.1357989637097,8.5));
#7194=CARTESIAN_POINT('',(-94.9070087879211,-81.1357989637097,8.5));
#7195=CARTESIAN_POINT('',(-97.3566419057692,-79.2241582215121,8.5));
#7196=CARTESIAN_POINT('',(-94.3538538801818,-80.1514306454644,8.5));
#7197=CARTESIAN_POINT('',(-94.3538538801818,-80.1514306454644,10.));
#7198=CARTESIAN_POINT('',(-94.5011262198355,-80.5272696562606,8.5));
#7199=CARTESIAN_POINT('',(-94.5011262198355,-80.5272696562606,10.));
#7200=CARTESIAN_POINT('',(-94.685511189082,-80.855392429009,8.5));
#7201=CARTESIAN_POINT('',(-94.685511189082,-80.855392429009,10.));
#7202=CARTESIAN_POINT('',(-94.9070087879211,-81.1357989637097,8.5));
#7203=CARTESIAN_POINT('',(-94.9070087879211,-81.1357989637097,10.));
#7204=CARTESIAN_POINT('',(-94.3538538801818,-80.1514306454644,8.5));
#7205=CARTESIAN_POINT('',(-94.3538538801818,-80.1514306454644,8.5));
#7206=CARTESIAN_POINT('',(-94.3538538801818,-80.1514306454644,8.5));
#7207=CARTESIAN_POINT('',(-94.5747623896624,-80.7151891616587,8.5));
#7208=CARTESIAN_POINT('',(-94.9070087879211,-81.1357989637097,8.5));
#7209=CARTESIAN_POINT('',(-94.1329453707013,-78.905506651994,8.5));
#7210=CARTESIAN_POINT('',(-94.1329453707013,-78.905506651994,10.));
#7211=CARTESIAN_POINT('',(-94.1329453707013,-79.3602836368447,8.5));
#7212=CARTESIAN_POINT('',(-94.1329453707013,-79.3602836368447,10.));
#7213=CARTESIAN_POINT('',(-94.2065815405281,-79.7755916346681,8.5));
#7214=CARTESIAN_POINT('',(-94.2065815405281,-79.7755916346681,10.));
#7215=CARTESIAN_POINT('',(-94.3538538801818,-80.1514306454644,8.5));
#7216=CARTESIAN_POINT('',(-94.3538538801818,-80.1514306454644,10.));
#7217=CARTESIAN_POINT('',(-94.1329453707013,-78.905506651994,8.5));
#7218=CARTESIAN_POINT('',(-94.1329453707013,-78.905506651994,8.5));
#7219=CARTESIAN_POINT('',(-94.1329453707013,-78.905506651994,8.5));
#7220=CARTESIAN_POINT('',(-94.1329453707013,-79.58767212927,8.5));
#7221=CARTESIAN_POINT('',(-94.3538538801818,-80.1514306454644,8.5));
#7222=CARTESIAN_POINT('',(-94.5747623896624,-76.8819847051522,8.5));
#7223=CARTESIAN_POINT('',(-94.5747623896624,-76.8819847051522,10.));
#7224=CARTESIAN_POINT('',(-94.280217710355,-77.4486886681396,8.5));
#7225=CARTESIAN_POINT('',(-94.280217710355,-77.4486886681396,10.));
#7226=CARTESIAN_POINT('',(-94.1329453707013,-78.1231959837535,8.5));
#7227=CARTESIAN_POINT('',(-94.1329453707013,-78.1231959837535,10.));
#7228=CARTESIAN_POINT('',(-94.1329453707013,-78.905506651994,8.5));
#7229=CARTESIAN_POINT('',(-94.1329453707013,-78.905506651994,10.));
#7230=CARTESIAN_POINT('',(-94.5747623896624,-76.8819847051522,8.5));
#7231=CARTESIAN_POINT('',(-94.5747623896624,-76.8819847051522,8.5));
#7232=CARTESIAN_POINT('',(-94.5747623896624,-76.8819847051522,8.5));
#7233=CARTESIAN_POINT('',(-94.1329453707013,-77.7320406496333,8.5));
#7234=CARTESIAN_POINT('',(-94.1329453707013,-78.905506651994,8.5));
#7235=CARTESIAN_POINT('',(-95.7676683408574,-75.5017483379177,8.5));
#7236=CARTESIAN_POINT('',(-95.7676683408574,-75.5017483379177,10.));
#7237=CARTESIAN_POINT('',(-95.2669423860348,-75.8552019530866,8.5));
#7238=CARTESIAN_POINT('',(-95.2669423860348,-75.8552019530866,10.));
#7239=CARTESIAN_POINT('',(-94.8693070689698,-76.3152807421647,8.5));
#7240=CARTESIAN_POINT('',(-94.8693070689698,-76.3152807421647,10.));
#7241=CARTESIAN_POINT('',(-94.5747623896624,-76.8819847051522,8.5));
#7242=CARTESIAN_POINT('',(-94.5747623896624,-76.8819847051522,10.));
#7243=CARTESIAN_POINT('',(-95.7676683408574,-75.5017483379177,8.5));
#7244=CARTESIAN_POINT('',(-95.7676683408574,-75.5017483379177,8.5));
#7245=CARTESIAN_POINT('',(-95.7676683408574,-75.5017483379177,8.5));
#7246=CARTESIAN_POINT('',(-95.0165794086235,-76.031928760671,8.5));
#7247=CARTESIAN_POINT('',(-94.5747623896624,-76.8819847051522,8.5));
#7248=CARTESIAN_POINT('',(-97.4907547148057,-74.7294521887736,8.5));
#7249=CARTESIAN_POINT('',(-97.4907547148057,-74.7294521887736,10.));
#7250=CARTESIAN_POINT('',(-96.8427564203294,-74.8908626730341,8.5));
#7251=CARTESIAN_POINT('',(-96.8427564203294,-74.8908626730341,10.));
#7252=CARTESIAN_POINT('',(-96.26839429568,-75.1482947227488,8.5));
#7253=CARTESIAN_POINT('',(-96.26839429568,-75.1482947227488,10.));
#7254=CARTESIAN_POINT('',(-95.7676683408574,-75.5017483379177,8.5));
#7255=CARTESIAN_POINT('',(-95.7676683408574,-75.5017483379177,10.));
#7256=CARTESIAN_POINT('',(-97.4907547148057,-74.7294521887736,8.5));
#7257=CARTESIAN_POINT('',(-97.4907547148057,-74.7294521887736,8.5));
#7258=CARTESIAN_POINT('',(-97.4907547148057,-74.7294521887736,8.5));
#7259=CARTESIAN_POINT('',(-96.5187572730913,-74.9715679151643,8.5));
#7260=CARTESIAN_POINT('',(-95.7676683408574,-75.5017483379177,8.5));
#7261=CARTESIAN_POINT('',(-99.4764665663297,-82.7767278717587,8.5));
#7262=CARTESIAN_POINT('',(-99.5019057851167,-74.4873364623829,8.5));
#7263=CARTESIAN_POINT('',(-99.5019051315978,-74.4875494120931,8.50000025));
#7264=CARTESIAN_POINT('',(-99.4764665663297,-82.7767278717587,8.5));
#7265=CARTESIAN_POINT('',(-100.065664301311,-74.4873364623829,8.5));
#7266=CARTESIAN_POINT('',(-100.629422817505,-74.4873364623829,8.5));
#7267=CARTESIAN_POINT('',(-100.629422817505,-74.4873364623829,8.5));
#7268=CARTESIAN_POINT('',(-100.065664301311,-74.4873364623829,8.5));
#7269=CARTESIAN_POINT('',(-100.629422817505,-75.4911447294626,8.5));
#7270=CARTESIAN_POINT('',(-100.629422817505,-76.4949529965422,8.5));
#7271=CARTESIAN_POINT('',(-100.629422817505,-76.4949529965422,8.5));
#7272=CARTESIAN_POINT('',(-100.629422817505,-75.4911447294626,8.5));
#7273=CARTESIAN_POINT('',(-100.198209406999,-76.4949529965422,8.5));
#7274=CARTESIAN_POINT('',(-99.7669959964933,-76.4949529965422,8.5));
#7275=CARTESIAN_POINT('',(-99.7669959964933,-76.4949529965422,8.5));
#7276=CARTESIAN_POINT('',(-100.198209406999,-76.4949529965422,8.5));
#7277=CARTESIAN_POINT('',(-98.1305057582614,-76.7158615060228,8.5));
#7278=CARTESIAN_POINT('',(-98.1305057582614,-76.7158615060228,10.));
#7279=CARTESIAN_POINT('',(-98.5428683092917,-76.5685891663691,8.5));
#7280=CARTESIAN_POINT('',(-98.5428683092917,-76.5685891663691,10.));
#7281=CARTESIAN_POINT('',(-99.088365055369,-76.4949529965422,8.5));
#7282=CARTESIAN_POINT('',(-99.088365055369,-76.4949529965422,10.));
#7283=CARTESIAN_POINT('',(-99.7669959964933,-76.4949529965422,8.5));
#7284=CARTESIAN_POINT('',(-99.7669959964933,-76.4949529965422,10.));
#7285=CARTESIAN_POINT('',(-98.1305057582614,-76.7158615060228,8.5));
#7286=CARTESIAN_POINT('',(-98.1305057582614,-76.7158615060228,8.5));
#7287=CARTESIAN_POINT('',(-98.1305057582614,-76.7158615060228,8.5));
#7288=CARTESIAN_POINT('',(-98.7490495848069,-76.4949529965422,8.5));
#7289=CARTESIAN_POINT('',(-99.7669959964933,-76.4949529965422,8.5));
#7290=CARTESIAN_POINT('',(-97.1814828015329,-77.2902236306722,8.5));
#7291=CARTESIAN_POINT('',(-97.1814828015329,-77.2902236306722,10.));
#7292=CARTESIAN_POINT('',(-97.4018022216548,-77.0545878872263,8.5));
#7293=CARTESIAN_POINT('',(-97.4018022216548,-77.0545878872263,10.));
#7294=CARTESIAN_POINT('',(-97.718143207231,-76.8631338456765,8.5));
#7295=CARTESIAN_POINT('',(-97.718143207231,-76.8631338456765,10.));
#7296=CARTESIAN_POINT('',(-98.1305057582614,-76.7158615060228,8.5));
#7297=CARTESIAN_POINT('',(-98.1305057582614,-76.7158615060228,10.));
#7298=CARTESIAN_POINT('',(-97.1814828015329,-77.2902236306722,8.5));
#7299=CARTESIAN_POINT('',(-97.1814828015329,-77.2902236306722,8.5));
#7300=CARTESIAN_POINT('',(-97.1814828015329,-77.2902236306722,8.5));
#7301=CARTESIAN_POINT('',(-97.5119619317158,-76.9367700155033,8.5));
#7302=CARTESIAN_POINT('',(-98.1305057582614,-76.7158615060228,8.5));
#7303=CARTESIAN_POINT('',(-98.4750912888649,-78.5391948283036,8.5));
#7304=CARTESIAN_POINT('',(-96.7396657825718,-78.0748906563471,8.5));
#7305=CARTESIAN_POINT('',(-96.7395648529395,-78.0748635036788,8.5));
#7306=CARTESIAN_POINT('',(-98.4750912888649,-78.5391948283036,8.5));
#7307=CARTESIAN_POINT('',(-99.9509460508979,-78.9320717794203,8.5));
#7308=CARTESIAN_POINT('',(-96.6283278937936,-78.905506651994,8.5));
#7309=CARTESIAN_POINT('',(-96.6283278937936,-78.905506651994,8.5));
#7310=CARTESIAN_POINT('',(-99.9509460508979,-78.9320717794203,8.5));
#7311=CARTESIAN_POINT('',(-96.9057889817012,-80.4288917333719,8.5));
#7312=CARTESIAN_POINT('',(-96.9057889817012,-80.4288917333719,10.));
#7313=CARTESIAN_POINT('',(-96.7208149230961,-80.075438118203,8.5));
#7314=CARTESIAN_POINT('',(-96.7208149230961,-80.075438118203,10.));
#7315=CARTESIAN_POINT('',(-96.6283278937936,-79.5676430910771,8.5));
#7316=CARTESIAN_POINT('',(-96.6283278937936,-79.5676430910771,10.));
#7317=CARTESIAN_POINT('',(-96.6283278937936,-78.905506651994,8.5));
#7318=CARTESIAN_POINT('',(-96.6283278937936,-78.905506651994,10.));
#7319=CARTESIAN_POINT('',(-96.9057889817012,-80.4288917333719,8.5));
#7320=CARTESIAN_POINT('',(-96.9057889817012,-80.4288917333719,8.5));
#7321=CARTESIAN_POINT('',(-96.9057889817012,-80.4288917333719,8.5));
#7322=CARTESIAN_POINT('',(-96.6283278937936,-79.8987113106186,8.5));
#7323=CARTESIAN_POINT('',(-96.6283278937936,-78.905506651994,8.5));
#7324=CARTESIAN_POINT('',(-97.6250670885699,-81.1799806656058,8.5));
#7325=CARTESIAN_POINT('',(-97.6250670885699,-81.1799806656058,10.));
#7326=CARTESIAN_POINT('',(-97.3305224092625,-81.0327083259521,8.5));
#7327=CARTESIAN_POINT('',(-97.3305224092625,-81.0327083259521,10.));
#7328=CARTESIAN_POINT('',(-97.0907630403063,-80.7823453485408,8.5));
#7329=CARTESIAN_POINT('',(-97.0907630403063,-80.7823453485408,10.));
#7330=CARTESIAN_POINT('',(-96.9057889817012,-80.4288917333719,8.5));
#7331=CARTESIAN_POINT('',(-96.9057889817012,-80.4288917333719,10.));
#7332=CARTESIAN_POINT('',(-97.6250670885699,-81.1799806656058,8.5));
#7333=CARTESIAN_POINT('',(-97.6250670885699,-81.1799806656058,8.5));
#7334=CARTESIAN_POINT('',(-97.6250670885699,-81.1799806656058,8.5));
#7335=CARTESIAN_POINT('',(-97.1832500696088,-80.9590721561253,8.5));
#7336=CARTESIAN_POINT('',(-96.9057889817012,-80.4288917333719,8.5));
#7337=CARTESIAN_POINT('',(-98.6570815791189,-79.1109910975843,8.5));
#7338=CARTESIAN_POINT('',(-98.5740900452984,-81.4220963919965,8.5));
#7339=CARTESIAN_POINT('',(-98.5740958618773,-81.4219232694782,8.5));
#7340=CARTESIAN_POINT('',(-98.6570815791189,-79.1109910975843,8.5));
#7341=CARTESIAN_POINT('',(-99.5808699469926,-57.6174376197513,8.5));
#7342=CARTESIAN_POINT('',(-99.5690619719988,-81.4433036089066,8.5));
#7343=CARTESIAN_POINT('',(-99.5690619632278,-81.4433213069407,8.50000024999997));
#7344=CARTESIAN_POINT('',(-99.5808699469926,-57.6174376197513,8.5));
#7345=CARTESIAN_POINT('',(-100.099242394752,-81.4433036089066,8.5));
#7346=CARTESIAN_POINT('',(-100.629422817505,-81.4433036089066,8.5));
#7347=CARTESIAN_POINT('',(-100.629422817505,-81.4433036089066,8.5));
#7348=CARTESIAN_POINT('',(-100.099242394752,-81.4433036089066,8.5));
#7349=CARTESIAN_POINT('',(-100.629422817505,-82.3393085233598,8.5));
#7350=CARTESIAN_POINT('',(-100.629422817505,-83.2353134378129,8.5));
#7351=CARTESIAN_POINT('',(-100.629422817505,-83.2353134378129,8.5));
#7352=CARTESIAN_POINT('',(-100.629422817505,-82.3393085233598,8.5));
#7353=CARTESIAN_POINT('',(-99.5248802701026,-83.2353134378129,8.5));
#7354=CARTESIAN_POINT('',(-98.4203377226999,-83.2353134378129,8.5));
#7355=CARTESIAN_POINT('',(-98.4203377226999,-83.2353134378129,8.5));
#7356=CARTESIAN_POINT('',(-99.5248802701026,-83.2353134378129,8.5));
#7357=CARTESIAN_POINT('',(-96.4091866523889,-84.051791288853,8.5));
#7358=CARTESIAN_POINT('',(-96.4091866523889,-84.051791288853,10.));
#7359=CARTESIAN_POINT('',(-96.866319994674,-83.5074727214929,8.5));
#7360=CARTESIAN_POINT('',(-96.866319994674,-83.5074727214929,10.));
#7361=CARTESIAN_POINT('',(-97.5367036847776,-83.2353134378129,8.5));
#7362=CARTESIAN_POINT('',(-97.5367036847776,-83.2353134378129,10.));
#7363=CARTESIAN_POINT('',(-98.4203377226999,-83.2353134378129,8.5));
#7364=CARTESIAN_POINT('',(-98.4203377226999,-83.2353134378129,10.));
#7365=CARTESIAN_POINT('',(-96.4091866523889,-84.051791288853,8.5));
#7366=CARTESIAN_POINT('',(-96.4091866523889,-84.051791288853,8.5));
#7367=CARTESIAN_POINT('',(-96.4091866523889,-84.051791288853,8.5));
#7368=CARTESIAN_POINT('',(-97.0948866658165,-83.2353134378129,8.5));
#7369=CARTESIAN_POINT('',(-98.4203377226999,-83.2353134378129,8.5));
#7370=CARTESIAN_POINT('',(-95.7234866389613,-86.062942359164,8.5));
#7371=CARTESIAN_POINT('',(-95.7234866389613,-86.062942359164,10.));
#7372=CARTESIAN_POINT('',(-95.7234866389613,-85.2664935463168,8.5));
#7373=CARTESIAN_POINT('',(-95.7234866389613,-85.2664935463168,10.));
#7374=CARTESIAN_POINT('',(-95.9520533101038,-84.5961098562131,8.5));
#7375=CARTESIAN_POINT('',(-95.9520533101038,-84.5961098562131,10.));
#7376=CARTESIAN_POINT('',(-96.4091866523889,-84.051791288853,8.5));
#7377=CARTESIAN_POINT('',(-96.4091866523889,-84.051791288853,10.));
#7378=CARTESIAN_POINT('',(-95.7234866389613,-86.062942359164,8.5));
#7379=CARTESIAN_POINT('',(-95.7234866389613,-86.062942359164,8.5));
#7380=CARTESIAN_POINT('',(-95.7234866389613,-86.062942359164,8.5));
#7381=CARTESIAN_POINT('',(-95.7234866389613,-84.8682691398932,8.5));
#7382=CARTESIAN_POINT('',(-96.4091866523889,-84.051791288853,8.5));
#7383=CARTESIAN_POINT('',(-96.3862121674029,-88.0723261613991,8.5));
#7384=CARTESIAN_POINT('',(-96.3862121674029,-88.0723261613991,10.));
#7385=CARTESIAN_POINT('',(-95.9443951484418,-87.5716002065765,8.5));
#7386=CARTESIAN_POINT('',(-95.9443951484418,-87.5716002065765,10.));
#7387=CARTESIAN_POINT('',(-95.7234866389613,-86.9018056058315,8.5));
#7388=CARTESIAN_POINT('',(-95.7234866389613,-86.9018056058315,10.));
#7389=CARTESIAN_POINT('',(-95.7234866389613,-86.062942359164,8.5));
#7390=CARTESIAN_POINT('',(-95.7234866389613,-86.062942359164,10.));
#7391=CARTESIAN_POINT('',(-96.3862121674029,-88.0723261613991,8.5));
#7392=CARTESIAN_POINT('',(-96.3862121674029,-88.0723261613991,8.5));
#7393=CARTESIAN_POINT('',(-96.3862121674029,-88.0723261613991,8.5));
#7394=CARTESIAN_POINT('',(-95.7234866389613,-87.3212372291652,8.5));
#7395=CARTESIAN_POINT('',(-95.7234866389613,-86.062942359164,8.5));
#7396=CARTESIAN_POINT('',(-98.2188691620536,-88.823415093633,8.5));
#7397=CARTESIAN_POINT('',(-98.2188691620536,-88.823415093633,10.));
#7398=CARTESIAN_POINT('',(-97.4389148512476,-88.823415093633,8.5));
#7399=CARTESIAN_POINT('',(-97.4389148512476,-88.823415093633,10.));
#7400=CARTESIAN_POINT('',(-96.828029186364,-88.5730521162217,8.5));
#7401=CARTESIAN_POINT('',(-96.828029186364,-88.5730521162217,10.));
#7402=CARTESIAN_POINT('',(-96.3862121674029,-88.0723261613991,8.5));
#7403=CARTESIAN_POINT('',(-96.3862121674029,-88.0723261613991,10.));
#7404=CARTESIAN_POINT('',(-98.2188691620536,-88.823415093633,8.5));
#7405=CARTESIAN_POINT('',(-98.2188691620536,-88.823415093633,8.5));
#7406=CARTESIAN_POINT('',(-98.2188691620536,-88.823415093633,8.5));
#7407=CARTESIAN_POINT('',(-97.0489376958446,-88.823415093633,8.5));
#7408=CARTESIAN_POINT('',(-96.3862121674029,-88.0723261613991,8.5));
#7409=CARTESIAN_POINT('',(-99.4241459897795,-88.823415093633,8.5));
#7410=CARTESIAN_POINT('',(-100.629422817505,-88.823415093633,8.5));
#7411=CARTESIAN_POINT('',(-100.629422817505,-88.823415093633,8.5));
#7412=CARTESIAN_POINT('',(-99.4241459897795,-88.823415093633,8.5));
#7413=CARTESIAN_POINT('',(-100.629422817505,-89.7954125353474,8.5));
#7414=CARTESIAN_POINT('',(-100.629422817505,-89.7954125353474,8.5));
#7415=CARTESIAN_POINT('',(-38.0940950206629,-83.7080815434456,8.5));
#7416=MECHANICAL_DESIGN_GEOMETRIC_PRESENTATION_REPRESENTATION('',(#4165),
#7423);
#7417=MECHANICAL_DESIGN_GEOMETRIC_PRESENTATION_REPRESENTATION('',(#4166),
#7424);
#7418=MECHANICAL_DESIGN_GEOMETRIC_PRESENTATION_REPRESENTATION('',(#4167),
#7425);
#7419=MECHANICAL_DESIGN_GEOMETRIC_PRESENTATION_REPRESENTATION('',(#4168),
#7426);
#7420=MECHANICAL_DESIGN_GEOMETRIC_PRESENTATION_REPRESENTATION('',(#4169),
#7427);
#7421=MECHANICAL_DESIGN_GEOMETRIC_PRESENTATION_REPRESENTATION('',(#4170),
#7428);
#7422=MECHANICAL_DESIGN_GEOMETRIC_PRESENTATION_REPRESENTATION('',(#4171),
#7429);
#7423=(
GEOMETRIC_REPRESENTATION_CONTEXT(3)
GLOBAL_UNCERTAINTY_ASSIGNED_CONTEXT((#7430))
GLOBAL_UNIT_ASSIGNED_CONTEXT((#7451,#7444,#7437))
REPRESENTATION_CONTEXT('Part 33','TOP_LEVEL_ASSEMBLY_PART')
);
#7424=(
GEOMETRIC_REPRESENTATION_CONTEXT(3)
GLOBAL_UNCERTAINTY_ASSIGNED_CONTEXT((#7431))
GLOBAL_UNIT_ASSIGNED_CONTEXT((#7452,#7445,#7438))
REPRESENTATION_CONTEXT('Part 31','TOP_LEVEL_ASSEMBLY_PART')
);
#7425=(
GEOMETRIC_REPRESENTATION_CONTEXT(3)
GLOBAL_UNCERTAINTY_ASSIGNED_CONTEXT((#7432))
GLOBAL_UNIT_ASSIGNED_CONTEXT((#7453,#7446,#7439))
REPRESENTATION_CONTEXT('Part 32','TOP_LEVEL_ASSEMBLY_PART')
);
#7426=(
GEOMETRIC_REPRESENTATION_CONTEXT(3)
GLOBAL_UNCERTAINTY_ASSIGNED_CONTEXT((#7433))
GLOBAL_UNIT_ASSIGNED_CONTEXT((#7454,#7447,#7440))
REPRESENTATION_CONTEXT('Part 30','TOP_LEVEL_ASSEMBLY_PART')
);
#7427=(
GEOMETRIC_REPRESENTATION_CONTEXT(3)
GLOBAL_UNCERTAINTY_ASSIGNED_CONTEXT((#7434))
GLOBAL_UNIT_ASSIGNED_CONTEXT((#7455,#7448,#7441))
REPRESENTATION_CONTEXT('Part 29','TOP_LEVEL_ASSEMBLY_PART')
);
#7428=(
GEOMETRIC_REPRESENTATION_CONTEXT(3)
GLOBAL_UNCERTAINTY_ASSIGNED_CONTEXT((#7435))
GLOBAL_UNIT_ASSIGNED_CONTEXT((#7456,#7449,#7442))
REPRESENTATION_CONTEXT('Part 28','TOP_LEVEL_ASSEMBLY_PART')
);
#7429=(
GEOMETRIC_REPRESENTATION_CONTEXT(3)
GLOBAL_UNCERTAINTY_ASSIGNED_CONTEXT((#7436))
GLOBAL_UNIT_ASSIGNED_CONTEXT((#7457,#7450,#7443))
REPRESENTATION_CONTEXT('Part 27','TOP_LEVEL_ASSEMBLY_PART')
);
#7430=UNCERTAINTY_MEASURE_WITH_UNIT(LENGTH_MEASURE(1.E-5),#7451,
'DISTANCE_ACCURACY_VALUE','Maximum Tolerance applied to model');
#7431=UNCERTAINTY_MEASURE_WITH_UNIT(LENGTH_MEASURE(1.E-5),#7452,
'DISTANCE_ACCURACY_VALUE','Maximum Tolerance applied to model');
#7432=UNCERTAINTY_MEASURE_WITH_UNIT(LENGTH_MEASURE(1.E-5),#7453,
'DISTANCE_ACCURACY_VALUE','Maximum Tolerance applied to model');
#7433=UNCERTAINTY_MEASURE_WITH_UNIT(LENGTH_MEASURE(1.E-5),#7454,
'DISTANCE_ACCURACY_VALUE','Maximum Tolerance applied to model');
#7434=UNCERTAINTY_MEASURE_WITH_UNIT(LENGTH_MEASURE(1.E-5),#7455,
'DISTANCE_ACCURACY_VALUE','Maximum Tolerance applied to model');
#7435=UNCERTAINTY_MEASURE_WITH_UNIT(LENGTH_MEASURE(1.E-5),#7456,
'DISTANCE_ACCURACY_VALUE','Maximum Tolerance applied to model');
#7436=UNCERTAINTY_MEASURE_WITH_UNIT(LENGTH_MEASURE(1.E-5),#7457,
'DISTANCE_ACCURACY_VALUE','Maximum Tolerance applied to model');
#7437=(
NAMED_UNIT(*)
SI_UNIT($,.STERADIAN.)
SOLID_ANGLE_UNIT()
);
#7438=(
NAMED_UNIT(*)
SI_UNIT($,.STERADIAN.)
SOLID_ANGLE_UNIT()
);
#7439=(
NAMED_UNIT(*)
SI_UNIT($,.STERADIAN.)
SOLID_ANGLE_UNIT()
);
#7440=(
NAMED_UNIT(*)
SI_UNIT($,.STERADIAN.)
SOLID_ANGLE_UNIT()
);
#7441=(
NAMED_UNIT(*)
SI_UNIT($,.STERADIAN.)
SOLID_ANGLE_UNIT()
);
#7442=(
NAMED_UNIT(*)
SI_UNIT($,.STERADIAN.)
SOLID_ANGLE_UNIT()
);
#7443=(
NAMED_UNIT(*)
SI_UNIT($,.STERADIAN.)
SOLID_ANGLE_UNIT()
);
#7444=(
NAMED_UNIT(*)
PLANE_ANGLE_UNIT()
SI_UNIT($,.RADIAN.)
);
#7445=(
NAMED_UNIT(*)
PLANE_ANGLE_UNIT()
SI_UNIT($,.RADIAN.)
);
#7446=(
NAMED_UNIT(*)
PLANE_ANGLE_UNIT()
SI_UNIT($,.RADIAN.)
);
#7447=(
NAMED_UNIT(*)
PLANE_ANGLE_UNIT()
SI_UNIT($,.RADIAN.)
);
#7448=(
NAMED_UNIT(*)
PLANE_ANGLE_UNIT()
SI_UNIT($,.RADIAN.)
);
#7449=(
NAMED_UNIT(*)
PLANE_ANGLE_UNIT()
SI_UNIT($,.RADIAN.)
);
#7450=(
NAMED_UNIT(*)
PLANE_ANGLE_UNIT()
SI_UNIT($,.RADIAN.)
);
#7451=(
LENGTH_UNIT()
NAMED_UNIT(*)
SI_UNIT(.MILLI.,.METRE.)
);
#7452=(
LENGTH_UNIT()
NAMED_UNIT(*)
SI_UNIT(.MILLI.,.METRE.)
);
#7453=(
LENGTH_UNIT()
NAMED_UNIT(*)
SI_UNIT(.MILLI.,.METRE.)
);
#7454=(
LENGTH_UNIT()
NAMED_UNIT(*)
SI_UNIT(.MILLI.,.METRE.)
);
#7455=(
LENGTH_UNIT()
NAMED_UNIT(*)
SI_UNIT(.MILLI.,.METRE.)
);
#7456=(
LENGTH_UNIT()
NAMED_UNIT(*)
SI_UNIT(.MILLI.,.METRE.)
);
#7457=(
LENGTH_UNIT()
NAMED_UNIT(*)
SI_UNIT(.MILLI.,.METRE.)
);
#7458=PRODUCT_DEFINITION_SHAPE('','',#7465);
#7459=PRODUCT_DEFINITION_SHAPE('','',#7466);
#7460=PRODUCT_DEFINITION_SHAPE('','',#7467);
#7461=PRODUCT_DEFINITION_SHAPE('','',#7468);
#7462=PRODUCT_DEFINITION_SHAPE('','',#7469);
#7463=PRODUCT_DEFINITION_SHAPE('','',#7470);
#7464=PRODUCT_DEFINITION_SHAPE('','',#7471);
#7465=PRODUCT_DEFINITION('','',#7479,#7472);
#7466=PRODUCT_DEFINITION('','',#7480,#7473);
#7467=PRODUCT_DEFINITION('','',#7481,#7474);
#7468=PRODUCT_DEFINITION('','',#7482,#7475);
#7469=PRODUCT_DEFINITION('','',#7483,#7476);
#7470=PRODUCT_DEFINITION('','',#7484,#7477);
#7471=PRODUCT_DEFINITION('','',#7485,#7478);
#7472=PRODUCT_DEFINITION_CONTEXT('',#7521,'design');
#7473=PRODUCT_DEFINITION_CONTEXT('',#7522,'design');
#7474=PRODUCT_DEFINITION_CONTEXT('',#7523,'design');
#7475=PRODUCT_DEFINITION_CONTEXT('',#7524,'design');
#7476=PRODUCT_DEFINITION_CONTEXT('',#7525,'design');
#7477=PRODUCT_DEFINITION_CONTEXT('',#7526,'design');
#7478=PRODUCT_DEFINITION_CONTEXT('',#7527,'design');
#7479=PRODUCT_DEFINITION_FORMATION_WITH_SPECIFIED_SOURCE('','',#7493,
 .NOT_KNOWN.);
#7480=PRODUCT_DEFINITION_FORMATION_WITH_SPECIFIED_SOURCE('','',#7494,
 .NOT_KNOWN.);
#7481=PRODUCT_DEFINITION_FORMATION_WITH_SPECIFIED_SOURCE('','',#7495,
 .NOT_KNOWN.);
#7482=PRODUCT_DEFINITION_FORMATION_WITH_SPECIFIED_SOURCE('','',#7496,
 .NOT_KNOWN.);
#7483=PRODUCT_DEFINITION_FORMATION_WITH_SPECIFIED_SOURCE('','',#7497,
 .NOT_KNOWN.);
#7484=PRODUCT_DEFINITION_FORMATION_WITH_SPECIFIED_SOURCE('','',#7498,
 .NOT_KNOWN.);
#7485=PRODUCT_DEFINITION_FORMATION_WITH_SPECIFIED_SOURCE('','',#7499,
 .NOT_KNOWN.);
#7486=PRODUCT_RELATED_PRODUCT_CATEGORY('','',(#7493));
#7487=PRODUCT_RELATED_PRODUCT_CATEGORY('','',(#7494));
#7488=PRODUCT_RELATED_PRODUCT_CATEGORY('','',(#7495));
#7489=PRODUCT_RELATED_PRODUCT_CATEGORY('','',(#7496));
#7490=PRODUCT_RELATED_PRODUCT_CATEGORY('','',(#7497));
#7491=PRODUCT_RELATED_PRODUCT_CATEGORY('','',(#7498));
#7492=PRODUCT_RELATED_PRODUCT_CATEGORY('','',(#7499));
#7493=PRODUCT('Part 33','Part 33','Part 33',(#7507));
#7494=PRODUCT('Part 31','Part 31','Part 31',(#7508));
#7495=PRODUCT('Part 32','Part 32','Part 32',(#7509));
#7496=PRODUCT('Part 30','Part 30','Part 30',(#7510));
#7497=PRODUCT('Part 29','Part 29','Part 29',(#7511));
#7498=PRODUCT('Part 28','Part 28','Part 28',(#7512));
#7499=PRODUCT('Part 27','Part 27','Part 27',(#7513));
#7500=PRODUCT_CATEGORY('','');
#7501=PRODUCT_CATEGORY('','');
#7502=PRODUCT_CATEGORY('','');
#7503=PRODUCT_CATEGORY('','');
#7504=PRODUCT_CATEGORY('','');
#7505=PRODUCT_CATEGORY('','');
#7506=PRODUCT_CATEGORY('','');
#7507=PRODUCT_CONTEXT('',#7521,'mechanical');
#7508=PRODUCT_CONTEXT('',#7522,'mechanical');
#7509=PRODUCT_CONTEXT('',#7523,'mechanical');
#7510=PRODUCT_CONTEXT('',#7524,'mechanical');
#7511=PRODUCT_CONTEXT('',#7525,'mechanical');
#7512=PRODUCT_CONTEXT('',#7526,'mechanical');
#7513=PRODUCT_CONTEXT('',#7527,'mechanical');
#7514=APPLICATION_PROTOCOL_DEFINITION('international standard',
'ap242_managed_model_based_3d_engineering',2020,#7521);
#7515=APPLICATION_PROTOCOL_DEFINITION('international standard',
'ap242_managed_model_based_3d_engineering',2020,#7522);
#7516=APPLICATION_PROTOCOL_DEFINITION('international standard',
'ap242_managed_model_based_3d_engineering',2020,#7523);
#7517=APPLICATION_PROTOCOL_DEFINITION('international standard',
'ap242_managed_model_based_3d_engineering',2020,#7524);
#7518=APPLICATION_PROTOCOL_DEFINITION('international standard',
'ap242_managed_model_based_3d_engineering',2020,#7525);
#7519=APPLICATION_PROTOCOL_DEFINITION('international standard',
'ap242_managed_model_based_3d_engineering',2020,#7526);
#7520=APPLICATION_PROTOCOL_DEFINITION('international standard',
'ap242_managed_model_based_3d_engineering',2020,#7527);
#7521=APPLICATION_CONTEXT('managed model based 3d engineering');
#7522=APPLICATION_CONTEXT('managed model based 3d engineering');
#7523=APPLICATION_CONTEXT('managed model based 3d engineering');
#7524=APPLICATION_CONTEXT('managed model based 3d engineering');
#7525=APPLICATION_CONTEXT('managed model based 3d engineering');
#7526=APPLICATION_CONTEXT('managed model based 3d engineering');
#7527=APPLICATION_CONTEXT('managed model based 3d engineering');
ENDSEC;
END-ISO-10303-21;
