ISO-10303-21;
HEADER;
/* Generated by software containing ST-Developer
 * from STEP Tools, Inc. (www.steptools.com) 
 */
/* OPTION: using custom renumber hook */

FILE_DESCRIPTION(
/* description */ ('STEP AP242 Edition 2',
'CAx-IF Rec.Pracs.---Representation and Presentation of Product Manufa
cturing Information (PMI)---4.0---2014-10-13',
'CAx-IF Rec.Pracs.---3D Tessellated Geometry---0.4---2014-09-14','2;1',
'CAx-IF Rec.Pracs.---User Defined Attributes---1.5---2016-08-15'),
/* implementation_level */ '2;1');

FILE_NAME(
/* name */ 'Part Studio 1',
/* time_stamp */ '2026-06-07T08:18:16Z',
/* author */ (''),
/* organization */ (''),
/* preprocessor_version */ 'ST-DEVELOPER v20',
/* originating_system */ 'ONSHAPE BY PTC INC, 1.216',
/* authorisation */ '  ');

FILE_SCHEMA (('AP242_MANAGED_MODEL_BASED_3D_ENGINEERING_MIM_LF { 1 0 10303 442 3 1 4 }'));
ENDSEC;

DATA;
#10=SHAPE_REPRESENTATION_RELATIONSHIP('','',#1954,#29);
#11=SHAPE_REPRESENTATION_RELATIONSHIP('','',#1955,#30);
#12=SHAPE_REPRESENTATION_RELATIONSHIP('','',#1956,#31);
#13=SHAPE_REPRESENTATION_RELATIONSHIP('','',#1957,#32);
#14=SHAPE_REPRESENTATION_RELATIONSHIP('','',#1958,#33);
#15=SHAPE_REPRESENTATION_RELATIONSHIP('','',#1959,#34);
#16=SHAPE_REPRESENTATION_RELATIONSHIP('','',#1960,#35);
#17=SHAPE_REPRESENTATION_RELATIONSHIP('','',#1961,#36);
#18=SHAPE_REPRESENTATION_RELATIONSHIP('','',#1962,#37);
#19=SHAPE_REPRESENTATION_RELATIONSHIP('','',#1963,#38);
#20=SHAPE_REPRESENTATION_RELATIONSHIP('','',#1964,#39);
#21=SHAPE_REPRESENTATION_RELATIONSHIP('','',#1965,#40);
#22=SHAPE_REPRESENTATION_RELATIONSHIP('','',#1966,#41);
#23=SHAPE_REPRESENTATION_RELATIONSHIP('','',#1967,#42);
#24=SHAPE_REPRESENTATION_RELATIONSHIP('','',#1968,#43);
#25=SHAPE_REPRESENTATION_RELATIONSHIP('','',#1969,#44);
#26=SHAPE_REPRESENTATION_RELATIONSHIP('','',#1970,#45);
#27=SHAPE_REPRESENTATION_RELATIONSHIP('','',#1971,#46);
#28=SHAPE_REPRESENTATION_RELATIONSHIP('','',#1972,#47);
#29=ADVANCED_BREP_SHAPE_REPRESENTATION('',(#1916),#3370);
#30=ADVANCED_BREP_SHAPE_REPRESENTATION('',(#1917),#3371);
#31=ADVANCED_BREP_SHAPE_REPRESENTATION('',(#1918),#3372);
#32=ADVANCED_BREP_SHAPE_REPRESENTATION('',(#1919),#3373);
#33=ADVANCED_BREP_SHAPE_REPRESENTATION('',(#1920),#3374);
#34=ADVANCED_BREP_SHAPE_REPRESENTATION('',(#1921),#3375);
#35=ADVANCED_BREP_SHAPE_REPRESENTATION('',(#1922),#3376);
#36=ADVANCED_BREP_SHAPE_REPRESENTATION('',(#1923),#3377);
#37=ADVANCED_BREP_SHAPE_REPRESENTATION('',(#1924),#3378);
#38=ADVANCED_BREP_SHAPE_REPRESENTATION('',(#1925),#3379);
#39=ADVANCED_BREP_SHAPE_REPRESENTATION('',(#1926),#3380);
#40=ADVANCED_BREP_SHAPE_REPRESENTATION('',(#1927),#3381);
#41=ADVANCED_BREP_SHAPE_REPRESENTATION('',(#1928),#3382);
#42=ADVANCED_BREP_SHAPE_REPRESENTATION('',(#1929),#3383);
#43=ADVANCED_BREP_SHAPE_REPRESENTATION('',(#1930),#3384);
#44=ADVANCED_BREP_SHAPE_REPRESENTATION('',(#1931),#3385);
#45=ADVANCED_BREP_SHAPE_REPRESENTATION('',(#1932),#3386);
#46=ADVANCED_BREP_SHAPE_REPRESENTATION('',(#1933),#3387);
#47=ADVANCED_BREP_SHAPE_REPRESENTATION('',(#1934),#3388);
#48=TOROIDAL_SURFACE('',#1981,13.0100087046701,2.);
#49=TOROIDAL_SURFACE('',#2007,13.0294141389769,2.);
#50=TOROIDAL_SURFACE('',#2114,13.029414138977,2.);
#51=TOROIDAL_SURFACE('',#2123,13.0100087046701,2.);
#52=TOROIDAL_SURFACE('',#2176,13.0294141389769,2.);
#53=TOROIDAL_SURFACE('',#2193,13.0100087046701,2.);
#54=B_SPLINE_CURVE_WITH_KNOTS('',3,(#2786,#2787,#2788,#2789,#2790),
 .UNSPECIFIED.,.F.,.F.,(4,1,4),(0.,0.00166706528269257,0.00333413056538515),
 .UNSPECIFIED.);
#55=B_SPLINE_CURVE_WITH_KNOTS('',3,(#2792,#2793,#2794,#2795,#2796),
 .UNSPECIFIED.,.F.,.F.,(4,1,4),(0.,0.00166722756156185,0.0033344551231237),
 .UNSPECIFIED.);
#56=B_SPLINE_CURVE_WITH_KNOTS('',3,(#2863,#2864,#2865,#2866,#2867),
 .UNSPECIFIED.,.F.,.F.,(4,1,4),(0.,0.00166050143386088,0.00332100286772176),
 .UNSPECIFIED.);
#57=B_SPLINE_CURVE_WITH_KNOTS('',3,(#2869,#2870,#2871,#2872,#2873),
 .UNSPECIFIED.,.F.,.F.,(4,1,4),(0.,0.00166063853109063,0.00332127706218126),
 .UNSPECIFIED.);
#58=B_SPLINE_CURVE_WITH_KNOTS('',3,(#3123,#3124,#3125,#3126,#3127),
 .UNSPECIFIED.,.F.,.F.,(4,1,4),(0.,0.00166050143386088,0.00332100286772176),
 .UNSPECIFIED.);
#59=B_SPLINE_CURVE_WITH_KNOTS('',3,(#3135,#3136,#3137,#3138,#3139),
 .UNSPECIFIED.,.F.,.F.,(4,1,4),(0.,0.00166063853109066,0.00332127706218132),
 .UNSPECIFIED.);
#60=B_SPLINE_CURVE_WITH_KNOTS('',3,(#3152,#3153,#3154,#3155,#3156),
 .UNSPECIFIED.,.F.,.F.,(4,1,4),(0.,0.00166706528269259,0.00333413056538518),
 .UNSPECIFIED.);
#61=B_SPLINE_CURVE_WITH_KNOTS('',3,(#3164,#3165,#3166,#3167,#3168),
 .UNSPECIFIED.,.F.,.F.,(4,1,4),(0.,0.00166722756156186,0.00333445512312372),
 .UNSPECIFIED.);
#62=B_SPLINE_CURVE_WITH_KNOTS('',3,(#3291,#3292,#3293,#3294,#3295,#3296),
 .UNSPECIFIED.,.F.,.F.,(4,1,1,4),(0.,0.000982272565803393,0.00196454513160679,
0.00392909026321357),.UNSPECIFIED.);
#63=B_SPLINE_CURVE_WITH_KNOTS('',3,(#3298,#3299,#3300,#3301,#3302,#3303),
 .UNSPECIFIED.,.F.,.F.,(4,1,1,4),(0.,0.00098227256580339,0.00196454513160678,
0.00392909026321356),.UNSPECIFIED.);
#64=B_SPLINE_CURVE_WITH_KNOTS('',3,(#3337,#3338,#3339,#3340,#3341,#3342),
 .UNSPECIFIED.,.F.,.F.,(4,1,1,4),(0.,0.00098231977730067,0.00196463955460134,
0.00392927910920268),.UNSPECIFIED.);
#65=B_SPLINE_CURVE_WITH_KNOTS('',3,(#3344,#3345,#3346,#3347,#3348,#3349),
 .UNSPECIFIED.,.F.,.F.,(4,1,1,4),(0.,0.000982319777300651,0.0019646395546013,
0.0039292791092026),.UNSPECIFIED.);
#66=PLANE('',#1977);
#67=PLANE('',#1978);
#68=PLANE('',#1980);
#69=PLANE('',#1983);
#70=PLANE('',#1987);
#71=PLANE('',#1988);
#72=PLANE('',#1989);
#73=PLANE('',#1994);
#74=PLANE('',#1995);
#75=PLANE('',#1996);
#76=PLANE('',#1997);
#77=PLANE('',#1998);
#78=PLANE('',#2003);
#79=PLANE('',#2004);
#80=PLANE('',#2006);
#81=PLANE('',#2009);
#82=PLANE('',#2010);
#83=PLANE('',#2014);
#84=PLANE('',#2015);
#85=PLANE('',#2029);
#86=PLANE('',#2030);
#87=PLANE('',#2035);
#88=PLANE('',#2036);
#89=PLANE('',#2037);
#90=PLANE('',#2038);
#91=PLANE('',#2039);
#92=PLANE('',#2040);
#93=PLANE('',#2054);
#94=PLANE('',#2055);
#95=PLANE('',#2057);
#96=PLANE('',#2061);
#97=PLANE('',#2062);
#98=PLANE('',#2063);
#99=PLANE('',#2065);
#100=PLANE('',#2069);
#101=PLANE('',#2073);
#102=PLANE('',#2077);
#103=PLANE('',#2081);
#104=PLANE('',#2083);
#105=PLANE('',#2090);
#106=PLANE('',#2094);
#107=PLANE('',#2095);
#108=PLANE('',#2096);
#109=PLANE('',#2098);
#110=PLANE('',#2099);
#111=PLANE('',#2103);
#112=PLANE('',#2104);
#113=PLANE('',#2105);
#114=PLANE('',#2107);
#115=PLANE('',#2111);
#116=PLANE('',#2113);
#117=PLANE('',#2116);
#118=PLANE('',#2120);
#119=PLANE('',#2122);
#120=PLANE('',#2125);
#121=PLANE('',#2126);
#122=PLANE('',#2127);
#123=PLANE('',#2131);
#124=PLANE('',#2135);
#125=PLANE('',#2136);
#126=PLANE('',#2137);
#127=PLANE('',#2139);
#128=PLANE('',#2149);
#129=PLANE('',#2150);
#130=PLANE('',#2158);
#131=PLANE('',#2159);
#132=PLANE('',#2161);
#133=PLANE('',#2169);
#134=PLANE('',#2170);
#135=PLANE('',#2171);
#136=PLANE('',#2182);
#137=PLANE('',#2186);
#138=PLANE('',#2187);
#139=PLANE('',#2188);
#140=CIRCLE('',#1975,15.0100087046701);
#141=CIRCLE('',#1976,15.0100087046701);
#142=CIRCLE('',#1979,13.0100087046701);
#143=CIRCLE('',#1985,42.7972875292156);
#144=CIRCLE('',#1986,42.7972875292156);
#145=CIRCLE('',#1992,41.297287529229);
#146=CIRCLE('',#1993,41.297287529229);
#147=CIRCLE('',#2001,15.0294141389769);
#148=CIRCLE('',#2002,15.0294141389769);
#149=CIRCLE('',#2005,13.0294141389769);
#150=CIRCLE('',#2012,42.7972875292156);
#151=CIRCLE('',#2013,42.7972875292156);
#152=CIRCLE('',#2018,17.0100087046701);
#153=CIRCLE('',#2019,17.0100087046701);
#154=CIRCLE('',#2021,18.9256968010234);
#155=CIRCLE('',#2022,18.9256968010234);
#156=CIRCLE('',#2024,15.6885053856696);
#157=CIRCLE('',#2025,15.6885053856696);
#158=CIRCLE('',#2027,22.4337291963816);
#159=CIRCLE('',#2028,22.4337291963816);
#160=CIRCLE('',#2033,41.2972875292328);
#161=CIRCLE('',#2034,41.2972875292328);
#162=CIRCLE('',#2043,17.0294141389769);
#163=CIRCLE('',#2044,17.0294141389769);
#164=CIRCLE('',#2046,21.648991264817);
#165=CIRCLE('',#2047,21.648991264817);
#166=CIRCLE('',#2049,32.9578977914194);
#167=CIRCLE('',#2050,32.9578977914194);
#168=CIRCLE('',#2052,43.388149203137);
#169=CIRCLE('',#2053,43.388149203137);
#170=CIRCLE('',#2059,41.2972875292273);
#171=CIRCLE('',#2060,41.2972875292273);
#172=CIRCLE('',#2067,43.9639598514726);
#173=CIRCLE('',#2068,43.9639598514726);
#174=CIRCLE('',#2071,41.2972875292328);
#175=CIRCLE('',#2072,41.2972875292328);
#176=CIRCLE('',#2075,42.4639598514725);
#177=CIRCLE('',#2076,42.4639598514725);
#178=CIRCLE('',#2079,41.297287529229);
#179=CIRCLE('',#2080,41.297287529229);
#180=CIRCLE('',#2082,1.);
#181=CIRCLE('',#2084,1.);
#182=CIRCLE('',#2088,43.9639598514726);
#183=CIRCLE('',#2089,43.9639598514726);
#184=CIRCLE('',#2092,41.2972875292273);
#185=CIRCLE('',#2093,41.2972875292273);
#186=CIRCLE('',#2101,42.7972875292305);
#187=CIRCLE('',#2102,42.7972875292305);
#188=CIRCLE('',#2109,15.0294141389769);
#189=CIRCLE('',#2110,15.0294141389769);
#190=CIRCLE('',#2112,13.029414138977);
#191=CIRCLE('',#2118,15.0100087046701);
#192=CIRCLE('',#2119,15.0100087046701);
#193=CIRCLE('',#2121,13.0100087046701);
#194=CIRCLE('',#2129,42.7972875292305);
#195=CIRCLE('',#2130,42.7972875292305);
#196=CIRCLE('',#2133,41.2972875292305);
#197=CIRCLE('',#2134,41.2972875292305);
#198=CIRCLE('',#2138,1.);
#199=CIRCLE('',#2140,1.);
#200=CIRCLE('',#2144,15.0294141389769);
#201=CIRCLE('',#2145,15.0294141389769);
#202=CIRCLE('',#2147,17.0294141389769);
#203=CIRCLE('',#2148,17.0294141389769);
#204=CIRCLE('',#2153,15.0100087046701);
#205=CIRCLE('',#2154,15.0100087046701);
#206=CIRCLE('',#2156,17.0100087046701);
#207=CIRCLE('',#2157,17.0100087046701);
#208=CIRCLE('',#2162,2.);
#209=CIRCLE('',#2163,13.0294141389769);
#210=CIRCLE('',#2164,2.);
#211=CIRCLE('',#2166,15.0294141389769);
#212=CIRCLE('',#2167,15.0294141389769);
#213=CIRCLE('',#2168,15.0294141389769);
#214=CIRCLE('',#2172,2.);
#215=CIRCLE('',#2173,2.);
#216=CIRCLE('',#2179,15.0100087046701);
#217=CIRCLE('',#2180,15.0100087046701);
#218=CIRCLE('',#2181,15.0100087046701);
#219=CIRCLE('',#2183,2.);
#220=CIRCLE('',#2184,13.0100087046701);
#221=CIRCLE('',#2185,2.);
#222=CIRCLE('',#2189,2.);
#223=CIRCLE('',#2190,2.);
#224=ORIENTED_EDGE('',*,*,#688,.F.);
#225=ORIENTED_EDGE('',*,*,#689,.T.);
#226=ORIENTED_EDGE('',*,*,#690,.T.);
#227=ORIENTED_EDGE('',*,*,#691,.T.);
#228=ORIENTED_EDGE('',*,*,#692,.T.);
#229=ORIENTED_EDGE('',*,*,#693,.T.);
#230=ORIENTED_EDGE('',*,*,#688,.T.);
#231=ORIENTED_EDGE('',*,*,#694,.F.);
#232=ORIENTED_EDGE('',*,*,#690,.F.);
#233=ORIENTED_EDGE('',*,*,#695,.T.);
#234=ORIENTED_EDGE('',*,*,#692,.F.);
#235=ORIENTED_EDGE('',*,*,#696,.T.);
#236=ORIENTED_EDGE('',*,*,#691,.F.);
#237=ORIENTED_EDGE('',*,*,#694,.T.);
#238=ORIENTED_EDGE('',*,*,#695,.F.);
#239=ORIENTED_EDGE('',*,*,#689,.F.);
#240=ORIENTED_EDGE('',*,*,#693,.F.);
#241=ORIENTED_EDGE('',*,*,#696,.F.);
#242=ORIENTED_EDGE('',*,*,#697,.F.);
#243=ORIENTED_EDGE('',*,*,#698,.F.);
#244=ORIENTED_EDGE('',*,*,#699,.T.);
#245=ORIENTED_EDGE('',*,*,#700,.T.);
#246=ORIENTED_EDGE('',*,*,#701,.F.);
#247=ORIENTED_EDGE('',*,*,#702,.F.);
#248=ORIENTED_EDGE('',*,*,#703,.T.);
#249=ORIENTED_EDGE('',*,*,#698,.T.);
#250=ORIENTED_EDGE('',*,*,#704,.T.);
#251=ORIENTED_EDGE('',*,*,#700,.F.);
#252=ORIENTED_EDGE('',*,*,#705,.F.);
#253=ORIENTED_EDGE('',*,*,#702,.T.);
#254=ORIENTED_EDGE('',*,*,#699,.F.);
#255=ORIENTED_EDGE('',*,*,#703,.F.);
#256=ORIENTED_EDGE('',*,*,#705,.T.);
#257=ORIENTED_EDGE('',*,*,#697,.T.);
#258=ORIENTED_EDGE('',*,*,#704,.F.);
#259=ORIENTED_EDGE('',*,*,#701,.T.);
#260=ORIENTED_EDGE('',*,*,#706,.F.);
#261=ORIENTED_EDGE('',*,*,#707,.F.);
#262=ORIENTED_EDGE('',*,*,#708,.T.);
#263=ORIENTED_EDGE('',*,*,#709,.T.);
#264=ORIENTED_EDGE('',*,*,#710,.T.);
#265=ORIENTED_EDGE('',*,*,#711,.F.);
#266=ORIENTED_EDGE('',*,*,#712,.F.);
#267=ORIENTED_EDGE('',*,*,#707,.T.);
#268=ORIENTED_EDGE('',*,*,#713,.T.);
#269=ORIENTED_EDGE('',*,*,#714,.F.);
#270=ORIENTED_EDGE('',*,*,#715,.F.);
#271=ORIENTED_EDGE('',*,*,#711,.T.);
#272=ORIENTED_EDGE('',*,*,#716,.F.);
#273=ORIENTED_EDGE('',*,*,#709,.F.);
#274=ORIENTED_EDGE('',*,*,#717,.T.);
#275=ORIENTED_EDGE('',*,*,#714,.T.);
#276=ORIENTED_EDGE('',*,*,#708,.F.);
#277=ORIENTED_EDGE('',*,*,#712,.T.);
#278=ORIENTED_EDGE('',*,*,#715,.T.);
#279=ORIENTED_EDGE('',*,*,#717,.F.);
#280=ORIENTED_EDGE('',*,*,#706,.T.);
#281=ORIENTED_EDGE('',*,*,#716,.T.);
#282=ORIENTED_EDGE('',*,*,#713,.F.);
#283=ORIENTED_EDGE('',*,*,#710,.F.);
#284=ORIENTED_EDGE('',*,*,#718,.F.);
#285=ORIENTED_EDGE('',*,*,#719,.T.);
#286=ORIENTED_EDGE('',*,*,#720,.T.);
#287=ORIENTED_EDGE('',*,*,#721,.T.);
#288=ORIENTED_EDGE('',*,*,#722,.F.);
#289=ORIENTED_EDGE('',*,*,#723,.T.);
#290=ORIENTED_EDGE('',*,*,#718,.T.);
#291=ORIENTED_EDGE('',*,*,#724,.T.);
#292=ORIENTED_EDGE('',*,*,#720,.F.);
#293=ORIENTED_EDGE('',*,*,#725,.T.);
#294=ORIENTED_EDGE('',*,*,#722,.T.);
#295=ORIENTED_EDGE('',*,*,#726,.T.);
#296=ORIENTED_EDGE('',*,*,#721,.F.);
#297=ORIENTED_EDGE('',*,*,#724,.F.);
#298=ORIENTED_EDGE('',*,*,#725,.F.);
#299=ORIENTED_EDGE('',*,*,#719,.F.);
#300=ORIENTED_EDGE('',*,*,#723,.F.);
#301=ORIENTED_EDGE('',*,*,#726,.F.);
#302=ORIENTED_EDGE('',*,*,#727,.F.);
#303=ORIENTED_EDGE('',*,*,#728,.T.);
#304=ORIENTED_EDGE('',*,*,#729,.T.);
#305=ORIENTED_EDGE('',*,*,#730,.F.);
#306=ORIENTED_EDGE('',*,*,#731,.F.);
#307=ORIENTED_EDGE('',*,*,#732,.T.);
#308=ORIENTED_EDGE('',*,*,#733,.T.);
#309=ORIENTED_EDGE('',*,*,#729,.F.);
#310=ORIENTED_EDGE('',*,*,#732,.F.);
#311=ORIENTED_EDGE('',*,*,#734,.T.);
#312=ORIENTED_EDGE('',*,*,#727,.T.);
#313=ORIENTED_EDGE('',*,*,#735,.F.);
#314=ORIENTED_EDGE('',*,*,#730,.T.);
#315=ORIENTED_EDGE('',*,*,#733,.F.);
#316=ORIENTED_EDGE('',*,*,#735,.T.);
#317=ORIENTED_EDGE('',*,*,#728,.F.);
#318=ORIENTED_EDGE('',*,*,#734,.F.);
#319=ORIENTED_EDGE('',*,*,#731,.T.);
#320=ORIENTED_EDGE('',*,*,#736,.T.);
#321=ORIENTED_EDGE('',*,*,#737,.F.);
#322=ORIENTED_EDGE('',*,*,#738,.F.);
#323=ORIENTED_EDGE('',*,*,#739,.T.);
#324=ORIENTED_EDGE('',*,*,#740,.F.);
#325=ORIENTED_EDGE('',*,*,#739,.F.);
#326=ORIENTED_EDGE('',*,*,#741,.T.);
#327=ORIENTED_EDGE('',*,*,#742,.T.);
#328=ORIENTED_EDGE('',*,*,#743,.F.);
#329=ORIENTED_EDGE('',*,*,#742,.F.);
#330=ORIENTED_EDGE('',*,*,#744,.T.);
#331=ORIENTED_EDGE('',*,*,#745,.T.);
#332=ORIENTED_EDGE('',*,*,#746,.T.);
#333=ORIENTED_EDGE('',*,*,#745,.F.);
#334=ORIENTED_EDGE('',*,*,#747,.F.);
#335=ORIENTED_EDGE('',*,*,#737,.T.);
#336=ORIENTED_EDGE('',*,*,#738,.T.);
#337=ORIENTED_EDGE('',*,*,#747,.T.);
#338=ORIENTED_EDGE('',*,*,#744,.F.);
#339=ORIENTED_EDGE('',*,*,#741,.F.);
#340=ORIENTED_EDGE('',*,*,#736,.F.);
#341=ORIENTED_EDGE('',*,*,#740,.T.);
#342=ORIENTED_EDGE('',*,*,#743,.T.);
#343=ORIENTED_EDGE('',*,*,#746,.F.);
#344=ORIENTED_EDGE('',*,*,#748,.F.);
#345=ORIENTED_EDGE('',*,*,#749,.F.);
#346=ORIENTED_EDGE('',*,*,#750,.T.);
#347=ORIENTED_EDGE('',*,*,#751,.T.);
#348=ORIENTED_EDGE('',*,*,#752,.T.);
#349=ORIENTED_EDGE('',*,*,#753,.F.);
#350=ORIENTED_EDGE('',*,*,#754,.F.);
#351=ORIENTED_EDGE('',*,*,#749,.T.);
#352=ORIENTED_EDGE('',*,*,#755,.T.);
#353=ORIENTED_EDGE('',*,*,#756,.F.);
#354=ORIENTED_EDGE('',*,*,#757,.F.);
#355=ORIENTED_EDGE('',*,*,#753,.T.);
#356=ORIENTED_EDGE('',*,*,#758,.T.);
#357=ORIENTED_EDGE('',*,*,#759,.F.);
#358=ORIENTED_EDGE('',*,*,#760,.F.);
#359=ORIENTED_EDGE('',*,*,#756,.T.);
#360=ORIENTED_EDGE('',*,*,#761,.F.);
#361=ORIENTED_EDGE('',*,*,#751,.F.);
#362=ORIENTED_EDGE('',*,*,#762,.T.);
#363=ORIENTED_EDGE('',*,*,#759,.T.);
#364=ORIENTED_EDGE('',*,*,#750,.F.);
#365=ORIENTED_EDGE('',*,*,#754,.T.);
#366=ORIENTED_EDGE('',*,*,#757,.T.);
#367=ORIENTED_EDGE('',*,*,#760,.T.);
#368=ORIENTED_EDGE('',*,*,#762,.F.);
#369=ORIENTED_EDGE('',*,*,#748,.T.);
#370=ORIENTED_EDGE('',*,*,#761,.T.);
#371=ORIENTED_EDGE('',*,*,#758,.F.);
#372=ORIENTED_EDGE('',*,*,#755,.F.);
#373=ORIENTED_EDGE('',*,*,#752,.F.);
#374=ORIENTED_EDGE('',*,*,#763,.T.);
#375=ORIENTED_EDGE('',*,*,#764,.F.);
#376=ORIENTED_EDGE('',*,*,#765,.F.);
#377=ORIENTED_EDGE('',*,*,#766,.T.);
#378=ORIENTED_EDGE('',*,*,#767,.F.);
#379=ORIENTED_EDGE('',*,*,#766,.F.);
#380=ORIENTED_EDGE('',*,*,#768,.T.);
#381=ORIENTED_EDGE('',*,*,#769,.T.);
#382=ORIENTED_EDGE('',*,*,#770,.F.);
#383=ORIENTED_EDGE('',*,*,#769,.F.);
#384=ORIENTED_EDGE('',*,*,#771,.T.);
#385=ORIENTED_EDGE('',*,*,#772,.T.);
#386=ORIENTED_EDGE('',*,*,#773,.T.);
#387=ORIENTED_EDGE('',*,*,#772,.F.);
#388=ORIENTED_EDGE('',*,*,#774,.F.);
#389=ORIENTED_EDGE('',*,*,#764,.T.);
#390=ORIENTED_EDGE('',*,*,#765,.T.);
#391=ORIENTED_EDGE('',*,*,#774,.T.);
#392=ORIENTED_EDGE('',*,*,#771,.F.);
#393=ORIENTED_EDGE('',*,*,#768,.F.);
#394=ORIENTED_EDGE('',*,*,#763,.F.);
#395=ORIENTED_EDGE('',*,*,#767,.T.);
#396=ORIENTED_EDGE('',*,*,#770,.T.);
#397=ORIENTED_EDGE('',*,*,#773,.F.);
#398=ORIENTED_EDGE('',*,*,#775,.F.);
#399=ORIENTED_EDGE('',*,*,#776,.F.);
#400=ORIENTED_EDGE('',*,*,#777,.T.);
#401=ORIENTED_EDGE('',*,*,#778,.T.);
#402=ORIENTED_EDGE('',*,*,#779,.F.);
#403=ORIENTED_EDGE('',*,*,#780,.F.);
#404=ORIENTED_EDGE('',*,*,#781,.T.);
#405=ORIENTED_EDGE('',*,*,#776,.T.);
#406=ORIENTED_EDGE('',*,*,#782,.T.);
#407=ORIENTED_EDGE('',*,*,#778,.F.);
#408=ORIENTED_EDGE('',*,*,#783,.F.);
#409=ORIENTED_EDGE('',*,*,#780,.T.);
#410=ORIENTED_EDGE('',*,*,#777,.F.);
#411=ORIENTED_EDGE('',*,*,#781,.F.);
#412=ORIENTED_EDGE('',*,*,#783,.T.);
#413=ORIENTED_EDGE('',*,*,#775,.T.);
#414=ORIENTED_EDGE('',*,*,#782,.F.);
#415=ORIENTED_EDGE('',*,*,#779,.T.);
#416=ORIENTED_EDGE('',*,*,#784,.F.);
#417=ORIENTED_EDGE('',*,*,#785,.F.);
#418=ORIENTED_EDGE('',*,*,#786,.T.);
#419=ORIENTED_EDGE('',*,*,#787,.T.);
#420=ORIENTED_EDGE('',*,*,#788,.T.);
#421=ORIENTED_EDGE('',*,*,#789,.F.);
#422=ORIENTED_EDGE('',*,*,#790,.F.);
#423=ORIENTED_EDGE('',*,*,#785,.T.);
#424=ORIENTED_EDGE('',*,*,#791,.T.);
#425=ORIENTED_EDGE('',*,*,#792,.F.);
#426=ORIENTED_EDGE('',*,*,#793,.F.);
#427=ORIENTED_EDGE('',*,*,#789,.T.);
#428=ORIENTED_EDGE('',*,*,#794,.T.);
#429=ORIENTED_EDGE('',*,*,#795,.F.);
#430=ORIENTED_EDGE('',*,*,#796,.F.);
#431=ORIENTED_EDGE('',*,*,#792,.T.);
#432=ORIENTED_EDGE('',*,*,#797,.F.);
#433=ORIENTED_EDGE('',*,*,#798,.T.);
#434=ORIENTED_EDGE('',*,*,#799,.T.);
#435=ORIENTED_EDGE('',*,*,#795,.T.);
#436=ORIENTED_EDGE('',*,*,#800,.T.);
#437=ORIENTED_EDGE('',*,*,#801,.T.);
#438=ORIENTED_EDGE('',*,*,#802,.F.);
#439=ORIENTED_EDGE('',*,*,#803,.F.);
#440=ORIENTED_EDGE('',*,*,#804,.T.);
#441=ORIENTED_EDGE('',*,*,#805,.F.);
#442=ORIENTED_EDGE('',*,*,#806,.F.);
#443=ORIENTED_EDGE('',*,*,#803,.T.);
#444=ORIENTED_EDGE('',*,*,#807,.T.);
#445=ORIENTED_EDGE('',*,*,#787,.F.);
#446=ORIENTED_EDGE('',*,*,#808,.F.);
#447=ORIENTED_EDGE('',*,*,#805,.T.);
#448=ORIENTED_EDGE('',*,*,#799,.F.);
#449=ORIENTED_EDGE('',*,*,#809,.T.);
#450=ORIENTED_EDGE('',*,*,#800,.F.);
#451=ORIENTED_EDGE('',*,*,#806,.T.);
#452=ORIENTED_EDGE('',*,*,#808,.T.);
#453=ORIENTED_EDGE('',*,*,#786,.F.);
#454=ORIENTED_EDGE('',*,*,#790,.T.);
#455=ORIENTED_EDGE('',*,*,#793,.T.);
#456=ORIENTED_EDGE('',*,*,#796,.T.);
#457=ORIENTED_EDGE('',*,*,#802,.T.);
#458=ORIENTED_EDGE('',*,*,#810,.T.);
#459=ORIENTED_EDGE('',*,*,#797,.T.);
#460=ORIENTED_EDGE('',*,*,#794,.F.);
#461=ORIENTED_EDGE('',*,*,#791,.F.);
#462=ORIENTED_EDGE('',*,*,#788,.F.);
#463=ORIENTED_EDGE('',*,*,#784,.T.);
#464=ORIENTED_EDGE('',*,*,#807,.F.);
#465=ORIENTED_EDGE('',*,*,#804,.F.);
#466=ORIENTED_EDGE('',*,*,#809,.F.);
#467=ORIENTED_EDGE('',*,*,#798,.F.);
#468=ORIENTED_EDGE('',*,*,#810,.F.);
#469=ORIENTED_EDGE('',*,*,#801,.F.);
#470=ORIENTED_EDGE('',*,*,#811,.F.);
#471=ORIENTED_EDGE('',*,*,#812,.F.);
#472=ORIENTED_EDGE('',*,*,#813,.T.);
#473=ORIENTED_EDGE('',*,*,#814,.T.);
#474=ORIENTED_EDGE('',*,*,#815,.T.);
#475=ORIENTED_EDGE('',*,*,#816,.F.);
#476=ORIENTED_EDGE('',*,*,#817,.F.);
#477=ORIENTED_EDGE('',*,*,#812,.T.);
#478=ORIENTED_EDGE('',*,*,#818,.T.);
#479=ORIENTED_EDGE('',*,*,#819,.F.);
#480=ORIENTED_EDGE('',*,*,#820,.F.);
#481=ORIENTED_EDGE('',*,*,#816,.T.);
#482=ORIENTED_EDGE('',*,*,#821,.F.);
#483=ORIENTED_EDGE('',*,*,#814,.F.);
#484=ORIENTED_EDGE('',*,*,#822,.T.);
#485=ORIENTED_EDGE('',*,*,#819,.T.);
#486=ORIENTED_EDGE('',*,*,#813,.F.);
#487=ORIENTED_EDGE('',*,*,#817,.T.);
#488=ORIENTED_EDGE('',*,*,#820,.T.);
#489=ORIENTED_EDGE('',*,*,#822,.F.);
#490=ORIENTED_EDGE('',*,*,#811,.T.);
#491=ORIENTED_EDGE('',*,*,#821,.T.);
#492=ORIENTED_EDGE('',*,*,#818,.F.);
#493=ORIENTED_EDGE('',*,*,#815,.F.);
#494=ORIENTED_EDGE('',*,*,#823,.F.);
#495=ORIENTED_EDGE('',*,*,#824,.F.);
#496=ORIENTED_EDGE('',*,*,#825,.T.);
#497=ORIENTED_EDGE('',*,*,#826,.T.);
#498=ORIENTED_EDGE('',*,*,#827,.F.);
#499=ORIENTED_EDGE('',*,*,#828,.F.);
#500=ORIENTED_EDGE('',*,*,#829,.T.);
#501=ORIENTED_EDGE('',*,*,#824,.T.);
#502=ORIENTED_EDGE('',*,*,#830,.F.);
#503=ORIENTED_EDGE('',*,*,#831,.F.);
#504=ORIENTED_EDGE('',*,*,#832,.T.);
#505=ORIENTED_EDGE('',*,*,#828,.T.);
#506=ORIENTED_EDGE('',*,*,#833,.T.);
#507=ORIENTED_EDGE('',*,*,#826,.F.);
#508=ORIENTED_EDGE('',*,*,#834,.F.);
#509=ORIENTED_EDGE('',*,*,#831,.T.);
#510=ORIENTED_EDGE('',*,*,#825,.F.);
#511=ORIENTED_EDGE('',*,*,#829,.F.);
#512=ORIENTED_EDGE('',*,*,#832,.F.);
#513=ORIENTED_EDGE('',*,*,#834,.T.);
#514=ORIENTED_EDGE('',*,*,#823,.T.);
#515=ORIENTED_EDGE('',*,*,#833,.F.);
#516=ORIENTED_EDGE('',*,*,#830,.T.);
#517=ORIENTED_EDGE('',*,*,#827,.T.);
#518=ORIENTED_EDGE('',*,*,#835,.T.);
#519=ORIENTED_EDGE('',*,*,#836,.T.);
#520=ORIENTED_EDGE('',*,*,#837,.T.);
#521=ORIENTED_EDGE('',*,*,#838,.F.);
#522=ORIENTED_EDGE('',*,*,#839,.F.);
#523=ORIENTED_EDGE('',*,*,#840,.T.);
#524=ORIENTED_EDGE('',*,*,#837,.F.);
#525=ORIENTED_EDGE('',*,*,#841,.T.);
#526=ORIENTED_EDGE('',*,*,#839,.T.);
#527=ORIENTED_EDGE('',*,*,#842,.T.);
#528=ORIENTED_EDGE('',*,*,#835,.F.);
#529=ORIENTED_EDGE('',*,*,#843,.T.);
#530=ORIENTED_EDGE('',*,*,#838,.T.);
#531=ORIENTED_EDGE('',*,*,#842,.F.);
#532=ORIENTED_EDGE('',*,*,#840,.F.);
#533=ORIENTED_EDGE('',*,*,#841,.F.);
#534=ORIENTED_EDGE('',*,*,#836,.F.);
#535=ORIENTED_EDGE('',*,*,#843,.F.);
#536=ORIENTED_EDGE('',*,*,#844,.F.);
#537=ORIENTED_EDGE('',*,*,#845,.T.);
#538=ORIENTED_EDGE('',*,*,#846,.T.);
#539=ORIENTED_EDGE('',*,*,#847,.T.);
#540=ORIENTED_EDGE('',*,*,#848,.F.);
#541=ORIENTED_EDGE('',*,*,#849,.T.);
#542=ORIENTED_EDGE('',*,*,#846,.F.);
#543=ORIENTED_EDGE('',*,*,#850,.T.);
#544=ORIENTED_EDGE('',*,*,#848,.T.);
#545=ORIENTED_EDGE('',*,*,#851,.T.);
#546=ORIENTED_EDGE('',*,*,#844,.T.);
#547=ORIENTED_EDGE('',*,*,#852,.T.);
#548=ORIENTED_EDGE('',*,*,#847,.F.);
#549=ORIENTED_EDGE('',*,*,#851,.F.);
#550=ORIENTED_EDGE('',*,*,#849,.F.);
#551=ORIENTED_EDGE('',*,*,#850,.F.);
#552=ORIENTED_EDGE('',*,*,#845,.F.);
#553=ORIENTED_EDGE('',*,*,#852,.F.);
#554=ORIENTED_EDGE('',*,*,#853,.F.);
#555=ORIENTED_EDGE('',*,*,#854,.F.);
#556=ORIENTED_EDGE('',*,*,#855,.T.);
#557=ORIENTED_EDGE('',*,*,#856,.T.);
#558=ORIENTED_EDGE('',*,*,#857,.T.);
#559=ORIENTED_EDGE('',*,*,#858,.F.);
#560=ORIENTED_EDGE('',*,*,#859,.F.);
#561=ORIENTED_EDGE('',*,*,#854,.T.);
#562=ORIENTED_EDGE('',*,*,#860,.F.);
#563=ORIENTED_EDGE('',*,*,#861,.F.);
#564=ORIENTED_EDGE('',*,*,#862,.T.);
#565=ORIENTED_EDGE('',*,*,#858,.T.);
#566=ORIENTED_EDGE('',*,*,#863,.T.);
#567=ORIENTED_EDGE('',*,*,#864,.F.);
#568=ORIENTED_EDGE('',*,*,#865,.F.);
#569=ORIENTED_EDGE('',*,*,#861,.T.);
#570=ORIENTED_EDGE('',*,*,#866,.F.);
#571=ORIENTED_EDGE('',*,*,#867,.F.);
#572=ORIENTED_EDGE('',*,*,#868,.T.);
#573=ORIENTED_EDGE('',*,*,#864,.T.);
#574=ORIENTED_EDGE('',*,*,#869,.F.);
#575=ORIENTED_EDGE('',*,*,#870,.F.);
#576=ORIENTED_EDGE('',*,*,#871,.T.);
#577=ORIENTED_EDGE('',*,*,#867,.T.);
#578=ORIENTED_EDGE('',*,*,#872,.T.);
#579=ORIENTED_EDGE('',*,*,#873,.T.);
#580=ORIENTED_EDGE('',*,*,#874,.F.);
#581=ORIENTED_EDGE('',*,*,#870,.T.);
#582=ORIENTED_EDGE('',*,*,#875,.T.);
#583=ORIENTED_EDGE('',*,*,#876,.T.);
#584=ORIENTED_EDGE('',*,*,#877,.F.);
#585=ORIENTED_EDGE('',*,*,#856,.F.);
#586=ORIENTED_EDGE('',*,*,#874,.T.);
#587=ORIENTED_EDGE('',*,*,#878,.T.);
#588=ORIENTED_EDGE('',*,*,#875,.F.);
#589=ORIENTED_EDGE('',*,*,#855,.F.);
#590=ORIENTED_EDGE('',*,*,#859,.T.);
#591=ORIENTED_EDGE('',*,*,#862,.F.);
#592=ORIENTED_EDGE('',*,*,#865,.T.);
#593=ORIENTED_EDGE('',*,*,#868,.F.);
#594=ORIENTED_EDGE('',*,*,#871,.F.);
#595=ORIENTED_EDGE('',*,*,#877,.T.);
#596=ORIENTED_EDGE('',*,*,#879,.T.);
#597=ORIENTED_EDGE('',*,*,#872,.F.);
#598=ORIENTED_EDGE('',*,*,#869,.T.);
#599=ORIENTED_EDGE('',*,*,#866,.T.);
#600=ORIENTED_EDGE('',*,*,#863,.F.);
#601=ORIENTED_EDGE('',*,*,#860,.T.);
#602=ORIENTED_EDGE('',*,*,#857,.F.);
#603=ORIENTED_EDGE('',*,*,#853,.T.);
#604=ORIENTED_EDGE('',*,*,#878,.F.);
#605=ORIENTED_EDGE('',*,*,#873,.F.);
#606=ORIENTED_EDGE('',*,*,#879,.F.);
#607=ORIENTED_EDGE('',*,*,#876,.F.);
#608=ORIENTED_EDGE('',*,*,#880,.T.);
#609=ORIENTED_EDGE('',*,*,#881,.F.);
#610=ORIENTED_EDGE('',*,*,#882,.F.);
#611=ORIENTED_EDGE('',*,*,#883,.T.);
#612=ORIENTED_EDGE('',*,*,#880,.F.);
#613=ORIENTED_EDGE('',*,*,#882,.T.);
#614=ORIENTED_EDGE('',*,*,#881,.T.);
#615=ORIENTED_EDGE('',*,*,#883,.F.);
#616=ORIENTED_EDGE('',*,*,#884,.T.);
#617=ORIENTED_EDGE('',*,*,#885,.F.);
#618=ORIENTED_EDGE('',*,*,#886,.F.);
#619=ORIENTED_EDGE('',*,*,#887,.T.);
#620=ORIENTED_EDGE('',*,*,#884,.F.);
#621=ORIENTED_EDGE('',*,*,#886,.T.);
#622=ORIENTED_EDGE('',*,*,#885,.T.);
#623=ORIENTED_EDGE('',*,*,#887,.F.);
#624=ORIENTED_EDGE('',*,*,#888,.T.);
#625=ORIENTED_EDGE('',*,*,#889,.T.);
#626=ORIENTED_EDGE('',*,*,#890,.T.);
#627=ORIENTED_EDGE('',*,*,#891,.T.);
#628=ORIENTED_EDGE('',*,*,#892,.T.);
#629=ORIENTED_EDGE('',*,*,#893,.T.);
#630=ORIENTED_EDGE('',*,*,#894,.F.);
#631=ORIENTED_EDGE('',*,*,#895,.T.);
#632=ORIENTED_EDGE('',*,*,#896,.T.);
#633=ORIENTED_EDGE('',*,*,#896,.F.);
#634=ORIENTED_EDGE('',*,*,#897,.T.);
#635=ORIENTED_EDGE('',*,*,#898,.T.);
#636=ORIENTED_EDGE('',*,*,#888,.F.);
#637=ORIENTED_EDGE('',*,*,#899,.T.);
#638=ORIENTED_EDGE('',*,*,#894,.T.);
#639=ORIENTED_EDGE('',*,*,#900,.T.);
#640=ORIENTED_EDGE('',*,*,#897,.F.);
#641=ORIENTED_EDGE('',*,*,#901,.T.);
#642=ORIENTED_EDGE('',*,*,#900,.F.);
#643=ORIENTED_EDGE('',*,*,#893,.F.);
#644=ORIENTED_EDGE('',*,*,#902,.F.);
#645=ORIENTED_EDGE('',*,*,#889,.F.);
#646=ORIENTED_EDGE('',*,*,#898,.F.);
#647=ORIENTED_EDGE('',*,*,#899,.F.);
#648=ORIENTED_EDGE('',*,*,#891,.F.);
#649=ORIENTED_EDGE('',*,*,#903,.F.);
#650=ORIENTED_EDGE('',*,*,#895,.F.);
#651=ORIENTED_EDGE('',*,*,#901,.F.);
#652=ORIENTED_EDGE('',*,*,#902,.T.);
#653=ORIENTED_EDGE('',*,*,#892,.F.);
#654=ORIENTED_EDGE('',*,*,#903,.T.);
#655=ORIENTED_EDGE('',*,*,#890,.F.);
#656=ORIENTED_EDGE('',*,*,#904,.T.);
#657=ORIENTED_EDGE('',*,*,#905,.T.);
#658=ORIENTED_EDGE('',*,*,#906,.F.);
#659=ORIENTED_EDGE('',*,*,#907,.T.);
#660=ORIENTED_EDGE('',*,*,#908,.T.);
#661=ORIENTED_EDGE('',*,*,#909,.F.);
#662=ORIENTED_EDGE('',*,*,#910,.T.);
#663=ORIENTED_EDGE('',*,*,#911,.T.);
#664=ORIENTED_EDGE('',*,*,#912,.T.);
#665=ORIENTED_EDGE('',*,*,#908,.F.);
#666=ORIENTED_EDGE('',*,*,#913,.F.);
#667=ORIENTED_EDGE('',*,*,#914,.T.);
#668=ORIENTED_EDGE('',*,*,#909,.T.);
#669=ORIENTED_EDGE('',*,*,#915,.T.);
#670=ORIENTED_EDGE('',*,*,#906,.T.);
#671=ORIENTED_EDGE('',*,*,#916,.T.);
#672=ORIENTED_EDGE('',*,*,#913,.T.);
#673=ORIENTED_EDGE('',*,*,#917,.T.);
#674=ORIENTED_EDGE('',*,*,#916,.F.);
#675=ORIENTED_EDGE('',*,*,#905,.F.);
#676=ORIENTED_EDGE('',*,*,#918,.F.);
#677=ORIENTED_EDGE('',*,*,#910,.F.);
#678=ORIENTED_EDGE('',*,*,#914,.F.);
#679=ORIENTED_EDGE('',*,*,#915,.F.);
#680=ORIENTED_EDGE('',*,*,#912,.F.);
#681=ORIENTED_EDGE('',*,*,#919,.F.);
#682=ORIENTED_EDGE('',*,*,#907,.F.);
#683=ORIENTED_EDGE('',*,*,#917,.F.);
#684=ORIENTED_EDGE('',*,*,#918,.T.);
#685=ORIENTED_EDGE('',*,*,#904,.F.);
#686=ORIENTED_EDGE('',*,*,#919,.T.);
#687=ORIENTED_EDGE('',*,*,#911,.F.);
#688=EDGE_CURVE('',#920,#921,#1078,.T.);
#689=EDGE_CURVE('',#920,#922,#140,.F.);
#690=EDGE_CURVE('',#922,#923,#1079,.T.);
#691=EDGE_CURVE('',#923,#921,#141,.T.);
#692=EDGE_CURVE('',#924,#925,#1080,.T.);
#693=EDGE_CURVE('',#925,#920,#54,.T.);
#694=EDGE_CURVE('',#923,#921,#1081,.T.);
#695=EDGE_CURVE('',#922,#924,#55,.T.);
#696=EDGE_CURVE('',#924,#925,#142,.T.);
#697=EDGE_CURVE('',#926,#927,#1082,.T.);
#698=EDGE_CURVE('',#928,#926,#1083,.T.);
#699=EDGE_CURVE('',#928,#929,#1084,.T.);
#700=EDGE_CURVE('',#929,#927,#1085,.T.);
#701=EDGE_CURVE('',#930,#926,#143,.T.);
#702=EDGE_CURVE('',#931,#930,#1086,.T.);
#703=EDGE_CURVE('',#931,#928,#144,.T.);
#704=EDGE_CURVE('',#930,#927,#1087,.T.);
#705=EDGE_CURVE('',#931,#929,#1088,.T.);
#706=EDGE_CURVE('',#932,#933,#145,.T.);
#707=EDGE_CURVE('',#934,#932,#1089,.T.);
#708=EDGE_CURVE('',#934,#935,#146,.T.);
#709=EDGE_CURVE('',#935,#933,#1090,.T.);
#710=EDGE_CURVE('',#932,#936,#1091,.T.);
#711=EDGE_CURVE('',#937,#936,#1092,.T.);
#712=EDGE_CURVE('',#934,#937,#1093,.T.);
#713=EDGE_CURVE('',#936,#938,#1094,.T.);
#714=EDGE_CURVE('',#939,#938,#1095,.T.);
#715=EDGE_CURVE('',#937,#939,#1096,.T.);
#716=EDGE_CURVE('',#933,#938,#1097,.T.);
#717=EDGE_CURVE('',#935,#939,#1098,.T.);
#718=EDGE_CURVE('',#940,#941,#1099,.T.);
#719=EDGE_CURVE('',#940,#942,#147,.F.);
#720=EDGE_CURVE('',#942,#943,#1100,.T.);
#721=EDGE_CURVE('',#943,#941,#148,.T.);
#722=EDGE_CURVE('',#944,#945,#1101,.T.);
#723=EDGE_CURVE('',#944,#940,#56,.T.);
#724=EDGE_CURVE('',#941,#943,#1102,.T.);
#725=EDGE_CURVE('',#942,#945,#57,.T.);
#726=EDGE_CURVE('',#945,#944,#149,.T.);
#727=EDGE_CURVE('',#946,#947,#1103,.T.);
#728=EDGE_CURVE('',#946,#948,#1104,.T.);
#729=EDGE_CURVE('',#948,#949,#1105,.T.);
#730=EDGE_CURVE('',#947,#949,#1106,.T.);
#731=EDGE_CURVE('',#950,#948,#1107,.T.);
#732=EDGE_CURVE('',#950,#951,#1108,.T.);
#733=EDGE_CURVE('',#951,#949,#1109,.T.);
#734=EDGE_CURVE('',#950,#946,#150,.T.);
#735=EDGE_CURVE('',#951,#947,#151,.T.);
#736=EDGE_CURVE('',#952,#953,#152,.T.);
#737=EDGE_CURVE('',#954,#953,#1110,.T.);
#738=EDGE_CURVE('',#955,#954,#153,.T.);
#739=EDGE_CURVE('',#955,#952,#1111,.T.);
#740=EDGE_CURVE('',#952,#956,#154,.T.);
#741=EDGE_CURVE('',#955,#957,#155,.T.);
#742=EDGE_CURVE('',#957,#956,#1112,.T.);
#743=EDGE_CURVE('',#956,#958,#156,.T.);
#744=EDGE_CURVE('',#957,#959,#157,.T.);
#745=EDGE_CURVE('',#959,#958,#1113,.T.);
#746=EDGE_CURVE('',#953,#958,#158,.T.);
#747=EDGE_CURVE('',#954,#959,#159,.T.);
#748=EDGE_CURVE('',#960,#961,#160,.T.);
#749=EDGE_CURVE('',#962,#960,#1114,.T.);
#750=EDGE_CURVE('',#962,#963,#161,.T.);
#751=EDGE_CURVE('',#963,#961,#1115,.T.);
#752=EDGE_CURVE('',#960,#964,#1116,.T.);
#753=EDGE_CURVE('',#965,#964,#1117,.T.);
#754=EDGE_CURVE('',#962,#965,#1118,.T.);
#755=EDGE_CURVE('',#964,#966,#1119,.T.);
#756=EDGE_CURVE('',#967,#966,#1120,.T.);
#757=EDGE_CURVE('',#965,#967,#1121,.T.);
#758=EDGE_CURVE('',#966,#968,#1122,.T.);
#759=EDGE_CURVE('',#969,#968,#1123,.T.);
#760=EDGE_CURVE('',#967,#969,#1124,.T.);
#761=EDGE_CURVE('',#961,#968,#1125,.T.);
#762=EDGE_CURVE('',#963,#969,#1126,.T.);
#763=EDGE_CURVE('',#970,#971,#162,.T.);
#764=EDGE_CURVE('',#972,#971,#1127,.T.);
#765=EDGE_CURVE('',#973,#972,#163,.T.);
#766=EDGE_CURVE('',#973,#970,#1128,.T.);
#767=EDGE_CURVE('',#970,#974,#164,.T.);
#768=EDGE_CURVE('',#973,#975,#165,.T.);
#769=EDGE_CURVE('',#975,#974,#1129,.T.);
#770=EDGE_CURVE('',#974,#976,#166,.T.);
#771=EDGE_CURVE('',#975,#977,#167,.T.);
#772=EDGE_CURVE('',#977,#976,#1130,.T.);
#773=EDGE_CURVE('',#971,#976,#168,.T.);
#774=EDGE_CURVE('',#972,#977,#169,.T.);
#775=EDGE_CURVE('',#978,#979,#1131,.T.);
#776=EDGE_CURVE('',#980,#978,#1132,.T.);
#777=EDGE_CURVE('',#980,#981,#1133,.T.);
#778=EDGE_CURVE('',#981,#979,#1134,.T.);
#779=EDGE_CURVE('',#982,#978,#170,.T.);
#780=EDGE_CURVE('',#983,#982,#1135,.T.);
#781=EDGE_CURVE('',#983,#980,#171,.T.);
#782=EDGE_CURVE('',#982,#979,#1136,.T.);
#783=EDGE_CURVE('',#983,#981,#1137,.T.);
#784=EDGE_CURVE('',#984,#985,#1138,.T.);
#785=EDGE_CURVE('',#986,#984,#1139,.T.);
#786=EDGE_CURVE('',#986,#987,#1140,.T.);
#787=EDGE_CURVE('',#987,#985,#1141,.T.);
#788=EDGE_CURVE('',#984,#988,#172,.T.);
#789=EDGE_CURVE('',#989,#988,#1142,.T.);
#790=EDGE_CURVE('',#986,#989,#173,.T.);
#791=EDGE_CURVE('',#988,#990,#1143,.T.);
#792=EDGE_CURVE('',#991,#990,#1144,.T.);
#793=EDGE_CURVE('',#989,#991,#1145,.T.);
#794=EDGE_CURVE('',#990,#992,#174,.T.);
#795=EDGE_CURVE('',#993,#992,#1146,.T.);
#796=EDGE_CURVE('',#991,#993,#175,.T.);
#797=EDGE_CURVE('',#994,#992,#1147,.T.);
#798=EDGE_CURVE('',#994,#995,#1148,.F.);
#799=EDGE_CURVE('',#995,#993,#1149,.T.);
#800=EDGE_CURVE('',#996,#997,#176,.T.);
#801=EDGE_CURVE('',#997,#998,#1150,.T.);
#802=EDGE_CURVE('',#999,#998,#177,.T.);
#803=EDGE_CURVE('',#996,#999,#1151,.T.);
#804=EDGE_CURVE('',#999,#1000,#1152,.T.);
#805=EDGE_CURVE('',#1001,#1000,#1153,.T.);
#806=EDGE_CURVE('',#996,#1001,#1154,.T.);
#807=EDGE_CURVE('',#1000,#985,#178,.T.);
#808=EDGE_CURVE('',#1001,#987,#179,.T.);
#809=EDGE_CURVE('',#995,#997,#180,.T.);
#810=EDGE_CURVE('',#998,#994,#181,.F.);
#811=EDGE_CURVE('',#1002,#1003,#182,.T.);
#812=EDGE_CURVE('',#1004,#1002,#1155,.T.);
#813=EDGE_CURVE('',#1004,#1005,#183,.T.);
#814=EDGE_CURVE('',#1005,#1003,#1156,.T.);
#815=EDGE_CURVE('',#1002,#1006,#1157,.T.);
#816=EDGE_CURVE('',#1007,#1006,#1158,.T.);
#817=EDGE_CURVE('',#1004,#1007,#1159,.T.);
#818=EDGE_CURVE('',#1006,#1008,#184,.T.);
#819=EDGE_CURVE('',#1009,#1008,#1160,.T.);
#820=EDGE_CURVE('',#1007,#1009,#185,.T.);
#821=EDGE_CURVE('',#1003,#1008,#1161,.T.);
#822=EDGE_CURVE('',#1005,#1009,#1162,.T.);
#823=EDGE_CURVE('',#1010,#1011,#1163,.T.);
#824=EDGE_CURVE('',#1012,#1010,#1164,.T.);
#825=EDGE_CURVE('',#1012,#1013,#1165,.T.);
#826=EDGE_CURVE('',#1013,#1011,#1166,.T.);
#827=EDGE_CURVE('',#1014,#1010,#1167,.T.);
#828=EDGE_CURVE('',#1015,#1014,#1168,.T.);
#829=EDGE_CURVE('',#1015,#1012,#1169,.T.);
#830=EDGE_CURVE('',#1016,#1014,#186,.T.);
#831=EDGE_CURVE('',#1017,#1016,#1170,.T.);
#832=EDGE_CURVE('',#1017,#1015,#187,.T.);
#833=EDGE_CURVE('',#1016,#1011,#1171,.T.);
#834=EDGE_CURVE('',#1017,#1013,#1172,.T.);
#835=EDGE_CURVE('',#1018,#1019,#1173,.T.);
#836=EDGE_CURVE('',#1019,#1020,#58,.T.);
#837=EDGE_CURVE('',#1020,#1021,#1174,.T.);
#838=EDGE_CURVE('',#1022,#1021,#1175,.T.);
#839=EDGE_CURVE('',#1023,#1022,#1176,.T.);
#840=EDGE_CURVE('',#1023,#1018,#59,.T.);
#841=EDGE_CURVE('',#1020,#1023,#188,.F.);
#842=EDGE_CURVE('',#1022,#1021,#189,.T.);
#843=EDGE_CURVE('',#1018,#1019,#190,.T.);
#844=EDGE_CURVE('',#1024,#1025,#1177,.T.);
#845=EDGE_CURVE('',#1024,#1026,#60,.T.);
#846=EDGE_CURVE('',#1026,#1027,#1178,.T.);
#847=EDGE_CURVE('',#1027,#1028,#1179,.T.);
#848=EDGE_CURVE('',#1029,#1028,#1180,.T.);
#849=EDGE_CURVE('',#1029,#1025,#61,.T.);
#850=EDGE_CURVE('',#1026,#1029,#191,.F.);
#851=EDGE_CURVE('',#1028,#1027,#192,.T.);
#852=EDGE_CURVE('',#1025,#1024,#193,.T.);
#853=EDGE_CURVE('',#1030,#1031,#1181,.T.);
#854=EDGE_CURVE('',#1032,#1030,#1182,.T.);
#855=EDGE_CURVE('',#1032,#1033,#1183,.T.);
#856=EDGE_CURVE('',#1033,#1031,#1184,.T.);
#857=EDGE_CURVE('',#1030,#1034,#1185,.T.);
#858=EDGE_CURVE('',#1035,#1034,#1186,.T.);
#859=EDGE_CURVE('',#1032,#1035,#1187,.T.);
#860=EDGE_CURVE('',#1036,#1034,#1188,.T.);
#861=EDGE_CURVE('',#1037,#1036,#1189,.T.);
#862=EDGE_CURVE('',#1037,#1035,#1190,.T.);
#863=EDGE_CURVE('',#1036,#1038,#194,.T.);
#864=EDGE_CURVE('',#1039,#1038,#1191,.T.);
#865=EDGE_CURVE('',#1037,#1039,#195,.T.);
#866=EDGE_CURVE('',#1040,#1038,#1192,.T.);
#867=EDGE_CURVE('',#1041,#1040,#1193,.T.);
#868=EDGE_CURVE('',#1041,#1039,#1194,.T.);
#869=EDGE_CURVE('',#1042,#1040,#196,.T.);
#870=EDGE_CURVE('',#1043,#1042,#1195,.T.);
#871=EDGE_CURVE('',#1043,#1041,#197,.T.);
#872=EDGE_CURVE('',#1042,#1044,#1196,.T.);
#873=EDGE_CURVE('',#1044,#1045,#1197,.F.);
#874=EDGE_CURVE('',#1043,#1045,#1198,.T.);
#875=EDGE_CURVE('',#1033,#1046,#1199,.T.);
#876=EDGE_CURVE('',#1046,#1047,#1200,.T.);
#877=EDGE_CURVE('',#1031,#1047,#1201,.T.);
#878=EDGE_CURVE('',#1045,#1046,#198,.T.);
#879=EDGE_CURVE('',#1047,#1044,#199,.F.);
#880=EDGE_CURVE('',#1048,#1048,#200,.T.);
#881=EDGE_CURVE('',#1049,#1049,#201,.T.);
#882=EDGE_CURVE('',#1050,#1050,#202,.T.);
#883=EDGE_CURVE('',#1051,#1051,#203,.T.);
#884=EDGE_CURVE('',#1052,#1052,#204,.T.);
#885=EDGE_CURVE('',#1053,#1053,#205,.T.);
#886=EDGE_CURVE('',#1054,#1054,#206,.T.);
#887=EDGE_CURVE('',#1055,#1055,#207,.T.);
#888=EDGE_CURVE('',#1056,#1057,#1202,.T.);
#889=EDGE_CURVE('',#1057,#1058,#208,.F.);
#890=EDGE_CURVE('',#1058,#1059,#209,.T.);
#891=EDGE_CURVE('',#1059,#1056,#210,.F.);
#892=EDGE_CURVE('',#1060,#1061,#211,.F.);
#893=EDGE_CURVE('',#1061,#1062,#1203,.F.);
#894=EDGE_CURVE('',#1063,#1062,#212,.T.);
#895=EDGE_CURVE('',#1063,#1060,#1204,.T.);
#896=EDGE_CURVE('',#1064,#1064,#213,.T.);
#897=EDGE_CURVE('',#1065,#1066,#1205,.T.);
#898=EDGE_CURVE('',#1066,#1057,#1206,.F.);
#899=EDGE_CURVE('',#1056,#1065,#1207,.T.);
#900=EDGE_CURVE('',#1062,#1066,#214,.T.);
#901=EDGE_CURVE('',#1065,#1063,#215,.T.);
#902=EDGE_CURVE('',#1058,#1061,#62,.T.);
#903=EDGE_CURVE('',#1060,#1059,#63,.F.);
#904=EDGE_CURVE('',#1067,#1068,#216,.F.);
#905=EDGE_CURVE('',#1068,#1069,#1208,.F.);
#906=EDGE_CURVE('',#1070,#1069,#217,.T.);
#907=EDGE_CURVE('',#1070,#1067,#1209,.T.);
#908=EDGE_CURVE('',#1071,#1071,#218,.T.);
#909=EDGE_CURVE('',#1072,#1073,#1210,.T.);
#910=EDGE_CURVE('',#1072,#1074,#219,.F.);
#911=EDGE_CURVE('',#1074,#1075,#220,.T.);
#912=EDGE_CURVE('',#1075,#1073,#221,.F.);
#913=EDGE_CURVE('',#1076,#1077,#1211,.T.);
#914=EDGE_CURVE('',#1076,#1072,#1212,.T.);
#915=EDGE_CURVE('',#1073,#1077,#1213,.F.);
#916=EDGE_CURVE('',#1069,#1076,#222,.T.);
#917=EDGE_CURVE('',#1077,#1070,#223,.T.);
#918=EDGE_CURVE('',#1074,#1068,#64,.T.);
#919=EDGE_CURVE('',#1067,#1075,#65,.F.);
#920=VERTEX_POINT('',#2775);
#921=VERTEX_POINT('',#2776);
#922=VERTEX_POINT('',#2778);
#923=VERTEX_POINT('',#2780);
#924=VERTEX_POINT('',#2784);
#925=VERTEX_POINT('',#2785);
#926=VERTEX_POINT('',#2804);
#927=VERTEX_POINT('',#2805);
#928=VERTEX_POINT('',#2807);
#929=VERTEX_POINT('',#2809);
#930=VERTEX_POINT('',#2813);
#931=VERTEX_POINT('',#2815);
#932=VERTEX_POINT('',#2825);
#933=VERTEX_POINT('',#2826);
#934=VERTEX_POINT('',#2828);
#935=VERTEX_POINT('',#2830);
#936=VERTEX_POINT('',#2834);
#937=VERTEX_POINT('',#2836);
#938=VERTEX_POINT('',#2840);
#939=VERTEX_POINT('',#2842);
#940=VERTEX_POINT('',#2852);
#941=VERTEX_POINT('',#2853);
#942=VERTEX_POINT('',#2855);
#943=VERTEX_POINT('',#2857);
#944=VERTEX_POINT('',#2861);
#945=VERTEX_POINT('',#2862);
#946=VERTEX_POINT('',#2881);
#947=VERTEX_POINT('',#2882);
#948=VERTEX_POINT('',#2884);
#949=VERTEX_POINT('',#2886);
#950=VERTEX_POINT('',#2890);
#951=VERTEX_POINT('',#2892);
#952=VERTEX_POINT('',#2902);
#953=VERTEX_POINT('',#2903);
#954=VERTEX_POINT('',#2905);
#955=VERTEX_POINT('',#2907);
#956=VERTEX_POINT('',#2911);
#957=VERTEX_POINT('',#2913);
#958=VERTEX_POINT('',#2917);
#959=VERTEX_POINT('',#2919);
#960=VERTEX_POINT('',#2929);
#961=VERTEX_POINT('',#2930);
#962=VERTEX_POINT('',#2932);
#963=VERTEX_POINT('',#2934);
#964=VERTEX_POINT('',#2938);
#965=VERTEX_POINT('',#2940);
#966=VERTEX_POINT('',#2944);
#967=VERTEX_POINT('',#2946);
#968=VERTEX_POINT('',#2950);
#969=VERTEX_POINT('',#2952);
#970=VERTEX_POINT('',#2962);
#971=VERTEX_POINT('',#2963);
#972=VERTEX_POINT('',#2965);
#973=VERTEX_POINT('',#2967);
#974=VERTEX_POINT('',#2971);
#975=VERTEX_POINT('',#2973);
#976=VERTEX_POINT('',#2977);
#977=VERTEX_POINT('',#2979);
#978=VERTEX_POINT('',#2989);
#979=VERTEX_POINT('',#2990);
#980=VERTEX_POINT('',#2992);
#981=VERTEX_POINT('',#2994);
#982=VERTEX_POINT('',#2998);
#983=VERTEX_POINT('',#3000);
#984=VERTEX_POINT('',#3010);
#985=VERTEX_POINT('',#3011);
#986=VERTEX_POINT('',#3013);
#987=VERTEX_POINT('',#3015);
#988=VERTEX_POINT('',#3019);
#989=VERTEX_POINT('',#3021);
#990=VERTEX_POINT('',#3025);
#991=VERTEX_POINT('',#3027);
#992=VERTEX_POINT('',#3031);
#993=VERTEX_POINT('',#3033);
#994=VERTEX_POINT('',#3037);
#995=VERTEX_POINT('',#3039);
#996=VERTEX_POINT('',#3043);
#997=VERTEX_POINT('',#3044);
#998=VERTEX_POINT('',#3046);
#999=VERTEX_POINT('',#3048);
#1000=VERTEX_POINT('',#3052);
#1001=VERTEX_POINT('',#3054);
#1002=VERTEX_POINT('',#3067);
#1003=VERTEX_POINT('',#3068);
#1004=VERTEX_POINT('',#3070);
#1005=VERTEX_POINT('',#3072);
#1006=VERTEX_POINT('',#3076);
#1007=VERTEX_POINT('',#3078);
#1008=VERTEX_POINT('',#3082);
#1009=VERTEX_POINT('',#3084);
#1010=VERTEX_POINT('',#3094);
#1011=VERTEX_POINT('',#3095);
#1012=VERTEX_POINT('',#3097);
#1013=VERTEX_POINT('',#3099);
#1014=VERTEX_POINT('',#3103);
#1015=VERTEX_POINT('',#3105);
#1016=VERTEX_POINT('',#3109);
#1017=VERTEX_POINT('',#3111);
#1018=VERTEX_POINT('',#3121);
#1019=VERTEX_POINT('',#3122);
#1020=VERTEX_POINT('',#3128);
#1021=VERTEX_POINT('',#3130);
#1022=VERTEX_POINT('',#3132);
#1023=VERTEX_POINT('',#3134);
#1024=VERTEX_POINT('',#3150);
#1025=VERTEX_POINT('',#3151);
#1026=VERTEX_POINT('',#3157);
#1027=VERTEX_POINT('',#3159);
#1028=VERTEX_POINT('',#3161);
#1029=VERTEX_POINT('',#3163);
#1030=VERTEX_POINT('',#3179);
#1031=VERTEX_POINT('',#3180);
#1032=VERTEX_POINT('',#3182);
#1033=VERTEX_POINT('',#3184);
#1034=VERTEX_POINT('',#3188);
#1035=VERTEX_POINT('',#3190);
#1036=VERTEX_POINT('',#3194);
#1037=VERTEX_POINT('',#3196);
#1038=VERTEX_POINT('',#3200);
#1039=VERTEX_POINT('',#3202);
#1040=VERTEX_POINT('',#3206);
#1041=VERTEX_POINT('',#3208);
#1042=VERTEX_POINT('',#3212);
#1043=VERTEX_POINT('',#3214);
#1044=VERTEX_POINT('',#3218);
#1045=VERTEX_POINT('',#3220);
#1046=VERTEX_POINT('',#3224);
#1047=VERTEX_POINT('',#3226);
#1048=VERTEX_POINT('',#3236);
#1049=VERTEX_POINT('',#3238);
#1050=VERTEX_POINT('',#3241);
#1051=VERTEX_POINT('',#3243);
#1052=VERTEX_POINT('',#3249);
#1053=VERTEX_POINT('',#3251);
#1054=VERTEX_POINT('',#3254);
#1055=VERTEX_POINT('',#3256);
#1056=VERTEX_POINT('',#3262);
#1057=VERTEX_POINT('',#3263);
#1058=VERTEX_POINT('',#3265);
#1059=VERTEX_POINT('',#3267);
#1060=VERTEX_POINT('',#3271);
#1061=VERTEX_POINT('',#3272);
#1062=VERTEX_POINT('',#3274);
#1063=VERTEX_POINT('',#3276);
#1064=VERTEX_POINT('',#3279);
#1065=VERTEX_POINT('',#3283);
#1066=VERTEX_POINT('',#3284);
#1067=VERTEX_POINT('',#3308);
#1068=VERTEX_POINT('',#3309);
#1069=VERTEX_POINT('',#3311);
#1070=VERTEX_POINT('',#3313);
#1071=VERTEX_POINT('',#3316);
#1072=VERTEX_POINT('',#3319);
#1073=VERTEX_POINT('',#3320);
#1074=VERTEX_POINT('',#3322);
#1075=VERTEX_POINT('',#3324);
#1076=VERTEX_POINT('',#3329);
#1077=VERTEX_POINT('',#3330);
#1078=LINE('',#2774,#1214);
#1079=LINE('',#2779,#1215);
#1080=LINE('',#2783,#1216);
#1081=LINE('',#2791,#1217);
#1082=LINE('',#2803,#1218);
#1083=LINE('',#2806,#1219);
#1084=LINE('',#2808,#1220);
#1085=LINE('',#2810,#1221);
#1086=LINE('',#2814,#1222);
#1087=LINE('',#2818,#1223);
#1088=LINE('',#2819,#1224);
#1089=LINE('',#2827,#1225);
#1090=LINE('',#2831,#1226);
#1091=LINE('',#2833,#1227);
#1092=LINE('',#2835,#1228);
#1093=LINE('',#2837,#1229);
#1094=LINE('',#2839,#1230);
#1095=LINE('',#2841,#1231);
#1096=LINE('',#2843,#1232);
#1097=LINE('',#2845,#1233);
#1098=LINE('',#2846,#1234);
#1099=LINE('',#2851,#1235);
#1100=LINE('',#2856,#1236);
#1101=LINE('',#2860,#1237);
#1102=LINE('',#2868,#1238);
#1103=LINE('',#2880,#1239);
#1104=LINE('',#2883,#1240);
#1105=LINE('',#2885,#1241);
#1106=LINE('',#2887,#1242);
#1107=LINE('',#2889,#1243);
#1108=LINE('',#2891,#1244);
#1109=LINE('',#2893,#1245);
#1110=LINE('',#2904,#1246);
#1111=LINE('',#2908,#1247);
#1112=LINE('',#2914,#1248);
#1113=LINE('',#2920,#1249);
#1114=LINE('',#2931,#1250);
#1115=LINE('',#2935,#1251);
#1116=LINE('',#2937,#1252);
#1117=LINE('',#2939,#1253);
#1118=LINE('',#2941,#1254);
#1119=LINE('',#2943,#1255);
#1120=LINE('',#2945,#1256);
#1121=LINE('',#2947,#1257);
#1122=LINE('',#2949,#1258);
#1123=LINE('',#2951,#1259);
#1124=LINE('',#2953,#1260);
#1125=LINE('',#2955,#1261);
#1126=LINE('',#2956,#1262);
#1127=LINE('',#2964,#1263);
#1128=LINE('',#2968,#1264);
#1129=LINE('',#2974,#1265);
#1130=LINE('',#2980,#1266);
#1131=LINE('',#2988,#1267);
#1132=LINE('',#2991,#1268);
#1133=LINE('',#2993,#1269);
#1134=LINE('',#2995,#1270);
#1135=LINE('',#2999,#1271);
#1136=LINE('',#3003,#1272);
#1137=LINE('',#3004,#1273);
#1138=LINE('',#3009,#1274);
#1139=LINE('',#3012,#1275);
#1140=LINE('',#3014,#1276);
#1141=LINE('',#3016,#1277);
#1142=LINE('',#3020,#1278);
#1143=LINE('',#3024,#1279);
#1144=LINE('',#3026,#1280);
#1145=LINE('',#3028,#1281);
#1146=LINE('',#3032,#1282);
#1147=LINE('',#3036,#1283);
#1148=LINE('',#3038,#1284);
#1149=LINE('',#3040,#1285);
#1150=LINE('',#3045,#1286);
#1151=LINE('',#3049,#1287);
#1152=LINE('',#3051,#1288);
#1153=LINE('',#3053,#1289);
#1154=LINE('',#3055,#1290);
#1155=LINE('',#3069,#1291);
#1156=LINE('',#3073,#1292);
#1157=LINE('',#3075,#1293);
#1158=LINE('',#3077,#1294);
#1159=LINE('',#3079,#1295);
#1160=LINE('',#3083,#1296);
#1161=LINE('',#3087,#1297);
#1162=LINE('',#3088,#1298);
#1163=LINE('',#3093,#1299);
#1164=LINE('',#3096,#1300);
#1165=LINE('',#3098,#1301);
#1166=LINE('',#3100,#1302);
#1167=LINE('',#3102,#1303);
#1168=LINE('',#3104,#1304);
#1169=LINE('',#3106,#1305);
#1170=LINE('',#3110,#1306);
#1171=LINE('',#3114,#1307);
#1172=LINE('',#3115,#1308);
#1173=LINE('',#3120,#1309);
#1174=LINE('',#3129,#1310);
#1175=LINE('',#3131,#1311);
#1176=LINE('',#3133,#1312);
#1177=LINE('',#3149,#1313);
#1178=LINE('',#3158,#1314);
#1179=LINE('',#3160,#1315);
#1180=LINE('',#3162,#1316);
#1181=LINE('',#3178,#1317);
#1182=LINE('',#3181,#1318);
#1183=LINE('',#3183,#1319);
#1184=LINE('',#3185,#1320);
#1185=LINE('',#3187,#1321);
#1186=LINE('',#3189,#1322);
#1187=LINE('',#3191,#1323);
#1188=LINE('',#3193,#1324);
#1189=LINE('',#3195,#1325);
#1190=LINE('',#3197,#1326);
#1191=LINE('',#3201,#1327);
#1192=LINE('',#3205,#1328);
#1193=LINE('',#3207,#1329);
#1194=LINE('',#3209,#1330);
#1195=LINE('',#3213,#1331);
#1196=LINE('',#3217,#1332);
#1197=LINE('',#3219,#1333);
#1198=LINE('',#3221,#1334);
#1199=LINE('',#3223,#1335);
#1200=LINE('',#3225,#1336);
#1201=LINE('',#3227,#1337);
#1202=LINE('',#3261,#1338);
#1203=LINE('',#3273,#1339);
#1204=LINE('',#3277,#1340);
#1205=LINE('',#3282,#1341);
#1206=LINE('',#3285,#1342);
#1207=LINE('',#3286,#1343);
#1208=LINE('',#3310,#1344);
#1209=LINE('',#3314,#1345);
#1210=LINE('',#3318,#1346);
#1211=LINE('',#3328,#1347);
#1212=LINE('',#3331,#1348);
#1213=LINE('',#3332,#1349);
#1214=VECTOR('',#2198,1000.);
#1215=VECTOR('',#2201,1000.);
#1216=VECTOR('',#2206,1000.);
#1217=VECTOR('',#2207,1000.);
#1218=VECTOR('',#2220,1000.);
#1219=VECTOR('',#2221,1000.);
#1220=VECTOR('',#2222,1000.);
#1221=VECTOR('',#2223,1000.);
#1222=VECTOR('',#2228,1000.);
#1223=VECTOR('',#2233,1000.);
#1224=VECTOR('',#2234,1000.);
#1225=VECTOR('',#2245,1000.);
#1226=VECTOR('',#2248,1000.);
#1227=VECTOR('',#2251,1000.);
#1228=VECTOR('',#2252,1000.);
#1229=VECTOR('',#2253,1000.);
#1230=VECTOR('',#2256,1000.);
#1231=VECTOR('',#2257,1000.);
#1232=VECTOR('',#2258,1000.);
#1233=VECTOR('',#2261,1000.);
#1234=VECTOR('',#2262,1000.);
#1235=VECTOR('',#2271,1000.);
#1236=VECTOR('',#2274,1000.);
#1237=VECTOR('',#2279,1000.);
#1238=VECTOR('',#2280,1000.);
#1239=VECTOR('',#2293,1000.);
#1240=VECTOR('',#2294,1000.);
#1241=VECTOR('',#2295,1000.);
#1242=VECTOR('',#2296,1000.);
#1243=VECTOR('',#2299,1000.);
#1244=VECTOR('',#2300,1000.);
#1245=VECTOR('',#2301,1000.);
#1246=VECTOR('',#2318,1000.);
#1247=VECTOR('',#2321,1000.);
#1248=VECTOR('',#2328,1000.);
#1249=VECTOR('',#2335,1000.);
#1250=VECTOR('',#2352,1000.);
#1251=VECTOR('',#2355,1000.);
#1252=VECTOR('',#2358,1000.);
#1253=VECTOR('',#2359,1000.);
#1254=VECTOR('',#2360,1000.);
#1255=VECTOR('',#2363,1000.);
#1256=VECTOR('',#2364,1000.);
#1257=VECTOR('',#2365,1000.);
#1258=VECTOR('',#2368,1000.);
#1259=VECTOR('',#2369,1000.);
#1260=VECTOR('',#2370,1000.);
#1261=VECTOR('',#2373,1000.);
#1262=VECTOR('',#2374,1000.);
#1263=VECTOR('',#2385,1000.);
#1264=VECTOR('',#2388,1000.);
#1265=VECTOR('',#2395,1000.);
#1266=VECTOR('',#2402,1000.);
#1267=VECTOR('',#2417,1000.);
#1268=VECTOR('',#2418,1000.);
#1269=VECTOR('',#2419,1000.);
#1270=VECTOR('',#2420,1000.);
#1271=VECTOR('',#2425,1000.);
#1272=VECTOR('',#2430,1000.);
#1273=VECTOR('',#2431,1000.);
#1274=VECTOR('',#2440,1000.);
#1275=VECTOR('',#2441,1000.);
#1276=VECTOR('',#2442,1000.);
#1277=VECTOR('',#2443,1000.);
#1278=VECTOR('',#2448,1000.);
#1279=VECTOR('',#2453,1000.);
#1280=VECTOR('',#2454,1000.);
#1281=VECTOR('',#2455,1000.);
#1282=VECTOR('',#2460,1000.);
#1283=VECTOR('',#2465,1000.);
#1284=VECTOR('',#2466,1000.);
#1285=VECTOR('',#2467,1000.);
#1286=VECTOR('',#2472,1000.);
#1287=VECTOR('',#2475,1000.);
#1288=VECTOR('',#2478,1000.);
#1289=VECTOR('',#2479,1000.);
#1290=VECTOR('',#2480,1000.);
#1291=VECTOR('',#2503,1000.);
#1292=VECTOR('',#2506,1000.);
#1293=VECTOR('',#2509,1000.);
#1294=VECTOR('',#2510,1000.);
#1295=VECTOR('',#2511,1000.);
#1296=VECTOR('',#2516,1000.);
#1297=VECTOR('',#2521,1000.);
#1298=VECTOR('',#2522,1000.);
#1299=VECTOR('',#2531,1000.);
#1300=VECTOR('',#2532,1000.);
#1301=VECTOR('',#2533,1000.);
#1302=VECTOR('',#2534,1000.);
#1303=VECTOR('',#2537,1000.);
#1304=VECTOR('',#2538,1000.);
#1305=VECTOR('',#2539,1000.);
#1306=VECTOR('',#2544,1000.);
#1307=VECTOR('',#2549,1000.);
#1308=VECTOR('',#2550,1000.);
#1309=VECTOR('',#2559,1000.);
#1310=VECTOR('',#2560,1000.);
#1311=VECTOR('',#2561,1000.);
#1312=VECTOR('',#2562,1000.);
#1313=VECTOR('',#2581,1000.);
#1314=VECTOR('',#2582,1000.);
#1315=VECTOR('',#2583,1000.);
#1316=VECTOR('',#2584,1000.);
#1317=VECTOR('',#2603,1000.);
#1318=VECTOR('',#2604,1000.);
#1319=VECTOR('',#2605,1000.);
#1320=VECTOR('',#2606,1000.);
#1321=VECTOR('',#2609,1000.);
#1322=VECTOR('',#2610,1000.);
#1323=VECTOR('',#2611,1000.);
#1324=VECTOR('',#2614,1000.);
#1325=VECTOR('',#2615,1000.);
#1326=VECTOR('',#2616,1000.);
#1327=VECTOR('',#2621,1000.);
#1328=VECTOR('',#2626,1000.);
#1329=VECTOR('',#2627,1000.);
#1330=VECTOR('',#2628,1000.);
#1331=VECTOR('',#2633,1000.);
#1332=VECTOR('',#2638,1000.);
#1333=VECTOR('',#2639,1000.);
#1334=VECTOR('',#2640,1000.);
#1335=VECTOR('',#2643,1000.);
#1336=VECTOR('',#2644,1000.);
#1337=VECTOR('',#2645,1000.);
#1338=VECTOR('',#2696,1000.);
#1339=VECTOR('',#2707,1000.);
#1340=VECTOR('',#2710,1000.);
#1341=VECTOR('',#2717,1000.);
#1342=VECTOR('',#2718,1000.);
#1343=VECTOR('',#2719,1000.);
#1344=VECTOR('',#2738,1000.);
#1345=VECTOR('',#2741,1000.);
#1346=VECTOR('',#2746,1000.);
#1347=VECTOR('',#2757,1000.);
#1348=VECTOR('',#2758,1000.);
#1349=VECTOR('',#2759,1000.);
#1350=EDGE_LOOP('',(#224,#225,#226,#227));
#1351=EDGE_LOOP('',(#228,#229,#230,#231,#232,#233));
#1352=EDGE_LOOP('',(#234,#235));
#1353=EDGE_LOOP('',(#236,#237));
#1354=EDGE_LOOP('',(#238,#239,#240,#241));
#1355=EDGE_LOOP('',(#242,#243,#244,#245));
#1356=EDGE_LOOP('',(#246,#247,#248,#249));
#1357=EDGE_LOOP('',(#250,#251,#252,#253));
#1358=EDGE_LOOP('',(#254,#255,#256));
#1359=EDGE_LOOP('',(#257,#258,#259));
#1360=EDGE_LOOP('',(#260,#261,#262,#263));
#1361=EDGE_LOOP('',(#264,#265,#266,#267));
#1362=EDGE_LOOP('',(#268,#269,#270,#271));
#1363=EDGE_LOOP('',(#272,#273,#274,#275));
#1364=EDGE_LOOP('',(#276,#277,#278,#279));
#1365=EDGE_LOOP('',(#280,#281,#282,#283));
#1366=EDGE_LOOP('',(#284,#285,#286,#287));
#1367=EDGE_LOOP('',(#288,#289,#290,#291,#292,#293));
#1368=EDGE_LOOP('',(#294,#295));
#1369=EDGE_LOOP('',(#296,#297));
#1370=EDGE_LOOP('',(#298,#299,#300,#301));
#1371=EDGE_LOOP('',(#302,#303,#304,#305));
#1372=EDGE_LOOP('',(#306,#307,#308,#309));
#1373=EDGE_LOOP('',(#310,#311,#312,#313));
#1374=EDGE_LOOP('',(#314,#315,#316));
#1375=EDGE_LOOP('',(#317,#318,#319));
#1376=EDGE_LOOP('',(#320,#321,#322,#323));
#1377=EDGE_LOOP('',(#324,#325,#326,#327));
#1378=EDGE_LOOP('',(#328,#329,#330,#331));
#1379=EDGE_LOOP('',(#332,#333,#334,#335));
#1380=EDGE_LOOP('',(#336,#337,#338,#339));
#1381=EDGE_LOOP('',(#340,#341,#342,#343));
#1382=EDGE_LOOP('',(#344,#345,#346,#347));
#1383=EDGE_LOOP('',(#348,#349,#350,#351));
#1384=EDGE_LOOP('',(#352,#353,#354,#355));
#1385=EDGE_LOOP('',(#356,#357,#358,#359));
#1386=EDGE_LOOP('',(#360,#361,#362,#363));
#1387=EDGE_LOOP('',(#364,#365,#366,#367,#368));
#1388=EDGE_LOOP('',(#369,#370,#371,#372,#373));
#1389=EDGE_LOOP('',(#374,#375,#376,#377));
#1390=EDGE_LOOP('',(#378,#379,#380,#381));
#1391=EDGE_LOOP('',(#382,#383,#384,#385));
#1392=EDGE_LOOP('',(#386,#387,#388,#389));
#1393=EDGE_LOOP('',(#390,#391,#392,#393));
#1394=EDGE_LOOP('',(#394,#395,#396,#397));
#1395=EDGE_LOOP('',(#398,#399,#400,#401));
#1396=EDGE_LOOP('',(#402,#403,#404,#405));
#1397=EDGE_LOOP('',(#406,#407,#408,#409));
#1398=EDGE_LOOP('',(#410,#411,#412));
#1399=EDGE_LOOP('',(#413,#414,#415));
#1400=EDGE_LOOP('',(#416,#417,#418,#419));
#1401=EDGE_LOOP('',(#420,#421,#422,#423));
#1402=EDGE_LOOP('',(#424,#425,#426,#427));
#1403=EDGE_LOOP('',(#428,#429,#430,#431));
#1404=EDGE_LOOP('',(#432,#433,#434,#435));
#1405=EDGE_LOOP('',(#436,#437,#438,#439));
#1406=EDGE_LOOP('',(#440,#441,#442,#443));
#1407=EDGE_LOOP('',(#444,#445,#446,#447));
#1408=EDGE_LOOP('',(#448,#449,#450,#451,#452,#453,#454,#455,#456));
#1409=EDGE_LOOP('',(#457,#458,#459,#460,#461,#462,#463,#464,#465));
#1410=EDGE_LOOP('',(#466,#467,#468,#469));
#1411=EDGE_LOOP('',(#470,#471,#472,#473));
#1412=EDGE_LOOP('',(#474,#475,#476,#477));
#1413=EDGE_LOOP('',(#478,#479,#480,#481));
#1414=EDGE_LOOP('',(#482,#483,#484,#485));
#1415=EDGE_LOOP('',(#486,#487,#488,#489));
#1416=EDGE_LOOP('',(#490,#491,#492,#493));
#1417=EDGE_LOOP('',(#494,#495,#496,#497));
#1418=EDGE_LOOP('',(#498,#499,#500,#501));
#1419=EDGE_LOOP('',(#502,#503,#504,#505));
#1420=EDGE_LOOP('',(#506,#507,#508,#509));
#1421=EDGE_LOOP('',(#510,#511,#512,#513));
#1422=EDGE_LOOP('',(#514,#515,#516,#517));
#1423=EDGE_LOOP('',(#518,#519,#520,#521,#522,#523));
#1424=EDGE_LOOP('',(#524,#525,#526,#527));
#1425=EDGE_LOOP('',(#528,#529));
#1426=EDGE_LOOP('',(#530,#531));
#1427=EDGE_LOOP('',(#532,#533,#534,#535));
#1428=EDGE_LOOP('',(#536,#537,#538,#539,#540,#541));
#1429=EDGE_LOOP('',(#542,#543,#544,#545));
#1430=EDGE_LOOP('',(#546,#547));
#1431=EDGE_LOOP('',(#548,#549));
#1432=EDGE_LOOP('',(#550,#551,#552,#553));
#1433=EDGE_LOOP('',(#554,#555,#556,#557));
#1434=EDGE_LOOP('',(#558,#559,#560,#561));
#1435=EDGE_LOOP('',(#562,#563,#564,#565));
#1436=EDGE_LOOP('',(#566,#567,#568,#569));
#1437=EDGE_LOOP('',(#570,#571,#572,#573));
#1438=EDGE_LOOP('',(#574,#575,#576,#577));
#1439=EDGE_LOOP('',(#578,#579,#580,#581));
#1440=EDGE_LOOP('',(#582,#583,#584,#585));
#1441=EDGE_LOOP('',(#586,#587,#588,#589,#590,#591,#592,#593,#594));
#1442=EDGE_LOOP('',(#595,#596,#597,#598,#599,#600,#601,#602,#603));
#1443=EDGE_LOOP('',(#604,#605,#606,#607));
#1444=EDGE_LOOP('',(#608));
#1445=EDGE_LOOP('',(#609));
#1446=EDGE_LOOP('',(#610));
#1447=EDGE_LOOP('',(#611));
#1448=EDGE_LOOP('',(#612));
#1449=EDGE_LOOP('',(#613));
#1450=EDGE_LOOP('',(#614));
#1451=EDGE_LOOP('',(#615));
#1452=EDGE_LOOP('',(#616));
#1453=EDGE_LOOP('',(#617));
#1454=EDGE_LOOP('',(#618));
#1455=EDGE_LOOP('',(#619));
#1456=EDGE_LOOP('',(#620));
#1457=EDGE_LOOP('',(#621));
#1458=EDGE_LOOP('',(#622));
#1459=EDGE_LOOP('',(#623));
#1460=EDGE_LOOP('',(#624,#625,#626,#627));
#1461=EDGE_LOOP('',(#628,#629,#630,#631));
#1462=EDGE_LOOP('',(#632));
#1463=EDGE_LOOP('',(#633));
#1464=EDGE_LOOP('',(#634,#635,#636,#637));
#1465=EDGE_LOOP('',(#638,#639,#640,#641));
#1466=EDGE_LOOP('',(#642,#643,#644,#645,#646));
#1467=EDGE_LOOP('',(#647,#648,#649,#650,#651));
#1468=EDGE_LOOP('',(#652,#653,#654,#655));
#1469=EDGE_LOOP('',(#656,#657,#658,#659));
#1470=EDGE_LOOP('',(#660));
#1471=EDGE_LOOP('',(#661,#662,#663,#664));
#1472=EDGE_LOOP('',(#665));
#1473=EDGE_LOOP('',(#666,#667,#668,#669));
#1474=EDGE_LOOP('',(#670,#671,#672,#673));
#1475=EDGE_LOOP('',(#674,#675,#676,#677,#678));
#1476=EDGE_LOOP('',(#679,#680,#681,#682,#683));
#1477=EDGE_LOOP('',(#684,#685,#686,#687));
#1478=FACE_BOUND('',#1350,.T.);
#1479=FACE_BOUND('',#1351,.T.);
#1480=FACE_BOUND('',#1352,.T.);
#1481=FACE_BOUND('',#1353,.T.);
#1482=FACE_BOUND('',#1354,.T.);
#1483=FACE_BOUND('',#1355,.T.);
#1484=FACE_BOUND('',#1356,.T.);
#1485=FACE_BOUND('',#1357,.T.);
#1486=FACE_BOUND('',#1358,.T.);
#1487=FACE_BOUND('',#1359,.T.);
#1488=FACE_BOUND('',#1360,.T.);
#1489=FACE_BOUND('',#1361,.T.);
#1490=FACE_BOUND('',#1362,.T.);
#1491=FACE_BOUND('',#1363,.T.);
#1492=FACE_BOUND('',#1364,.T.);
#1493=FACE_BOUND('',#1365,.T.);
#1494=FACE_BOUND('',#1366,.T.);
#1495=FACE_BOUND('',#1367,.T.);
#1496=FACE_BOUND('',#1368,.T.);
#1497=FACE_BOUND('',#1369,.T.);
#1498=FACE_BOUND('',#1370,.T.);
#1499=FACE_BOUND('',#1371,.T.);
#1500=FACE_BOUND('',#1372,.T.);
#1501=FACE_BOUND('',#1373,.T.);
#1502=FACE_BOUND('',#1374,.T.);
#1503=FACE_BOUND('',#1375,.T.);
#1504=FACE_BOUND('',#1376,.T.);
#1505=FACE_BOUND('',#1377,.T.);
#1506=FACE_BOUND('',#1378,.T.);
#1507=FACE_BOUND('',#1379,.T.);
#1508=FACE_BOUND('',#1380,.T.);
#1509=FACE_BOUND('',#1381,.T.);
#1510=FACE_BOUND('',#1382,.T.);
#1511=FACE_BOUND('',#1383,.T.);
#1512=FACE_BOUND('',#1384,.T.);
#1513=FACE_BOUND('',#1385,.T.);
#1514=FACE_BOUND('',#1386,.T.);
#1515=FACE_BOUND('',#1387,.T.);
#1516=FACE_BOUND('',#1388,.T.);
#1517=FACE_BOUND('',#1389,.T.);
#1518=FACE_BOUND('',#1390,.T.);
#1519=FACE_BOUND('',#1391,.T.);
#1520=FACE_BOUND('',#1392,.T.);
#1521=FACE_BOUND('',#1393,.T.);
#1522=FACE_BOUND('',#1394,.T.);
#1523=FACE_BOUND('',#1395,.T.);
#1524=FACE_BOUND('',#1396,.T.);
#1525=FACE_BOUND('',#1397,.T.);
#1526=FACE_BOUND('',#1398,.T.);
#1527=FACE_BOUND('',#1399,.T.);
#1528=FACE_BOUND('',#1400,.T.);
#1529=FACE_BOUND('',#1401,.T.);
#1530=FACE_BOUND('',#1402,.T.);
#1531=FACE_BOUND('',#1403,.T.);
#1532=FACE_BOUND('',#1404,.T.);
#1533=FACE_BOUND('',#1405,.T.);
#1534=FACE_BOUND('',#1406,.T.);
#1535=FACE_BOUND('',#1407,.T.);
#1536=FACE_BOUND('',#1408,.T.);
#1537=FACE_BOUND('',#1409,.T.);
#1538=FACE_BOUND('',#1410,.T.);
#1539=FACE_BOUND('',#1411,.T.);
#1540=FACE_BOUND('',#1412,.T.);
#1541=FACE_BOUND('',#1413,.T.);
#1542=FACE_BOUND('',#1414,.T.);
#1543=FACE_BOUND('',#1415,.T.);
#1544=FACE_BOUND('',#1416,.T.);
#1545=FACE_BOUND('',#1417,.T.);
#1546=FACE_BOUND('',#1418,.T.);
#1547=FACE_BOUND('',#1419,.T.);
#1548=FACE_BOUND('',#1420,.T.);
#1549=FACE_BOUND('',#1421,.T.);
#1550=FACE_BOUND('',#1422,.T.);
#1551=FACE_BOUND('',#1423,.T.);
#1552=FACE_BOUND('',#1424,.T.);
#1553=FACE_BOUND('',#1425,.T.);
#1554=FACE_BOUND('',#1426,.T.);
#1555=FACE_BOUND('',#1427,.T.);
#1556=FACE_BOUND('',#1428,.T.);
#1557=FACE_BOUND('',#1429,.T.);
#1558=FACE_BOUND('',#1430,.T.);
#1559=FACE_BOUND('',#1431,.T.);
#1560=FACE_BOUND('',#1432,.T.);
#1561=FACE_BOUND('',#1433,.T.);
#1562=FACE_BOUND('',#1434,.T.);
#1563=FACE_BOUND('',#1435,.T.);
#1564=FACE_BOUND('',#1436,.T.);
#1565=FACE_BOUND('',#1437,.T.);
#1566=FACE_BOUND('',#1438,.T.);
#1567=FACE_BOUND('',#1439,.T.);
#1568=FACE_BOUND('',#1440,.T.);
#1569=FACE_BOUND('',#1441,.T.);
#1570=FACE_BOUND('',#1442,.T.);
#1571=FACE_BOUND('',#1443,.T.);
#1572=FACE_BOUND('',#1444,.T.);
#1573=FACE_BOUND('',#1445,.T.);
#1574=FACE_BOUND('',#1446,.T.);
#1575=FACE_BOUND('',#1447,.T.);
#1576=FACE_BOUND('',#1448,.T.);
#1577=FACE_BOUND('',#1449,.T.);
#1578=FACE_BOUND('',#1450,.T.);
#1579=FACE_BOUND('',#1451,.T.);
#1580=FACE_BOUND('',#1452,.T.);
#1581=FACE_BOUND('',#1453,.T.);
#1582=FACE_BOUND('',#1454,.T.);
#1583=FACE_BOUND('',#1455,.T.);
#1584=FACE_BOUND('',#1456,.T.);
#1585=FACE_BOUND('',#1457,.T.);
#1586=FACE_BOUND('',#1458,.T.);
#1587=FACE_BOUND('',#1459,.T.);
#1588=FACE_BOUND('',#1460,.T.);
#1589=FACE_BOUND('',#1461,.T.);
#1590=FACE_BOUND('',#1462,.T.);
#1591=FACE_BOUND('',#1463,.T.);
#1592=FACE_BOUND('',#1464,.T.);
#1593=FACE_BOUND('',#1465,.T.);
#1594=FACE_BOUND('',#1466,.T.);
#1595=FACE_BOUND('',#1467,.T.);
#1596=FACE_BOUND('',#1468,.T.);
#1597=FACE_BOUND('',#1469,.T.);
#1598=FACE_BOUND('',#1470,.T.);
#1599=FACE_BOUND('',#1471,.T.);
#1600=FACE_BOUND('',#1472,.T.);
#1601=FACE_BOUND('',#1473,.T.);
#1602=FACE_BOUND('',#1474,.T.);
#1603=FACE_BOUND('',#1475,.T.);
#1604=FACE_BOUND('',#1476,.T.);
#1605=FACE_BOUND('',#1477,.T.);
#1606=CYLINDRICAL_SURFACE('',#1974,15.0100087046701);
#1607=CYLINDRICAL_SURFACE('',#1984,42.7972875292156);
#1608=CYLINDRICAL_SURFACE('',#1991,41.297287529229);
#1609=CYLINDRICAL_SURFACE('',#2000,15.0294141389769);
#1610=CYLINDRICAL_SURFACE('',#2011,42.7972875292156);
#1611=CYLINDRICAL_SURFACE('',#2017,17.0100087046701);
#1612=CYLINDRICAL_SURFACE('',#2020,18.9256968010234);
#1613=CYLINDRICAL_SURFACE('',#2023,15.6885053856696);
#1614=CYLINDRICAL_SURFACE('',#2026,22.4337291963816);
#1615=CYLINDRICAL_SURFACE('',#2032,41.2972875292328);
#1616=CYLINDRICAL_SURFACE('',#2042,17.0294141389769);
#1617=CYLINDRICAL_SURFACE('',#2045,21.648991264817);
#1618=CYLINDRICAL_SURFACE('',#2048,32.9578977914194);
#1619=CYLINDRICAL_SURFACE('',#2051,43.388149203137);
#1620=CYLINDRICAL_SURFACE('',#2058,41.2972875292273);
#1621=CYLINDRICAL_SURFACE('',#2066,43.9639598514726);
#1622=CYLINDRICAL_SURFACE('',#2070,41.2972875292328);
#1623=CYLINDRICAL_SURFACE('',#2074,42.4639598514725);
#1624=CYLINDRICAL_SURFACE('',#2078,41.297287529229);
#1625=CYLINDRICAL_SURFACE('',#2085,1.);
#1626=CYLINDRICAL_SURFACE('',#2087,43.9639598514726);
#1627=CYLINDRICAL_SURFACE('',#2091,41.2972875292273);
#1628=CYLINDRICAL_SURFACE('',#2100,42.7972875292305);
#1629=CYLINDRICAL_SURFACE('',#2108,15.0294141389769);
#1630=CYLINDRICAL_SURFACE('',#2117,15.0100087046701);
#1631=CYLINDRICAL_SURFACE('',#2128,42.7972875292305);
#1632=CYLINDRICAL_SURFACE('',#2132,41.2972875292305);
#1633=CYLINDRICAL_SURFACE('',#2141,1.);
#1634=CYLINDRICAL_SURFACE('',#2143,15.0294141389769);
#1635=CYLINDRICAL_SURFACE('',#2146,17.0294141389769);
#1636=CYLINDRICAL_SURFACE('',#2152,15.0100087046701);
#1637=CYLINDRICAL_SURFACE('',#2155,17.0100087046701);
#1638=CYLINDRICAL_SURFACE('',#2165,15.0294141389769);
#1639=CYLINDRICAL_SURFACE('',#2174,2.);
#1640=CYLINDRICAL_SURFACE('',#2175,2.);
#1641=CYLINDRICAL_SURFACE('',#2178,15.0100087046701);
#1642=CYLINDRICAL_SURFACE('',#2191,2.);
#1643=CYLINDRICAL_SURFACE('',#2192,2.);
#1644=ADVANCED_FACE('',(#1478),#1606,.T.);
#1645=ADVANCED_FACE('',(#1479),#66,.T.);
#1646=ADVANCED_FACE('',(#1480),#67,.T.);
#1647=ADVANCED_FACE('',(#1481),#68,.F.);
#1648=ADVANCED_FACE('',(#1482),#48,.T.);
#1649=ADVANCED_FACE('',(#1483),#69,.T.);
#1650=ADVANCED_FACE('',(#1484),#1607,.F.);
#1651=ADVANCED_FACE('',(#1485),#70,.F.);
#1652=ADVANCED_FACE('',(#1486),#71,.T.);
#1653=ADVANCED_FACE('',(#1487),#72,.F.);
#1654=ADVANCED_FACE('',(#1488),#1608,.F.);
#1655=ADVANCED_FACE('',(#1489),#73,.F.);
#1656=ADVANCED_FACE('',(#1490),#74,.F.);
#1657=ADVANCED_FACE('',(#1491),#75,.T.);
#1658=ADVANCED_FACE('',(#1492),#76,.T.);
#1659=ADVANCED_FACE('',(#1493),#77,.F.);
#1660=ADVANCED_FACE('',(#1494),#1609,.T.);
#1661=ADVANCED_FACE('',(#1495),#78,.F.);
#1662=ADVANCED_FACE('',(#1496),#79,.T.);
#1663=ADVANCED_FACE('',(#1497),#80,.F.);
#1664=ADVANCED_FACE('',(#1498),#49,.T.);
#1665=ADVANCED_FACE('',(#1499),#81,.T.);
#1666=ADVANCED_FACE('',(#1500),#82,.F.);
#1667=ADVANCED_FACE('',(#1501),#1610,.F.);
#1668=ADVANCED_FACE('',(#1502),#83,.F.);
#1669=ADVANCED_FACE('',(#1503),#84,.T.);
#1670=ADVANCED_FACE('',(#1504),#1611,.F.);
#1671=ADVANCED_FACE('',(#1505),#1612,.T.);
#1672=ADVANCED_FACE('',(#1506),#1613,.T.);
#1673=ADVANCED_FACE('',(#1507),#1614,.F.);
#1674=ADVANCED_FACE('',(#1508),#85,.F.);
#1675=ADVANCED_FACE('',(#1509),#86,.T.);
#1676=ADVANCED_FACE('',(#1510),#1615,.F.);
#1677=ADVANCED_FACE('',(#1511),#87,.F.);
#1678=ADVANCED_FACE('',(#1512),#88,.F.);
#1679=ADVANCED_FACE('',(#1513),#89,.F.);
#1680=ADVANCED_FACE('',(#1514),#90,.T.);
#1681=ADVANCED_FACE('',(#1515),#91,.T.);
#1682=ADVANCED_FACE('',(#1516),#92,.F.);
#1683=ADVANCED_FACE('',(#1517),#1616,.F.);
#1684=ADVANCED_FACE('',(#1518),#1617,.T.);
#1685=ADVANCED_FACE('',(#1519),#1618,.T.);
#1686=ADVANCED_FACE('',(#1520),#1619,.F.);
#1687=ADVANCED_FACE('',(#1521),#93,.F.);
#1688=ADVANCED_FACE('',(#1522),#94,.T.);
#1689=ADVANCED_FACE('',(#1523),#95,.T.);
#1690=ADVANCED_FACE('',(#1524),#1620,.F.);
#1691=ADVANCED_FACE('',(#1525),#96,.F.);
#1692=ADVANCED_FACE('',(#1526),#97,.T.);
#1693=ADVANCED_FACE('',(#1527),#98,.F.);
#1694=ADVANCED_FACE('',(#1528),#99,.T.);
#1695=ADVANCED_FACE('',(#1529),#1621,.T.);
#1696=ADVANCED_FACE('',(#1530),#100,.F.);
#1697=ADVANCED_FACE('',(#1531),#1622,.T.);
#1698=ADVANCED_FACE('',(#1532),#101,.T.);
#1699=ADVANCED_FACE('',(#1533),#1623,.F.);
#1700=ADVANCED_FACE('',(#1534),#102,.F.);
#1701=ADVANCED_FACE('',(#1535),#1624,.T.);
#1702=ADVANCED_FACE('',(#1536),#103,.T.);
#1703=ADVANCED_FACE('',(#1537),#104,.F.);
#1704=ADVANCED_FACE('',(#1538),#1625,.T.);
#1705=ADVANCED_FACE('',(#1539),#1626,.F.);
#1706=ADVANCED_FACE('',(#1540),#105,.F.);
#1707=ADVANCED_FACE('',(#1541),#1627,.T.);
#1708=ADVANCED_FACE('',(#1542),#106,.T.);
#1709=ADVANCED_FACE('',(#1543),#107,.T.);
#1710=ADVANCED_FACE('',(#1544),#108,.F.);
#1711=ADVANCED_FACE('',(#1545),#109,.T.);
#1712=ADVANCED_FACE('',(#1546),#110,.T.);
#1713=ADVANCED_FACE('',(#1547),#1628,.F.);
#1714=ADVANCED_FACE('',(#1548),#111,.F.);
#1715=ADVANCED_FACE('',(#1549),#112,.T.);
#1716=ADVANCED_FACE('',(#1550),#113,.F.);
#1717=ADVANCED_FACE('',(#1551),#114,.T.);
#1718=ADVANCED_FACE('',(#1552),#1629,.T.);
#1719=ADVANCED_FACE('',(#1553),#115,.T.);
#1720=ADVANCED_FACE('',(#1554),#116,.F.);
#1721=ADVANCED_FACE('',(#1555),#50,.T.);
#1722=ADVANCED_FACE('',(#1556),#117,.F.);
#1723=ADVANCED_FACE('',(#1557),#1630,.T.);
#1724=ADVANCED_FACE('',(#1558),#118,.T.);
#1725=ADVANCED_FACE('',(#1559),#119,.F.);
#1726=ADVANCED_FACE('',(#1560),#51,.T.);
#1727=ADVANCED_FACE('',(#1561),#120,.T.);
#1728=ADVANCED_FACE('',(#1562),#121,.F.);
#1729=ADVANCED_FACE('',(#1563),#122,.T.);
#1730=ADVANCED_FACE('',(#1564),#1631,.T.);
#1731=ADVANCED_FACE('',(#1565),#123,.T.);
#1732=ADVANCED_FACE('',(#1566),#1632,.F.);
#1733=ADVANCED_FACE('',(#1567),#124,.F.);
#1734=ADVANCED_FACE('',(#1568),#125,.T.);
#1735=ADVANCED_FACE('',(#1569),#126,.T.);
#1736=ADVANCED_FACE('',(#1570),#127,.F.);
#1737=ADVANCED_FACE('',(#1571),#1633,.T.);
#1738=ADVANCED_FACE('',(#1572,#1573),#1634,.F.);
#1739=ADVANCED_FACE('',(#1574,#1575),#1635,.T.);
#1740=ADVANCED_FACE('',(#1576,#1577),#128,.T.);
#1741=ADVANCED_FACE('',(#1578,#1579),#129,.F.);
#1742=ADVANCED_FACE('',(#1580,#1581),#1636,.F.);
#1743=ADVANCED_FACE('',(#1582,#1583),#1637,.T.);
#1744=ADVANCED_FACE('',(#1584,#1585),#130,.T.);
#1745=ADVANCED_FACE('',(#1586,#1587),#131,.F.);
#1746=ADVANCED_FACE('',(#1588),#132,.T.);
#1747=ADVANCED_FACE('',(#1589,#1590),#1638,.T.);
#1748=ADVANCED_FACE('',(#1591),#133,.F.);
#1749=ADVANCED_FACE('',(#1592),#134,.T.);
#1750=ADVANCED_FACE('',(#1593),#135,.T.);
#1751=ADVANCED_FACE('',(#1594),#1639,.T.);
#1752=ADVANCED_FACE('',(#1595),#1640,.T.);
#1753=ADVANCED_FACE('',(#1596),#52,.T.);
#1754=ADVANCED_FACE('',(#1597,#1598),#1641,.T.);
#1755=ADVANCED_FACE('',(#1599),#136,.T.);
#1756=ADVANCED_FACE('',(#1600),#137,.F.);
#1757=ADVANCED_FACE('',(#1601),#138,.F.);
#1758=ADVANCED_FACE('',(#1602),#139,.T.);
#1759=ADVANCED_FACE('',(#1603),#1642,.T.);
#1760=ADVANCED_FACE('',(#1604),#1643,.T.);
#1761=ADVANCED_FACE('',(#1605),#53,.T.);
#1762=CLOSED_SHELL('',(#1644,#1645,#1646,#1647,#1648));
#1763=CLOSED_SHELL('',(#1649,#1650,#1651,#1652,#1653));
#1764=CLOSED_SHELL('',(#1654,#1655,#1656,#1657,#1658,#1659));
#1765=CLOSED_SHELL('',(#1660,#1661,#1662,#1663,#1664));
#1766=CLOSED_SHELL('',(#1665,#1666,#1667,#1668,#1669));
#1767=CLOSED_SHELL('',(#1670,#1671,#1672,#1673,#1674,#1675));
#1768=CLOSED_SHELL('',(#1676,#1677,#1678,#1679,#1680,#1681,#1682));
#1769=CLOSED_SHELL('',(#1683,#1684,#1685,#1686,#1687,#1688));
#1770=CLOSED_SHELL('',(#1689,#1690,#1691,#1692,#1693));
#1771=CLOSED_SHELL('',(#1694,#1695,#1696,#1697,#1698,#1699,#1700,#1701,
#1702,#1703,#1704));
#1772=CLOSED_SHELL('',(#1705,#1706,#1707,#1708,#1709,#1710));
#1773=CLOSED_SHELL('',(#1711,#1712,#1713,#1714,#1715,#1716));
#1774=CLOSED_SHELL('',(#1717,#1718,#1719,#1720,#1721));
#1775=CLOSED_SHELL('',(#1722,#1723,#1724,#1725,#1726));
#1776=CLOSED_SHELL('',(#1727,#1728,#1729,#1730,#1731,#1732,#1733,#1734,
#1735,#1736,#1737));
#1777=CLOSED_SHELL('',(#1738,#1739,#1740,#1741));
#1778=CLOSED_SHELL('',(#1742,#1743,#1744,#1745));
#1779=CLOSED_SHELL('',(#1746,#1747,#1748,#1749,#1750,#1751,#1752,#1753));
#1780=CLOSED_SHELL('',(#1754,#1755,#1756,#1757,#1758,#1759,#1760,#1761));
#1781=STYLED_ITEM('',(#1800),#1916);
#1782=STYLED_ITEM('',(#1801),#1917);
#1783=STYLED_ITEM('',(#1802),#1918);
#1784=STYLED_ITEM('',(#1803),#1919);
#1785=STYLED_ITEM('',(#1804),#1920);
#1786=STYLED_ITEM('',(#1805),#1921);
#1787=STYLED_ITEM('',(#1806),#1922);
#1788=STYLED_ITEM('',(#1807),#1923);
#1789=STYLED_ITEM('',(#1808),#1924);
#1790=STYLED_ITEM('',(#1809),#1925);
#1791=STYLED_ITEM('',(#1810),#1926);
#1792=STYLED_ITEM('',(#1811),#1927);
#1793=STYLED_ITEM('',(#1812),#1928);
#1794=STYLED_ITEM('',(#1813),#1929);
#1795=STYLED_ITEM('',(#1814),#1930);
#1796=STYLED_ITEM('',(#1815),#1931);
#1797=STYLED_ITEM('',(#1816),#1932);
#1798=STYLED_ITEM('',(#1817),#1933);
#1799=STYLED_ITEM('',(#1818),#1934);
#1800=PRESENTATION_STYLE_ASSIGNMENT((#1819));
#1801=PRESENTATION_STYLE_ASSIGNMENT((#1820));
#1802=PRESENTATION_STYLE_ASSIGNMENT((#1821));
#1803=PRESENTATION_STYLE_ASSIGNMENT((#1822));
#1804=PRESENTATION_STYLE_ASSIGNMENT((#1823));
#1805=PRESENTATION_STYLE_ASSIGNMENT((#1824));
#1806=PRESENTATION_STYLE_ASSIGNMENT((#1825));
#1807=PRESENTATION_STYLE_ASSIGNMENT((#1826));
#1808=PRESENTATION_STYLE_ASSIGNMENT((#1827));
#1809=PRESENTATION_STYLE_ASSIGNMENT((#1828));
#1810=PRESENTATION_STYLE_ASSIGNMENT((#1829));
#1811=PRESENTATION_STYLE_ASSIGNMENT((#1830));
#1812=PRESENTATION_STYLE_ASSIGNMENT((#1831));
#1813=PRESENTATION_STYLE_ASSIGNMENT((#1832));
#1814=PRESENTATION_STYLE_ASSIGNMENT((#1833));
#1815=PRESENTATION_STYLE_ASSIGNMENT((#1834));
#1816=PRESENTATION_STYLE_ASSIGNMENT((#1835));
#1817=PRESENTATION_STYLE_ASSIGNMENT((#1836));
#1818=PRESENTATION_STYLE_ASSIGNMENT((#1837));
#1819=SURFACE_STYLE_USAGE(.BOTH.,#1838);
#1820=SURFACE_STYLE_USAGE(.BOTH.,#1839);
#1821=SURFACE_STYLE_USAGE(.BOTH.,#1840);
#1822=SURFACE_STYLE_USAGE(.BOTH.,#1841);
#1823=SURFACE_STYLE_USAGE(.BOTH.,#1842);
#1824=SURFACE_STYLE_USAGE(.BOTH.,#1843);
#1825=SURFACE_STYLE_USAGE(.BOTH.,#1844);
#1826=SURFACE_STYLE_USAGE(.BOTH.,#1845);
#1827=SURFACE_STYLE_USAGE(.BOTH.,#1846);
#1828=SURFACE_STYLE_USAGE(.BOTH.,#1847);
#1829=SURFACE_STYLE_USAGE(.BOTH.,#1848);
#1830=SURFACE_STYLE_USAGE(.BOTH.,#1849);
#1831=SURFACE_STYLE_USAGE(.BOTH.,#1850);
#1832=SURFACE_STYLE_USAGE(.BOTH.,#1851);
#1833=SURFACE_STYLE_USAGE(.BOTH.,#1852);
#1834=SURFACE_STYLE_USAGE(.BOTH.,#1853);
#1835=SURFACE_STYLE_USAGE(.BOTH.,#1854);
#1836=SURFACE_STYLE_USAGE(.BOTH.,#1855);
#1837=SURFACE_STYLE_USAGE(.BOTH.,#1856);
#1838=SURFACE_SIDE_STYLE('',(#1857));
#1839=SURFACE_SIDE_STYLE('',(#1858));
#1840=SURFACE_SIDE_STYLE('',(#1859));
#1841=SURFACE_SIDE_STYLE('',(#1860));
#1842=SURFACE_SIDE_STYLE('',(#1861));
#1843=SURFACE_SIDE_STYLE('',(#1862));
#1844=SURFACE_SIDE_STYLE('',(#1863));
#1845=SURFACE_SIDE_STYLE('',(#1864));
#1846=SURFACE_SIDE_STYLE('',(#1865));
#1847=SURFACE_SIDE_STYLE('',(#1866));
#1848=SURFACE_SIDE_STYLE('',(#1867));
#1849=SURFACE_SIDE_STYLE('',(#1868));
#1850=SURFACE_SIDE_STYLE('',(#1869));
#1851=SURFACE_SIDE_STYLE('',(#1870));
#1852=SURFACE_SIDE_STYLE('',(#1871));
#1853=SURFACE_SIDE_STYLE('',(#1872));
#1854=SURFACE_SIDE_STYLE('',(#1873));
#1855=SURFACE_SIDE_STYLE('',(#1874));
#1856=SURFACE_SIDE_STYLE('',(#1875));
#1857=SURFACE_STYLE_FILL_AREA(#1876);
#1858=SURFACE_STYLE_FILL_AREA(#1877);
#1859=SURFACE_STYLE_FILL_AREA(#1878);
#1860=SURFACE_STYLE_FILL_AREA(#1879);
#1861=SURFACE_STYLE_FILL_AREA(#1880);
#1862=SURFACE_STYLE_FILL_AREA(#1881);
#1863=SURFACE_STYLE_FILL_AREA(#1882);
#1864=SURFACE_STYLE_FILL_AREA(#1883);
#1865=SURFACE_STYLE_FILL_AREA(#1884);
#1866=SURFACE_STYLE_FILL_AREA(#1885);
#1867=SURFACE_STYLE_FILL_AREA(#1886);
#1868=SURFACE_STYLE_FILL_AREA(#1887);
#1869=SURFACE_STYLE_FILL_AREA(#1888);
#1870=SURFACE_STYLE_FILL_AREA(#1889);
#1871=SURFACE_STYLE_FILL_AREA(#1890);
#1872=SURFACE_STYLE_FILL_AREA(#1891);
#1873=SURFACE_STYLE_FILL_AREA(#1892);
#1874=SURFACE_STYLE_FILL_AREA(#1893);
#1875=SURFACE_STYLE_FILL_AREA(#1894);
#1876=FILL_AREA_STYLE('',(#1895));
#1877=FILL_AREA_STYLE('',(#1896));
#1878=FILL_AREA_STYLE('',(#1897));
#1879=FILL_AREA_STYLE('',(#1898));
#1880=FILL_AREA_STYLE('',(#1899));
#1881=FILL_AREA_STYLE('',(#1900));
#1882=FILL_AREA_STYLE('',(#1901));
#1883=FILL_AREA_STYLE('',(#1902));
#1884=FILL_AREA_STYLE('',(#1903));
#1885=FILL_AREA_STYLE('',(#1904));
#1886=FILL_AREA_STYLE('',(#1905));
#1887=FILL_AREA_STYLE('',(#1906));
#1888=FILL_AREA_STYLE('',(#1907));
#1889=FILL_AREA_STYLE('',(#1908));
#1890=FILL_AREA_STYLE('',(#1909));
#1891=FILL_AREA_STYLE('',(#1910));
#1892=FILL_AREA_STYLE('',(#1911));
#1893=FILL_AREA_STYLE('',(#1912));
#1894=FILL_AREA_STYLE('',(#1913));
#1895=FILL_AREA_STYLE_COLOUR('',#1914);
#1896=FILL_AREA_STYLE_COLOUR('',#1915);
#1897=FILL_AREA_STYLE_COLOUR('',#1915);
#1898=FILL_AREA_STYLE_COLOUR('',#1914);
#1899=FILL_AREA_STYLE_COLOUR('',#1914);
#1900=FILL_AREA_STYLE_COLOUR('',#1915);
#1901=FILL_AREA_STYLE_COLOUR('',#1915);
#1902=FILL_AREA_STYLE_COLOUR('',#1915);
#1903=FILL_AREA_STYLE_COLOUR('',#1914);
#1904=FILL_AREA_STYLE_COLOUR('',#1915);
#1905=FILL_AREA_STYLE_COLOUR('',#1914);
#1906=FILL_AREA_STYLE_COLOUR('',#1914);
#1907=FILL_AREA_STYLE_COLOUR('',#1914);
#1908=FILL_AREA_STYLE_COLOUR('',#1914);
#1909=FILL_AREA_STYLE_COLOUR('',#1915);
#1910=FILL_AREA_STYLE_COLOUR('',#1915);
#1911=FILL_AREA_STYLE_COLOUR('',#1915);
#1912=FILL_AREA_STYLE_COLOUR('',#1914);
#1913=FILL_AREA_STYLE_COLOUR('',#1914);
#1914=COLOUR_RGB('',0.901960784313726,0.901960784313726,0.901960784313726);
#1915=COLOUR_RGB('',0.196078431372549,0.43921568627451,0.0784313725490196);
#1916=MANIFOLD_SOLID_BREP('Part 14',#1762);
#1917=MANIFOLD_SOLID_BREP('Part 10',#1763);
#1918=MANIFOLD_SOLID_BREP('Part 8',#1764);
#1919=MANIFOLD_SOLID_BREP('Part 15',#1765);
#1920=MANIFOLD_SOLID_BREP('Part 13',#1766);
#1921=MANIFOLD_SOLID_BREP('Part 19',#1767);
#1922=MANIFOLD_SOLID_BREP('Part 9',#1768);
#1923=MANIFOLD_SOLID_BREP('Part 18',#1769);
#1924=MANIFOLD_SOLID_BREP('Part 12',#1770);
#1925=MANIFOLD_SOLID_BREP('Part 7',#1771);
#1926=MANIFOLD_SOLID_BREP('Part 3',#1772);
#1927=MANIFOLD_SOLID_BREP('Part 4',#1773);
#1928=MANIFOLD_SOLID_BREP('Part 17',#1774);
#1929=MANIFOLD_SOLID_BREP('Part 16',#1775);
#1930=MANIFOLD_SOLID_BREP('Part 11',#1776);
#1931=MANIFOLD_SOLID_BREP('Part 6',#1777);
#1932=MANIFOLD_SOLID_BREP('Part 5',#1778);
#1933=MANIFOLD_SOLID_BREP('Part 2',#1779);
#1934=MANIFOLD_SOLID_BREP('Part 1',#1780);
#1935=SHAPE_DEFINITION_REPRESENTATION(#3465,#1954);
#1936=SHAPE_DEFINITION_REPRESENTATION(#3466,#1955);
#1937=SHAPE_DEFINITION_REPRESENTATION(#3467,#1956);
#1938=SHAPE_DEFINITION_REPRESENTATION(#3468,#1957);
#1939=SHAPE_DEFINITION_REPRESENTATION(#3469,#1958);
#1940=SHAPE_DEFINITION_REPRESENTATION(#3470,#1959);
#1941=SHAPE_DEFINITION_REPRESENTATION(#3471,#1960);
#1942=SHAPE_DEFINITION_REPRESENTATION(#3472,#1961);
#1943=SHAPE_DEFINITION_REPRESENTATION(#3473,#1962);
#1944=SHAPE_DEFINITION_REPRESENTATION(#3474,#1963);
#1945=SHAPE_DEFINITION_REPRESENTATION(#3475,#1964);
#1946=SHAPE_DEFINITION_REPRESENTATION(#3476,#1965);
#1947=SHAPE_DEFINITION_REPRESENTATION(#3477,#1966);
#1948=SHAPE_DEFINITION_REPRESENTATION(#3478,#1967);
#1949=SHAPE_DEFINITION_REPRESENTATION(#3479,#1968);
#1950=SHAPE_DEFINITION_REPRESENTATION(#3480,#1969);
#1951=SHAPE_DEFINITION_REPRESENTATION(#3481,#1970);
#1952=SHAPE_DEFINITION_REPRESENTATION(#3482,#1971);
#1953=SHAPE_DEFINITION_REPRESENTATION(#3483,#1972);
#1954=SHAPE_REPRESENTATION('Part 14',(#1973),#3370);
#1955=SHAPE_REPRESENTATION('Part 10',(#1982),#3371);
#1956=SHAPE_REPRESENTATION('Part 8',(#1990),#3372);
#1957=SHAPE_REPRESENTATION('Part 15',(#1999),#3373);
#1958=SHAPE_REPRESENTATION('Part 13',(#2008),#3374);
#1959=SHAPE_REPRESENTATION('Part 19',(#2016),#3375);
#1960=SHAPE_REPRESENTATION('Part 9',(#2031),#3376);
#1961=SHAPE_REPRESENTATION('Part 18',(#2041),#3377);
#1962=SHAPE_REPRESENTATION('Part 12',(#2056),#3378);
#1963=SHAPE_REPRESENTATION('Part 7',(#2064),#3379);
#1964=SHAPE_REPRESENTATION('Part 3',(#2086),#3380);
#1965=SHAPE_REPRESENTATION('Part 4',(#2097),#3381);
#1966=SHAPE_REPRESENTATION('Part 17',(#2106),#3382);
#1967=SHAPE_REPRESENTATION('Part 16',(#2115),#3383);
#1968=SHAPE_REPRESENTATION('Part 11',(#2124),#3384);
#1969=SHAPE_REPRESENTATION('Part 6',(#2142),#3385);
#1970=SHAPE_REPRESENTATION('Part 5',(#2151),#3386);
#1971=SHAPE_REPRESENTATION('Part 2',(#2160),#3387);
#1972=SHAPE_REPRESENTATION('Part 1',(#2177),#3388);
#1973=AXIS2_PLACEMENT_3D('',#2772,#2194,#2195);
#1974=AXIS2_PLACEMENT_3D('',#2773,#2196,#2197);
#1975=AXIS2_PLACEMENT_3D('',#2777,#2199,#2200);
#1976=AXIS2_PLACEMENT_3D('',#2781,#2202,#2203);
#1977=AXIS2_PLACEMENT_3D('',#2782,#2204,#2205);
#1978=AXIS2_PLACEMENT_3D('',#2797,#2208,#2209);
#1979=AXIS2_PLACEMENT_3D('',#2798,#2210,#2211);
#1980=AXIS2_PLACEMENT_3D('',#2799,#2212,#2213);
#1981=AXIS2_PLACEMENT_3D('',#2800,#2214,#2215);
#1982=AXIS2_PLACEMENT_3D('',#2801,#2216,#2217);
#1983=AXIS2_PLACEMENT_3D('',#2802,#2218,#2219);
#1984=AXIS2_PLACEMENT_3D('',#2811,#2224,#2225);
#1985=AXIS2_PLACEMENT_3D('',#2812,#2226,#2227);
#1986=AXIS2_PLACEMENT_3D('',#2816,#2229,#2230);
#1987=AXIS2_PLACEMENT_3D('',#2817,#2231,#2232);
#1988=AXIS2_PLACEMENT_3D('',#2820,#2235,#2236);
#1989=AXIS2_PLACEMENT_3D('',#2821,#2237,#2238);
#1990=AXIS2_PLACEMENT_3D('',#2822,#2239,#2240);
#1991=AXIS2_PLACEMENT_3D('',#2823,#2241,#2242);
#1992=AXIS2_PLACEMENT_3D('',#2824,#2243,#2244);
#1993=AXIS2_PLACEMENT_3D('',#2829,#2246,#2247);
#1994=AXIS2_PLACEMENT_3D('',#2832,#2249,#2250);
#1995=AXIS2_PLACEMENT_3D('',#2838,#2254,#2255);
#1996=AXIS2_PLACEMENT_3D('',#2844,#2259,#2260);
#1997=AXIS2_PLACEMENT_3D('',#2847,#2263,#2264);
#1998=AXIS2_PLACEMENT_3D('',#2848,#2265,#2266);
#1999=AXIS2_PLACEMENT_3D('',#2849,#2267,#2268);
#2000=AXIS2_PLACEMENT_3D('',#2850,#2269,#2270);
#2001=AXIS2_PLACEMENT_3D('',#2854,#2272,#2273);
#2002=AXIS2_PLACEMENT_3D('',#2858,#2275,#2276);
#2003=AXIS2_PLACEMENT_3D('',#2859,#2277,#2278);
#2004=AXIS2_PLACEMENT_3D('',#2874,#2281,#2282);
#2005=AXIS2_PLACEMENT_3D('',#2875,#2283,#2284);
#2006=AXIS2_PLACEMENT_3D('',#2876,#2285,#2286);
#2007=AXIS2_PLACEMENT_3D('',#2877,#2287,#2288);
#2008=AXIS2_PLACEMENT_3D('',#2878,#2289,#2290);
#2009=AXIS2_PLACEMENT_3D('',#2879,#2291,#2292);
#2010=AXIS2_PLACEMENT_3D('',#2888,#2297,#2298);
#2011=AXIS2_PLACEMENT_3D('',#2894,#2302,#2303);
#2012=AXIS2_PLACEMENT_3D('',#2895,#2304,#2305);
#2013=AXIS2_PLACEMENT_3D('',#2896,#2306,#2307);
#2014=AXIS2_PLACEMENT_3D('',#2897,#2308,#2309);
#2015=AXIS2_PLACEMENT_3D('',#2898,#2310,#2311);
#2016=AXIS2_PLACEMENT_3D('',#2899,#2312,#2313);
#2017=AXIS2_PLACEMENT_3D('',#2900,#2314,#2315);
#2018=AXIS2_PLACEMENT_3D('',#2901,#2316,#2317);
#2019=AXIS2_PLACEMENT_3D('',#2906,#2319,#2320);
#2020=AXIS2_PLACEMENT_3D('',#2909,#2322,#2323);
#2021=AXIS2_PLACEMENT_3D('',#2910,#2324,#2325);
#2022=AXIS2_PLACEMENT_3D('',#2912,#2326,#2327);
#2023=AXIS2_PLACEMENT_3D('',#2915,#2329,#2330);
#2024=AXIS2_PLACEMENT_3D('',#2916,#2331,#2332);
#2025=AXIS2_PLACEMENT_3D('',#2918,#2333,#2334);
#2026=AXIS2_PLACEMENT_3D('',#2921,#2336,#2337);
#2027=AXIS2_PLACEMENT_3D('',#2922,#2338,#2339);
#2028=AXIS2_PLACEMENT_3D('',#2923,#2340,#2341);
#2029=AXIS2_PLACEMENT_3D('',#2924,#2342,#2343);
#2030=AXIS2_PLACEMENT_3D('',#2925,#2344,#2345);
#2031=AXIS2_PLACEMENT_3D('',#2926,#2346,#2347);
#2032=AXIS2_PLACEMENT_3D('',#2927,#2348,#2349);
#2033=AXIS2_PLACEMENT_3D('',#2928,#2350,#2351);
#2034=AXIS2_PLACEMENT_3D('',#2933,#2353,#2354);
#2035=AXIS2_PLACEMENT_3D('',#2936,#2356,#2357);
#2036=AXIS2_PLACEMENT_3D('',#2942,#2361,#2362);
#2037=AXIS2_PLACEMENT_3D('',#2948,#2366,#2367);
#2038=AXIS2_PLACEMENT_3D('',#2954,#2371,#2372);
#2039=AXIS2_PLACEMENT_3D('',#2957,#2375,#2376);
#2040=AXIS2_PLACEMENT_3D('',#2958,#2377,#2378);
#2041=AXIS2_PLACEMENT_3D('',#2959,#2379,#2380);
#2042=AXIS2_PLACEMENT_3D('',#2960,#2381,#2382);
#2043=AXIS2_PLACEMENT_3D('',#2961,#2383,#2384);
#2044=AXIS2_PLACEMENT_3D('',#2966,#2386,#2387);
#2045=AXIS2_PLACEMENT_3D('',#2969,#2389,#2390);
#2046=AXIS2_PLACEMENT_3D('',#2970,#2391,#2392);
#2047=AXIS2_PLACEMENT_3D('',#2972,#2393,#2394);
#2048=AXIS2_PLACEMENT_3D('',#2975,#2396,#2397);
#2049=AXIS2_PLACEMENT_3D('',#2976,#2398,#2399);
#2050=AXIS2_PLACEMENT_3D('',#2978,#2400,#2401);
#2051=AXIS2_PLACEMENT_3D('',#2981,#2403,#2404);
#2052=AXIS2_PLACEMENT_3D('',#2982,#2405,#2406);
#2053=AXIS2_PLACEMENT_3D('',#2983,#2407,#2408);
#2054=AXIS2_PLACEMENT_3D('',#2984,#2409,#2410);
#2055=AXIS2_PLACEMENT_3D('',#2985,#2411,#2412);
#2056=AXIS2_PLACEMENT_3D('',#2986,#2413,#2414);
#2057=AXIS2_PLACEMENT_3D('',#2987,#2415,#2416);
#2058=AXIS2_PLACEMENT_3D('',#2996,#2421,#2422);
#2059=AXIS2_PLACEMENT_3D('',#2997,#2423,#2424);
#2060=AXIS2_PLACEMENT_3D('',#3001,#2426,#2427);
#2061=AXIS2_PLACEMENT_3D('',#3002,#2428,#2429);
#2062=AXIS2_PLACEMENT_3D('',#3005,#2432,#2433);
#2063=AXIS2_PLACEMENT_3D('',#3006,#2434,#2435);
#2064=AXIS2_PLACEMENT_3D('',#3007,#2436,#2437);
#2065=AXIS2_PLACEMENT_3D('',#3008,#2438,#2439);
#2066=AXIS2_PLACEMENT_3D('',#3017,#2444,#2445);
#2067=AXIS2_PLACEMENT_3D('',#3018,#2446,#2447);
#2068=AXIS2_PLACEMENT_3D('',#3022,#2449,#2450);
#2069=AXIS2_PLACEMENT_3D('',#3023,#2451,#2452);
#2070=AXIS2_PLACEMENT_3D('',#3029,#2456,#2457);
#2071=AXIS2_PLACEMENT_3D('',#3030,#2458,#2459);
#2072=AXIS2_PLACEMENT_3D('',#3034,#2461,#2462);
#2073=AXIS2_PLACEMENT_3D('',#3035,#2463,#2464);
#2074=AXIS2_PLACEMENT_3D('',#3041,#2468,#2469);
#2075=AXIS2_PLACEMENT_3D('',#3042,#2470,#2471);
#2076=AXIS2_PLACEMENT_3D('',#3047,#2473,#2474);
#2077=AXIS2_PLACEMENT_3D('',#3050,#2476,#2477);
#2078=AXIS2_PLACEMENT_3D('',#3056,#2481,#2482);
#2079=AXIS2_PLACEMENT_3D('',#3057,#2483,#2484);
#2080=AXIS2_PLACEMENT_3D('',#3058,#2485,#2486);
#2081=AXIS2_PLACEMENT_3D('',#3059,#2487,#2488);
#2082=AXIS2_PLACEMENT_3D('',#3060,#2489,#2490);
#2083=AXIS2_PLACEMENT_3D('',#3061,#2491,#2492);
#2084=AXIS2_PLACEMENT_3D('',#3062,#2493,#2494);
#2085=AXIS2_PLACEMENT_3D('',#3063,#2495,#2496);
#2086=AXIS2_PLACEMENT_3D('',#3064,#2497,#2498);
#2087=AXIS2_PLACEMENT_3D('',#3065,#2499,#2500);
#2088=AXIS2_PLACEMENT_3D('',#3066,#2501,#2502);
#2089=AXIS2_PLACEMENT_3D('',#3071,#2504,#2505);
#2090=AXIS2_PLACEMENT_3D('',#3074,#2507,#2508);
#2091=AXIS2_PLACEMENT_3D('',#3080,#2512,#2513);
#2092=AXIS2_PLACEMENT_3D('',#3081,#2514,#2515);
#2093=AXIS2_PLACEMENT_3D('',#3085,#2517,#2518);
#2094=AXIS2_PLACEMENT_3D('',#3086,#2519,#2520);
#2095=AXIS2_PLACEMENT_3D('',#3089,#2523,#2524);
#2096=AXIS2_PLACEMENT_3D('',#3090,#2525,#2526);
#2097=AXIS2_PLACEMENT_3D('',#3091,#2527,#2528);
#2098=AXIS2_PLACEMENT_3D('',#3092,#2529,#2530);
#2099=AXIS2_PLACEMENT_3D('',#3101,#2535,#2536);
#2100=AXIS2_PLACEMENT_3D('',#3107,#2540,#2541);
#2101=AXIS2_PLACEMENT_3D('',#3108,#2542,#2543);
#2102=AXIS2_PLACEMENT_3D('',#3112,#2545,#2546);
#2103=AXIS2_PLACEMENT_3D('',#3113,#2547,#2548);
#2104=AXIS2_PLACEMENT_3D('',#3116,#2551,#2552);
#2105=AXIS2_PLACEMENT_3D('',#3117,#2553,#2554);
#2106=AXIS2_PLACEMENT_3D('',#3118,#2555,#2556);
#2107=AXIS2_PLACEMENT_3D('',#3119,#2557,#2558);
#2108=AXIS2_PLACEMENT_3D('',#3140,#2563,#2564);
#2109=AXIS2_PLACEMENT_3D('',#3141,#2565,#2566);
#2110=AXIS2_PLACEMENT_3D('',#3142,#2567,#2568);
#2111=AXIS2_PLACEMENT_3D('',#3143,#2569,#2570);
#2112=AXIS2_PLACEMENT_3D('',#3144,#2571,#2572);
#2113=AXIS2_PLACEMENT_3D('',#3145,#2573,#2574);
#2114=AXIS2_PLACEMENT_3D('',#3146,#2575,#2576);
#2115=AXIS2_PLACEMENT_3D('',#3147,#2577,#2578);
#2116=AXIS2_PLACEMENT_3D('',#3148,#2579,#2580);
#2117=AXIS2_PLACEMENT_3D('',#3169,#2585,#2586);
#2118=AXIS2_PLACEMENT_3D('',#3170,#2587,#2588);
#2119=AXIS2_PLACEMENT_3D('',#3171,#2589,#2590);
#2120=AXIS2_PLACEMENT_3D('',#3172,#2591,#2592);
#2121=AXIS2_PLACEMENT_3D('',#3173,#2593,#2594);
#2122=AXIS2_PLACEMENT_3D('',#3174,#2595,#2596);
#2123=AXIS2_PLACEMENT_3D('',#3175,#2597,#2598);
#2124=AXIS2_PLACEMENT_3D('',#3176,#2599,#2600);
#2125=AXIS2_PLACEMENT_3D('',#3177,#2601,#2602);
#2126=AXIS2_PLACEMENT_3D('',#3186,#2607,#2608);
#2127=AXIS2_PLACEMENT_3D('',#3192,#2612,#2613);
#2128=AXIS2_PLACEMENT_3D('',#3198,#2617,#2618);
#2129=AXIS2_PLACEMENT_3D('',#3199,#2619,#2620);
#2130=AXIS2_PLACEMENT_3D('',#3203,#2622,#2623);
#2131=AXIS2_PLACEMENT_3D('',#3204,#2624,#2625);
#2132=AXIS2_PLACEMENT_3D('',#3210,#2629,#2630);
#2133=AXIS2_PLACEMENT_3D('',#3211,#2631,#2632);
#2134=AXIS2_PLACEMENT_3D('',#3215,#2634,#2635);
#2135=AXIS2_PLACEMENT_3D('',#3216,#2636,#2637);
#2136=AXIS2_PLACEMENT_3D('',#3222,#2641,#2642);
#2137=AXIS2_PLACEMENT_3D('',#3228,#2646,#2647);
#2138=AXIS2_PLACEMENT_3D('',#3229,#2648,#2649);
#2139=AXIS2_PLACEMENT_3D('',#3230,#2650,#2651);
#2140=AXIS2_PLACEMENT_3D('',#3231,#2652,#2653);
#2141=AXIS2_PLACEMENT_3D('',#3232,#2654,#2655);
#2142=AXIS2_PLACEMENT_3D('',#3233,#2656,#2657);
#2143=AXIS2_PLACEMENT_3D('',#3234,#2658,#2659);
#2144=AXIS2_PLACEMENT_3D('',#3235,#2660,#2661);
#2145=AXIS2_PLACEMENT_3D('',#3237,#2662,#2663);
#2146=AXIS2_PLACEMENT_3D('',#3239,#2664,#2665);
#2147=AXIS2_PLACEMENT_3D('',#3240,#2666,#2667);
#2148=AXIS2_PLACEMENT_3D('',#3242,#2668,#2669);
#2149=AXIS2_PLACEMENT_3D('',#3244,#2670,#2671);
#2150=AXIS2_PLACEMENT_3D('',#3245,#2672,#2673);
#2151=AXIS2_PLACEMENT_3D('',#3246,#2674,#2675);
#2152=AXIS2_PLACEMENT_3D('',#3247,#2676,#2677);
#2153=AXIS2_PLACEMENT_3D('',#3248,#2678,#2679);
#2154=AXIS2_PLACEMENT_3D('',#3250,#2680,#2681);
#2155=AXIS2_PLACEMENT_3D('',#3252,#2682,#2683);
#2156=AXIS2_PLACEMENT_3D('',#3253,#2684,#2685);
#2157=AXIS2_PLACEMENT_3D('',#3255,#2686,#2687);
#2158=AXIS2_PLACEMENT_3D('',#3257,#2688,#2689);
#2159=AXIS2_PLACEMENT_3D('',#3258,#2690,#2691);
#2160=AXIS2_PLACEMENT_3D('',#3259,#2692,#2693);
#2161=AXIS2_PLACEMENT_3D('',#3260,#2694,#2695);
#2162=AXIS2_PLACEMENT_3D('',#3264,#2697,#2698);
#2163=AXIS2_PLACEMENT_3D('',#3266,#2699,#2700);
#2164=AXIS2_PLACEMENT_3D('',#3268,#2701,#2702);
#2165=AXIS2_PLACEMENT_3D('',#3269,#2703,#2704);
#2166=AXIS2_PLACEMENT_3D('',#3270,#2705,#2706);
#2167=AXIS2_PLACEMENT_3D('',#3275,#2708,#2709);
#2168=AXIS2_PLACEMENT_3D('',#3278,#2711,#2712);
#2169=AXIS2_PLACEMENT_3D('',#3280,#2713,#2714);
#2170=AXIS2_PLACEMENT_3D('',#3281,#2715,#2716);
#2171=AXIS2_PLACEMENT_3D('',#3287,#2720,#2721);
#2172=AXIS2_PLACEMENT_3D('',#3288,#2722,#2723);
#2173=AXIS2_PLACEMENT_3D('',#3289,#2724,#2725);
#2174=AXIS2_PLACEMENT_3D('',#3290,#2726,#2727);
#2175=AXIS2_PLACEMENT_3D('',#3297,#2728,#2729);
#2176=AXIS2_PLACEMENT_3D('',#3304,#2730,#2731);
#2177=AXIS2_PLACEMENT_3D('',#3305,#2732,#2733);
#2178=AXIS2_PLACEMENT_3D('',#3306,#2734,#2735);
#2179=AXIS2_PLACEMENT_3D('',#3307,#2736,#2737);
#2180=AXIS2_PLACEMENT_3D('',#3312,#2739,#2740);
#2181=AXIS2_PLACEMENT_3D('',#3315,#2742,#2743);
#2182=AXIS2_PLACEMENT_3D('',#3317,#2744,#2745);
#2183=AXIS2_PLACEMENT_3D('',#3321,#2747,#2748);
#2184=AXIS2_PLACEMENT_3D('',#3323,#2749,#2750);
#2185=AXIS2_PLACEMENT_3D('',#3325,#2751,#2752);
#2186=AXIS2_PLACEMENT_3D('',#3326,#2753,#2754);
#2187=AXIS2_PLACEMENT_3D('',#3327,#2755,#2756);
#2188=AXIS2_PLACEMENT_3D('',#3333,#2760,#2761);
#2189=AXIS2_PLACEMENT_3D('',#3334,#2762,#2763);
#2190=AXIS2_PLACEMENT_3D('',#3335,#2764,#2765);
#2191=AXIS2_PLACEMENT_3D('',#3336,#2766,#2767);
#2192=AXIS2_PLACEMENT_3D('',#3343,#2768,#2769);
#2193=AXIS2_PLACEMENT_3D('',#3350,#2770,#2771);
#2194=DIRECTION('',(0.,0.,1.));
#2195=DIRECTION('',(1.,0.,0.));
#2196=DIRECTION('',(0.,0.,-1.));
#2197=DIRECTION('',(0.,1.,0.));
#2198=DIRECTION('',(0.,0.,-1.));
#2199=DIRECTION('',(0.,0.,1.));
#2200=DIRECTION('',(0.,-1.,0.));
#2201=DIRECTION('',(0.,0.,-1.));
#2202=DIRECTION('',(0.,0.,1.));
#2203=DIRECTION('',(0.,-1.,0.));
#2204=DIRECTION('',(-2.4357857289739E-17,-1.,0.));
#2205=DIRECTION('',(-1.,2.4357857289739E-17,0.));
#2206=DIRECTION('',(-1.,2.4357857289739E-17,0.));
#2207=DIRECTION('',(-1.,2.4357857289739E-17,0.));
#2208=DIRECTION('',(0.,0.,1.));
#2209=DIRECTION('',(1.,0.,0.));
#2210=DIRECTION('',(0.,0.,1.));
#2211=DIRECTION('',(0.,-1.,0.));
#2212=DIRECTION('',(0.,0.,1.));
#2213=DIRECTION('',(1.,0.,0.));
#2214=DIRECTION('',(0.,0.,1.));
#2215=DIRECTION('',(0.,-1.,0.));
#2216=DIRECTION('',(0.,0.,1.));
#2217=DIRECTION('',(1.,0.,0.));
#2218=DIRECTION('',(0.,1.,0.));
#2219=DIRECTION('',(1.,0.,0.));
#2220=DIRECTION('',(1.,0.,0.));
#2221=DIRECTION('',(0.,0.,-1.));
#2222=DIRECTION('',(1.,0.,0.));
#2223=DIRECTION('',(0.,0.,-1.));
#2224=DIRECTION('',(0.,0.,-1.));
#2225=DIRECTION('',(0.,1.,0.));
#2226=DIRECTION('',(0.,0.,1.));
#2227=DIRECTION('',(0.,-1.,0.));
#2228=DIRECTION('',(0.,0.,-1.));
#2229=DIRECTION('',(0.,0.,1.));
#2230=DIRECTION('',(0.,-1.,0.));
#2231=DIRECTION('',(-0.866661293388921,0.498896985901341,0.));
#2232=DIRECTION('',(0.498896985901341,0.866661293388921,0.));
#2233=DIRECTION('',(0.498896985901341,0.866661293388921,0.));
#2234=DIRECTION('',(0.498896985901341,0.866661293388921,0.));
#2235=DIRECTION('',(0.,0.,1.));
#2236=DIRECTION('',(1.,0.,0.));
#2237=DIRECTION('',(0.,0.,1.));
#2238=DIRECTION('',(1.,0.,0.));
#2239=DIRECTION('',(0.,0.,1.));
#2240=DIRECTION('',(1.,0.,0.));
#2241=DIRECTION('',(0.,0.,-1.));
#2242=DIRECTION('',(0.,1.,0.));
#2243=DIRECTION('',(0.,0.,1.));
#2244=DIRECTION('',(0.,-1.,0.));
#2245=DIRECTION('',(0.,0.,-1.));
#2246=DIRECTION('',(0.,0.,1.));
#2247=DIRECTION('',(0.,-1.,0.));
#2248=DIRECTION('',(0.,0.,-1.));
#2249=DIRECTION('',(-0.866661293388921,0.498896985901341,0.));
#2250=DIRECTION('',(0.498896985901341,0.866661293388921,0.));
#2251=DIRECTION('',(0.498896985901341,0.866661293388921,0.));
#2252=DIRECTION('',(0.,0.,-1.));
#2253=DIRECTION('',(0.498896985901341,0.866661293388921,0.));
#2254=DIRECTION('',(-0.505410703574634,-0.862878914281832,0.));
#2255=DIRECTION('',(-0.862878914281832,0.505410703574634,0.));
#2256=DIRECTION('',(-0.862878914281832,0.505410703574634,0.));
#2257=DIRECTION('',(0.,0.,-1.));
#2258=DIRECTION('',(-0.862878914281832,0.505410703574634,0.));
#2259=DIRECTION('',(-0.86666129338892,0.498896985901342,0.));
#2260=DIRECTION('',(0.498896985901342,0.86666129338892,0.));
#2261=DIRECTION('',(0.498896985901342,0.86666129338892,0.));
#2262=DIRECTION('',(0.498896985901342,0.86666129338892,0.));
#2263=DIRECTION('',(0.,0.,1.));
#2264=DIRECTION('',(1.,0.,0.));
#2265=DIRECTION('',(0.,0.,1.));
#2266=DIRECTION('',(1.,0.,0.));
#2267=DIRECTION('',(0.,0.,1.));
#2268=DIRECTION('',(1.,0.,0.));
#2269=DIRECTION('',(0.,0.,-1.));
#2270=DIRECTION('',(0.,1.,0.));
#2271=DIRECTION('',(0.,0.,-1.));
#2272=DIRECTION('',(0.,0.,1.));
#2273=DIRECTION('',(0.,-1.,0.));
#2274=DIRECTION('',(0.,0.,-1.));
#2275=DIRECTION('',(0.,0.,1.));
#2276=DIRECTION('',(0.,-1.,0.));
#2277=DIRECTION('',(4.71767442960102E-17,1.,0.));
#2278=DIRECTION('',(1.,-4.71767442960102E-17,0.));
#2279=DIRECTION('',(1.,-4.71767442960102E-17,0.));
#2280=DIRECTION('',(1.,-4.71767442960102E-17,0.));
#2281=DIRECTION('',(0.,0.,1.));
#2282=DIRECTION('',(1.,0.,0.));
#2283=DIRECTION('',(0.,0.,1.));
#2284=DIRECTION('',(0.,-1.,0.));
#2285=DIRECTION('',(0.,0.,1.));
#2286=DIRECTION('',(1.,0.,0.));
#2287=DIRECTION('',(0.,0.,1.));
#2288=DIRECTION('',(0.,-1.,0.));
#2289=DIRECTION('',(0.,0.,1.));
#2290=DIRECTION('',(1.,0.,0.));
#2291=DIRECTION('',(0.,1.,0.));
#2292=DIRECTION('',(1.,0.,0.));
#2293=DIRECTION('',(0.,0.,-1.));
#2294=DIRECTION('',(1.,0.,0.));
#2295=DIRECTION('',(0.,0.,-1.));
#2296=DIRECTION('',(1.,0.,0.));
#2297=DIRECTION('',(-0.866661293388921,0.498896985901341,0.));
#2298=DIRECTION('',(0.498896985901341,0.866661293388921,0.));
#2299=DIRECTION('',(0.498896985901341,0.866661293388921,0.));
#2300=DIRECTION('',(0.,0.,-1.));
#2301=DIRECTION('',(0.498896985901341,0.866661293388921,0.));
#2302=DIRECTION('',(0.,0.,-1.));
#2303=DIRECTION('',(0.,1.,0.));
#2304=DIRECTION('',(0.,0.,1.));
#2305=DIRECTION('',(0.,-1.,0.));
#2306=DIRECTION('',(0.,0.,1.));
#2307=DIRECTION('',(0.,-1.,0.));
#2308=DIRECTION('',(0.,0.,1.));
#2309=DIRECTION('',(1.,0.,0.));
#2310=DIRECTION('',(0.,0.,1.));
#2311=DIRECTION('',(1.,0.,0.));
#2312=DIRECTION('',(0.,0.,1.));
#2313=DIRECTION('',(1.,0.,0.));
#2314=DIRECTION('',(0.,0.,1.));
#2315=DIRECTION('',(0.,-1.,0.));
#2316=DIRECTION('',(0.,0.,1.));
#2317=DIRECTION('',(0.,-1.,0.));
#2318=DIRECTION('',(0.,0.,1.));
#2319=DIRECTION('',(0.,0.,1.));
#2320=DIRECTION('',(0.,-1.,0.));
#2321=DIRECTION('',(0.,0.,1.));
#2322=DIRECTION('',(0.,0.,1.));
#2323=DIRECTION('',(0.,-1.,0.));
#2324=DIRECTION('',(0.,0.,1.));
#2325=DIRECTION('',(0.,-1.,0.));
#2326=DIRECTION('',(0.,0.,1.));
#2327=DIRECTION('',(0.,-1.,0.));
#2328=DIRECTION('',(0.,0.,1.));
#2329=DIRECTION('',(0.,0.,1.));
#2330=DIRECTION('',(0.,-1.,0.));
#2331=DIRECTION('',(0.,0.,1.));
#2332=DIRECTION('',(0.,-1.,0.));
#2333=DIRECTION('',(0.,0.,1.));
#2334=DIRECTION('',(0.,-1.,0.));
#2335=DIRECTION('',(0.,0.,1.));
#2336=DIRECTION('',(0.,0.,1.));
#2337=DIRECTION('',(0.,-1.,0.));
#2338=DIRECTION('',(0.,0.,1.));
#2339=DIRECTION('',(0.,-1.,0.));
#2340=DIRECTION('',(0.,0.,1.));
#2341=DIRECTION('',(0.,-1.,0.));
#2342=DIRECTION('',(0.,0.,1.));
#2343=DIRECTION('',(1.,0.,0.));
#2344=DIRECTION('',(0.,0.,1.));
#2345=DIRECTION('',(1.,0.,0.));
#2346=DIRECTION('',(0.,0.,1.));
#2347=DIRECTION('',(1.,0.,0.));
#2348=DIRECTION('',(0.,0.,-1.));
#2349=DIRECTION('',(0.,1.,0.));
#2350=DIRECTION('',(0.,0.,1.));
#2351=DIRECTION('',(0.,-1.,0.));
#2352=DIRECTION('',(0.,0.,-1.));
#2353=DIRECTION('',(0.,0.,1.));
#2354=DIRECTION('',(0.,-1.,0.));
#2355=DIRECTION('',(0.,0.,-1.));
#2356=DIRECTION('',(0.,1.,0.));
#2357=DIRECTION('',(1.,0.,0.));
#2358=DIRECTION('',(1.,0.,0.));
#2359=DIRECTION('',(0.,0.,-1.));
#2360=DIRECTION('',(1.,0.,0.));
#2361=DIRECTION('',(0.,1.,0.));
#2362=DIRECTION('',(1.,0.,0.));
#2363=DIRECTION('',(1.,0.,0.));
#2364=DIRECTION('',(0.,0.,-1.));
#2365=DIRECTION('',(1.,0.,0.));
#2366=DIRECTION('',(-0.866661293388921,0.49889698590134,0.));
#2367=DIRECTION('',(0.49889698590134,0.866661293388921,0.));
#2368=DIRECTION('',(0.49889698590134,0.866661293388921,0.));
#2369=DIRECTION('',(0.,0.,-1.));
#2370=DIRECTION('',(0.49889698590134,0.866661293388921,0.));
#2371=DIRECTION('',(0.,1.,0.));
#2372=DIRECTION('',(1.,0.,0.));
#2373=DIRECTION('',(1.,0.,0.));
#2374=DIRECTION('',(1.,0.,0.));
#2375=DIRECTION('',(0.,0.,1.));
#2376=DIRECTION('',(1.,0.,0.));
#2377=DIRECTION('',(0.,0.,1.));
#2378=DIRECTION('',(1.,0.,0.));
#2379=DIRECTION('',(0.,0.,1.));
#2380=DIRECTION('',(1.,0.,0.));
#2381=DIRECTION('',(0.,0.,1.));
#2382=DIRECTION('',(0.,-1.,0.));
#2383=DIRECTION('',(0.,0.,1.));
#2384=DIRECTION('',(0.,-1.,0.));
#2385=DIRECTION('',(0.,0.,1.));
#2386=DIRECTION('',(0.,0.,1.));
#2387=DIRECTION('',(0.,-1.,0.));
#2388=DIRECTION('',(0.,0.,1.));
#2389=DIRECTION('',(0.,0.,1.));
#2390=DIRECTION('',(0.,-1.,0.));
#2391=DIRECTION('',(0.,0.,1.));
#2392=DIRECTION('',(0.,-1.,0.));
#2393=DIRECTION('',(0.,0.,1.));
#2394=DIRECTION('',(0.,-1.,0.));
#2395=DIRECTION('',(0.,0.,1.));
#2396=DIRECTION('',(0.,0.,1.));
#2397=DIRECTION('',(0.,-1.,0.));
#2398=DIRECTION('',(0.,0.,1.));
#2399=DIRECTION('',(0.,-1.,0.));
#2400=DIRECTION('',(0.,0.,1.));
#2401=DIRECTION('',(0.,-1.,0.));
#2402=DIRECTION('',(0.,0.,1.));
#2403=DIRECTION('',(0.,0.,1.));
#2404=DIRECTION('',(0.,-1.,0.));
#2405=DIRECTION('',(0.,0.,1.));
#2406=DIRECTION('',(0.,-1.,0.));
#2407=DIRECTION('',(0.,0.,1.));
#2408=DIRECTION('',(0.,-1.,0.));
#2409=DIRECTION('',(0.,0.,1.));
#2410=DIRECTION('',(1.,0.,0.));
#2411=DIRECTION('',(0.,0.,1.));
#2412=DIRECTION('',(1.,0.,0.));
#2413=DIRECTION('',(0.,0.,1.));
#2414=DIRECTION('',(1.,0.,0.));
#2415=DIRECTION('',(0.,1.,0.));
#2416=DIRECTION('',(1.,0.,0.));
#2417=DIRECTION('',(1.,0.,0.));
#2418=DIRECTION('',(0.,0.,-1.));
#2419=DIRECTION('',(1.,0.,0.));
#2420=DIRECTION('',(0.,0.,-1.));
#2421=DIRECTION('',(0.,0.,-1.));
#2422=DIRECTION('',(0.,1.,0.));
#2423=DIRECTION('',(0.,0.,1.));
#2424=DIRECTION('',(0.,-1.,0.));
#2425=DIRECTION('',(0.,0.,-1.));
#2426=DIRECTION('',(0.,0.,1.));
#2427=DIRECTION('',(0.,-1.,0.));
#2428=DIRECTION('',(-0.86666129338892,0.498896985901342,0.));
#2429=DIRECTION('',(0.498896985901342,0.86666129338892,0.));
#2430=DIRECTION('',(0.498896985901342,0.86666129338892,0.));
#2431=DIRECTION('',(0.498896985901342,0.86666129338892,0.));
#2432=DIRECTION('',(0.,0.,1.));
#2433=DIRECTION('',(1.,0.,0.));
#2434=DIRECTION('',(0.,0.,1.));
#2435=DIRECTION('',(1.,0.,0.));
#2436=DIRECTION('',(0.,0.,1.));
#2437=DIRECTION('',(1.,0.,0.));
#2438=DIRECTION('',(-0.866661293388921,0.498896985901341,0.));
#2439=DIRECTION('',(0.498896985901341,0.866661293388921,0.));
#2440=DIRECTION('',(0.498896985901341,0.866661293388921,0.));
#2441=DIRECTION('',(0.,0.,-1.));
#2442=DIRECTION('',(0.498896985901341,0.866661293388921,0.));
#2443=DIRECTION('',(0.,0.,-1.));
#2444=DIRECTION('',(0.,0.,-1.));
#2445=DIRECTION('',(0.,1.,0.));
#2446=DIRECTION('',(0.,0.,1.));
#2447=DIRECTION('',(0.,-1.,0.));
#2448=DIRECTION('',(0.,0.,-1.));
#2449=DIRECTION('',(0.,0.,1.));
#2450=DIRECTION('',(0.,-1.,0.));
#2451=DIRECTION('',(0.,1.,0.));
#2452=DIRECTION('',(1.,0.,0.));
#2453=DIRECTION('',(1.,0.,0.));
#2454=DIRECTION('',(0.,0.,-1.));
#2455=DIRECTION('',(1.,0.,0.));
#2456=DIRECTION('',(0.,0.,-1.));
#2457=DIRECTION('',(0.,1.,0.));
#2458=DIRECTION('',(0.,0.,1.));
#2459=DIRECTION('',(0.,-1.,0.));
#2460=DIRECTION('',(0.,0.,-1.));
#2461=DIRECTION('',(0.,0.,1.));
#2462=DIRECTION('',(0.,-1.,0.));
#2463=DIRECTION('',(0.,1.,0.));
#2464=DIRECTION('',(1.,0.,0.));
#2465=DIRECTION('',(1.,0.,0.));
#2466=DIRECTION('',(0.,0.,-1.));
#2467=DIRECTION('',(1.,0.,0.));
#2468=DIRECTION('',(0.,0.,-1.));
#2469=DIRECTION('',(0.,1.,0.));
#2470=DIRECTION('',(0.,0.,1.));
#2471=DIRECTION('',(0.,-1.,0.));
#2472=DIRECTION('',(0.,0.,-1.));
#2473=DIRECTION('',(0.,0.,1.));
#2474=DIRECTION('',(0.,-1.,0.));
#2475=DIRECTION('',(0.,0.,-1.));
#2476=DIRECTION('',(-0.866661293388921,0.498896985901341,0.));
#2477=DIRECTION('',(0.498896985901341,0.866661293388921,0.));
#2478=DIRECTION('',(0.498896985901341,0.866661293388921,0.));
#2479=DIRECTION('',(0.,0.,-1.));
#2480=DIRECTION('',(0.498896985901341,0.866661293388921,0.));
#2481=DIRECTION('',(0.,0.,-1.));
#2482=DIRECTION('',(0.,1.,0.));
#2483=DIRECTION('',(0.,0.,1.));
#2484=DIRECTION('',(0.,-1.,0.));
#2485=DIRECTION('',(0.,0.,1.));
#2486=DIRECTION('',(0.,-1.,0.));
#2487=DIRECTION('',(0.,0.,1.));
#2488=DIRECTION('',(1.,0.,0.));
#2489=DIRECTION('',(0.,0.,1.));
#2490=DIRECTION('',(0.,-1.,0.));
#2491=DIRECTION('',(0.,0.,1.));
#2492=DIRECTION('',(1.,0.,0.));
#2493=DIRECTION('',(0.,0.,1.));
#2494=DIRECTION('',(0.,-1.,0.));
#2495=DIRECTION('',(0.,0.,-1.));
#2496=DIRECTION('',(0.,1.,0.));
#2497=DIRECTION('',(0.,0.,1.));
#2498=DIRECTION('',(1.,0.,0.));
#2499=DIRECTION('',(0.,0.,-1.));
#2500=DIRECTION('',(0.,1.,0.));
#2501=DIRECTION('',(0.,0.,1.));
#2502=DIRECTION('',(0.,-1.,0.));
#2503=DIRECTION('',(0.,0.,-1.));
#2504=DIRECTION('',(0.,0.,1.));
#2505=DIRECTION('',(0.,-1.,0.));
#2506=DIRECTION('',(0.,0.,-1.));
#2507=DIRECTION('',(-0.866661293388921,0.498896985901341,0.));
#2508=DIRECTION('',(0.498896985901341,0.866661293388921,0.));
#2509=DIRECTION('',(0.498896985901341,0.866661293388921,0.));
#2510=DIRECTION('',(0.,0.,-1.));
#2511=DIRECTION('',(0.498896985901341,0.866661293388921,0.));
#2512=DIRECTION('',(0.,0.,-1.));
#2513=DIRECTION('',(0.,1.,0.));
#2514=DIRECTION('',(0.,0.,1.));
#2515=DIRECTION('',(0.,-1.,0.));
#2516=DIRECTION('',(0.,0.,-1.));
#2517=DIRECTION('',(0.,0.,1.));
#2518=DIRECTION('',(0.,-1.,0.));
#2519=DIRECTION('',(0.,1.,0.));
#2520=DIRECTION('',(1.,0.,0.));
#2521=DIRECTION('',(1.,0.,0.));
#2522=DIRECTION('',(1.,0.,0.));
#2523=DIRECTION('',(0.,0.,1.));
#2524=DIRECTION('',(1.,0.,0.));
#2525=DIRECTION('',(0.,0.,1.));
#2526=DIRECTION('',(1.,0.,0.));
#2527=DIRECTION('',(0.,0.,1.));
#2528=DIRECTION('',(1.,0.,0.));
#2529=DIRECTION('',(0.,1.,0.));
#2530=DIRECTION('',(1.,0.,0.));
#2531=DIRECTION('',(1.,0.,0.));
#2532=DIRECTION('',(0.,0.,-1.));
#2533=DIRECTION('',(1.,0.,0.));
#2534=DIRECTION('',(0.,0.,-1.));
#2535=DIRECTION('',(-0.866661293388921,0.498896985901341,0.));
#2536=DIRECTION('',(0.498896985901341,0.866661293388921,0.));
#2537=DIRECTION('',(0.498896985901341,0.866661293388921,0.));
#2538=DIRECTION('',(0.,0.,-1.));
#2539=DIRECTION('',(0.498896985901341,0.866661293388921,0.));
#2540=DIRECTION('',(0.,0.,-1.));
#2541=DIRECTION('',(0.,1.,0.));
#2542=DIRECTION('',(0.,0.,1.));
#2543=DIRECTION('',(0.,-1.,0.));
#2544=DIRECTION('',(0.,0.,-1.));
#2545=DIRECTION('',(0.,0.,1.));
#2546=DIRECTION('',(0.,-1.,0.));
#2547=DIRECTION('',(-0.866941836619786,0.498409321660734,0.));
#2548=DIRECTION('',(0.498409321660734,0.866941836619786,0.));
#2549=DIRECTION('',(0.498409321660734,0.866941836619786,0.));
#2550=DIRECTION('',(0.498409321660734,0.866941836619786,0.));
#2551=DIRECTION('',(0.,0.,1.));
#2552=DIRECTION('',(1.,0.,0.));
#2553=DIRECTION('',(0.,0.,1.));
#2554=DIRECTION('',(1.,0.,0.));
#2555=DIRECTION('',(0.,0.,1.));
#2556=DIRECTION('',(1.,0.,0.));
#2557=DIRECTION('',(4.71767442960102E-17,1.,0.));
#2558=DIRECTION('',(1.,-4.71767442960102E-17,0.));
#2559=DIRECTION('',(1.,-4.71767442960102E-17,0.));
#2560=DIRECTION('',(0.,0.,-1.));
#2561=DIRECTION('',(1.,-4.71767442960102E-17,0.));
#2562=DIRECTION('',(0.,0.,-1.));
#2563=DIRECTION('',(0.,0.,-1.));
#2564=DIRECTION('',(0.,1.,0.));
#2565=DIRECTION('',(0.,0.,1.));
#2566=DIRECTION('',(0.,-1.,0.));
#2567=DIRECTION('',(0.,0.,1.));
#2568=DIRECTION('',(0.,-1.,0.));
#2569=DIRECTION('',(0.,0.,1.));
#2570=DIRECTION('',(1.,0.,0.));
#2571=DIRECTION('',(0.,0.,1.));
#2572=DIRECTION('',(0.,-1.,0.));
#2573=DIRECTION('',(0.,0.,1.));
#2574=DIRECTION('',(1.,0.,0.));
#2575=DIRECTION('',(0.,0.,1.));
#2576=DIRECTION('',(0.,-1.,0.));
#2577=DIRECTION('',(0.,0.,1.));
#2578=DIRECTION('',(1.,0.,0.));
#2579=DIRECTION('',(-2.4357857289739E-17,-1.,0.));
#2580=DIRECTION('',(-1.,2.4357857289739E-17,0.));
#2581=DIRECTION('',(-1.,2.4357857289739E-17,0.));
#2582=DIRECTION('',(0.,0.,-1.));
#2583=DIRECTION('',(-1.,2.4357857289739E-17,0.));
#2584=DIRECTION('',(0.,0.,-1.));
#2585=DIRECTION('',(0.,0.,-1.));
#2586=DIRECTION('',(0.,1.,0.));
#2587=DIRECTION('',(0.,0.,1.));
#2588=DIRECTION('',(0.,-1.,0.));
#2589=DIRECTION('',(0.,0.,1.));
#2590=DIRECTION('',(0.,-1.,0.));
#2591=DIRECTION('',(0.,0.,1.));
#2592=DIRECTION('',(1.,0.,0.));
#2593=DIRECTION('',(0.,0.,1.));
#2594=DIRECTION('',(0.,-1.,0.));
#2595=DIRECTION('',(0.,0.,1.));
#2596=DIRECTION('',(1.,0.,0.));
#2597=DIRECTION('',(0.,0.,1.));
#2598=DIRECTION('',(0.,-1.,0.));
#2599=DIRECTION('',(0.,0.,1.));
#2600=DIRECTION('',(1.,0.,0.));
#2601=DIRECTION('',(-0.866661293388921,0.49889698590134,0.));
#2602=DIRECTION('',(0.49889698590134,0.866661293388921,0.));
#2603=DIRECTION('',(0.49889698590134,0.866661293388921,0.));
#2604=DIRECTION('',(0.,0.,-1.));
#2605=DIRECTION('',(0.49889698590134,0.866661293388921,0.));
#2606=DIRECTION('',(0.,0.,-1.));
#2607=DIRECTION('',(0.,1.,0.));
#2608=DIRECTION('',(1.,0.,0.));
#2609=DIRECTION('',(1.,0.,0.));
#2610=DIRECTION('',(0.,0.,-1.));
#2611=DIRECTION('',(1.,0.,0.));
#2612=DIRECTION('',(-0.866941836619786,0.498409321660734,0.));
#2613=DIRECTION('',(0.498409321660734,0.866941836619786,0.));
#2614=DIRECTION('',(0.498409321660734,0.866941836619786,0.));
#2615=DIRECTION('',(0.,0.,-1.));
#2616=DIRECTION('',(0.498409321660734,0.866941836619786,0.));
#2617=DIRECTION('',(0.,0.,-1.));
#2618=DIRECTION('',(0.,1.,0.));
#2619=DIRECTION('',(0.,0.,1.));
#2620=DIRECTION('',(0.,-1.,0.));
#2621=DIRECTION('',(0.,0.,-1.));
#2622=DIRECTION('',(0.,0.,1.));
#2623=DIRECTION('',(0.,-1.,0.));
#2624=DIRECTION('',(-0.866661293388921,0.498896985901341,0.));
#2625=DIRECTION('',(0.498896985901341,0.866661293388921,0.));
#2626=DIRECTION('',(0.498896985901341,0.866661293388921,0.));
#2627=DIRECTION('',(0.,0.,-1.));
#2628=DIRECTION('',(0.498896985901341,0.866661293388921,0.));
#2629=DIRECTION('',(0.,0.,-1.));
#2630=DIRECTION('',(0.,1.,0.));
#2631=DIRECTION('',(0.,0.,1.));
#2632=DIRECTION('',(0.,-1.,0.));
#2633=DIRECTION('',(0.,0.,-1.));
#2634=DIRECTION('',(0.,0.,1.));
#2635=DIRECTION('',(0.,-1.,0.));
#2636=DIRECTION('',(-0.866941836619786,0.498409321660734,0.));
#2637=DIRECTION('',(0.498409321660734,0.866941836619786,0.));
#2638=DIRECTION('',(0.498409321660734,0.866941836619786,0.));
#2639=DIRECTION('',(0.,0.,-1.));
#2640=DIRECTION('',(0.498409321660734,0.866941836619786,0.));
#2641=DIRECTION('',(0.,1.,0.));
#2642=DIRECTION('',(1.,0.,0.));
#2643=DIRECTION('',(1.,0.,0.));
#2644=DIRECTION('',(0.,0.,-1.));
#2645=DIRECTION('',(1.,0.,0.));
#2646=DIRECTION('',(0.,0.,1.));
#2647=DIRECTION('',(1.,0.,0.));
#2648=DIRECTION('',(0.,0.,1.));
#2649=DIRECTION('',(0.,-1.,0.));
#2650=DIRECTION('',(0.,0.,1.));
#2651=DIRECTION('',(1.,0.,0.));
#2652=DIRECTION('',(0.,0.,1.));
#2653=DIRECTION('',(0.,-1.,0.));
#2654=DIRECTION('',(0.,0.,1.));
#2655=DIRECTION('',(0.,-1.,0.));
#2656=DIRECTION('',(0.,0.,1.));
#2657=DIRECTION('',(1.,0.,0.));
#2658=DIRECTION('',(0.,0.,-1.));
#2659=DIRECTION('',(0.,1.,0.));
#2660=DIRECTION('',(0.,0.,1.));
#2661=DIRECTION('',(0.,-1.,0.));
#2662=DIRECTION('',(0.,0.,1.));
#2663=DIRECTION('',(0.,-1.,0.));
#2664=DIRECTION('',(0.,0.,-1.));
#2665=DIRECTION('',(0.,1.,0.));
#2666=DIRECTION('',(0.,0.,1.));
#2667=DIRECTION('',(0.,-1.,0.));
#2668=DIRECTION('',(0.,0.,1.));
#2669=DIRECTION('',(0.,-1.,0.));
#2670=DIRECTION('',(0.,0.,1.));
#2671=DIRECTION('',(1.,0.,0.));
#2672=DIRECTION('',(0.,0.,1.));
#2673=DIRECTION('',(1.,0.,0.));
#2674=DIRECTION('',(0.,0.,1.));
#2675=DIRECTION('',(1.,0.,0.));
#2676=DIRECTION('',(0.,0.,-1.));
#2677=DIRECTION('',(0.,1.,0.));
#2678=DIRECTION('',(0.,0.,1.));
#2679=DIRECTION('',(0.,-1.,0.));
#2680=DIRECTION('',(0.,0.,1.));
#2681=DIRECTION('',(0.,-1.,0.));
#2682=DIRECTION('',(0.,0.,-1.));
#2683=DIRECTION('',(0.,1.,0.));
#2684=DIRECTION('',(0.,0.,1.));
#2685=DIRECTION('',(0.,-1.,0.));
#2686=DIRECTION('',(0.,0.,1.));
#2687=DIRECTION('',(0.,-1.,0.));
#2688=DIRECTION('',(0.,0.,1.));
#2689=DIRECTION('',(1.,0.,0.));
#2690=DIRECTION('',(0.,0.,1.));
#2691=DIRECTION('',(1.,0.,0.));
#2692=DIRECTION('',(0.,0.,1.));
#2693=DIRECTION('',(1.,0.,0.));
#2694=DIRECTION('',(0.,0.,1.));
#2695=DIRECTION('',(1.,0.,0.));
#2696=DIRECTION('',(1.,-4.71767442960102E-17,0.));
#2697=DIRECTION('',(0.,0.,1.));
#2698=DIRECTION('',(0.,-1.,0.));
#2699=DIRECTION('',(0.,0.,1.));
#2700=DIRECTION('',(0.,-1.,0.));
#2701=DIRECTION('',(0.,0.,1.));
#2702=DIRECTION('',(0.,-1.,0.));
#2703=DIRECTION('',(0.,0.,-1.));
#2704=DIRECTION('',(0.,1.,0.));
#2705=DIRECTION('',(0.,0.,1.));
#2706=DIRECTION('',(0.,-1.,0.));
#2707=DIRECTION('',(0.,0.,-1.));
#2708=DIRECTION('',(0.,0.,1.));
#2709=DIRECTION('',(0.,-1.,0.));
#2710=DIRECTION('',(0.,0.,-1.));
#2711=DIRECTION('',(0.,0.,1.));
#2712=DIRECTION('',(0.,-1.,0.));
#2713=DIRECTION('',(0.,0.,1.));
#2714=DIRECTION('',(1.,0.,0.));
#2715=DIRECTION('',(4.71767442960102E-17,1.,0.));
#2716=DIRECTION('',(1.,-4.71767442960102E-17,0.));
#2717=DIRECTION('',(1.,-4.71767442960102E-17,0.));
#2718=DIRECTION('',(0.,0.,1.));
#2719=DIRECTION('',(0.,0.,1.));
#2720=DIRECTION('',(0.,0.,1.));
#2721=DIRECTION('',(1.,0.,0.));
#2722=DIRECTION('',(0.,0.,1.));
#2723=DIRECTION('',(0.,-1.,0.));
#2724=DIRECTION('',(0.,0.,1.));
#2725=DIRECTION('',(0.,-1.,0.));
#2726=DIRECTION('',(0.,0.,-1.));
#2727=DIRECTION('',(0.,1.,0.));
#2728=DIRECTION('',(0.,0.,-1.));
#2729=DIRECTION('',(0.,1.,0.));
#2730=DIRECTION('',(0.,0.,1.));
#2731=DIRECTION('',(0.,-1.,0.));
#2732=DIRECTION('',(0.,0.,1.));
#2733=DIRECTION('',(1.,0.,0.));
#2734=DIRECTION('',(0.,0.,-1.));
#2735=DIRECTION('',(0.,1.,0.));
#2736=DIRECTION('',(0.,0.,1.));
#2737=DIRECTION('',(0.,-1.,0.));
#2738=DIRECTION('',(0.,0.,-1.));
#2739=DIRECTION('',(0.,0.,1.));
#2740=DIRECTION('',(0.,-1.,0.));
#2741=DIRECTION('',(0.,0.,-1.));
#2742=DIRECTION('',(0.,0.,1.));
#2743=DIRECTION('',(0.,-1.,0.));
#2744=DIRECTION('',(0.,0.,1.));
#2745=DIRECTION('',(1.,0.,0.));
#2746=DIRECTION('',(-1.,2.4357857289739E-17,0.));
#2747=DIRECTION('',(0.,0.,1.));
#2748=DIRECTION('',(0.,-1.,0.));
#2749=DIRECTION('',(0.,0.,1.));
#2750=DIRECTION('',(0.,-1.,0.));
#2751=DIRECTION('',(0.,0.,1.));
#2752=DIRECTION('',(0.,-1.,0.));
#2753=DIRECTION('',(0.,0.,1.));
#2754=DIRECTION('',(1.,0.,0.));
#2755=DIRECTION('',(-2.4357857289739E-17,-1.,0.));
#2756=DIRECTION('',(-1.,2.4357857289739E-17,0.));
#2757=DIRECTION('',(-1.,2.4357857289739E-17,0.));
#2758=DIRECTION('',(0.,0.,-1.));
#2759=DIRECTION('',(0.,0.,-1.));
#2760=DIRECTION('',(0.,0.,1.));
#2761=DIRECTION('',(1.,0.,0.));
#2762=DIRECTION('',(0.,0.,1.));
#2763=DIRECTION('',(0.,-1.,0.));
#2764=DIRECTION('',(0.,0.,1.));
#2765=DIRECTION('',(0.,-1.,0.));
#2766=DIRECTION('',(0.,0.,-1.));
#2767=DIRECTION('',(0.,1.,0.));
#2768=DIRECTION('',(0.,0.,-1.));
#2769=DIRECTION('',(0.,1.,0.));
#2770=DIRECTION('',(0.,0.,1.));
#2771=DIRECTION('',(0.,-1.,0.));
#2772=CARTESIAN_POINT('',(0.,0.,0.));
#2773=CARTESIAN_POINT('',(-71.5912432490177,4.72239710001712,26.5));
#2774=CARTESIAN_POINT('',(-85.1312638994603,-1.75588987262169,26.5));
#2775=CARTESIAN_POINT('',(-85.1312638994603,-1.75588987262169,24.5));
#2776=CARTESIAN_POINT('',(-85.1312638994603,-1.75588987262169,21.5));
#2777=CARTESIAN_POINT('',(-71.5912432490177,4.72239710001712,24.5));
#2778=CARTESIAN_POINT('',(-58.0512225985752,-1.75588987262169,24.5));
#2779=CARTESIAN_POINT('',(-58.0512225985752,-1.75588987262169,26.5));
#2780=CARTESIAN_POINT('',(-58.0512225985752,-1.75588987262169,21.5));
#2781=CARTESIAN_POINT('',(-71.5912432490177,4.72239710001712,21.5));
#2782=CARTESIAN_POINT('',(-71.5914241651772,-1.75588987262169,26.5));
#2783=CARTESIAN_POINT('',(-71.5914241651772,-1.75588987262169,26.5));
#2784=CARTESIAN_POINT('',(-60.3088620998219,-1.75588987262169,26.5));
#2785=CARTESIAN_POINT('',(-82.8736243982136,-1.75588987262169,26.5));
#2786=CARTESIAN_POINT('',(-82.8736243982136,-1.75588987262169,26.5));
#2787=CARTESIAN_POINT('',(-83.4368907852646,-1.75588987262169,26.5));
#2788=CARTESIAN_POINT('',(-84.5620653716487,-1.75588987262169,26.141750058352));
#2789=CARTESIAN_POINT('',(-85.1312638994603,-1.75588987262169,25.0657743114625));
#2790=CARTESIAN_POINT('',(-85.1312638994603,-1.75588987262169,24.5));
#2791=CARTESIAN_POINT('',(-71.5914241651772,-1.75588987262169,21.5));
#2792=CARTESIAN_POINT('',(-58.0512225985752,-1.75588987262169,24.5));
#2793=CARTESIAN_POINT('',(-58.0512225985752,-1.75588987262169,25.0640893341176));
#2794=CARTESIAN_POINT('',(-58.6157917588211,-1.75588987262169,26.1391262506458));
#2795=CARTESIAN_POINT('',(-59.7465419067036,-1.75588987262169,26.5));
#2796=CARTESIAN_POINT('',(-60.3088620998219,-1.75588987262169,26.5));
#2797=CARTESIAN_POINT('',(-49.784227824863,4.63236444764169,26.5));
#2798=CARTESIAN_POINT('',(-71.5912432490177,4.72239710001712,26.5));
#2799=CARTESIAN_POINT('',(-49.784227824863,4.63236444764169,21.5));
#2800=CARTESIAN_POINT('',(-71.5912432490177,4.72239710001712,24.5));
#2801=CARTESIAN_POINT('',(0.,0.,0.));
#2802=CARTESIAN_POINT('',(-30.0742523591978,42.4302965402603,5.));
#2803=CARTESIAN_POINT('',(-30.0742523591978,42.4302965402603,0.));
#2804=CARTESIAN_POINT('',(-30.9396423399449,42.4302965402603,0.));
#2805=CARTESIAN_POINT('',(-29.2088623784508,42.4302965402603,0.));
#2806=CARTESIAN_POINT('',(-30.9396423399449,42.4302965402603,5.));
#2807=CARTESIAN_POINT('',(-30.9396423399449,42.4302965402603,5.));
#2808=CARTESIAN_POINT('',(-30.0742523591978,42.4302965402603,5.));
#2809=CARTESIAN_POINT('',(-29.2088623784508,42.4302965402603,5.));
#2810=CARTESIAN_POINT('',(-29.2088623784508,42.4302965402603,5.));
#2811=CARTESIAN_POINT('',(-51.9193501566737,5.12802208168293,5.));
#2812=CARTESIAN_POINT('',(-51.9193501566737,5.12802208168293,0.));
#2813=CARTESIAN_POINT('',(-29.6452872509626,41.6721589784654,0.));
#2814=CARTESIAN_POINT('',(-29.6452872509626,41.6721589784654,5.));
#2815=CARTESIAN_POINT('',(-29.6452872509626,41.6721589784654,5.));
#2816=CARTESIAN_POINT('',(-51.9193501566737,5.12802208168293,5.));
#2817=CARTESIAN_POINT('',(-29.4270748147067,42.0512277593628,5.));
#2818=CARTESIAN_POINT('',(-29.4270748147067,42.0512277593628,0.));
#2819=CARTESIAN_POINT('',(-29.4270748147067,42.0512277593628,5.));
#2820=CARTESIAN_POINT('',(-36.7223675757876,15.7313098154283,5.));
#2821=CARTESIAN_POINT('',(-36.7223675757876,15.7313098154283,0.));
#2822=CARTESIAN_POINT('',(0.,0.,0.));
#2823=CARTESIAN_POINT('',(-51.9193501566801,5.12802208167117,5.));
#2824=CARTESIAN_POINT('',(-51.9193501566801,5.12802208167117,0.));
#2825=CARTESIAN_POINT('',(-30.3938762785408,40.3717439565434,0.));
#2826=CARTESIAN_POINT('',(-31.6880265471925,41.1302373229587,0.));
#2827=CARTESIAN_POINT('',(-30.3938762785408,40.3717439565434,5.));
#2828=CARTESIAN_POINT('',(-30.3938762785408,40.3717439565434,5.));
#2829=CARTESIAN_POINT('',(-51.9193501566801,5.12802208167117,5.));
#2830=CARTESIAN_POINT('',(-31.6880265471925,41.1302373229587,5.));
#2831=CARTESIAN_POINT('',(-31.6880265471925,41.1302373229587,5.));
#2832=CARTESIAN_POINT('',(-30.0195817647517,41.0219514675044,5.));
#2833=CARTESIAN_POINT('',(-30.0195817647517,41.0219514675044,0.));
#2834=CARTESIAN_POINT('',(-29.6452872509626,41.6721589784654,0.));
#2835=CARTESIAN_POINT('',(-29.6452872509626,41.6721589784654,5.));
#2836=CARTESIAN_POINT('',(-29.6452872509626,41.6721589784654,5.));
#2837=CARTESIAN_POINT('',(-30.0195817647517,41.0219514675044,5.));
#2838=CARTESIAN_POINT('',(-30.2924647954537,42.0512277593628,5.));
#2839=CARTESIAN_POINT('',(-30.2924647954537,42.0512277593628,0.));
#2840=CARTESIAN_POINT('',(-30.9396423399449,42.4302965402603,0.));
#2841=CARTESIAN_POINT('',(-30.9396423399449,42.4302965402603,5.));
#2842=CARTESIAN_POINT('',(-30.9396423399449,42.4302965402603,5.));
#2843=CARTESIAN_POINT('',(-30.2924647954537,42.0512277593628,5.));
#2844=CARTESIAN_POINT('',(-31.3138344435686,41.7802669316095,5.));
#2845=CARTESIAN_POINT('',(-31.3138344435686,41.7802669316095,0.));
#2846=CARTESIAN_POINT('',(-31.3138344435686,41.7802669316095,5.));
#2847=CARTESIAN_POINT('',(-36.7223675757876,15.7313098154283,5.));
#2848=CARTESIAN_POINT('',(-36.7223675757876,15.7313098154283,0.));
#2849=CARTESIAN_POINT('',(0.,0.,0.));
#2850=CARTESIAN_POINT('',(-27.9966178350151,4.5617372295731,26.5));
#2851=CARTESIAN_POINT('',(-41.6337317950322,-1.75588987262169,26.5));
#2852=CARTESIAN_POINT('',(-41.6337317950322,-1.75588987262169,24.5));
#2853=CARTESIAN_POINT('',(-41.6337317950322,-1.75588987262169,21.5));
#2854=CARTESIAN_POINT('',(-27.9966178350151,4.5617372295731,24.5));
#2855=CARTESIAN_POINT('',(-14.3595038749979,-1.75588987262169,24.5));
#2856=CARTESIAN_POINT('',(-14.3595038749979,-1.75588987262169,26.5));
#2857=CARTESIAN_POINT('',(-14.3595038749979,-1.75588987262169,21.5));
#2858=CARTESIAN_POINT('',(-27.9966178350151,4.5617372295731,21.5));
#2859=CARTESIAN_POINT('',(-39.3355609723856,-1.75588987262169,26.5));
#2860=CARTESIAN_POINT('',(-39.3355609723856,-1.75588987262169,26.5));
#2861=CARTESIAN_POINT('',(-39.3919335657259,-1.75588987262169,26.5));
#2862=CARTESIAN_POINT('',(-16.6013021043042,-1.75588987262169,26.5));
#2863=CARTESIAN_POINT('',(-39.3919335657259,-1.75588987262169,26.5));
#2864=CARTESIAN_POINT('',(-39.9529956635851,-1.75588987262169,26.5));
#2865=CARTESIAN_POINT('',(-41.0731947310683,-1.7558898726217,26.1372729140648));
#2866=CARTESIAN_POINT('',(-41.6337317950322,-1.75588987262169,25.0633822841891));
#2867=CARTESIAN_POINT('',(-41.6337317950322,-1.75588987262169,24.5));
#2868=CARTESIAN_POINT('',(-39.3355609723856,-1.75588987262169,21.5));
#2869=CARTESIAN_POINT('',(-14.3595038749979,-1.75588987262169,24.5));
#2870=CARTESIAN_POINT('',(-14.3595038749979,-1.75588987262169,25.0618380242418));
#2871=CARTESIAN_POINT('',(-14.9156832950332,-1.7558898726217,26.1347457600328));
#2872=CARTESIAN_POINT('',(-16.0411272647193,-1.75588987262169,26.5));
#2873=CARTESIAN_POINT('',(-16.6013021043042,-1.75588987262169,26.5));
#2874=CARTESIAN_POINT('',(-36.7223675757876,15.7313098154283,26.5));
#2875=CARTESIAN_POINT('',(-27.9966178350151,4.5617372295731,26.5));
#2876=CARTESIAN_POINT('',(-36.7223675757876,15.7313098154283,21.5));
#2877=CARTESIAN_POINT('',(-27.9966178350151,4.5617372295731,24.5));
#2878=CARTESIAN_POINT('',(0.,0.,0.));
#2879=CARTESIAN_POINT('',(-30.0742523591978,42.4302965402603,16.5));
#2880=CARTESIAN_POINT('',(-30.9396423399449,42.4302965402603,16.5));
#2881=CARTESIAN_POINT('',(-30.9396423399449,42.4302965402603,11.5));
#2882=CARTESIAN_POINT('',(-30.9396423399449,42.4302965402603,5.));
#2883=CARTESIAN_POINT('',(-30.0742523591978,42.4302965402603,11.5));
#2884=CARTESIAN_POINT('',(-29.2088623784508,42.4302965402603,11.5));
#2885=CARTESIAN_POINT('',(-29.2088623784508,42.4302965402603,16.5));
#2886=CARTESIAN_POINT('',(-29.2088623784508,42.4302965402603,5.));
#2887=CARTESIAN_POINT('',(-30.0742523591978,42.4302965402603,5.));
#2888=CARTESIAN_POINT('',(-29.4270748147067,42.0512277593628,16.5));
#2889=CARTESIAN_POINT('',(-29.4270748147067,42.0512277593628,11.5));
#2890=CARTESIAN_POINT('',(-29.6452872509626,41.6721589784654,11.5));
#2891=CARTESIAN_POINT('',(-29.6452872509626,41.6721589784654,16.5));
#2892=CARTESIAN_POINT('',(-29.6452872509626,41.6721589784654,5.));
#2893=CARTESIAN_POINT('',(-29.4270748147067,42.0512277593628,5.));
#2894=CARTESIAN_POINT('',(-51.9193501566737,5.12802208168293,16.5));
#2895=CARTESIAN_POINT('',(-51.9193501566737,5.12802208168293,11.5));
#2896=CARTESIAN_POINT('',(-51.9193501566737,5.12802208168293,5.));
#2897=CARTESIAN_POINT('',(-36.7223675757876,15.7313098154283,5.));
#2898=CARTESIAN_POINT('',(-36.7223675757876,15.7313098154283,11.5));
#2899=CARTESIAN_POINT('',(0.,0.,0.));
#2900=CARTESIAN_POINT('',(-71.5912432490177,4.72239710001712,0.));
#2901=CARTESIAN_POINT('',(-71.5912432490177,4.72239710001712,5.));
#2902=CARTESIAN_POINT('',(-71.3438739582349,-12.285812816577,5.));
#2903=CARTESIAN_POINT('',(-55.213273198678,0.128652095869824,5.));
#2904=CARTESIAN_POINT('',(-55.213273198678,0.128652095869824,0.));
#2905=CARTESIAN_POINT('',(-55.213273198678,0.128652095869824,0.));
#2906=CARTESIAN_POINT('',(-71.5912432490177,4.72239710001712,0.));
#2907=CARTESIAN_POINT('',(-71.3438739582349,-12.285812816577,0.));
#2908=CARTESIAN_POINT('',(-71.3438739582349,-12.285812816577,0.));
#2909=CARTESIAN_POINT('',(-71.6007627737101,6.63814045806284,0.));
#2910=CARTESIAN_POINT('',(-71.6007627737101,6.63814045806284,5.));
#2911=CARTESIAN_POINT('',(-54.6005470680572,-1.67899037928366,5.));
#2912=CARTESIAN_POINT('',(-71.6007627737101,6.63814045806284,0.));
#2913=CARTESIAN_POINT('',(-54.6005470680572,-1.67899037928366,0.));
#2914=CARTESIAN_POINT('',(-54.6005470680572,-1.67899037928366,0.));
#2915=CARTESIAN_POINT('',(-69.1966128155559,4.0728846133497,0.));
#2916=CARTESIAN_POINT('',(-69.1966128155559,4.0728846133497,5.));
#2917=CARTESIAN_POINT('',(-54.4461608245491,9.41641970701099,5.));
#2918=CARTESIAN_POINT('',(-69.1966128155559,4.0728846133497,0.));
#2919=CARTESIAN_POINT('',(-54.4461608245491,9.41641970701099,0.));
#2920=CARTESIAN_POINT('',(-54.4461608245491,9.41641970701099,0.));
#2921=CARTESIAN_POINT('',(-76.6997105494145,6.57886260634647,0.));
#2922=CARTESIAN_POINT('',(-76.6997105494145,6.57886260634647,5.));
#2923=CARTESIAN_POINT('',(-76.6997105494145,6.57886260634647,0.));
#2924=CARTESIAN_POINT('',(-71.0546796917871,4.72239710001712,0.));
#2925=CARTESIAN_POINT('',(-71.0546796917871,4.72239710001712,5.));
#2926=CARTESIAN_POINT('',(0.,0.,0.));
#2927=CARTESIAN_POINT('',(-51.9193501566821,5.12802208166785,5.));
#2928=CARTESIAN_POINT('',(-51.9193501566821,5.12802208166785,0.));
#2929=CARTESIAN_POINT('',(-34.1991278813276,42.4302965402603,0.));
#2930=CARTESIAN_POINT('',(-37.7825381358554,43.9302965402603,0.));
#2931=CARTESIAN_POINT('',(-34.1991278813276,42.4302965402603,5.));
#2932=CARTESIAN_POINT('',(-34.1991278813276,42.4302965402603,5.));
#2933=CARTESIAN_POINT('',(-51.9193501566821,5.12802208166785,5.));
#2934=CARTESIAN_POINT('',(-37.7825381358554,43.9302965402603,5.));
#2935=CARTESIAN_POINT('',(-37.7825381358554,43.9302965402603,5.));
#2936=CARTESIAN_POINT('',(-32.5693851106362,42.4302965402603,5.));
#2937=CARTESIAN_POINT('',(-32.5693851106362,42.4302965402603,0.));
#2938=CARTESIAN_POINT('',(-30.9396423399449,42.4302965402603,0.));
#2939=CARTESIAN_POINT('',(-30.9396423399449,42.4302965402603,5.));
#2940=CARTESIAN_POINT('',(-30.9396423399449,42.4302965402603,5.));
#2941=CARTESIAN_POINT('',(-32.5693851106362,42.4302965402603,5.));
#2942=CARTESIAN_POINT('',(-30.0742523591978,42.4302965402603,5.));
#2943=CARTESIAN_POINT('',(-30.0742523591978,42.4302965402603,0.));
#2944=CARTESIAN_POINT('',(-29.2088623784508,42.4302965402603,0.));
#2945=CARTESIAN_POINT('',(-29.2088623784508,42.4302965402603,5.));
#2946=CARTESIAN_POINT('',(-29.2088623784508,42.4302965402603,5.));
#2947=CARTESIAN_POINT('',(-30.0742523591978,42.4302965402603,5.));
#2948=CARTESIAN_POINT('',(-28.777121925427,43.1802965402603,5.));
#2949=CARTESIAN_POINT('',(-28.777121925427,43.1802965402603,0.));
#2950=CARTESIAN_POINT('',(-28.3453814724031,43.9302965402603,0.));
#2951=CARTESIAN_POINT('',(-28.3453814724031,43.9302965402603,5.));
#2952=CARTESIAN_POINT('',(-28.3453814724031,43.9302965402603,5.));
#2953=CARTESIAN_POINT('',(-28.777121925427,43.1802965402603,5.));
#2954=CARTESIAN_POINT('',(-33.0639598041292,43.9302965402603,5.));
#2955=CARTESIAN_POINT('',(-33.0639598041292,43.9302965402603,0.));
#2956=CARTESIAN_POINT('',(-33.0639598041292,43.9302965402603,5.));
#2957=CARTESIAN_POINT('',(-36.7223675757876,15.7313098154283,5.));
#2958=CARTESIAN_POINT('',(-36.7223675757876,15.7313098154283,0.));
#2959=CARTESIAN_POINT('',(0.,0.,0.));
#2960=CARTESIAN_POINT('',(-27.9966178350151,4.5617372295731,-0.1));
#2961=CARTESIAN_POINT('',(-27.9966178350151,4.5617372295731,5.));
#2962=CARTESIAN_POINT('',(-17.7038638122943,-9.00514010253809,5.));
#2963=CARTESIAN_POINT('',(-11.3887562379772,8.32735525194664,5.));
#2964=CARTESIAN_POINT('',(-11.3887562379772,8.32735525194664,-0.1));
#2965=CARTESIAN_POINT('',(-11.3887562379772,8.32735525194664,-0.1));
#2966=CARTESIAN_POINT('',(-27.9966178350151,4.5617372295731,-0.1));
#2967=CARTESIAN_POINT('',(-17.7038638122943,-9.00514010253809,-0.1));
#2968=CARTESIAN_POINT('',(-17.7038638122943,-9.00514010253809,-0.1));
#2969=CARTESIAN_POINT('',(-30.007147804571,8.80800183788085,-0.1));
#2970=CARTESIAN_POINT('',(-30.007147804571,8.80800183788085,5.));
#2971=CARTESIAN_POINT('',(-11.2387315564848,-1.9820572130558,5.));
#2972=CARTESIAN_POINT('',(-30.007147804571,8.80800183788085,-0.1));
#2973=CARTESIAN_POINT('',(-11.2387315564848,-1.9820572130558,-0.1));
#2974=CARTESIAN_POINT('',(-11.2387315564848,-1.9820572130558,-0.1));
#2975=CARTESIAN_POINT('',(-43.1081928393241,6.41797042804478,-0.1));
#2976=CARTESIAN_POINT('',(-43.1081928393241,6.41797042804478,5.));
#2977=CARTESIAN_POINT('',(-14.9840796981146,23.6010227427558,5.));
#2978=CARTESIAN_POINT('',(-43.1081928393241,6.41797042804478,-0.1));
#2979=CARTESIAN_POINT('',(-14.9840796981146,23.6010227427558,-0.1));
#2980=CARTESIAN_POINT('',(-14.9840796981146,23.6010227427558,-0.1));
#2981=CARTESIAN_POINT('',(-54.7240560442188,6.18649514983054,-0.1));
#2982=CARTESIAN_POINT('',(-54.7240560442188,6.18649514983054,5.));
#2983=CARTESIAN_POINT('',(-54.7240560442188,6.18649514983054,-0.1));
#2984=CARTESIAN_POINT('',(-27.5881635109483,5.56667291667594,-0.1));
#2985=CARTESIAN_POINT('',(-27.5881635109483,5.56667291667594,5.));
#2986=CARTESIAN_POINT('',(0.,0.,0.));
#2987=CARTESIAN_POINT('',(-32.5693851106362,42.4302965402603,11.5));
#2988=CARTESIAN_POINT('',(-32.5693851106362,42.4302965402603,0.));
#2989=CARTESIAN_POINT('',(-34.1991278813276,42.4302965402603,0.));
#2990=CARTESIAN_POINT('',(-30.9396423399449,42.4302965402603,0.));
#2991=CARTESIAN_POINT('',(-34.1991278813276,42.4302965402603,11.5));
#2992=CARTESIAN_POINT('',(-34.1991278813276,42.4302965402603,11.5));
#2993=CARTESIAN_POINT('',(-32.5693851106362,42.4302965402603,11.5));
#2994=CARTESIAN_POINT('',(-30.9396423399449,42.4302965402603,11.5));
#2995=CARTESIAN_POINT('',(-30.9396423399449,42.4302965402603,11.5));
#2996=CARTESIAN_POINT('',(-51.9193501566796,5.12802208167284,11.5));
#2997=CARTESIAN_POINT('',(-51.9193501566796,5.12802208167284,0.));
#2998=CARTESIAN_POINT('',(-31.6880265471925,41.1302373229587,0.));
#2999=CARTESIAN_POINT('',(-31.6880265471925,41.1302373229587,11.5));
#3000=CARTESIAN_POINT('',(-31.6880265471925,41.1302373229587,11.5));
#3001=CARTESIAN_POINT('',(-51.9193501566796,5.12802208167284,11.5));
#3002=CARTESIAN_POINT('',(-31.3138344435686,41.7802669316095,11.5));
#3003=CARTESIAN_POINT('',(-31.3138344435686,41.7802669316095,0.));
#3004=CARTESIAN_POINT('',(-31.3138344435686,41.7802669316095,11.5));
#3005=CARTESIAN_POINT('',(-36.7223675757876,15.7313098154283,11.5));
#3006=CARTESIAN_POINT('',(-36.7223675757876,15.7313098154283,0.));
#3007=CARTESIAN_POINT('',(0.,0.,0.));
#3008=CARTESIAN_POINT('',(-42.1720014064306,22.9179500810367,5.));
#3009=CARTESIAN_POINT('',(-42.1720014064306,22.9179500810367,0.));
#3010=CARTESIAN_POINT('',(-52.6559762656689,4.70566283911467,0.));
#3011=CARTESIAN_POINT('',(-31.6880265471925,41.1302373229587,0.));
#3012=CARTESIAN_POINT('',(-52.6559762656689,4.70566283911467,5.));
#3013=CARTESIAN_POINT('',(-52.6559762656689,4.70566283911467,5.));
#3014=CARTESIAN_POINT('',(-42.1720014064306,22.9179500810367,5.));
#3015=CARTESIAN_POINT('',(-31.6880265471925,41.1302373229587,5.));
#3016=CARTESIAN_POINT('',(-31.6880265471925,41.1302373229587,5.));
#3017=CARTESIAN_POINT('',(-96.6192184133224,4.45445438251689,5.));
#3018=CARTESIAN_POINT('',(-96.6192184133224,4.45445438251689,0.));
#3019=CARTESIAN_POINT('',(-74.4682550430298,42.4302965402603,0.));
#3020=CARTESIAN_POINT('',(-74.4682550430298,42.4302965402603,5.));
#3021=CARTESIAN_POINT('',(-74.4682550430298,42.4302965402603,5.));
#3022=CARTESIAN_POINT('',(-96.6192184133224,4.45445438251689,5.));
#3023=CARTESIAN_POINT('',(-54.3336914621787,42.4302965402603,5.));
#3024=CARTESIAN_POINT('',(-54.3336914621787,42.4302965402603,0.));
#3025=CARTESIAN_POINT('',(-34.1991278813276,42.4302965402603,0.));
#3026=CARTESIAN_POINT('',(-34.1991278813276,42.4302965402603,5.));
#3027=CARTESIAN_POINT('',(-34.1991278813276,42.4302965402603,5.));
#3028=CARTESIAN_POINT('',(-54.3336914621787,42.4302965402603,5.));
#3029=CARTESIAN_POINT('',(-51.9193501566821,5.12802208166785,5.));
#3030=CARTESIAN_POINT('',(-51.9193501566821,5.12802208166785,0.));
#3031=CARTESIAN_POINT('',(-37.7825381358554,43.9302965402603,0.));
#3032=CARTESIAN_POINT('',(-37.7825381358554,43.9302965402603,5.));
#3033=CARTESIAN_POINT('',(-37.7825381358554,43.9302965402603,5.));
#3034=CARTESIAN_POINT('',(-51.9193501566821,5.12802208166785,5.));
#3035=CARTESIAN_POINT('',(-59.3771040542334,43.9302965402603,5.));
#3036=CARTESIAN_POINT('',(-59.3771040542334,43.9302965402603,0.));
#3037=CARTESIAN_POINT('',(-76.402260773192,43.9302965402603,0.));
#3038=CARTESIAN_POINT('',(-76.402260773192,43.9302965402603,5.));
#3039=CARTESIAN_POINT('',(-76.402260773192,43.9302965402603,5.));
#3040=CARTESIAN_POINT('',(-59.3771040542334,43.9302965402603,5.));
#3041=CARTESIAN_POINT('',(-96.6192184133224,4.45445438251691,5.));
#3042=CARTESIAN_POINT('',(-96.6192184133224,4.45445438251691,5.));
#3043=CARTESIAN_POINT('',(-54.6005470680572,-1.67899037928366,5.));
#3044=CARTESIAN_POINT('',(-76.8674037953468,42.0450609959329,5.));
#3045=CARTESIAN_POINT('',(-76.8674037953468,42.0450609959329,5.));
#3046=CARTESIAN_POINT('',(-76.8674037953468,42.0450609959329,0.));
#3047=CARTESIAN_POINT('',(-96.6192184133224,4.45445438251691,0.));
#3048=CARTESIAN_POINT('',(-54.6005470680572,-1.67899037928366,0.));
#3049=CARTESIAN_POINT('',(-54.6005470680572,-1.67899037928366,5.));
#3050=CARTESIAN_POINT('',(-42.497211673299,19.3463767886299,5.));
#3051=CARTESIAN_POINT('',(-42.497211673299,19.3463767886299,0.));
#3052=CARTESIAN_POINT('',(-30.3938762785408,40.3717439565434,0.));
#3053=CARTESIAN_POINT('',(-30.3938762785408,40.3717439565434,5.));
#3054=CARTESIAN_POINT('',(-30.3938762785408,40.3717439565434,5.));
#3055=CARTESIAN_POINT('',(-42.497211673299,19.3463767886299,5.));
#3056=CARTESIAN_POINT('',(-51.9193501566801,5.12802208167117,5.));
#3057=CARTESIAN_POINT('',(-51.9193501566801,5.12802208167117,0.));
#3058=CARTESIAN_POINT('',(-51.9193501566801,5.12802208167117,5.));
#3059=CARTESIAN_POINT('',(-36.7223675757876,15.7313098154283,5.));
#3060=CARTESIAN_POINT('',(-76.402260773192,42.9302965402603,5.));
#3061=CARTESIAN_POINT('',(-36.7223675757876,15.7313098154283,0.));
#3062=CARTESIAN_POINT('',(-76.402260773192,42.9302965402603,0.));
#3063=CARTESIAN_POINT('',(-76.402260773192,42.9302965402603,5.));
#3064=CARTESIAN_POINT('',(0.,0.,0.));
#3065=CARTESIAN_POINT('',(-96.6192184133224,4.45445438251689,11.5));
#3066=CARTESIAN_POINT('',(-96.6192184133224,4.45445438251689,0.));
#3067=CARTESIAN_POINT('',(-52.6559762656689,4.70566283911467,0.));
#3068=CARTESIAN_POINT('',(-74.4682550430298,42.4302965402603,0.));
#3069=CARTESIAN_POINT('',(-52.6559762656689,4.70566283911467,11.5));
#3070=CARTESIAN_POINT('',(-52.6559762656689,4.70566283911467,11.5));
#3071=CARTESIAN_POINT('',(-96.6192184133224,4.45445438251689,11.5));
#3072=CARTESIAN_POINT('',(-74.4682550430298,42.4302965402603,11.5));
#3073=CARTESIAN_POINT('',(-74.4682550430298,42.4302965402603,11.5));
#3074=CARTESIAN_POINT('',(-42.1720014064306,22.9179500810367,11.5));
#3075=CARTESIAN_POINT('',(-42.1720014064306,22.9179500810367,0.));
#3076=CARTESIAN_POINT('',(-31.6880265471925,41.1302373229587,0.));
#3077=CARTESIAN_POINT('',(-31.6880265471925,41.1302373229587,11.5));
#3078=CARTESIAN_POINT('',(-31.6880265471925,41.1302373229587,11.5));
#3079=CARTESIAN_POINT('',(-42.1720014064306,22.9179500810367,11.5));
#3080=CARTESIAN_POINT('',(-51.9193501566796,5.12802208167284,11.5));
#3081=CARTESIAN_POINT('',(-51.9193501566796,5.12802208167284,0.));
#3082=CARTESIAN_POINT('',(-34.1991278813276,42.4302965402603,0.));
#3083=CARTESIAN_POINT('',(-34.1991278813276,42.4302965402603,11.5));
#3084=CARTESIAN_POINT('',(-34.1991278813276,42.4302965402603,11.5));
#3085=CARTESIAN_POINT('',(-51.9193501566796,5.12802208167284,11.5));
#3086=CARTESIAN_POINT('',(-54.3336914621787,42.4302965402603,11.5));
#3087=CARTESIAN_POINT('',(-54.3336914621787,42.4302965402603,0.));
#3088=CARTESIAN_POINT('',(-54.3336914621787,42.4302965402603,11.5));
#3089=CARTESIAN_POINT('',(-36.7223675757876,15.7313098154283,11.5));
#3090=CARTESIAN_POINT('',(-36.7223675757876,15.7313098154283,0.));
#3091=CARTESIAN_POINT('',(0.,0.,0.));
#3092=CARTESIAN_POINT('',(-8.32246158607434,42.4302965402603,11.5));
#3093=CARTESIAN_POINT('',(-8.32246158607434,42.4302965402603,0.));
#3094=CARTESIAN_POINT('',(-29.2088623784508,42.4302965402603,0.));
#3095=CARTESIAN_POINT('',(12.5639392063024,42.4302965402603,0.));
#3096=CARTESIAN_POINT('',(-29.2088623784508,42.4302965402603,11.5));
#3097=CARTESIAN_POINT('',(-29.2088623784508,42.4302965402603,11.5));
#3098=CARTESIAN_POINT('',(-8.32246158607434,42.4302965402603,11.5));
#3099=CARTESIAN_POINT('',(12.5639392063024,42.4302965402603,11.5));
#3100=CARTESIAN_POINT('',(12.5639392063024,42.4302965402603,11.5));
#3101=CARTESIAN_POINT('',(-29.4270748147067,42.0512277593628,11.5));
#3102=CARTESIAN_POINT('',(-29.4270748147067,42.0512277593628,0.));
#3103=CARTESIAN_POINT('',(-29.6452872509626,41.6721589784654,0.));
#3104=CARTESIAN_POINT('',(-29.6452872509626,41.6721589784654,11.5));
#3105=CARTESIAN_POINT('',(-29.6452872509626,41.6721589784654,11.5));
#3106=CARTESIAN_POINT('',(-29.4270748147067,42.0512277593628,11.5));
#3107=CARTESIAN_POINT('',(-51.9193501566812,5.12802208167005,11.5));
#3108=CARTESIAN_POINT('',(-51.9193501566812,5.12802208167005,0.));
#3109=CARTESIAN_POINT('',(-9.1241467744112,4.70566283911467,0.));
#3110=CARTESIAN_POINT('',(-9.1241467744112,4.70566283911467,11.5));
#3111=CARTESIAN_POINT('',(-9.1241467744112,4.70566283911467,11.5));
#3112=CARTESIAN_POINT('',(-51.9193501566812,5.12802208167005,11.5));
#3113=CARTESIAN_POINT('',(1.71989621594563,23.5679796896875,11.5));
#3114=CARTESIAN_POINT('',(1.71989621594563,23.5679796896875,0.));
#3115=CARTESIAN_POINT('',(1.71989621594563,23.5679796896875,11.5));
#3116=CARTESIAN_POINT('',(-36.7223675757876,15.7313098154283,11.5));
#3117=CARTESIAN_POINT('',(-36.7223675757876,15.7313098154283,0.));
#3118=CARTESIAN_POINT('',(0.,0.,0.));
#3119=CARTESIAN_POINT('',(-39.3355609723856,-1.75588987262169,26.5));
#3120=CARTESIAN_POINT('',(-39.3355609723856,-1.75588987262169,26.5));
#3121=CARTESIAN_POINT('',(-39.3919335657259,-1.75588987262169,26.5));
#3122=CARTESIAN_POINT('',(-16.6013021043042,-1.75588987262169,26.5));
#3123=CARTESIAN_POINT('',(-16.6013021043042,-1.7558898726217,26.5));
#3124=CARTESIAN_POINT('',(-16.040240006445,-1.7558898726217,26.5));
#3125=CARTESIAN_POINT('',(-14.9200409389618,-1.7558898726217,26.1372729140648));
#3126=CARTESIAN_POINT('',(-14.3595038749979,-1.7558898726217,25.0633822841891));
#3127=CARTESIAN_POINT('',(-14.3595038749979,-1.7558898726217,24.5));
#3128=CARTESIAN_POINT('',(-14.3595038749979,-1.75588987262169,24.5));
#3129=CARTESIAN_POINT('',(-14.3595038749979,-1.75588987262169,26.5));
#3130=CARTESIAN_POINT('',(-14.3595038749979,-1.75588987262169,21.5));
#3131=CARTESIAN_POINT('',(-39.3355609723856,-1.75588987262169,21.5));
#3132=CARTESIAN_POINT('',(-41.6337317950322,-1.75588987262169,21.5));
#3133=CARTESIAN_POINT('',(-41.6337317950322,-1.75588987262169,26.5));
#3134=CARTESIAN_POINT('',(-41.6337317950322,-1.75588987262169,24.5));
#3135=CARTESIAN_POINT('',(-41.6337317950322,-1.75588987262169,24.5));
#3136=CARTESIAN_POINT('',(-41.6337317950322,-1.75588987262169,25.0618380242418));
#3137=CARTESIAN_POINT('',(-41.0775523749969,-1.75588987262169,26.1347457600328));
#3138=CARTESIAN_POINT('',(-39.9521084053108,-1.75588987262169,26.5));
#3139=CARTESIAN_POINT('',(-39.3919335657259,-1.75588987262169,26.5));
#3140=CARTESIAN_POINT('',(-27.9966178350151,4.56173722957313,26.5));
#3141=CARTESIAN_POINT('',(-27.9966178350151,4.56173722957313,24.5));
#3142=CARTESIAN_POINT('',(-27.9966178350151,4.56173722957313,21.5));
#3143=CARTESIAN_POINT('',(-49.784227824863,4.63236444764169,26.5));
#3144=CARTESIAN_POINT('',(-27.9966178350151,4.56173722957313,26.5));
#3145=CARTESIAN_POINT('',(-49.784227824863,4.63236444764169,21.5));
#3146=CARTESIAN_POINT('',(-27.9966178350151,4.56173722957313,24.5));
#3147=CARTESIAN_POINT('',(0.,0.,0.));
#3148=CARTESIAN_POINT('',(-71.5914241651772,-1.75588987262169,26.5));
#3149=CARTESIAN_POINT('',(-71.5914241651772,-1.75588987262169,26.5));
#3150=CARTESIAN_POINT('',(-60.3088620998219,-1.75588987262169,26.5));
#3151=CARTESIAN_POINT('',(-82.8736243982136,-1.75588987262169,26.5));
#3152=CARTESIAN_POINT('',(-60.3088620998219,-1.75588987262169,26.5));
#3153=CARTESIAN_POINT('',(-59.7455957127709,-1.75588987262169,26.5));
#3154=CARTESIAN_POINT('',(-58.6204211263868,-1.75588987262169,26.1417500583521));
#3155=CARTESIAN_POINT('',(-58.0512225985752,-1.75588987262169,25.0657743114624));
#3156=CARTESIAN_POINT('',(-58.0512225985752,-1.75588987262169,24.5));
#3157=CARTESIAN_POINT('',(-58.0512225985752,-1.75588987262169,24.5));
#3158=CARTESIAN_POINT('',(-58.0512225985752,-1.75588987262169,26.5));
#3159=CARTESIAN_POINT('',(-58.0512225985752,-1.75588987262169,21.5));
#3160=CARTESIAN_POINT('',(-71.5914241651772,-1.75588987262169,21.5));
#3161=CARTESIAN_POINT('',(-85.1312638994603,-1.75588987262169,21.5));
#3162=CARTESIAN_POINT('',(-85.1312638994603,-1.75588987262169,26.5));
#3163=CARTESIAN_POINT('',(-85.1312638994603,-1.75588987262169,24.5));
#3164=CARTESIAN_POINT('',(-85.1312638994603,-1.75588987262169,24.5));
#3165=CARTESIAN_POINT('',(-85.1312638994603,-1.75588987262169,25.0640893341176));
#3166=CARTESIAN_POINT('',(-84.5666947392143,-1.75588987262169,26.1391262506458));
#3167=CARTESIAN_POINT('',(-83.4359445913319,-1.75588987262169,26.5));
#3168=CARTESIAN_POINT('',(-82.8736243982136,-1.75588987262169,26.5));
#3169=CARTESIAN_POINT('',(-71.5912432490177,4.72239710001712,26.5));
#3170=CARTESIAN_POINT('',(-71.5912432490177,4.72239710001712,24.5));
#3171=CARTESIAN_POINT('',(-71.5912432490177,4.72239710001712,21.5));
#3172=CARTESIAN_POINT('',(-49.784227824863,4.63236444764169,26.5));
#3173=CARTESIAN_POINT('',(-71.5912432490177,4.72239710001712,26.5));
#3174=CARTESIAN_POINT('',(-49.784227824863,4.63236444764169,21.5));
#3175=CARTESIAN_POINT('',(-71.5912432490177,4.72239710001712,24.5));
#3176=CARTESIAN_POINT('',(0.,0.,0.));
#3177=CARTESIAN_POINT('',(-28.777121925427,43.1802965402603,5.));
#3178=CARTESIAN_POINT('',(-28.777121925427,43.1802965402603,0.));
#3179=CARTESIAN_POINT('',(-29.2088623784508,42.4302965402603,0.));
#3180=CARTESIAN_POINT('',(-28.3453814724031,43.9302965402603,0.));
#3181=CARTESIAN_POINT('',(-29.2088623784508,42.4302965402603,5.));
#3182=CARTESIAN_POINT('',(-29.2088623784508,42.4302965402603,5.));
#3183=CARTESIAN_POINT('',(-28.777121925427,43.1802965402603,5.));
#3184=CARTESIAN_POINT('',(-28.3453814724031,43.9302965402603,5.));
#3185=CARTESIAN_POINT('',(-28.3453814724031,43.9302965402603,5.));
#3186=CARTESIAN_POINT('',(-8.32246158607434,42.4302965402603,5.));
#3187=CARTESIAN_POINT('',(-8.32246158607434,42.4302965402603,0.));
#3188=CARTESIAN_POINT('',(12.5639392063024,42.4302965402603,0.));
#3189=CARTESIAN_POINT('',(12.5639392063024,42.4302965402603,5.));
#3190=CARTESIAN_POINT('',(12.5639392063024,42.4302965402603,5.));
#3191=CARTESIAN_POINT('',(-8.32246158607434,42.4302965402603,5.));
#3192=CARTESIAN_POINT('',(1.71989621594563,23.5679796896875,5.));
#3193=CARTESIAN_POINT('',(1.71989621594563,23.5679796896875,0.));
#3194=CARTESIAN_POINT('',(-9.1241467744112,4.70566283911467,0.));
#3195=CARTESIAN_POINT('',(-9.1241467744112,4.70566283911467,5.));
#3196=CARTESIAN_POINT('',(-9.1241467744112,4.70566283911467,5.));
#3197=CARTESIAN_POINT('',(1.71989621594563,23.5679796896875,5.));
#3198=CARTESIAN_POINT('',(-51.9193501566812,5.12802208167005,5.));
#3199=CARTESIAN_POINT('',(-51.9193501566812,5.12802208167005,0.));
#3200=CARTESIAN_POINT('',(-29.6452872509626,41.6721589784654,0.));
#3201=CARTESIAN_POINT('',(-29.6452872509626,41.6721589784654,5.));
#3202=CARTESIAN_POINT('',(-29.6452872509626,41.6721589784654,5.));
#3203=CARTESIAN_POINT('',(-51.9193501566812,5.12802208167005,5.));
#3204=CARTESIAN_POINT('',(-30.0195817647517,41.0219514675044,5.));
#3205=CARTESIAN_POINT('',(-30.0195817647517,41.0219514675044,0.));
#3206=CARTESIAN_POINT('',(-30.3938762785408,40.3717439565434,0.));
#3207=CARTESIAN_POINT('',(-30.3938762785408,40.3717439565434,5.));
#3208=CARTESIAN_POINT('',(-30.3938762785408,40.3717439565434,5.));
#3209=CARTESIAN_POINT('',(-30.0195817647517,41.0219514675044,5.));
#3210=CARTESIAN_POINT('',(-51.9193501566812,5.12802208167006,5.));
#3211=CARTESIAN_POINT('',(-51.9193501566812,5.12802208167006,0.));
#3212=CARTESIAN_POINT('',(-11.2387315564848,-1.9820572130558,0.));
#3213=CARTESIAN_POINT('',(-11.2387315564848,-1.9820572130558,5.));
#3214=CARTESIAN_POINT('',(-11.2387315564848,-1.9820572130558,5.));
#3215=CARTESIAN_POINT('',(-51.9193501566812,5.12802208167006,5.));
#3216=CARTESIAN_POINT('',(1.95889262281397,20.9741196636022,5.));
#3217=CARTESIAN_POINT('',(1.95889262281397,20.9741196636022,0.));
#3218=CARTESIAN_POINT('',(14.295073574859,42.4318872185996,0.));
#3219=CARTESIAN_POINT('',(14.295073574859,42.4318872185996,5.));
#3220=CARTESIAN_POINT('',(14.295073574859,42.4318872185996,5.));
#3221=CARTESIAN_POINT('',(1.95889262281397,20.9741196636022,5.));
#3222=CARTESIAN_POINT('',(-6.59443233514517,43.9302965402603,5.));
#3223=CARTESIAN_POINT('',(-6.59443233514517,43.9302965402603,5.));
#3224=CARTESIAN_POINT('',(13.4281317382392,43.9302965402603,5.));
#3225=CARTESIAN_POINT('',(13.4281317382392,43.9302965402603,1.7347234759768E-15));
#3226=CARTESIAN_POINT('',(13.4281317382392,43.9302965402603,0.));
#3227=CARTESIAN_POINT('',(-6.59443233514517,43.9302965402603,0.));
#3228=CARTESIAN_POINT('',(-36.7223675757876,15.7313098154283,5.));
#3229=CARTESIAN_POINT('',(13.4281317382392,42.9302965402603,5.));
#3230=CARTESIAN_POINT('',(-36.7223675757876,15.7313098154283,0.));
#3231=CARTESIAN_POINT('',(13.4281317382392,42.9302965402603,0.));
#3232=CARTESIAN_POINT('',(13.4281317382392,42.9302965402603,5.));
#3233=CARTESIAN_POINT('',(0.,0.,0.));
#3234=CARTESIAN_POINT('',(-27.9966178350151,4.5617372295731,5.));
#3235=CARTESIAN_POINT('',(-27.9966178350151,4.5617372295731,5.));
#3236=CARTESIAN_POINT('',(-27.9966178350151,-10.4676769094038,5.));
#3237=CARTESIAN_POINT('',(-27.9966178350151,4.5617372295731,0.));
#3238=CARTESIAN_POINT('',(-27.9966178350151,-10.4676769094038,0.));
#3239=CARTESIAN_POINT('',(-27.9966178350151,4.5617372295731,5.));
#3240=CARTESIAN_POINT('',(-27.9966178350151,4.5617372295731,5.));
#3241=CARTESIAN_POINT('',(-27.9966178350151,-12.4676769094039,5.));
#3242=CARTESIAN_POINT('',(-27.9966178350151,4.5617372295731,0.));
#3243=CARTESIAN_POINT('',(-27.9966178350151,-12.4676769094039,0.));
#3244=CARTESIAN_POINT('',(-36.7223675757876,15.7313098154283,5.));
#3245=CARTESIAN_POINT('',(-36.7223675757876,15.7313098154283,0.));
#3246=CARTESIAN_POINT('',(0.,0.,0.));
#3247=CARTESIAN_POINT('',(-71.5912432490177,4.72239710001712,5.));
#3248=CARTESIAN_POINT('',(-71.5912432490177,4.72239710001712,5.));
#3249=CARTESIAN_POINT('',(-71.5912432490177,-10.287611604653,5.));
#3250=CARTESIAN_POINT('',(-71.5912432490177,4.72239710001712,0.));
#3251=CARTESIAN_POINT('',(-71.5912432490177,-10.287611604653,0.));
#3252=CARTESIAN_POINT('',(-71.5912432490177,4.72239710001712,5.));
#3253=CARTESIAN_POINT('',(-71.5912432490177,4.72239710001712,5.));
#3254=CARTESIAN_POINT('',(-71.5912432490177,-12.287611604653,5.));
#3255=CARTESIAN_POINT('',(-71.5912432490177,4.72239710001712,0.));
#3256=CARTESIAN_POINT('',(-71.5912432490177,-12.287611604653,0.));
#3257=CARTESIAN_POINT('',(-36.7223675757876,15.7313098154283,5.));
#3258=CARTESIAN_POINT('',(-36.7223675757876,15.7313098154283,0.));
#3259=CARTESIAN_POINT('',(0.,0.,0.));
#3260=CARTESIAN_POINT('',(-36.7223675757876,15.7313098154283,11.5));
#3261=CARTESIAN_POINT('',(-39.3355609723856,-1.75588987262169,11.5));
#3262=CARTESIAN_POINT('',(-38.025711123733,-1.75588987262169,11.5));
#3263=CARTESIAN_POINT('',(-17.9675245462972,-1.75588987262169,11.5));
#3264=CARTESIAN_POINT('',(-17.9675245462972,-3.7558898726217,11.5));
#3265=CARTESIAN_POINT('',(-16.8126965013586,-2.12298687898631,11.5));
#3266=CARTESIAN_POINT('',(-27.9966178350151,4.5617372295731,11.5));
#3267=CARTESIAN_POINT('',(-39.1805391686716,-2.12298687898631,11.5));
#3268=CARTESIAN_POINT('',(-38.025711123733,-3.75588987262169,11.5));
#3269=CARTESIAN_POINT('',(-27.9966178350151,4.5617372295731,11.5));
#3270=CARTESIAN_POINT('',(-27.9966178350151,4.5617372295731,9.5));
#3271=CARTESIAN_POINT('',(-39.5651653435074,-5.03263601231388,9.5));
#3272=CARTESIAN_POINT('',(-16.4280703265228,-5.03263601231388,9.5));
#3273=CARTESIAN_POINT('',(-16.4280703265228,-5.03263601231388,11.5));
#3274=CARTESIAN_POINT('',(-16.4280703265228,-5.03263601231388,21.5));
#3275=CARTESIAN_POINT('',(-27.9966178350151,4.56173722957313,21.5));
#3276=CARTESIAN_POINT('',(-39.5651653435074,-5.03263601231388,21.5));
#3277=CARTESIAN_POINT('',(-39.5651653435074,-5.03263601231388,11.5));
#3278=CARTESIAN_POINT('',(-27.9966178350151,4.5617372295731,0.));
#3279=CARTESIAN_POINT('',(-27.9966178350151,-10.4676769094038,0.));
#3280=CARTESIAN_POINT('',(-36.7223675757876,15.7313098154283,0.));
#3281=CARTESIAN_POINT('',(-39.3355609723856,-1.75588987262169,21.5));
#3282=CARTESIAN_POINT('',(-39.3355609723856,-1.75588987262169,21.5));
#3283=CARTESIAN_POINT('',(-38.025711123733,-1.75588987262169,21.5));
#3284=CARTESIAN_POINT('',(-17.9675245462972,-1.75588987262169,21.5));
#3285=CARTESIAN_POINT('',(-17.9675245462972,-1.75588987262169,11.5));
#3286=CARTESIAN_POINT('',(-38.025711123733,-1.75588987262169,21.5));
#3287=CARTESIAN_POINT('',(-49.784227824863,4.63236444764169,21.5));
#3288=CARTESIAN_POINT('',(-17.9675245462972,-3.7558898726217,21.5));
#3289=CARTESIAN_POINT('',(-38.025711123733,-3.75588987262169,21.5));
#3290=CARTESIAN_POINT('',(-17.9675245462972,-3.7558898726217,11.5));
#3291=CARTESIAN_POINT('',(-16.8126965013586,-2.12298687898631,11.5));
#3292=CARTESIAN_POINT('',(-16.5406245769384,-2.31540265003056,11.5));
#3293=CARTESIAN_POINT('',(-16.1182575320227,-2.82619151279221,11.3297203167989));
#3294=CARTESIAN_POINT('',(-15.851059683814,-3.94449185835347,10.6228325643463));
#3295=CARTESIAN_POINT('',(-16.1221193416243,-4.66373140386952,9.9462403964644));
#3296=CARTESIAN_POINT('',(-16.4280703265228,-5.03263601231388,9.5));
#3297=CARTESIAN_POINT('',(-38.025711123733,-3.75588987262169,11.5));
#3298=CARTESIAN_POINT('',(-39.1805391686716,-2.12298687898631,11.5));
#3299=CARTESIAN_POINT('',(-39.4526110930917,-2.31540265003055,11.5));
#3300=CARTESIAN_POINT('',(-39.874978138007,-2.82619151279284,11.3297203167998));
#3301=CARTESIAN_POINT('',(-40.1421759862189,-3.94449185835012,10.6228325643416));
#3302=CARTESIAN_POINT('',(-39.8711163283936,-4.66373140388414,9.94624039648479));
#3303=CARTESIAN_POINT('',(-39.5651653435074,-5.03263601231388,9.5));
#3304=CARTESIAN_POINT('',(-27.9966178350151,4.5617372295731,9.5));
#3305=CARTESIAN_POINT('',(0.,0.,0.));
#3306=CARTESIAN_POINT('',(-71.5912432490177,4.72239710001712,11.5));
#3307=CARTESIAN_POINT('',(-71.5912432490177,4.72239710001712,9.5));
#3308=CARTESIAN_POINT('',(-82.9763199232099,-5.05923826616972,9.5));
#3309=CARTESIAN_POINT('',(-60.2061665748256,-5.05923826616972,9.5));
#3310=CARTESIAN_POINT('',(-60.2061665748256,-5.05923826616972,11.5));
#3311=CARTESIAN_POINT('',(-60.2061665748256,-5.05923826616972,21.5));
#3312=CARTESIAN_POINT('',(-71.5912432490177,4.72239710001712,21.5));
#3313=CARTESIAN_POINT('',(-82.9763199232099,-5.05923826616972,21.5));
#3314=CARTESIAN_POINT('',(-82.9763199232099,-5.05923826616972,11.5));
#3315=CARTESIAN_POINT('',(-71.5912432490177,4.72239710001712,0.));
#3316=CARTESIAN_POINT('',(-71.5912432490177,-10.287611604653,0.));
#3317=CARTESIAN_POINT('',(-36.7223675757876,15.7313098154283,11.5));
#3318=CARTESIAN_POINT('',(-71.5914241651772,-1.75588987262169,11.5));
#3319=CARTESIAN_POINT('',(-61.7231645857128,-1.75588987262169,11.5));
#3320=CARTESIAN_POINT('',(-81.4593219123227,-1.75588987262169,11.5));
#3321=CARTESIAN_POINT('',(-61.7231645857128,-3.7558898726217,11.5));
#3322=CARTESIAN_POINT('',(-60.5402744078129,-2.14319931736071,11.5));
#3323=CARTESIAN_POINT('',(-71.5912432490177,4.72239710001712,11.5));
#3324=CARTESIAN_POINT('',(-82.6422120902226,-2.14319931736071,11.5));
#3325=CARTESIAN_POINT('',(-81.4593219123227,-3.75588987262169,11.5));
#3326=CARTESIAN_POINT('',(-36.7223675757876,15.7313098154283,0.));
#3327=CARTESIAN_POINT('',(-71.5914241651772,-1.75588987262169,21.5));
#3328=CARTESIAN_POINT('',(-71.5914241651772,-1.75588987262169,21.5));
#3329=CARTESIAN_POINT('',(-61.7231645857128,-1.75588987262169,21.5));
#3330=CARTESIAN_POINT('',(-81.4593219123227,-1.75588987262169,21.5));
#3331=CARTESIAN_POINT('',(-61.7231645857128,-1.75588987262169,21.5));
#3332=CARTESIAN_POINT('',(-81.4593219123227,-1.75588987262169,21.5));
#3333=CARTESIAN_POINT('',(-49.784227824863,4.63236444764169,21.5));
#3334=CARTESIAN_POINT('',(-61.7231645857128,-3.7558898726217,21.5));
#3335=CARTESIAN_POINT('',(-81.4593219123227,-3.75588987262169,21.5));
#3336=CARTESIAN_POINT('',(-61.7231645857128,-3.7558898726217,11.5));
#3337=CARTESIAN_POINT('',(-60.5402744078129,-2.14319931736071,11.5));
#3338=CARTESIAN_POINT('',(-60.2715572981907,-2.34030026060667,11.5));
#3339=CARTESIAN_POINT('',(-59.8580711598555,-2.85834574849892,11.3297111476752));
#3340=CARTESIAN_POINT('',(-59.6102715916185,-3.98118448653158,10.6228236089274));
#3341=CARTESIAN_POINT('',(-59.8938113982666,-4.6956806910225,9.94623812378454));
#3342=CARTESIAN_POINT('',(-60.2061665748256,-5.05923826616972,9.5));
#3343=CARTESIAN_POINT('',(-81.4593219123227,-3.75588987262169,11.5));
#3344=CARTESIAN_POINT('',(-82.6422120902226,-2.14319931736071,11.5));
#3345=CARTESIAN_POINT('',(-82.9109291998448,-2.34030026060667,11.5));
#3346=CARTESIAN_POINT('',(-83.3244153381795,-2.85834574849945,11.329711147676));
#3347=CARTESIAN_POINT('',(-83.5722149064193,-3.98118448652885,10.6228236089235));
#3348=CARTESIAN_POINT('',(-83.2886750997589,-4.69568069103418,9.94623812380106));
#3349=CARTESIAN_POINT('',(-82.9763199232099,-5.05923826616972,9.5));
#3350=CARTESIAN_POINT('',(-71.5912432490177,4.72239710001712,9.5));
#3351=MECHANICAL_DESIGN_GEOMETRIC_PRESENTATION_REPRESENTATION('',(#1781),
#3370);
#3352=MECHANICAL_DESIGN_GEOMETRIC_PRESENTATION_REPRESENTATION('',(#1782),
#3371);
#3353=MECHANICAL_DESIGN_GEOMETRIC_PRESENTATION_REPRESENTATION('',(#1783),
#3372);
#3354=MECHANICAL_DESIGN_GEOMETRIC_PRESENTATION_REPRESENTATION('',(#1784),
#3373);
#3355=MECHANICAL_DESIGN_GEOMETRIC_PRESENTATION_REPRESENTATION('',(#1785),
#3374);
#3356=MECHANICAL_DESIGN_GEOMETRIC_PRESENTATION_REPRESENTATION('',(#1786),
#3375);
#3357=MECHANICAL_DESIGN_GEOMETRIC_PRESENTATION_REPRESENTATION('',(#1787),
#3376);
#3358=MECHANICAL_DESIGN_GEOMETRIC_PRESENTATION_REPRESENTATION('',(#1788),
#3377);
#3359=MECHANICAL_DESIGN_GEOMETRIC_PRESENTATION_REPRESENTATION('',(#1789),
#3378);
#3360=MECHANICAL_DESIGN_GEOMETRIC_PRESENTATION_REPRESENTATION('',(#1790),
#3379);
#3361=MECHANICAL_DESIGN_GEOMETRIC_PRESENTATION_REPRESENTATION('',(#1791),
#3380);
#3362=MECHANICAL_DESIGN_GEOMETRIC_PRESENTATION_REPRESENTATION('',(#1792),
#3381);
#3363=MECHANICAL_DESIGN_GEOMETRIC_PRESENTATION_REPRESENTATION('',(#1793),
#3382);
#3364=MECHANICAL_DESIGN_GEOMETRIC_PRESENTATION_REPRESENTATION('',(#1794),
#3383);
#3365=MECHANICAL_DESIGN_GEOMETRIC_PRESENTATION_REPRESENTATION('',(#1795),
#3384);
#3366=MECHANICAL_DESIGN_GEOMETRIC_PRESENTATION_REPRESENTATION('',(#1796),
#3385);
#3367=MECHANICAL_DESIGN_GEOMETRIC_PRESENTATION_REPRESENTATION('',(#1797),
#3386);
#3368=MECHANICAL_DESIGN_GEOMETRIC_PRESENTATION_REPRESENTATION('',(#1798),
#3387);
#3369=MECHANICAL_DESIGN_GEOMETRIC_PRESENTATION_REPRESENTATION('',(#1799),
#3388);
#3370=(
GEOMETRIC_REPRESENTATION_CONTEXT(3)
GLOBAL_UNCERTAINTY_ASSIGNED_CONTEXT((#3389))
GLOBAL_UNIT_ASSIGNED_CONTEXT((#3446,#3427,#3408))
REPRESENTATION_CONTEXT('Part 14','TOP_LEVEL_ASSEMBLY_PART')
);
#3371=(
GEOMETRIC_REPRESENTATION_CONTEXT(3)
GLOBAL_UNCERTAINTY_ASSIGNED_CONTEXT((#3390))
GLOBAL_UNIT_ASSIGNED_CONTEXT((#3447,#3428,#3409))
REPRESENTATION_CONTEXT('Part 10','TOP_LEVEL_ASSEMBLY_PART')
);
#3372=(
GEOMETRIC_REPRESENTATION_CONTEXT(3)
GLOBAL_UNCERTAINTY_ASSIGNED_CONTEXT((#3391))
GLOBAL_UNIT_ASSIGNED_CONTEXT((#3448,#3429,#3410))
REPRESENTATION_CONTEXT('Part 8','TOP_LEVEL_ASSEMBLY_PART')
);
#3373=(
GEOMETRIC_REPRESENTATION_CONTEXT(3)
GLOBAL_UNCERTAINTY_ASSIGNED_CONTEXT((#3392))
GLOBAL_UNIT_ASSIGNED_CONTEXT((#3449,#3430,#3411))
REPRESENTATION_CONTEXT('Part 15','TOP_LEVEL_ASSEMBLY_PART')
);
#3374=(
GEOMETRIC_REPRESENTATION_CONTEXT(3)
GLOBAL_UNCERTAINTY_ASSIGNED_CONTEXT((#3393))
GLOBAL_UNIT_ASSIGNED_CONTEXT((#3450,#3431,#3412))
REPRESENTATION_CONTEXT('Part 13','TOP_LEVEL_ASSEMBLY_PART')
);
#3375=(
GEOMETRIC_REPRESENTATION_CONTEXT(3)
GLOBAL_UNCERTAINTY_ASSIGNED_CONTEXT((#3394))
GLOBAL_UNIT_ASSIGNED_CONTEXT((#3451,#3432,#3413))
REPRESENTATION_CONTEXT('Part 19','TOP_LEVEL_ASSEMBLY_PART')
);
#3376=(
GEOMETRIC_REPRESENTATION_CONTEXT(3)
GLOBAL_UNCERTAINTY_ASSIGNED_CONTEXT((#3395))
GLOBAL_UNIT_ASSIGNED_CONTEXT((#3452,#3433,#3414))
REPRESENTATION_CONTEXT('Part 9','TOP_LEVEL_ASSEMBLY_PART')
);
#3377=(
GEOMETRIC_REPRESENTATION_CONTEXT(3)
GLOBAL_UNCERTAINTY_ASSIGNED_CONTEXT((#3396))
GLOBAL_UNIT_ASSIGNED_CONTEXT((#3453,#3434,#3415))
REPRESENTATION_CONTEXT('Part 18','TOP_LEVEL_ASSEMBLY_PART')
);
#3378=(
GEOMETRIC_REPRESENTATION_CONTEXT(3)
GLOBAL_UNCERTAINTY_ASSIGNED_CONTEXT((#3397))
GLOBAL_UNIT_ASSIGNED_CONTEXT((#3454,#3435,#3416))
REPRESENTATION_CONTEXT('Part 12','TOP_LEVEL_ASSEMBLY_PART')
);
#3379=(
GEOMETRIC_REPRESENTATION_CONTEXT(3)
GLOBAL_UNCERTAINTY_ASSIGNED_CONTEXT((#3398))
GLOBAL_UNIT_ASSIGNED_CONTEXT((#3455,#3436,#3417))
REPRESENTATION_CONTEXT('Part 7','TOP_LEVEL_ASSEMBLY_PART')
);
#3380=(
GEOMETRIC_REPRESENTATION_CONTEXT(3)
GLOBAL_UNCERTAINTY_ASSIGNED_CONTEXT((#3399))
GLOBAL_UNIT_ASSIGNED_CONTEXT((#3456,#3437,#3418))
REPRESENTATION_CONTEXT('Part 3','TOP_LEVEL_ASSEMBLY_PART')
);
#3381=(
GEOMETRIC_REPRESENTATION_CONTEXT(3)
GLOBAL_UNCERTAINTY_ASSIGNED_CONTEXT((#3400))
GLOBAL_UNIT_ASSIGNED_CONTEXT((#3457,#3438,#3419))
REPRESENTATION_CONTEXT('Part 4','TOP_LEVEL_ASSEMBLY_PART')
);
#3382=(
GEOMETRIC_REPRESENTATION_CONTEXT(3)
GLOBAL_UNCERTAINTY_ASSIGNED_CONTEXT((#3401))
GLOBAL_UNIT_ASSIGNED_CONTEXT((#3458,#3439,#3420))
REPRESENTATION_CONTEXT('Part 17','TOP_LEVEL_ASSEMBLY_PART')
);
#3383=(
GEOMETRIC_REPRESENTATION_CONTEXT(3)
GLOBAL_UNCERTAINTY_ASSIGNED_CONTEXT((#3402))
GLOBAL_UNIT_ASSIGNED_CONTEXT((#3459,#3440,#3421))
REPRESENTATION_CONTEXT('Part 16','TOP_LEVEL_ASSEMBLY_PART')
);
#3384=(
GEOMETRIC_REPRESENTATION_CONTEXT(3)
GLOBAL_UNCERTAINTY_ASSIGNED_CONTEXT((#3403))
GLOBAL_UNIT_ASSIGNED_CONTEXT((#3460,#3441,#3422))
REPRESENTATION_CONTEXT('Part 11','TOP_LEVEL_ASSEMBLY_PART')
);
#3385=(
GEOMETRIC_REPRESENTATION_CONTEXT(3)
GLOBAL_UNCERTAINTY_ASSIGNED_CONTEXT((#3404))
GLOBAL_UNIT_ASSIGNED_CONTEXT((#3461,#3442,#3423))
REPRESENTATION_CONTEXT('Part 6','TOP_LEVEL_ASSEMBLY_PART')
);
#3386=(
GEOMETRIC_REPRESENTATION_CONTEXT(3)
GLOBAL_UNCERTAINTY_ASSIGNED_CONTEXT((#3405))
GLOBAL_UNIT_ASSIGNED_CONTEXT((#3462,#3443,#3424))
REPRESENTATION_CONTEXT('Part 5','TOP_LEVEL_ASSEMBLY_PART')
);
#3387=(
GEOMETRIC_REPRESENTATION_CONTEXT(3)
GLOBAL_UNCERTAINTY_ASSIGNED_CONTEXT((#3406))
GLOBAL_UNIT_ASSIGNED_CONTEXT((#3463,#3444,#3425))
REPRESENTATION_CONTEXT('Part 2','TOP_LEVEL_ASSEMBLY_PART')
);
#3388=(
GEOMETRIC_REPRESENTATION_CONTEXT(3)
GLOBAL_UNCERTAINTY_ASSIGNED_CONTEXT((#3407))
GLOBAL_UNIT_ASSIGNED_CONTEXT((#3464,#3445,#3426))
REPRESENTATION_CONTEXT('Part 1','TOP_LEVEL_ASSEMBLY_PART')
);
#3389=UNCERTAINTY_MEASURE_WITH_UNIT(LENGTH_MEASURE(1.E-5),#3446,
'DISTANCE_ACCURACY_VALUE','Maximum Tolerance applied to model');
#3390=UNCERTAINTY_MEASURE_WITH_UNIT(LENGTH_MEASURE(1.E-5),#3447,
'DISTANCE_ACCURACY_VALUE','Maximum Tolerance applied to model');
#3391=UNCERTAINTY_MEASURE_WITH_UNIT(LENGTH_MEASURE(1.E-5),#3448,
'DISTANCE_ACCURACY_VALUE','Maximum Tolerance applied to model');
#3392=UNCERTAINTY_MEASURE_WITH_UNIT(LENGTH_MEASURE(1.E-5),#3449,
'DISTANCE_ACCURACY_VALUE','Maximum Tolerance applied to model');
#3393=UNCERTAINTY_MEASURE_WITH_UNIT(LENGTH_MEASURE(1.E-5),#3450,
'DISTANCE_ACCURACY_VALUE','Maximum Tolerance applied to model');
#3394=UNCERTAINTY_MEASURE_WITH_UNIT(LENGTH_MEASURE(1.E-5),#3451,
'DISTANCE_ACCURACY_VALUE','Maximum Tolerance applied to model');
#3395=UNCERTAINTY_MEASURE_WITH_UNIT(LENGTH_MEASURE(1.E-5),#3452,
'DISTANCE_ACCURACY_VALUE','Maximum Tolerance applied to model');
#3396=UNCERTAINTY_MEASURE_WITH_UNIT(LENGTH_MEASURE(1.E-5),#3453,
'DISTANCE_ACCURACY_VALUE','Maximum Tolerance applied to model');
#3397=UNCERTAINTY_MEASURE_WITH_UNIT(LENGTH_MEASURE(1.E-5),#3454,
'DISTANCE_ACCURACY_VALUE','Maximum Tolerance applied to model');
#3398=UNCERTAINTY_MEASURE_WITH_UNIT(LENGTH_MEASURE(1.E-5),#3455,
'DISTANCE_ACCURACY_VALUE','Maximum Tolerance applied to model');
#3399=UNCERTAINTY_MEASURE_WITH_UNIT(LENGTH_MEASURE(1.E-5),#3456,
'DISTANCE_ACCURACY_VALUE','Maximum Tolerance applied to model');
#3400=UNCERTAINTY_MEASURE_WITH_UNIT(LENGTH_MEASURE(1.E-5),#3457,
'DISTANCE_ACCURACY_VALUE','Maximum Tolerance applied to model');
#3401=UNCERTAINTY_MEASURE_WITH_UNIT(LENGTH_MEASURE(1.E-5),#3458,
'DISTANCE_ACCURACY_VALUE','Maximum Tolerance applied to model');
#3402=UNCERTAINTY_MEASURE_WITH_UNIT(LENGTH_MEASURE(1.E-5),#3459,
'DISTANCE_ACCURACY_VALUE','Maximum Tolerance applied to model');
#3403=UNCERTAINTY_MEASURE_WITH_UNIT(LENGTH_MEASURE(1.E-5),#3460,
'DISTANCE_ACCURACY_VALUE','Maximum Tolerance applied to model');
#3404=UNCERTAINTY_MEASURE_WITH_UNIT(LENGTH_MEASURE(1.E-5),#3461,
'DISTANCE_ACCURACY_VALUE','Maximum Tolerance applied to model');
#3405=UNCERTAINTY_MEASURE_WITH_UNIT(LENGTH_MEASURE(1.E-5),#3462,
'DISTANCE_ACCURACY_VALUE','Maximum Tolerance applied to model');
#3406=UNCERTAINTY_MEASURE_WITH_UNIT(LENGTH_MEASURE(1.E-5),#3463,
'DISTANCE_ACCURACY_VALUE','Maximum Tolerance applied to model');
#3407=UNCERTAINTY_MEASURE_WITH_UNIT(LENGTH_MEASURE(1.E-5),#3464,
'DISTANCE_ACCURACY_VALUE','Maximum Tolerance applied to model');
#3408=(
NAMED_UNIT(*)
SI_UNIT($,.STERADIAN.)
SOLID_ANGLE_UNIT()
);
#3409=(
NAMED_UNIT(*)
SI_UNIT($,.STERADIAN.)
SOLID_ANGLE_UNIT()
);
#3410=(
NAMED_UNIT(*)
SI_UNIT($,.STERADIAN.)
SOLID_ANGLE_UNIT()
);
#3411=(
NAMED_UNIT(*)
SI_UNIT($,.STERADIAN.)
SOLID_ANGLE_UNIT()
);
#3412=(
NAMED_UNIT(*)
SI_UNIT($,.STERADIAN.)
SOLID_ANGLE_UNIT()
);
#3413=(
NAMED_UNIT(*)
SI_UNIT($,.STERADIAN.)
SOLID_ANGLE_UNIT()
);
#3414=(
NAMED_UNIT(*)
SI_UNIT($,.STERADIAN.)
SOLID_ANGLE_UNIT()
);
#3415=(
NAMED_UNIT(*)
SI_UNIT($,.STERADIAN.)
SOLID_ANGLE_UNIT()
);
#3416=(
NAMED_UNIT(*)
SI_UNIT($,.STERADIAN.)
SOLID_ANGLE_UNIT()
);
#3417=(
NAMED_UNIT(*)
SI_UNIT($,.STERADIAN.)
SOLID_ANGLE_UNIT()
);
#3418=(
NAMED_UNIT(*)
SI_UNIT($,.STERADIAN.)
SOLID_ANGLE_UNIT()
);
#3419=(
NAMED_UNIT(*)
SI_UNIT($,.STERADIAN.)
SOLID_ANGLE_UNIT()
);
#3420=(
NAMED_UNIT(*)
SI_UNIT($,.STERADIAN.)
SOLID_ANGLE_UNIT()
);
#3421=(
NAMED_UNIT(*)
SI_UNIT($,.STERADIAN.)
SOLID_ANGLE_UNIT()
);
#3422=(
NAMED_UNIT(*)
SI_UNIT($,.STERADIAN.)
SOLID_ANGLE_UNIT()
);
#3423=(
NAMED_UNIT(*)
SI_UNIT($,.STERADIAN.)
SOLID_ANGLE_UNIT()
);
#3424=(
NAMED_UNIT(*)
SI_UNIT($,.STERADIAN.)
SOLID_ANGLE_UNIT()
);
#3425=(
NAMED_UNIT(*)
SI_UNIT($,.STERADIAN.)
SOLID_ANGLE_UNIT()
);
#3426=(
NAMED_UNIT(*)
SI_UNIT($,.STERADIAN.)
SOLID_ANGLE_UNIT()
);
#3427=(
NAMED_UNIT(*)
PLANE_ANGLE_UNIT()
SI_UNIT($,.RADIAN.)
);
#3428=(
NAMED_UNIT(*)
PLANE_ANGLE_UNIT()
SI_UNIT($,.RADIAN.)
);
#3429=(
NAMED_UNIT(*)
PLANE_ANGLE_UNIT()
SI_UNIT($,.RADIAN.)
);
#3430=(
NAMED_UNIT(*)
PLANE_ANGLE_UNIT()
SI_UNIT($,.RADIAN.)
);
#3431=(
NAMED_UNIT(*)
PLANE_ANGLE_UNIT()
SI_UNIT($,.RADIAN.)
);
#3432=(
NAMED_UNIT(*)
PLANE_ANGLE_UNIT()
SI_UNIT($,.RADIAN.)
);
#3433=(
NAMED_UNIT(*)
PLANE_ANGLE_UNIT()
SI_UNIT($,.RADIAN.)
);
#3434=(
NAMED_UNIT(*)
PLANE_ANGLE_UNIT()
SI_UNIT($,.RADIAN.)
);
#3435=(
NAMED_UNIT(*)
PLANE_ANGLE_UNIT()
SI_UNIT($,.RADIAN.)
);
#3436=(
NAMED_UNIT(*)
PLANE_ANGLE_UNIT()
SI_UNIT($,.RADIAN.)
);
#3437=(
NAMED_UNIT(*)
PLANE_ANGLE_UNIT()
SI_UNIT($,.RADIAN.)
);
#3438=(
NAMED_UNIT(*)
PLANE_ANGLE_UNIT()
SI_UNIT($,.RADIAN.)
);
#3439=(
NAMED_UNIT(*)
PLANE_ANGLE_UNIT()
SI_UNIT($,.RADIAN.)
);
#3440=(
NAMED_UNIT(*)
PLANE_ANGLE_UNIT()
SI_UNIT($,.RADIAN.)
);
#3441=(
NAMED_UNIT(*)
PLANE_ANGLE_UNIT()
SI_UNIT($,.RADIAN.)
);
#3442=(
NAMED_UNIT(*)
PLANE_ANGLE_UNIT()
SI_UNIT($,.RADIAN.)
);
#3443=(
NAMED_UNIT(*)
PLANE_ANGLE_UNIT()
SI_UNIT($,.RADIAN.)
);
#3444=(
NAMED_UNIT(*)
PLANE_ANGLE_UNIT()
SI_UNIT($,.RADIAN.)
);
#3445=(
NAMED_UNIT(*)
PLANE_ANGLE_UNIT()
SI_UNIT($,.RADIAN.)
);
#3446=(
LENGTH_UNIT()
NAMED_UNIT(*)
SI_UNIT(.MILLI.,.METRE.)
);
#3447=(
LENGTH_UNIT()
NAMED_UNIT(*)
SI_UNIT(.MILLI.,.METRE.)
);
#3448=(
LENGTH_UNIT()
NAMED_UNIT(*)
SI_UNIT(.MILLI.,.METRE.)
);
#3449=(
LENGTH_UNIT()
NAMED_UNIT(*)
SI_UNIT(.MILLI.,.METRE.)
);
#3450=(
LENGTH_UNIT()
NAMED_UNIT(*)
SI_UNIT(.MILLI.,.METRE.)
);
#3451=(
LENGTH_UNIT()
NAMED_UNIT(*)
SI_UNIT(.MILLI.,.METRE.)
);
#3452=(
LENGTH_UNIT()
NAMED_UNIT(*)
SI_UNIT(.MILLI.,.METRE.)
);
#3453=(
LENGTH_UNIT()
NAMED_UNIT(*)
SI_UNIT(.MILLI.,.METRE.)
);
#3454=(
LENGTH_UNIT()
NAMED_UNIT(*)
SI_UNIT(.MILLI.,.METRE.)
);
#3455=(
LENGTH_UNIT()
NAMED_UNIT(*)
SI_UNIT(.MILLI.,.METRE.)
);
#3456=(
LENGTH_UNIT()
NAMED_UNIT(*)
SI_UNIT(.MILLI.,.METRE.)
);
#3457=(
LENGTH_UNIT()
NAMED_UNIT(*)
SI_UNIT(.MILLI.,.METRE.)
);
#3458=(
LENGTH_UNIT()
NAMED_UNIT(*)
SI_UNIT(.MILLI.,.METRE.)
);
#3459=(
LENGTH_UNIT()
NAMED_UNIT(*)
SI_UNIT(.MILLI.,.METRE.)
);
#3460=(
LENGTH_UNIT()
NAMED_UNIT(*)
SI_UNIT(.MILLI.,.METRE.)
);
#3461=(
LENGTH_UNIT()
NAMED_UNIT(*)
SI_UNIT(.MILLI.,.METRE.)
);
#3462=(
LENGTH_UNIT()
NAMED_UNIT(*)
SI_UNIT(.MILLI.,.METRE.)
);
#3463=(
LENGTH_UNIT()
NAMED_UNIT(*)
SI_UNIT(.MILLI.,.METRE.)
);
#3464=(
LENGTH_UNIT()
NAMED_UNIT(*)
SI_UNIT(.MILLI.,.METRE.)
);
#3465=PRODUCT_DEFINITION_SHAPE('','',#3484);
#3466=PRODUCT_DEFINITION_SHAPE('','',#3485);
#3467=PRODUCT_DEFINITION_SHAPE('','',#3486);
#3468=PRODUCT_DEFINITION_SHAPE('','',#3487);
#3469=PRODUCT_DEFINITION_SHAPE('','',#3488);
#3470=PRODUCT_DEFINITION_SHAPE('','',#3489);
#3471=PRODUCT_DEFINITION_SHAPE('','',#3490);
#3472=PRODUCT_DEFINITION_SHAPE('','',#3491);
#3473=PRODUCT_DEFINITION_SHAPE('','',#3492);
#3474=PRODUCT_DEFINITION_SHAPE('','',#3493);
#3475=PRODUCT_DEFINITION_SHAPE('','',#3494);
#3476=PRODUCT_DEFINITION_SHAPE('','',#3495);
#3477=PRODUCT_DEFINITION_SHAPE('','',#3496);
#3478=PRODUCT_DEFINITION_SHAPE('','',#3497);
#3479=PRODUCT_DEFINITION_SHAPE('','',#3498);
#3480=PRODUCT_DEFINITION_SHAPE('','',#3499);
#3481=PRODUCT_DEFINITION_SHAPE('','',#3500);
#3482=PRODUCT_DEFINITION_SHAPE('','',#3501);
#3483=PRODUCT_DEFINITION_SHAPE('','',#3502);
#3484=PRODUCT_DEFINITION('','',#3522,#3503);
#3485=PRODUCT_DEFINITION('','',#3523,#3504);
#3486=PRODUCT_DEFINITION('','',#3524,#3505);
#3487=PRODUCT_DEFINITION('','',#3525,#3506);
#3488=PRODUCT_DEFINITION('','',#3526,#3507);
#3489=PRODUCT_DEFINITION('','',#3527,#3508);
#3490=PRODUCT_DEFINITION('','',#3528,#3509);
#3491=PRODUCT_DEFINITION('','',#3529,#3510);
#3492=PRODUCT_DEFINITION('','',#3530,#3511);
#3493=PRODUCT_DEFINITION('','',#3531,#3512);
#3494=PRODUCT_DEFINITION('','',#3532,#3513);
#3495=PRODUCT_DEFINITION('','',#3533,#3514);
#3496=PRODUCT_DEFINITION('','',#3534,#3515);
#3497=PRODUCT_DEFINITION('','',#3535,#3516);
#3498=PRODUCT_DEFINITION('','',#3536,#3517);
#3499=PRODUCT_DEFINITION('','',#3537,#3518);
#3500=PRODUCT_DEFINITION('','',#3538,#3519);
#3501=PRODUCT_DEFINITION('','',#3539,#3520);
#3502=PRODUCT_DEFINITION('','',#3540,#3521);
#3503=PRODUCT_DEFINITION_CONTEXT('',#3636,'design');
#3504=PRODUCT_DEFINITION_CONTEXT('',#3637,'design');
#3505=PRODUCT_DEFINITION_CONTEXT('',#3638,'design');
#3506=PRODUCT_DEFINITION_CONTEXT('',#3639,'design');
#3507=PRODUCT_DEFINITION_CONTEXT('',#3640,'design');
#3508=PRODUCT_DEFINITION_CONTEXT('',#3641,'design');
#3509=PRODUCT_DEFINITION_CONTEXT('',#3642,'design');
#3510=PRODUCT_DEFINITION_CONTEXT('',#3643,'design');
#3511=PRODUCT_DEFINITION_CONTEXT('',#3644,'design');
#3512=PRODUCT_DEFINITION_CONTEXT('',#3645,'design');
#3513=PRODUCT_DEFINITION_CONTEXT('',#3646,'design');
#3514=PRODUCT_DEFINITION_CONTEXT('',#3647,'design');
#3515=PRODUCT_DEFINITION_CONTEXT('',#3648,'design');
#3516=PRODUCT_DEFINITION_CONTEXT('',#3649,'design');
#3517=PRODUCT_DEFINITION_CONTEXT('',#3650,'design');
#3518=PRODUCT_DEFINITION_CONTEXT('',#3651,'design');
#3519=PRODUCT_DEFINITION_CONTEXT('',#3652,'design');
#3520=PRODUCT_DEFINITION_CONTEXT('',#3653,'design');
#3521=PRODUCT_DEFINITION_CONTEXT('',#3654,'design');
#3522=PRODUCT_DEFINITION_FORMATION_WITH_SPECIFIED_SOURCE('','',#3560,
 .NOT_KNOWN.);
#3523=PRODUCT_DEFINITION_FORMATION_WITH_SPECIFIED_SOURCE('','',#3561,
 .NOT_KNOWN.);
#3524=PRODUCT_DEFINITION_FORMATION_WITH_SPECIFIED_SOURCE('','',#3562,
 .NOT_KNOWN.);
#3525=PRODUCT_DEFINITION_FORMATION_WITH_SPECIFIED_SOURCE('','',#3563,
 .NOT_KNOWN.);
#3526=PRODUCT_DEFINITION_FORMATION_WITH_SPECIFIED_SOURCE('','',#3564,
 .NOT_KNOWN.);
#3527=PRODUCT_DEFINITION_FORMATION_WITH_SPECIFIED_SOURCE('','',#3565,
 .NOT_KNOWN.);
#3528=PRODUCT_DEFINITION_FORMATION_WITH_SPECIFIED_SOURCE('','',#3566,
 .NOT_KNOWN.);
#3529=PRODUCT_DEFINITION_FORMATION_WITH_SPECIFIED_SOURCE('','',#3567,
 .NOT_KNOWN.);
#3530=PRODUCT_DEFINITION_FORMATION_WITH_SPECIFIED_SOURCE('','',#3568,
 .NOT_KNOWN.);
#3531=PRODUCT_DEFINITION_FORMATION_WITH_SPECIFIED_SOURCE('','',#3569,
 .NOT_KNOWN.);
#3532=PRODUCT_DEFINITION_FORMATION_WITH_SPECIFIED_SOURCE('','',#3570,
 .NOT_KNOWN.);
#3533=PRODUCT_DEFINITION_FORMATION_WITH_SPECIFIED_SOURCE('','',#3571,
 .NOT_KNOWN.);
#3534=PRODUCT_DEFINITION_FORMATION_WITH_SPECIFIED_SOURCE('','',#3572,
 .NOT_KNOWN.);
#3535=PRODUCT_DEFINITION_FORMATION_WITH_SPECIFIED_SOURCE('','',#3573,
 .NOT_KNOWN.);
#3536=PRODUCT_DEFINITION_FORMATION_WITH_SPECIFIED_SOURCE('','',#3574,
 .NOT_KNOWN.);
#3537=PRODUCT_DEFINITION_FORMATION_WITH_SPECIFIED_SOURCE('','',#3575,
 .NOT_KNOWN.);
#3538=PRODUCT_DEFINITION_FORMATION_WITH_SPECIFIED_SOURCE('','',#3576,
 .NOT_KNOWN.);
#3539=PRODUCT_DEFINITION_FORMATION_WITH_SPECIFIED_SOURCE('','',#3577,
 .NOT_KNOWN.);
#3540=PRODUCT_DEFINITION_FORMATION_WITH_SPECIFIED_SOURCE('','',#3578,
 .NOT_KNOWN.);
#3541=PRODUCT_RELATED_PRODUCT_CATEGORY('','',(#3560));
#3542=PRODUCT_RELATED_PRODUCT_CATEGORY('','',(#3561));
#3543=PRODUCT_RELATED_PRODUCT_CATEGORY('','',(#3562));
#3544=PRODUCT_RELATED_PRODUCT_CATEGORY('','',(#3563));
#3545=PRODUCT_RELATED_PRODUCT_CATEGORY('','',(#3564));
#3546=PRODUCT_RELATED_PRODUCT_CATEGORY('','',(#3565));
#3547=PRODUCT_RELATED_PRODUCT_CATEGORY('','',(#3566));
#3548=PRODUCT_RELATED_PRODUCT_CATEGORY('','',(#3567));
#3549=PRODUCT_RELATED_PRODUCT_CATEGORY('','',(#3568));
#3550=PRODUCT_RELATED_PRODUCT_CATEGORY('','',(#3569));
#3551=PRODUCT_RELATED_PRODUCT_CATEGORY('','',(#3570));
#3552=PRODUCT_RELATED_PRODUCT_CATEGORY('','',(#3571));
#3553=PRODUCT_RELATED_PRODUCT_CATEGORY('','',(#3572));
#3554=PRODUCT_RELATED_PRODUCT_CATEGORY('','',(#3573));
#3555=PRODUCT_RELATED_PRODUCT_CATEGORY('','',(#3574));
#3556=PRODUCT_RELATED_PRODUCT_CATEGORY('','',(#3575));
#3557=PRODUCT_RELATED_PRODUCT_CATEGORY('','',(#3576));
#3558=PRODUCT_RELATED_PRODUCT_CATEGORY('','',(#3577));
#3559=PRODUCT_RELATED_PRODUCT_CATEGORY('','',(#3578));
#3560=PRODUCT('Part 14','Part 14','Part 14',(#3598));
#3561=PRODUCT('Part 10','Part 10','Part 10',(#3599));
#3562=PRODUCT('Part 8','Part 8','Part 8',(#3600));
#3563=PRODUCT('Part 15','Part 15','Part 15',(#3601));
#3564=PRODUCT('Part 13','Part 13','Part 13',(#3602));
#3565=PRODUCT('Part 19','Part 19','Part 19',(#3603));
#3566=PRODUCT('Part 9','Part 9','Part 9',(#3604));
#3567=PRODUCT('Part 18','Part 18','Part 18',(#3605));
#3568=PRODUCT('Part 12','Part 12','Part 12',(#3606));
#3569=PRODUCT('Part 7','Part 7','Part 7',(#3607));
#3570=PRODUCT('Part 3','Part 3','Part 3',(#3608));
#3571=PRODUCT('Part 4','Part 4','Part 4',(#3609));
#3572=PRODUCT('Part 17','Part 17','Part 17',(#3610));
#3573=PRODUCT('Part 16','Part 16','Part 16',(#3611));
#3574=PRODUCT('Part 11','Part 11','Part 11',(#3612));
#3575=PRODUCT('Part 6','Part 6','Part 6',(#3613));
#3576=PRODUCT('Part 5','Part 5','Part 5',(#3614));
#3577=PRODUCT('Part 2','Part 2','Part 2',(#3615));
#3578=PRODUCT('Part 1','Part 1','Part 1',(#3616));
#3579=PRODUCT_CATEGORY('','');
#3580=PRODUCT_CATEGORY('','');
#3581=PRODUCT_CATEGORY('','');
#3582=PRODUCT_CATEGORY('','');
#3583=PRODUCT_CATEGORY('','');
#3584=PRODUCT_CATEGORY('','');
#3585=PRODUCT_CATEGORY('','');
#3586=PRODUCT_CATEGORY('','');
#3587=PRODUCT_CATEGORY('','');
#3588=PRODUCT_CATEGORY('','');
#3589=PRODUCT_CATEGORY('','');
#3590=PRODUCT_CATEGORY('','');
#3591=PRODUCT_CATEGORY('','');
#3592=PRODUCT_CATEGORY('','');
#3593=PRODUCT_CATEGORY('','');
#3594=PRODUCT_CATEGORY('','');
#3595=PRODUCT_CATEGORY('','');
#3596=PRODUCT_CATEGORY('','');
#3597=PRODUCT_CATEGORY('','');
#3598=PRODUCT_CONTEXT('',#3636,'mechanical');
#3599=PRODUCT_CONTEXT('',#3637,'mechanical');
#3600=PRODUCT_CONTEXT('',#3638,'mechanical');
#3601=PRODUCT_CONTEXT('',#3639,'mechanical');
#3602=PRODUCT_CONTEXT('',#3640,'mechanical');
#3603=PRODUCT_CONTEXT('',#3641,'mechanical');
#3604=PRODUCT_CONTEXT('',#3642,'mechanical');
#3605=PRODUCT_CONTEXT('',#3643,'mechanical');
#3606=PRODUCT_CONTEXT('',#3644,'mechanical');
#3607=PRODUCT_CONTEXT('',#3645,'mechanical');
#3608=PRODUCT_CONTEXT('',#3646,'mechanical');
#3609=PRODUCT_CONTEXT('',#3647,'mechanical');
#3610=PRODUCT_CONTEXT('',#3648,'mechanical');
#3611=PRODUCT_CONTEXT('',#3649,'mechanical');
#3612=PRODUCT_CONTEXT('',#3650,'mechanical');
#3613=PRODUCT_CONTEXT('',#3651,'mechanical');
#3614=PRODUCT_CONTEXT('',#3652,'mechanical');
#3615=PRODUCT_CONTEXT('',#3653,'mechanical');
#3616=PRODUCT_CONTEXT('',#3654,'mechanical');
#3617=APPLICATION_PROTOCOL_DEFINITION('international standard',
'ap242_managed_model_based_3d_engineering',2020,#3636);
#3618=APPLICATION_PROTOCOL_DEFINITION('international standard',
'ap242_managed_model_based_3d_engineering',2020,#3637);
#3619=APPLICATION_PROTOCOL_DEFINITION('international standard',
'ap242_managed_model_based_3d_engineering',2020,#3638);
#3620=APPLICATION_PROTOCOL_DEFINITION('international standard',
'ap242_managed_model_based_3d_engineering',2020,#3639);
#3621=APPLICATION_PROTOCOL_DEFINITION('international standard',
'ap242_managed_model_based_3d_engineering',2020,#3640);
#3622=APPLICATION_PROTOCOL_DEFINITION('international standard',
'ap242_managed_model_based_3d_engineering',2020,#3641);
#3623=APPLICATION_PROTOCOL_DEFINITION('international standard',
'ap242_managed_model_based_3d_engineering',2020,#3642);
#3624=APPLICATION_PROTOCOL_DEFINITION('international standard',
'ap242_managed_model_based_3d_engineering',2020,#3643);
#3625=APPLICATION_PROTOCOL_DEFINITION('international standard',
'ap242_managed_model_based_3d_engineering',2020,#3644);
#3626=APPLICATION_PROTOCOL_DEFINITION('international standard',
'ap242_managed_model_based_3d_engineering',2020,#3645);
#3627=APPLICATION_PROTOCOL_DEFINITION('international standard',
'ap242_managed_model_based_3d_engineering',2020,#3646);
#3628=APPLICATION_PROTOCOL_DEFINITION('international standard',
'ap242_managed_model_based_3d_engineering',2020,#3647);
#3629=APPLICATION_PROTOCOL_DEFINITION('international standard',
'ap242_managed_model_based_3d_engineering',2020,#3648);
#3630=APPLICATION_PROTOCOL_DEFINITION('international standard',
'ap242_managed_model_based_3d_engineering',2020,#3649);
#3631=APPLICATION_PROTOCOL_DEFINITION('international standard',
'ap242_managed_model_based_3d_engineering',2020,#3650);
#3632=APPLICATION_PROTOCOL_DEFINITION('international standard',
'ap242_managed_model_based_3d_engineering',2020,#3651);
#3633=APPLICATION_PROTOCOL_DEFINITION('international standard',
'ap242_managed_model_based_3d_engineering',2020,#3652);
#3634=APPLICATION_PROTOCOL_DEFINITION('international standard',
'ap242_managed_model_based_3d_engineering',2020,#3653);
#3635=APPLICATION_PROTOCOL_DEFINITION('international standard',
'ap242_managed_model_based_3d_engineering',2020,#3654);
#3636=APPLICATION_CONTEXT('managed model based 3d engineering');
#3637=APPLICATION_CONTEXT('managed model based 3d engineering');
#3638=APPLICATION_CONTEXT('managed model based 3d engineering');
#3639=APPLICATION_CONTEXT('managed model based 3d engineering');
#3640=APPLICATION_CONTEXT('managed model based 3d engineering');
#3641=APPLICATION_CONTEXT('managed model based 3d engineering');
#3642=APPLICATION_CONTEXT('managed model based 3d engineering');
#3643=APPLICATION_CONTEXT('managed model based 3d engineering');
#3644=APPLICATION_CONTEXT('managed model based 3d engineering');
#3645=APPLICATION_CONTEXT('managed model based 3d engineering');
#3646=APPLICATION_CONTEXT('managed model based 3d engineering');
#3647=APPLICATION_CONTEXT('managed model based 3d engineering');
#3648=APPLICATION_CONTEXT('managed model based 3d engineering');
#3649=APPLICATION_CONTEXT('managed model based 3d engineering');
#3650=APPLICATION_CONTEXT('managed model based 3d engineering');
#3651=APPLICATION_CONTEXT('managed model based 3d engineering');
#3652=APPLICATION_CONTEXT('managed model based 3d engineering');
#3653=APPLICATION_CONTEXT('managed model based 3d engineering');
#3654=APPLICATION_CONTEXT('managed model based 3d engineering');
ENDSEC;
END-ISO-10303-21;
